customer_id,customer_name,email,city,state,created_at
CUST-00001,Beatriz Pereira,beatriz.pereira_1@email.com,Salvador,BA,2022-05-14 01:01:00
CUST-00002,Lucas Barbosa,lucas.barbosa_2@email.com,Uberlandia,MG,2022-07-08 18:17:00
CUST-00003,Diego Costa,diego.costa_3@email.com,Campinas,SP,2022-01-05 11:38:00
CUST-00004,Patricia Cardoso,patricia.cardoso_4@email.com,Belem,PA,2022-01-10 18:12:00
CUST-00005,Lucas Gomes,lucas.gomes_5@email.com,Belo Horizonte,MG,2022-01-17 05:23:00
CUST-00006,Beatriz Oliveira,beatriz.oliveira_6@email.com,Goiania,GO,2023-08-03 22:35:00
CUST-00007,Camila Santos,camila.santos_7@email.com,Juazeiro do Norte,CE,2023-03-07 22:20:00
CUST-00008,Larissa Araujo,larissa.araujo_8@email.com,Caruaru,PE,2022-05-27 18:25:00
CUST-00009,Juliana Barbosa,juliana.barbosa_9@email.com,Goiania,GO,2023-10-25 13:38:00
CUST-00010,Larissa Moura,larissa.moura_10@email.com,Contagem,MG,2024-01-16 03:43:00
CUST-00011,Camila Souza,camila.souza_11@email.com,Varzea Grande,??,2022-11-05 03:55:00
CUST-00006,Beatriz Oliveira,beatriz.oliveira_6@email.com,Goiania,GO,2023-08-03 22:35:00
CUST-00013,Joao Ribeiro,joao.ribeiro_13@email.com,Natal,RN,2020-06-10 02:46:00
CUST-00014,Thiago Rodrigues,thiago.rodrigues_14@email.com,Natal,RN,2022-05-16 06:59:00
CUST-00015,Rafael Martins,rafael.martins_15@email.com,Cuiaba,MT,2021-04-05 02:21:00
CUST-00016,,thiago.pereira_16@email.com,Osasco,SP,2020-03-05 10:04:00
CUST-00017,Beatriz Melo,beatriz.melo_17@email.com,Maceio,AL,2024-05-25 15:51:00
CUST-00018,Joao Souza,joao.souza_18@email.com,Manaus,AM,2023-08-31 20:06:00
CUST-00019,Camila Souza,camila.souza_19@email.com,Volta Redonda,RJ,2021-05-26 02:28:00
CUST-00020,Pedro Cardoso,pedro.cardoso_20@email.com,Cuiaba,MT,2022-09-21 15:13:00
CUST-00021,Carlos Martins,,Joao Pessoa,PB,2023-11-27 23:50:00
CUST-00022,Juliana Almeida,juliana.almeida_22@email.com,Varzea Grande,MT,2020-04-27 01:37:00
CUST-00023,Pedro Barbosa,pedro.barbosa_23@email.com,Natal,RN,2020-09-02 18:15:00
CUST-00024,Roberto Oliveira,roberto.oliveira_24@email.com,Teresina,PI,2024-01-06 10:15:00
CUST-00025,Juliana Gomes,juliana.gomes_25@email.com,,PA,2023-02-27 03:04:00
CUST-00026,Gabriela Lima,gabriela.lima_26@email.com,Cuiaba,MT,2022-06-16 17:45:00
CUST-00027,Thiago Gomes,thiago.gomes_27@email.com,Sao Luis,MA,2024-02-29 17:09:00
CUST-00028,Roberto Almeida,roberto.almeida_28@email.com,Ananindeua,PA,2020-04-14 02:40:00
CUST-00029,Pedro Silva,pedro.silva_29@email.com,Parintins,AM,2023-12-16 13:35:00
CUST-00030,Maria Rodrigues,maria.rodrigues_30@email.com,Sao Paulo,SP,2021-09-23 11:57:00
CUST-00031,Fernanda Pereira,fernanda.pereira_31@email.com,Petropolis,RJ,2024-03-14 04:59:00
CUST-00032,Carlos Carvalho,,Fortaleza,CE,2024-02-14 07:17:00
CUST-00033,Larissa Santos,larissa.santos_33@email.com,Curitiba,PR,2024-06-16 07:14:00
CUST-00034,Larissa Costa,larissa.costa_34@email.com,Campinas,SP,2023-10-23 17:21:00
CUST-00035,Beatriz Ferreira,beatriz.ferreira_35@email.com,Sao Paulo,SP,2024-05-29 10:27:00
CUST-00036,Larissa Nascimento,larissa.nascimento_36@email.com,Brasilia,DF,2023-11-07 23:47:00
CUST-00037,Diego Oliveira,diego.oliveira_37@email.com,Olinda,PE,2021-09-07 16:19:00
CUST-00038,Larissa Gomes,larissa.gomes_38@email.com,Parintins,AM,2020-12-22 19:36:00
CUST-00039,Thiago Silva,thiago.silva_39@email.com,Imperatriz,MA,2022-06-23 14:43:00
CUST-00040,Carlos Oliveira,carlos.oliveira_40@email.com,Caruaru,PE,2021-04-26 21:19:00
CUST-00041,Juliana Silva,juliana.silva_41@email.com,Fortaleza,CE,2023-07-13 18:12:00
CUST-00042,Larissa Pereira,larissa.pereira_42@email.com,Campina Grande,PB,2024-05-13 13:14:00
CUST-00043,Pedro Cardoso,pedro.cardoso_43@email.com,Ponta Grossa,PR,2023-02-18 19:20:00
CUST-00044,Gabriela Carvalho,gabriela.carvalho_44@email.com,Serra,ES,2021-06-14 07:53:00
CUST-00045,Marcos Pereira,marcos.pereira_45@email.com,Santarem,PA,2023-01-11 02:08:00
CUST-00046,Larissa Rodrigues,larissa.rodrigues_46@email.com,Caxias do Sul,RS,2021-02-27 13:24:00
CUST-00047,Amanda Martins,amanda.martins_47@email.com,Teresina,PI,2022-05-08 17:47:00
CUST-00048,Marcos Pereira,marcos.pereira_48@email.com,Cuiaba,MT,2024-01-23 05:53:00
CUST-00049,Roberto Cardoso,,Vitoria,ES,2020-10-04 14:11:00
CUST-00050,Larissa Costa,larissa.costa_50@email.com,Petropolis,RJ,2022-05-13 08:53:00
CUST-00051,Ana Cardoso,ana.cardoso_51@email.com,Contagem,MG,2020-03-23 00:15:00
CUST-00052,Roberto Rodrigues,roberto.rodrigues_52@email.com,Recife,PE,2021-06-08 11:10:00
CUST-00053,Carlos Gomes,carlos.gomes_53@email.com,Brasilia,DF,2022-03-23 22:12:00
CUST-00054,Joao Gomes,joao.gomes_54@email.com,Uberlandia,MG,2021-12-12 17:27:00
CUST-00055,Gabriela Costa,,Goiania,GO,2022-07-30 22:09:00
CUST-00056,Gabriela Lima,gabriela.lima_56@email.com,Manaus,AM,2023-04-28 08:20:00
CUST-00057,Beatriz Araujo,beatriz.araujo_57@email.com,Fortaleza,CE,2021-10-27 05:31:00
CUST-00058,Beatriz Costa,beatriz.costa_58@email.com,Olinda,PE,2021-01-26 02:15:00
CUST-00059,Thiago Pereira,thiago.pereira_59@email.com,Parintins,AM,2021-03-29 12:44:00
CUST-00060,Amanda Ribeiro,amanda.ribeiro_60@email.com,Caucaia,CE,2023-12-10 14:17:00
CUST-00061,Lucas Souza,lucas.souza_61@email.com,Imperatriz,MA,2021-01-27 06:47:00
CUST-00062,Amanda Barbosa,amanda.barbosa_62@email.com,Mossoro,RN,2021-09-11 00:45:00
CUST-00063,Beatriz Santos,beatriz.santos_63@email.com,Cuiaba,MT,2022-10-02 03:55:00
CUST-00064,Rafael Melo,rafael.melo_64@email.com,Osasco,SP,2020-08-21 02:25:00
CUST-00065,Amanda Santos,amanda.santos_65@email.com,Natal,RN,2023-02-16 13:38:00
CUST-00066,Gabriela Martins,gabriela.martins_66@email.com,Brasilia,DF,2023-06-25 01:39:00
CUST-00058,Beatriz Costa,beatriz.costa_58@email.com,Olinda,PE,2021-01-26 02:15:00
CUST-00068,Rafael Santos,rafael.santos_68@email.com,Taguatinga,DF,2021-06-25 20:37:00
CUST-00069,Joao Cardoso,joao.cardoso_69@email.com,Caruaru,PE,2024-06-11 09:38:00
CUST-00070,Patricia Souza,patricia.souza_70@email.com,Parnaiba,PI,2022-06-15 02:38:00
CUST-00071,Camila Moura,camila.moura_71@email.com,Volta Redonda,RJ,2020-02-12 21:52:00
CUST-00072,Pedro Ferreira,pedro.ferreira_72@email.com,Santarem,PA,2023-07-24 15:05:00
CUST-00073,Diego Costa,diego.costa_73@email.com,Mossoro,RN,2023-09-18 12:52:00
CUST-00074,Patricia Oliveira,patricia.oliveira_74@email.com,Cuiaba,MT,2020-01-03 21:55:00
CUST-00075,Diego Santos,diego.santos_75@email.com,Varzea Grande,MT,2021-02-20 08:35:00
CUST-00076,Patricia Melo,patricia.melo_76@email.com,Pelotas,RS,2023-02-02 00:35:00
CUST-00077,Lucas Souza,lucas.souza_77@email.com,Manaus,AM,2022-11-08 22:17:00
CUST-00078,Marcos Pereira,marcos.pereira_78@email.com,Parintins,AM,2020-10-06 02:17:00
CUST-00079,Gabriela Lima,gabriela.lima_79@email.com,Parintins,AM,2022-09-29 04:28:00
CUST-00080,Bruno Costa,bruno.costa_80@email.com,Varzea Grande,MT,2023-11-29 07:36:00
CUST-00081,Diego Santos,diego.santos_81@email.com,Joao Pessoa,PB,2024-06-10 20:09:00
CUST-00082,Juliana Barbosa,juliana.barbosa_82@email.com,Natal,RN,2022-07-24 00:46:00
CUST-00083,Juliana Oliveira,juliana.oliveira_83@email.com,Canoas,RS,2021-11-03 21:54:00
CUST-00084,Camila Melo,camila.melo_84@email.com,Varzea Grande,MT,2021-04-10 23:05:00
CUST-00085,Joao Araujo,joao.araujo_85@email.com,Manaus,AM,2022-01-04 11:27:00
CUST-00086,Gabriela Carvalho,gabriela.carvalho_86@email.com,Caxias do Sul,RS,2023-06-23 21:15:00
CUST-00087,Lucas Araujo,lucas.araujo_87@email.com,Natal,RN,2021-08-12 21:34:00
CUST-00088,Patricia Ribeiro,patricia.ribeiro_88@email.com,Curitiba,PR,2021-09-10 06:24:00
CUST-00089,Lucas Martins,lucas.martins_89@email.com,Natal,RN,2023-09-10 12:17:00
CUST-00090,Pedro Moura,pedro.moura_90@email.com,Osasco,SP,2024-06-30 11:14:00
CUST-00091,Juliana Souza,juliana.souza_91@email.com,Olinda,PE,2024-02-08 04:05:00
CUST-00092,Diego Ferreira,diego.ferreira_92@email.com,Imperatriz,MA,2021-07-12 05:16:00
CUST-00093,Camila Souza,camila.souza_93@email.com,Mossoro,RN,2023-10-13 12:54:00
CUST-00094,Maria Martins,,Varzea Grande,MT,2023-04-12 12:52:00
CUST-00095,Lucas Melo,,Goiania,GO,2020-05-09 20:52:00
CUST-00096,Rafael Carvalho,rafael.carvalho_96@email.com,Serra,ES,2021-04-25 17:08:00
CUST-00097,Bruno Cardoso,bruno.cardoso_97@email.com,Campina Grande,PB,2022-09-29 19:26:00
CUST-00098,Bruno Almeida,bruno.almeida_98@email.com,Belem,PA,2023-01-20 20:22:00
CUST-00099,Beatriz Almeida,beatriz.almeida_99@email.com,Volta Redonda,RJ,2023-08-02 19:01:00
CUST-00100,Lucas Rodrigues,lucas.rodrigues_100@email.com,Petropolis,RJ,2021-04-22 10:49:00
CUST-00101,Beatriz Rodrigues,beatriz.rodrigues_101@email.com,Porto Alegre,RS,2020-09-26 00:22:00
CUST-00102,Camila Silva,camila.silva_102@email.com,Juazeiro do Norte,CE,2022-09-02 14:49:00
CUST-00103,Patricia Barbosa,patricia.barbosa_103@email.com,Goiania,GO,2021-09-09 14:41:00
CUST-00104,Marcos Martins,marcos.martins_104@email.com,Sao Paulo,SP,2021-10-21 19:09:00
CUST-00105,Beatriz Moura,beatriz.moura_105@email.com,Uberlandia,MG,2022-07-18 16:38:00
CUST-00106,Joao Cardoso,joao.cardoso_106@email.com,Manaus,AM,2022-07-17 12:26:00
CUST-00107,Diego Costa,diego.costa_107@email.com,Feira de Santana,BA,2020-06-23 02:27:00
CUST-00108,Bruno Rodrigues,bruno.rodrigues_108@email.com,Vitoria da Conquista,BA,2021-12-25 21:48:00
CUST-00109,Rafael Moura,rafael.moura_109@email.com,Manaus,AM,2020-08-09 11:54:00
CUST-00110,Joao Lima,joao.lima_110@email.com,Varzea Grande,MT,2023-06-10 21:41:00
CUST-00111,Roberto Lima,,Cuiaba,MT,2021-01-06 04:36:00
CUST-00112,Juliana Silva,juliana.silva_112@email.com,Joao Pessoa,PB,2021-09-30 23:20:00
CUST-00113,Pedro Rodrigues,pedro.rodrigues_113@email.com,Teresina,PI,2022-09-21 19:28:00
CUST-00114,Fernanda Barbosa,fernanda.barbosa_114@email.com,Parintins,AM,2023-09-28 09:02:00
CUST-00115,Roberto Santos,,Caucaia,CE,2021-11-02 03:00:00
CUST-00116,Carlos Rodrigues,carlos.rodrigues_116@email.com,Mossoro,RN,2020-05-27 12:55:00
CUST-00117,Ana Araujo,ana.araujo_117@email.com,Volta Redonda,RJ,2022-05-05 09:07:00
CUST-00118,Camila Ferreira,camila.ferreira_118@email.com,Joao Pessoa,PB,2020-08-04 07:27:00
CUST-00119,Gabriela Oliveira,gabriela.oliveira_119@email.com,Parnaiba,PI,2022-11-11 20:07:00
CUST-00120,Bruno Ribeiro,bruno.ribeiro_120@email.com,Maceio,AL,2021-02-08 05:38:00
CUST-00121,Carlos Melo,carlos.melo_121@email.com,Porto Alegre,RS,2023-08-09 20:39:00
CUST-00122,Camila Rodrigues,camila.rodrigues_122@email.com,Blumenau,SC,2021-12-21 16:04:00
CUST-00123,Patricia Santos,patricia.santos_123@email.com,Imperatriz,MA,2023-06-13 19:32:00
CUST-00124,Amanda Cardoso,amanda.cardoso_124@email.com,Campina Grande,PB,2021-01-20 10:38:00
CUST-00125,Pedro Araujo,pedro.araujo_125@email.com,Natal,RN,2020-12-19 01:15:00
CUST-00126,Gabriela Barbosa,gabriela.barbosa_126@email.com,Vila Velha,ES,2023-10-22 19:03:00
CUST-00127,Camila Souza,camila.souza_127@email.com,Florianopolis,SC,2023-05-19 04:21:00
CUST-00128,Bruno Gomes,bruno.gomes_128@email.com,Uberlandia,MG,2021-09-26 17:24:00
CUST-00129,Gabriela Oliveira,gabriela.oliveira_129@email.com,Florianopolis,SC,2021-03-14 10:49:00
CUST-00130,Lucas Rodrigues,lucas.rodrigues_130@email.com,Natal,RN,2024-02-21 16:02:00
CUST-00131,Juliana Moura,juliana.moura_131@email.com,Blumenau,SC,2020-12-05 23:28:00
CUST-00132,Bruno Pereira,bruno.pereira_132@email.com,Volta Redonda,RJ,2021-05-04 09:51:00
CUST-00133,Bruno Nascimento,bruno.nascimento_133@email.com,Natal,RN,2020-11-27 06:51:00
CUST-00134,Beatriz Santos,beatriz.santos_134@email.com,Brasilia,DF,2020-09-12 09:05:00
CUST-00135,Patricia Barbosa,patricia.barbosa_135@email.com,Maringa,PR,2021-12-16 00:26:00
CUST-00136,Gabriela Ribeiro,gabriela.ribeiro_136@email.com,Volta Redonda,RJ,2024-01-03 20:21:00
CUST-00137,Pedro Gomes,pedro.gomes_137@email.com,Caxias do Sul,RS,2023-06-14 00:57:00
CUST-00138,Beatriz Almeida,beatriz.almeida_138@email.com,Belo Horizonte,MG,2021-08-13 07:19:00
CUST-00139,Lucas Carvalho,lucas.carvalho_139@email.com,Salvador,BA,2023-01-02 00:40:00
CUST-00140,Juliana Gomes,juliana.gomes_140@email.com,Maceio,AL,2020-06-24 16:23:00
CUST-00141,Larissa Melo,larissa.melo_141@email.com,Belo Horizonte,MG,2020-05-18 11:15:00
CUST-00142,Camila Rodrigues,camila.rodrigues_142@email.com,Vitoria da Conquista,BA,2022-08-09 22:30:00
CUST-00143,Maria Araujo,maria.araujo_143@email.com,Londrina,PR,2021-09-27 16:25:00
CUST-00144,Beatriz Santos,beatriz.santos_144@email.com,Varzea Grande,MT,2021-11-10 08:07:00
CUST-00145,Larissa Araujo,larissa.araujo_145@email.com,Aparecida de Goiania,GO,2024-06-20 16:17:00
CUST-00146,Maria Carvalho,maria.carvalho_146@email.com,Contagem,MG,2023-09-15 09:19:00
CUST-00147,Diego Ferreira,diego.ferreira_147@email.com,Serra,ES,2022-06-09 08:40:00
CUST-00148,Larissa Ribeiro,larissa.ribeiro_148@email.com,Rio de Janeiro,RJ,2023-10-20 14:02:00
CUST-00149,Lucas Ribeiro,lucas.ribeiro_149@email.com,Porto Alegre,RS,2022-01-29 11:28:00
CUST-00150,Gabriela Ribeiro,gabriela.ribeiro_150@email.com,Uberlandia,MG,2022-10-19 16:24:00
CUST-00151,Beatriz Lima,beatriz.lima_151@email.com,Cuiaba,MT,2021-02-13 03:08:00
CUST-00152,Carlos Araujo,carlos.araujo_152@email.com,Contagem,MG,2023-12-24 02:35:00
CUST-00153,Rafael Ferreira,rafael.ferreira_153@email.com,Varzea Grande,MT,2020-09-05 06:50:00
CUST-00154,Marcos Silva,marcos.silva_154@email.com,Caxias do Sul,RS,2020-06-25 02:19:00
CUST-00155,Gabriela Carvalho,gabriela.carvalho_155@email.com,Campina Grande,PB,2022-07-10 14:43:00
CUST-00156,Juliana Cardoso,juliana.cardoso_156@email.com,Arapiraca,AL,2020-04-23 03:33:00
CUST-00157,Carlos Ferreira,carlos.ferreira_157@email.com,Pelotas,RS,2020-06-10 08:12:00
CUST-00158,Juliana Gomes,juliana.gomes_158@email.com,Varzea Grande,MT,2020-12-16 21:39:00
CUST-00159,Amanda Santos,amanda.santos_159@email.com,Taguatinga,DF,2023-08-26 06:49:00
CUST-00160,Roberto Silva,roberto.silva_160@email.com,Parnaiba,PI,2023-11-03 12:19:00
CUST-00161,Pedro Ferreira,pedro.ferreira_161@email.com,Vitoria,ES,2024-01-11 10:46:00
CUST-00162,Juliana Ribeiro,juliana.ribeiro_162@email.com,Aparecida de Goiania,GO,2020-10-15 03:03:00
CUST-00163,Roberto Carvalho,roberto.carvalho_163@email.com,Imperatriz,MA,2021-10-02 06:48:00
CUST-00164,Gabriela Araujo,gabriela.araujo_164@email.com,Ponta Grossa,PR,2021-05-08 06:37:00
CUST-00165,Pedro Gomes,pedro.gomes_165@email.com,Goiania,GO,2020-08-08 13:08:00
CUST-00166,Bruno Martins,bruno.martins_166@email.com,Santarem,PA,2020-05-30 12:32:00
CUST-00167,Beatriz Moura,beatriz.moura_167@email.com,Serra,ES,2021-11-25 17:23:00
CUST-00168,Roberto Barbosa,roberto.barbosa_168@email.com,Caxias do Sul,RS,2022-11-29 14:09:00
CUST-00169,Camila Moura,camila.moura_169@email.com,Brasilia,DF,2022-11-04 16:34:00
CUST-00170,Marcos Silva,marcos.silva_170@email.com,Mossoro,RN,2024-01-25 22:40:00
CUST-00171,Marcos Lima,marcos.lima_171@email.com,Osasco,SP,2023-04-10 15:10:00
CUST-00172,Juliana Pereira,juliana.pereira_172@email.com,,AL,2020-11-06 13:44:00
CUST-00173,Gabriela Moura,gabriela.moura_173@email.com,Caruaru,PE,2021-02-28 17:20:00
CUST-00174,Camila Ferreira,camila.ferreira_174@email.com,Mossoro,RN,2023-10-26 20:51:00
CUST-00175,Marcos Almeida,marcos.almeida_175@email.com,Santarem,PA,2024-04-28 09:45:00
CUST-00176,Camila Melo,camila.melo_176@email.com,Caruaru,PE,2023-10-17 17:24:00
CUST-00177,Juliana Gomes,juliana.gomes_177@email.com,Campina Grande,PB,2024-03-10 15:13:00
CUST-00178,Thiago Lima,thiago.lima_178@email.com,Olinda,PE,2022-12-23 07:40:00
CUST-00179,Joao Carvalho,joao.carvalho_179@email.com,Fortaleza,CE,2020-11-19 13:41:00
CUST-00180,Fernanda Gomes,fernanda.gomes_180@email.com,Mossoro,RN,2022-12-31 23:46:00
CUST-00181,Diego Ferreira,diego.ferreira_181@email.com,Niteroi,RJ,2024-03-13 09:56:00
CUST-00182,Rafael Nascimento,rafael.nascimento_182@email.com,Rio de Janeiro,RJ,2022-12-09 15:56:00
CUST-00183,Beatriz Almeida,beatriz.almeida_183@email.com,Canoas,RS,2020-01-29 23:21:00
CUST-00184,Carlos Moura,carlos.moura_184@email.com,Sao Luis,MA,2023-10-02 03:11:00
CUST-00185,Camila Pereira,,Canoas,RS,2023-04-07 23:36:00
CUST-00186,Bruno Pereira,bruno.pereira_186@email.com,Santos,SP,2023-12-11 09:44:00
CUST-00187,Rafael Ribeiro,rafael.ribeiro_187@email.com,Vitoria da Conquista,BA,2023-05-25 11:26:00
CUST-00188,Thiago Almeida,thiago.almeida_188@email.com,Varzea Grande,MT,2022-12-17 22:23:00
CUST-00189,Pedro Cardoso,pedro.cardoso_189@email.com,Belo Horizonte,MG,2022-06-23 03:43:00
CUST-00190,Maria Barbosa,maria.barbosa_190@email.com,Caruaru,PE,2023-02-18 14:43:00
CUST-00191,Larissa Lima,larissa.lima_191@email.com,Sao Luis,MA,2020-05-10 17:03:00
CUST-00192,Pedro Gomes,pedro.gomes_192@email.com,Contagem,MG,2022-05-10 11:57:00
CUST-00193,Larissa Martins,larissa.martins_193@email.com,Campina Grande,PB,2020-08-30 05:34:00
CUST-00194,Lucas Silva,lucas.silva_194@email.com,Joao Pessoa,PB,2022-02-15 07:15:00
CUST-00195,Juliana Lima,juliana.lima_195@email.com,Vila Velha,ES,2023-06-13 00:15:00
CUST-00196,Joao Moura,joao.moura_196@email.com,Recife,PE,2022-04-03 14:14:00
CUST-00197,Pedro Rodrigues,pedro.rodrigues_197@email.com,Cuiaba,MT,2023-05-09 21:52:00
CUST-00198,Rafael Rodrigues,rafael.rodrigues_198@email.com,Florianopolis,SC,2023-04-26 23:58:00
CUST-00199,Thiago Melo,thiago.melo_199@email.com,Ponta Grossa,PR,2023-11-27 13:26:00
CUST-00200,Larissa Ferreira,larissa.ferreira_200@email.com,Pelotas,RS,2022-08-06 01:35:00
CUST-00201,Thiago Barbosa,thiago.barbosa_201@email.com,Parintins,AM,2022-01-29 02:34:00
CUST-00202,Beatriz Martins,beatriz.martins_202@email.com,Recife,PE,2024-01-23 21:35:00
CUST-00203,Fernanda Costa,fernanda.costa_203@email.com,Caruaru,PE,2024-03-09 15:58:00
CUST-00204,Roberto Almeida,roberto.almeida_204@email.com,Juazeiro do Norte,CE,2023-08-21 11:19:00
CUST-00205,Gabriela Melo,gabriela.melo_205@email.com,Ananindeua,PA,2021-02-20 11:20:00
CUST-00206,,amanda.pereira_206@email.com,Manaus,AM,2021-08-27 04:12:00
CUST-00207,Larissa Nascimento,larissa.nascimento_207@email.com,Florianopolis,SC,2022-09-27 23:41:00
CUST-00208,Carlos Ribeiro,carlos.ribeiro_208@email.com,Mossoro,RN,2023-08-07 01:33:00
CUST-00130,Lucas Rodrigues,lucas.rodrigues_130@email.com,Natal,RN,2024-02-21 16:02:00
CUST-00210,Pedro Moura,pedro.moura_210@email.com,Vila Velha,ES,2022-12-25 17:26:00
CUST-00211,Gabriela Lima,gabriela.lima_211@email.com,Sao Paulo,SP,2021-01-02 03:58:00
CUST-00212,Juliana Pereira,juliana.pereira_212@email.com,Vitoria da Conquista,BA,2022-02-03 12:29:00
CUST-00213,Lucas Gomes,lucas.gomes_213@email.com,Teresina,PI,2020-07-10 12:24:00
CUST-00214,Pedro Silva,pedro.silva_214@email.com,Campina Grande,PB,2020-07-14 16:58:00
CUST-00215,Fernanda Nascimento,fernanda.nascimento_215@email.com,Niteroi,RJ,2023-02-28 21:02:00
CUST-00216,Ana Almeida,ana.almeida_216@email.com,Maringa,PR,2020-11-28 18:15:00
CUST-00217,Thiago Costa,thiago.costa_217@email.com,Parnaiba,PI,2024-03-06 11:03:00
CUST-00218,Lucas Oliveira,lucas.oliveira_218@email.com,Feira de Santana,BA,2020-03-01 20:17:00
CUST-00219,Lucas Ribeiro,lucas.ribeiro_219@email.com,Vila Velha,ES,2024-04-30 19:18:00
CUST-00220,Maria Oliveira,maria.oliveira_220@email.com,Juazeiro do Norte,CE,2022-01-08 03:05:00
CUST-00221,Patricia Ribeiro,patricia.ribeiro_221@email.com,Santos,SP,2022-11-15 13:06:00
CUST-00222,Bruno Cardoso,bruno.cardoso_222@email.com,Sao Paulo,SP,2022-03-05 02:46:00
CUST-00223,Amanda Barbosa,amanda.barbosa_223@email.com,Cuiaba,MT,2020-05-09 05:27:00
CUST-00224,Rafael Melo,rafael.melo_224@email.com,Ananindeua,PA,2023-06-16 06:29:00
CUST-00225,Rafael Silva,rafael.silva_225@email.com,Salvador,BA,2021-11-16 13:52:00
CUST-00226,Rafael Costa,rafael.costa_226@email.com,Brasilia,DF,2021-10-15 09:47:00
CUST-00227,Camila Martins,camila.martins_227@email.com,Natal,RN,2023-01-22 05:43:00
CUST-00228,Patricia Almeida,patricia.almeida_228@email.com,Cuiaba,MT,2022-04-17 21:31:00
CUST-00229,Lucas Lima,lucas.lima_229@email.com,Pelotas,RS,2022-09-08 18:25:00
CUST-00230,Thiago Santos,thiago.santos_230@email.com,Varzea Grande,MT,2020-06-23 03:49:00
CUST-00231,Bruno Ferreira,bruno.ferreira_231@email.com,Juazeiro do Norte,CE,2024-03-21 10:50:00
CUST-00232,Ana Souza,ana.souza_232@email.com,Manaus,AM,2022-07-01 11:25:00
CUST-00233,Amanda Barbosa,amanda.barbosa_233@email.com,Serra,ES,2020-06-24 03:53:00
CUST-00234,Rafael Costa,rafael.costa_234@email.com,Pelotas,RS,2023-11-27 14:20:00
CUST-00235,Pedro Souza,,Juiz de Fora,MG,2024-02-25 07:33:00
CUST-00236,Camila Cardoso,camila.cardoso_236@email.com,Londrina,PR,2023-09-08 13:25:00
CUST-00237,Fernanda Araujo,fernanda.araujo_237@email.com,Osasco,SP,2024-06-18 02:36:00
CUST-00238,Carlos Ribeiro,carlos.ribeiro_238@email.com,Vitoria da Conquista,BA,2023-08-01 10:38:00
CUST-00239,Amanda Souza,amanda.souza_239@email.com,Campina Grande,PB,2021-09-01 19:37:00
CUST-00240,Camila Souza,camila.souza_240@email.com,Uberlandia,MG,2023-05-06 04:36:00
CUST-00241,Carlos Melo,carlos.melo_241@email.com,Campina Grande,PB,2022-09-29 09:08:00
CUST-00242,Patricia Moura,patricia.moura_242@email.com,Maringa,ZZ,2023-02-24 16:41:00
CUST-00243,Marcos Carvalho,marcos.carvalho_243@email.com,Mossoro,RN,2021-03-27 09:02:00
CUST-00244,Thiago Gomes,thiago.gomes_244@email.com,Belem,PA,2020-08-19 18:07:00
CUST-00245,Bruno Cardoso,bruno.cardoso_245@email.com,Santarem,PA,2020-07-28 23:53:00
CUST-00246,Pedro Araujo,pedro.araujo_246@email.com,Caucaia,CE,2021-04-30 06:51:00
CUST-00247,Roberto Carvalho,roberto.carvalho_247@email.com,Parnaiba,PI,2021-12-19 17:17:00
CUST-00248,Camila Gomes,camila.gomes_248@email.com,Brasilia,DF,2020-07-14 04:48:00
CUST-00249,Beatriz Rodrigues,beatriz.rodrigues_249@email.com,Manaus,AM,2023-10-16 12:31:00
CUST-00250,Diego Martins,diego.martins_250@email.com,Pelotas,RS,2021-07-23 22:59:00
CUST-00251,Marcos Costa,marcos.costa_251@email.com,Aparecida de Goiania,GO,2023-07-24 21:44:00
CUST-00252,Thiago Martins,thiago.martins_252@email.com,Goiania,GO,2021-11-22 17:36:00
CUST-00253,Camila Santos,camila.santos_253@email.com,,RS,2020-11-19 14:29:00
CUST-00254,Fernanda Rodrigues,fernanda.rodrigues_254@email.com,Guarulhos,SP,2022-01-08 08:05:00
CUST-00255,Pedro Martins,pedro.martins_255@email.com,Goiania,GO,2020-07-13 00:13:00
CUST-00256,Juliana Nascimento,juliana.nascimento_256@email.com,Natal,??,2022-05-14 22:08:00
CUST-00257,Lucas Martins,lucas.martins_257@email.com,Natal,RN,2022-02-22 04:41:00
CUST-00258,Gabriela Nascimento,,Porto Alegre,RS,2020-11-06 13:39:00
CUST-00259,Maria Souza,maria.souza_259@email.com,Vitoria,ES,2024-06-08 04:15:00
CUST-00260,Maria Pereira,maria.pereira_260@email.com,Santarem,PA,2023-09-10 09:13:00
CUST-00261,Larissa Gomes,larissa.gomes_261@email.com,Maceio,AL,2021-05-08 15:40:00
CUST-00262,Gabriela Silva,gabriela.silva_262@email.com,Brasilia,DF,2022-01-18 17:43:00
CUST-00263,,maria.silva_263@email.com,Ponta Grossa,PR,2022-03-26 16:18:00
CUST-00264,Diego Martins,diego.martins_264@email.com,Arapiraca,AL,2022-11-13 06:51:00
CUST-00265,Larissa Nascimento,larissa.nascimento_265@email.com,Pelotas,RS,2024-02-03 07:03:00
CUST-00266,Diego Souza,diego.souza_266@email.com,Fortaleza,CE,2020-09-01 00:45:00
CUST-00267,Carlos Melo,carlos.melo_267@email.com,Porto Alegre,RS,2020-09-16 23:49:00
CUST-00268,Joao Silva,joao.silva_268@email.com,Santarem,PA,2023-07-09 02:31:00
CUST-00269,Bruno Santos,bruno.santos_269@email.com,Serra,ES,2023-03-21 21:46:00
CUST-00270,Gabriela Silva,gabriela.silva_270@email.com,Salvador,BA,2020-11-03 05:59:00
CUST-00271,Lucas Costa,lucas.costa_271@email.com,Volta Redonda,RJ,2020-09-01 16:43:00
CUST-00272,Lucas Barbosa,lucas.barbosa_272@email.com,Niteroi,RJ,2021-09-28 10:05:00
CUST-00273,Ana Ribeiro,ana.ribeiro_273@email.com,Varzea Grande,MT,2023-04-26 15:49:00
CUST-00274,Juliana Silva,juliana.silva_274@email.com,Jaboatao,PE,2020-01-20 10:00:00
CUST-00275,Joao Almeida,joao.almeida_275@email.com,Campina Grande,PB,2023-12-28 08:05:00
CUST-00276,Gabriela Carvalho,gabriela.carvalho_276@email.com,Niteroi,RJ,2020-09-30 20:52:00
CUST-00277,Amanda Nascimento,amanda.nascimento_277@email.com,Joao Pessoa,PB,2024-06-28 12:44:00
CUST-00278,Patricia Lima,patricia.lima_278@email.com,Joinville,SC,2020-08-04 05:28:00
CUST-00279,Diego Souza,diego.souza_279@email.com,Vila Velha,ES,2020-09-02 02:10:00
CUST-00280,Fernanda Costa,fernanda.costa_280@email.com,Sao Luis,MA,2021-09-04 08:52:00
CUST-00281,Larissa Araujo,larissa.araujo_281@email.com,Curitiba,PR,2020-09-05 00:03:00
CUST-00282,Fernanda Martins,fernanda.martins_282@email.com,Fortaleza,CE,2020-06-02 00:04:00
CUST-00283,Juliana Oliveira,juliana.oliveira_283@email.com,Caruaru,PE,2020-12-10 18:27:00
CUST-00284,Ana Martins,ana.martins_284@email.com,Campina Grande,PB,2020-10-31 01:39:00
CUST-00285,Rafael Melo,rafael.melo_285@email.com,Brasilia,DF,2021-02-12 20:56:00
CUST-00286,Thiago Silva,thiago.silva_286@email.com,Maceio,AL,2023-03-04 16:20:00
CUST-00287,Carlos Silva,carlos.silva_287@email.com,Campina Grande,PB,2022-08-24 16:22:00
CUST-00288,Carlos Souza,carlos.souza_288@email.com,Teresina,PI,2024-04-13 07:36:00
CUST-00289,Carlos Ferreira,carlos.ferreira_289@email.com,Campina Grande,PB,2023-12-11 22:22:00
CUST-00290,Amanda Almeida,amanda.almeida_290@email.com,Teresina,PI,2020-03-18 02:03:00
CUST-00291,,lucas.silva_291@email.com,Juazeiro do Norte,CE,2024-01-08 05:58:00
CUST-00292,Ana Rodrigues,ana.rodrigues_292@email.com,Florianopolis,SC,2020-05-28 11:45:00
CUST-00293,Camila Gomes,camila.gomes_293@email.com,Joao Pessoa,PB,2022-09-24 20:20:00
CUST-00294,Lucas Nascimento,lucas.nascimento_294@email.com,Maringa,PR,2020-01-04 22:36:00
CUST-00295,Carlos Moura,carlos.moura_295@email.com,Joao Pessoa,PB,2022-10-13 04:21:00
CUST-00296,Bruno Costa,bruno.costa_296@email.com,Uberlandia,MG,2021-11-18 14:00:00
CUST-00297,Lucas Oliveira,lucas.oliveira_297@email.com,Belem,PA,2022-05-09 05:56:00
CUST-00298,Larissa Ribeiro,larissa.ribeiro_298@email.com,Parintins,AM,2023-11-08 07:10:00
CUST-00299,Pedro Gomes,,Vitoria,ES,2020-11-25 23:04:00
CUST-00300,Camila Moura,camila.moura_300@email.com,Cuiaba,MT,2023-05-28 13:10:00
CUST-00301,Camila Almeida,camila.almeida_301@email.com,Rio de Janeiro,RJ,2023-09-14 09:19:00
CUST-00302,Pedro Martins,pedro.martins_302@email.com,Fortaleza,CE,2021-08-26 21:40:00
CUST-00303,Fernanda Souza,,Taguatinga,DF,2021-09-23 12:30:00
CUST-00304,Maria Cardoso,maria.cardoso_304@email.com,Mossoro,RN,2022-06-19 14:16:00
CUST-00305,Amanda Santos,amanda.santos_305@email.com,Caucaia,CE,2022-04-27 18:14:00
CUST-00306,Larissa Barbosa,larissa.barbosa_306@email.com,Cuiaba,MT,2022-09-02 09:05:00
CUST-00307,Gabriela Nascimento,gabriela.nascimento_307@email.com,Joao Pessoa,PB,2024-03-30 14:11:00
CUST-00308,Fernanda Rodrigues,fernanda.rodrigues_308@email.com,Londrina,PR,2020-10-29 19:16:00
CUST-00309,Maria Oliveira,maria.oliveira_309@email.com,Blumenau,SC,2020-01-26 22:39:00
CUST-00310,Joao Carvalho,joao.carvalho_310@email.com,Parnaiba,PI,2020-08-04 18:49:00
CUST-00311,Thiago Ribeiro,thiago.ribeiro_311@email.com,Feira de Santana,BA,2020-12-18 08:25:00
CUST-00312,Pedro Martins,pedro.martins_312@email.com,Canoas,RS,2022-02-01 00:21:00
CUST-00313,Beatriz Melo,beatriz.melo_313@email.com,Imperatriz,MA,2024-03-03 14:49:00
CUST-00314,Diego Moura,diego.moura_314@email.com,Joinville,SC,2024-04-04 16:55:00
CUST-00315,Gabriela Ferreira,gabriela.ferreira_315@email.com,Goiania,GO,2023-03-10 00:11:00
CUST-00316,Pedro Pereira,pedro.pereira_316@email.com,Jaboatao,PE,2022-08-08 16:25:00
CUST-00317,Ana Pereira,ana.pereira_317@email.com,Vitoria da Conquista,BA,2021-12-17 11:10:00
CUST-00318,Maria Gomes,,Santarem,PA,2021-03-29 20:14:00
CUST-00319,Diego Barbosa,,,PE,2023-08-18 05:38:00
CUST-00320,Beatriz Moura,beatriz.moura_320@email.com,Campinas,SP,2022-02-10 11:29:00
CUST-00321,Patricia Gomes,patricia.gomes_321@email.com,Belem,PA,2023-09-18 11:35:00
CUST-00322,Rafael Souza,rafael.souza_322@email.com,Taguatinga,DF,2023-09-05 22:57:00
CUST-00323,Juliana Barbosa,juliana.barbosa_323@email.com,Sao Luis,MA,2023-09-14 10:43:00
CUST-00324,Marcos Gomes,marcos.gomes_324@email.com,Porto Alegre,RS,2023-03-17 06:21:00
CUST-00325,Thiago Melo,thiago.melo_325@email.com,Juazeiro do Norte,CE,2023-02-17 05:18:00
CUST-00326,Juliana Lima,juliana.lima_326@email.com,Feira de Santana,BA,2023-09-02 02:14:00
CUST-00327,Rafael Carvalho,rafael.carvalho_327@email.com,Goiania,GO,2022-08-21 01:55:00
CUST-00328,Marcos Almeida,marcos.almeida_328@email.com,Teresina,PI,2020-11-04 04:12:00
CUST-00329,Amanda Araujo,amanda.araujo_329@email.com,Joinville,SC,2020-12-28 10:40:00
CUST-00330,Patricia Lima,patricia.lima_330@email.com,Rio de Janeiro,RJ,2024-05-15 02:08:00
CUST-00331,Diego Martins,diego.martins_331@email.com,Taguatinga,ZZ,2021-10-21 16:12:00
CUST-00332,Lucas Pereira,lucas.pereira_332@email.com,Sao Paulo,SP,2020-12-08 02:52:00
CUST-00333,Rafael Araujo,rafael.araujo_333@email.com,Petropolis,RJ,2021-12-02 15:22:00
CUST-00334,Larissa Silva,larissa.silva_334@email.com,Jaboatao,PE,2020-12-12 03:23:00
CUST-00335,Beatriz Cardoso,beatriz.cardoso_335@email.com,Volta Redonda,RJ,2020-04-08 22:07:00
CUST-00336,Larissa Souza,larissa.souza_336@email.com,Parintins,AM,2021-09-08 13:42:00
CUST-00337,Gabriela Lima,gabriela.lima_337@email.com,Vitoria da Conquista,BA,2023-06-19 03:18:00
CUST-00338,Marcos Almeida,marcos.almeida_338@email.com,Salvador,BA,2022-04-19 09:10:00
CUST-00339,,fernanda.melo_339@email.com,Volta Redonda,RJ,2023-10-02 15:09:00
CUST-00340,Joao Lima,joao.lima_340@email.com,Belo Horizonte,MG,2020-12-23 01:54:00
CUST-00341,Camila Carvalho,camila.carvalho_341@email.com,Imperatriz,MA,2023-09-20 20:10:00
CUST-00342,Patricia Moura,patricia.moura_342@email.com,Joinville,SC,2022-03-30 14:17:00
CUST-00343,Diego Ferreira,diego.ferreira_343@email.com,Campina Grande,PB,2022-05-02 18:30:00
CUST-00344,Carlos Moura,carlos.moura_344@email.com,Parnaiba,PI,2020-09-24 15:58:00
CUST-00345,Diego Araujo,diego.araujo_345@email.com,Natal,RN,2024-04-20 23:36:00
CUST-00346,Camila Barbosa,camila.barbosa_346@email.com,Teresina,PI,2021-12-09 21:43:00
CUST-00347,Thiago Moura,thiago.moura_347@email.com,Joao Pessoa,PB,2020-12-04 02:48:00
CUST-00348,Lucas Costa,lucas.costa_348@email.com,Mossoro,RN,2021-04-26 02:29:00
CUST-00349,Patricia Oliveira,patricia.oliveira_349@email.com,Serra,ES,2020-07-29 12:26:00
CUST-00350,Maria Moura,maria.moura_350@email.com,Rio de Janeiro,RJ,2022-07-23 10:23:00
CUST-00351,Patricia Costa,patricia.costa_351@email.com,Niteroi,RJ,2020-08-21 03:48:00
CUST-00352,Camila Ribeiro,camila.ribeiro_352@email.com,Fortaleza,CE,2020-04-03 05:31:00
CUST-00353,Joao Lima,joao.lima_353@email.com,Canoas,RS,2024-05-19 06:45:00
CUST-00354,Diego Santos,diego.santos_354@email.com,Florianopolis,SC,2023-09-10 18:32:00
CUST-00355,Ana Barbosa,ana.barbosa_355@email.com,Canoas,RS,2024-05-18 05:44:00
CUST-00356,Juliana Souza,juliana.souza_356@email.com,Teresina,PI,2023-06-01 22:48:00
CUST-00357,Larissa Costa,larissa.costa_357@email.com,Caucaia,CE,2024-03-12 16:19:00
CUST-00358,Thiago Almeida,thiago.almeida_358@email.com,Varzea Grande,MT,2023-12-25 20:11:00
CUST-00359,Joao Ribeiro,joao.ribeiro_359@email.com,Arapiraca,AL,2022-12-29 09:56:00
CUST-00360,Gabriela Souza,,Manaus,AM,2020-11-25 09:43:00
CUST-00361,Pedro Gomes,pedro.gomes_361@email.com,Belem,PA,2023-10-15 23:35:00
CUST-00362,Thiago Martins,thiago.martins_362@email.com,Juazeiro do Norte,CE,2022-02-20 12:26:00
CUST-00363,Pedro Silva,pedro.silva_363@email.com,Blumenau,SC,2021-04-06 20:45:00
CUST-00364,Fernanda Gomes,fernanda.gomes_364@email.com,Goiania,GO,2020-09-01 12:02:00
CUST-00365,Thiago Lima,thiago.lima_365@email.com,Parintins,AM,2020-11-13 01:09:00
CUST-00366,Pedro Moura,pedro.moura_366@email.com,Blumenau,SC,2023-12-20 10:33:00
CUST-00367,Gabriela Oliveira,gabriela.oliveira_367@email.com,Fortaleza,CE,2021-03-12 21:21:00
CUST-00368,Rafael Almeida,rafael.almeida_368@email.com,Joinville,SC,2023-08-22 00:07:00
CUST-00369,Lucas Moura,lucas.moura_369@email.com,Aparecida de Goiania,GO,2024-06-18 03:24:00
CUST-00370,Rafael Silva,rafael.silva_370@email.com,Santarem,PA,2020-03-30 09:57:00
CUST-00034,Larissa Costa,larissa.costa_34@email.com,Campinas,SP,2023-10-23 17:21:00
CUST-00372,Diego Souza,diego.souza_372@email.com,Jaboatao,PE,2020-05-27 23:43:00
CUST-00373,Patricia Costa,patricia.costa_373@email.com,Porto Alegre,RS,2021-04-11 08:26:00
CUST-00374,Larissa Carvalho,larissa.carvalho_374@email.com,,PB,2020-05-09 23:37:00
CUST-00375,Bruno Barbosa,bruno.barbosa_375@email.com,Rio de Janeiro,RJ,2022-06-15 12:25:00
CUST-00376,Carlos Cardoso,carlos.cardoso_376@email.com,Guarulhos,SP,2023-07-22 04:19:00
CUST-00377,Thiago Cardoso,thiago.cardoso_377@email.com,Goiania,GO,2020-06-23 09:13:00
CUST-00378,Diego Barbosa,diego.barbosa_378@email.com,Goiania,GO,2023-10-06 18:54:00
CUST-00379,Thiago Oliveira,thiago.oliveira_379@email.com,Volta Redonda,RJ,2021-11-08 11:08:00
CUST-00380,Rafael Moura,rafael.moura_380@email.com,Fortaleza,CE,2023-11-21 18:09:00
CUST-00381,Camila Carvalho,camila.carvalho_381@email.com,Parnaiba,PI,2021-07-20 11:08:00
CUST-00382,Patricia Araujo,patricia.araujo_382@email.com,Joinville,SC,2021-07-28 04:57:00
CUST-00383,Beatriz Oliveira,beatriz.oliveira_383@email.com,Cuiaba,MT,2023-03-31 12:49:00
CUST-00384,Pedro Cardoso,pedro.cardoso_384@email.com,Teresina,PI,2022-03-14 07:57:00
CUST-00385,Juliana Araujo,juliana.araujo_385@email.com,,PI,2023-06-11 21:10:00
CUST-00386,Patricia Ferreira,patricia.ferreira_386@email.com,Maceio,AL,2022-09-17 11:02:00
CUST-00387,Lucas Oliveira,lucas.oliveira_387@email.com,Caucaia,CE,2022-03-05 15:58:00
CUST-00388,Pedro Costa,pedro.costa_388@email.com,Vitoria,ES,2023-03-31 17:36:00
CUST-00389,Larissa Ribeiro,larissa.ribeiro_389@email.com,Ponta Grossa,PR,2021-04-01 16:25:00
CUST-00390,,marcos.melo_390@email.com,Aparecida de Goiania,GO,2022-11-19 20:17:00
CUST-00391,Carlos Ferreira,carlos.ferreira_391@email.com,Jaboatao,PE,2024-01-15 03:30:00
CUST-00392,Fernanda Nascimento,fernanda.nascimento_392@email.com,Mossoro,RN,2020-11-25 04:40:00
CUST-00393,Amanda Rodrigues,amanda.rodrigues_393@email.com,Maceio,AL,2023-02-28 20:01:00
CUST-00394,Fernanda Araujo,fernanda.araujo_394@email.com,Sao Luis,MA,2020-10-19 18:52:00
CUST-00395,Carlos Costa,carlos.costa_395@email.com,Maringa,PR,2020-02-03 06:33:00
CUST-00396,Juliana Moura,juliana.moura_396@email.com,Arapiraca,AL,2022-10-27 03:05:00
CUST-00397,Roberto Cardoso,roberto.cardoso_397@email.com,Natal,RN,2022-01-28 01:44:00
CUST-00398,Lucas Melo,lucas.melo_398@email.com,Arapiraca,AL,2023-11-27 18:06:00
CUST-00399,Beatriz Melo,beatriz.melo_399@email.com,Manaus,AM,2021-06-11 06:00:00
CUST-00400,Gabriela Souza,gabriela.souza_400@email.com,Osasco,SP,2020-08-06 04:27:00
CUST-00401,Beatriz Cardoso,beatriz.cardoso_401@email.com,Parnaiba,PI,2022-04-26 17:50:00
CUST-00402,Carlos Ribeiro,carlos.ribeiro_402@email.com,Varzea Grande,MT,2022-03-26 23:08:00
CUST-00403,Lucas Araujo,lucas.araujo_403@email.com,Vitoria da Conquista,BA,2024-06-28 17:39:00
CUST-00404,Larissa Silva,larissa.silva_404@email.com,Niteroi,RJ,2021-06-22 07:23:00
CUST-00405,Larissa Martins,larissa.martins_405@email.com,Belo Horizonte,MG,2020-12-24 20:31:00
CUST-00406,Fernanda Barbosa,fernanda.barbosa_406@email.com,Vitoria,ES,2020-12-13 21:02:00
CUST-00407,Ana Ferreira,ana.ferreira_407@email.com,Goiania,GO,2021-02-14 16:00:00
CUST-00408,Thiago Gomes,thiago.gomes_408@email.com,Belo Horizonte,MG,2021-04-08 19:12:00
CUST-00409,Amanda Silva,amanda.silva_409@email.com,Vila Velha,ES,2020-08-27 16:16:00
CUST-00410,Patricia Martins,patricia.martins_410@email.com,Varzea Grande,MT,2022-08-01 18:55:00
CUST-00411,Joao Lima,joao.lima_411@email.com,Guarulhos,SP,2021-10-08 13:22:00
CUST-00412,Beatriz Pereira,beatriz.pereira_412@email.com,Maceio,AL,2020-12-31 15:20:00
CUST-00413,Amanda Lima,amanda.lima_413@email.com,Goiania,GO,2021-04-25 23:15:00
CUST-00414,Lucas Almeida,lucas.almeida_414@email.com,Belem,PA,2020-06-09 21:42:00
CUST-00415,Thiago Santos,thiago.santos_415@email.com,Natal,RN,2023-03-22 08:31:00
CUST-00416,Larissa Pereira,larissa.pereira_416@email.com,Maringa,PR,2020-03-07 16:22:00
CUST-00417,Patricia Souza,patricia.souza_417@email.com,,PB,2023-04-04 03:20:00
CUST-00418,Carlos Cardoso,carlos.cardoso_418@email.com,Aparecida de Goiania,GO,2022-05-18 06:26:00
CUST-00419,Larissa Lima,larissa.lima_419@email.com,Aparecida de Goiania,GO,2024-01-16 08:51:00
CUST-00216,Ana Almeida,ana.almeida_216@email.com,Maringa,PR,2020-11-28 18:15:00
CUST-00421,Gabriela Cardoso,gabriela.cardoso_421@email.com,Natal,RN,2022-03-26 03:44:00
CUST-00422,Fernanda Lima,fernanda.lima_422@email.com,Curitiba,PR,2023-02-21 17:59:00
CUST-00423,Ana Carvalho,ana.carvalho_423@email.com,Ananindeua,PA,2023-08-22 17:11:00
CUST-00424,Camila Barbosa,camila.barbosa_424@email.com,Imperatriz,MA,2023-07-17 04:55:00
CUST-00425,Diego Moura,diego.moura_425@email.com,Maringa,PR,2021-10-10 20:18:00
CUST-00426,Larissa Lima,larissa.lima_426@email.com,Santarem,PA,2022-07-11 13:10:00
CUST-00427,Juliana Pereira,juliana.pereira_427@email.com,Curitiba,PR,2020-07-29 03:04:00
CUST-00428,Ana Martins,ana.martins_428@email.com,Natal,RN,2022-03-09 09:14:00
CUST-00429,Rafael Araujo,rafael.araujo_429@email.com,Juazeiro do Norte,CE,2021-10-28 15:29:00
CUST-00430,Thiago Araujo,thiago.araujo_430@email.com,Varzea Grande,MT,2024-03-13 20:56:00
CUST-00431,Gabriela Cardoso,gabriela.cardoso_431@email.com,Parnaiba,PI,2022-01-19 13:16:00
CUST-00432,Ana Silva,ana.silva_432@email.com,Pelotas,RS,2023-11-09 15:48:00
CUST-00433,Ana Carvalho,ana.carvalho_433@email.com,Mossoro,RN,2023-02-22 13:25:00
CUST-00434,Larissa Martins,larissa.martins_434@email.com,Fortaleza,CE,2023-06-09 22:43:00
CUST-00435,Thiago Lima,thiago.lima_435@email.com,Ananindeua,PA,2023-06-19 14:17:00
CUST-00436,Fernanda Costa,,Taguatinga,DF,2021-07-05 04:45:00
CUST-00437,,ana.pereira_437@email.com,Serra,ES,2022-10-17 11:29:00
CUST-00438,Maria Rodrigues,maria.rodrigues_438@email.com,Petropolis,RJ,2021-05-27 12:53:00
CUST-00439,Lucas Martins,lucas.martins_439@email.com,Sao Paulo,SP,2024-04-27 03:33:00
CUST-00440,Larissa Gomes,larissa.gomes_440@email.com,Caruaru,PE,2020-09-07 08:30:00
CUST-00441,Bruno Santos,bruno.santos_441@email.com,Sao Luis,MA,2020-12-08 08:37:00
CUST-00442,Lucas Silva,lucas.silva_442@email.com,Feira de Santana,BA,2024-04-27 02:15:00
CUST-00443,Maria Moura,maria.moura_443@email.com,Ponta Grossa,PR,2020-11-11 22:34:00
CUST-00444,Marcos Pereira,marcos.pereira_444@email.com,Salvador,BA,2024-02-10 06:01:00
CUST-00445,Juliana Lima,juliana.lima_445@email.com,Campina Grande,PB,2021-01-23 18:11:00
CUST-00446,Camila Araujo,camila.araujo_446@email.com,Varzea Grande,MT,2020-11-13 14:18:00
CUST-00447,Bruno Araujo,,Santarem,PA,2022-01-15 19:15:00
CUST-00448,Maria Cardoso,maria.cardoso_448@email.com,Blumenau,SC,2021-08-02 10:26:00
CUST-00449,Joao Barbosa,joao.barbosa_449@email.com,Florianopolis,SC,2020-08-07 15:12:00
CUST-00450,Amanda Martins,amanda.martins_450@email.com,Salvador,BA,2023-05-25 22:04:00
CUST-00451,Marcos Oliveira,marcos.oliveira_451@email.com,Campinas,SP,2022-01-25 22:03:00
CUST-00452,Gabriela Santos,gabriela.santos_452@email.com,Taguatinga,DF,2020-07-26 23:14:00
CUST-00453,Fernanda Almeida,fernanda.almeida_453@email.com,Varzea Grande,MT,2022-04-30 23:06:00
CUST-00454,Patricia Carvalho,patricia.carvalho_454@email.com,Parnaiba,PI,2020-11-19 17:38:00
CUST-00455,Camila Cardoso,camila.cardoso_455@email.com,Vila Velha,ES,2024-01-26 10:38:00
CUST-00456,Thiago Almeida,thiago.almeida_456@email.com,Juazeiro do Norte,CE,2022-03-24 00:46:00
CUST-00457,Roberto Silva,roberto.silva_457@email.com,Petropolis,RJ,2021-10-06 00:49:00
CUST-00458,Gabriela Cardoso,gabriela.cardoso_458@email.com,Santarem,PA,2021-06-26 11:56:00
CUST-00459,Lucas Lima,lucas.lima_459@email.com,Teresina,PI,2024-01-21 10:50:00
CUST-00460,Marcos Nascimento,marcos.nascimento_460@email.com,Natal,RN,2022-02-20 02:49:00
CUST-00461,Bruno Carvalho,bruno.carvalho_461@email.com,Petropolis,RJ,2023-05-18 00:40:00
CUST-00462,Rafael Barbosa,rafael.barbosa_462@email.com,Joao Pessoa,PB,2020-04-13 21:46:00
CUST-00463,Roberto Nascimento,roberto.nascimento_463@email.com,Campina Grande,PB,2020-06-18 15:36:00
CUST-00464,Beatriz Oliveira,beatriz.oliveira_464@email.com,Volta Redonda,RJ,2021-02-09 15:25:00
CUST-00465,Thiago Moura,thiago.moura_465@email.com,Teresina,PI,2023-11-03 18:05:00
CUST-00466,Diego Carvalho,diego.carvalho_466@email.com,Vitoria da Conquista,BA,2020-12-12 11:39:00
CUST-00467,Juliana Araujo,juliana.araujo_467@email.com,Serra,ES,2020-06-24 03:47:00
CUST-00468,Roberto Rodrigues,roberto.rodrigues_468@email.com,Niteroi,XX,2021-11-10 06:47:00
CUST-00469,Fernanda Cardoso,fernanda.cardoso_469@email.com,Cuiaba,MT,2023-12-02 21:01:00
CUST-00470,Beatriz Ferreira,beatriz.ferreira_470@email.com,Joao Pessoa,PB,2020-01-18 02:24:00
CUST-00471,Bruno Souza,,Santarem,PA,2023-12-24 03:57:00
CUST-00472,Roberto Cardoso,roberto.cardoso_472@email.com,Joinville,SC,2020-03-22 07:59:00
CUST-00473,Camila Melo,camila.melo_473@email.com,Arapiraca,AL,2021-04-28 16:17:00
CUST-00474,Larissa Silva,larissa.silva_474@email.com,Petropolis,RJ,2020-10-08 02:46:00
CUST-00475,Diego Pereira,diego.pereira_475@email.com,Joao Pessoa,PB,2020-09-26 06:41:00
CUST-00476,Juliana Gomes,juliana.gomes_476@email.com,Caxias do Sul,RS,2024-04-26 04:41:00
CUST-00477,Camila Oliveira,camila.oliveira_477@email.com,Teresina,PI,2024-01-29 00:48:00
CUST-00478,Diego Gomes,diego.gomes_478@email.com,Joinville,SC,2024-05-14 06:06:00
CUST-00479,Ana Moura,ana.moura_479@email.com,Caxias do Sul,RS,2020-02-23 11:05:00
CUST-00480,Gabriela Moura,gabriela.moura_480@email.com,Natal,RN,2020-12-01 06:14:00
CUST-00481,Ana Lima,ana.lima_481@email.com,Volta Redonda,RJ,2020-12-28 14:55:00
CUST-00482,Camila Araujo,camila.araujo_482@email.com,Taguatinga,DF,2024-01-14 10:25:00
CUST-00483,Gabriela Souza,gabriela.souza_483@email.com,Brasilia,DF,2022-03-21 23:02:00
CUST-00484,Gabriela Santos,gabriela.santos_484@email.com,Varzea Grande,MT,2020-12-06 13:18:00
CUST-00485,Gabriela Rodrigues,gabriela.rodrigues_485@email.com,Brasilia,DF,2023-04-13 22:34:00
CUST-00486,Diego Costa,diego.costa_486@email.com,Canoas,RS,2022-07-20 02:16:00
CUST-00487,Carlos Souza,carlos.souza_487@email.com,Blumenau,SC,2024-01-28 16:39:00
CUST-00488,Thiago Martins,thiago.martins_488@email.com,Ponta Grossa,PR,2020-11-28 04:11:00
CUST-00489,Rafael Gomes,rafael.gomes_489@email.com,Volta Redonda,RJ,2021-02-19 00:39:00
CUST-00490,Patricia Melo,patricia.melo_490@email.com,Belem,,2022-09-01 14:26:00
CUST-00491,Roberto Moura,,Vitoria,ES,2021-03-01 01:11:00
CUST-00492,Bruno Santos,bruno.santos_492@email.com,Porto Alegre,RS,2020-06-28 01:06:00
CUST-00493,Carlos Gomes,carlos.gomes_493@email.com,Manaus,AM,2022-07-21 23:37:00
CUST-00494,Maria Gomes,maria.gomes_494@email.com,Goiania,GO,2020-05-12 09:30:00
CUST-00495,Beatriz Costa,beatriz.costa_495@email.com,Porto Alegre,RS,2024-02-03 20:33:00
CUST-00496,Roberto Gomes,roberto.gomes_496@email.com,Contagem,MG,2020-09-22 19:36:00
CUST-00497,Marcos Ferreira,marcos.ferreira_497@email.com,Mossoro,RN,2022-08-10 20:50:00
CUST-00498,Fernanda Moura,fernanda.moura_498@email.com,Vitoria da Conquista,BA,2020-01-24 20:12:00
CUST-00499,Maria Gomes,maria.gomes_499@email.com,Imperatriz,MA,2022-03-22 23:36:00
CUST-00500,Carlos Almeida,carlos.almeida_500@email.com,Brasilia,DF,2023-08-15 04:30:00
CUST-00501,Thiago Costa,thiago.costa_501@email.com,Canoas,RS,2023-03-03 23:43:00
CUST-00502,Thiago Silva,thiago.silva_502@email.com,Blumenau,SC,2020-11-01 08:53:00
CUST-00503,Larissa Cardoso,larissa.cardoso_503@email.com,Santos,SP,2024-03-19 09:45:00
CUST-00504,Pedro Lima,pedro.lima_504@email.com,Blumenau,SC,2021-03-18 16:19:00
CUST-00505,Bruno Santos,bruno.santos_505@email.com,Curitiba,PR,2022-10-21 04:12:00
CUST-00506,Gabriela Gomes,gabriela.gomes_506@email.com,Joinville,SC,2023-10-17 04:13:00
CUST-00507,Larissa Barbosa,larissa.barbosa_507@email.com,Volta Redonda,RJ,2021-11-13 14:56:00
CUST-00508,Gabriela Gomes,,Rio de Janeiro,RJ,2021-08-09 08:34:00
CUST-00509,Joao Lima,joao.lima_509@email.com,Joinville,SC,2021-02-27 17:22:00
CUST-00510,Beatriz Rodrigues,beatriz.rodrigues_510@email.com,Varzea Grande,MT,2021-11-24 17:28:00
CUST-00511,Ana Melo,ana.melo_511@email.com,Niteroi,RJ,2023-12-14 19:57:00
CUST-00512,Roberto Ribeiro,roberto.ribeiro_512@email.com,Parnaiba,PI,2024-03-27 14:36:00
CUST-00513,Patricia Souza,patricia.souza_513@email.com,Porto Alegre,RS,2021-04-03 04:55:00
CUST-00514,Bruno Martins,bruno.martins_514@email.com,Taguatinga,DF,2022-09-25 00:04:00
CUST-00515,Bruno Melo,bruno.melo_515@email.com,Natal,RN,2020-07-29 12:52:00
CUST-00516,Thiago Oliveira,thiago.oliveira_516@email.com,Feira de Santana,BA,2023-01-27 05:30:00
CUST-00517,Camila Almeida,camila.almeida_517@email.com,Joao Pessoa,PB,2023-01-20 22:15:00
CUST-00518,Amanda Melo,amanda.melo_518@email.com,Curitiba,PR,2021-09-22 12:04:00
CUST-00519,Roberto Martins,roberto.martins_519@email.com,Brasilia,DF,2023-04-04 20:51:00
CUST-00520,Juliana Araujo,juliana.araujo_520@email.com,Campinas,SP,2021-10-10 09:36:00
CUST-00521,Bruno Oliveira,bruno.oliveira_521@email.com,Imperatriz,MA,2020-05-07 11:57:00
CUST-00522,Ana Cardoso,ana.cardoso_522@email.com,Cuiaba,MT,2023-12-09 18:25:00
CUST-00523,Larissa Martins,larissa.martins_523@email.com,Blumenau,SC,2022-02-26 11:53:00
CUST-00524,Rafael Rodrigues,rafael.rodrigues_524@email.com,Manaus,AM,2022-06-13 04:05:00
CUST-00525,Patricia Moura,patricia.moura_525@email.com,Canoas,RS,2022-02-26 11:14:00
CUST-00526,Roberto Silva,roberto.silva_526@email.com,Ponta Grossa,PR,2023-01-23 18:23:00
CUST-00527,Amanda Melo,amanda.melo_527@email.com,Rio de Janeiro,RJ,2024-02-06 16:54:00
CUST-00528,Gabriela Oliveira,gabriela.oliveira_528@email.com,Ananindeua,PA,2023-10-01 02:43:00
CUST-00529,Roberto Santos,roberto.santos_529@email.com,Varzea Grande,,2024-02-11 10:26:00
CUST-00530,Rafael Ferreira,rafael.ferreira_530@email.com,Aparecida de Goiania,GO,2020-05-05 20:30:00
CUST-00531,Amanda Santos,amanda.santos_531@email.com,Teresina,PI,2020-09-16 16:04:00
CUST-00532,Juliana Moura,juliana.moura_532@email.com,Ananindeua,XX,2024-02-22 04:42:00
CUST-00533,Carlos Lima,carlos.lima_533@email.com,Vila Velha,ES,2020-06-21 04:38:00
CUST-00534,Diego Martins,diego.martins_534@email.com,Canoas,RS,2021-12-07 01:41:00
CUST-00535,Pedro Ferreira,pedro.ferreira_535@email.com,Belem,PA,2021-04-23 12:43:00
CUST-00536,Beatriz Rodrigues,beatriz.rodrigues_536@email.com,Campina Grande,PB,2021-10-08 16:43:00
CUST-00537,Thiago Ribeiro,thiago.ribeiro_537@email.com,Rio de Janeiro,RJ,2021-06-30 03:16:00
CUST-00538,Patricia Pereira,patricia.pereira_538@email.com,Parnaiba,PI,2021-01-03 10:35:00
CUST-00539,Maria Silva,maria.silva_539@email.com,Sao Paulo,SP,2021-05-30 06:02:00
CUST-00540,Maria Santos,maria.santos_540@email.com,Osasco,SP,2023-12-21 03:05:00
CUST-00541,Larissa Nascimento,larissa.nascimento_541@email.com,Brasilia,DF,2023-09-14 02:40:00
CUST-00542,Diego Costa,diego.costa_542@email.com,Vila Velha,ES,2020-05-03 08:52:00
CUST-00543,Patricia Oliveira,patricia.oliveira_543@email.com,Belem,PA,2020-10-21 17:49:00
CUST-00544,Roberto Souza,roberto.souza_544@email.com,Manaus,AM,2021-05-28 14:01:00
CUST-00545,Ana Santos,ana.santos_545@email.com,Natal,RN,2022-11-21 22:49:00
CUST-00494,Maria Gomes,maria.gomes_494@email.com,Goiania,GO,2020-05-12 09:30:00
CUST-00547,Thiago Ribeiro,thiago.ribeiro_547@email.com,Vitoria da Conquista,BA,2022-01-18 17:54:00
CUST-00548,Patricia Gomes,patricia.gomes_548@email.com,Florianopolis,SC,2023-11-26 12:57:00
CUST-00549,Bruno Melo,bruno.melo_549@email.com,Vitoria da Conquista,BA,2024-01-14 18:15:00
CUST-00550,Maria Cardoso,maria.cardoso_550@email.com,Mossoro,RN,2020-02-03 01:21:00
CUST-00551,Pedro Martins,pedro.martins_551@email.com,Petropolis,RJ,2023-01-03 04:47:00
CUST-00552,Maria Santos,maria.santos_552@email.com,Teresina,PI,2021-05-12 22:41:00
CUST-00553,Carlos Santos,carlos.santos_553@email.com,Porto Alegre,RS,2020-05-10 03:07:00
CUST-00554,Maria Almeida,maria.almeida_554@email.com,Natal,RN,2023-11-02 18:34:00
CUST-00555,Fernanda Santos,fernanda.santos_555@email.com,Pelotas,RS,2023-11-27 11:35:00
CUST-00556,Lucas Nascimento,lucas.nascimento_556@email.com,Ponta Grossa,PR,2020-02-02 15:05:00
CUST-00557,Carlos Oliveira,carlos.oliveira_557@email.com,Sao Paulo,SP,2022-09-01 22:08:00
CUST-00558,Beatriz Barbosa,beatriz.barbosa_558@email.com,Jaboatao,PE,2024-01-08 15:39:00
CUST-00559,Bruno Carvalho,,Juiz de Fora,MG,2022-01-11 17:32:00
CUST-00560,Fernanda Lima,fernanda.lima_560@email.com,Caucaia,CE,2022-10-15 05:10:00
CUST-00561,Bruno Gomes,bruno.gomes_561@email.com,Rio de Janeiro,RJ,2020-08-01 23:03:00
CUST-00562,Carlos Silva,carlos.silva_562@email.com,Cuiaba,MT,2021-10-29 13:12:00
CUST-00563,Joao Costa,joao.costa_563@email.com,Florianopolis,SC,2020-05-30 15:37:00
CUST-00564,Diego Rodrigues,diego.rodrigues_564@email.com,Natal,RN,2021-02-01 20:22:00
CUST-00565,Camila Rodrigues,camila.rodrigues_565@email.com,Belem,PA,2022-05-06 05:48:00
CUST-00566,Rafael Moura,rafael.moura_566@email.com,Florianopolis,SC,2023-02-06 07:05:00
CUST-00567,Fernanda Nascimento,fernanda.nascimento_567@email.com,Parintins,,2021-11-01 13:37:00
CUST-00568,Juliana Nascimento,juliana.nascimento_568@email.com,Juazeiro do Norte,CE,2022-10-29 01:27:00
CUST-00569,Marcos Souza,marcos.souza_569@email.com,,AL,2021-03-22 04:22:00
CUST-00570,Maria Silva,maria.silva_570@email.com,Sao Luis,MA,2020-02-19 14:29:00
CUST-00571,Carlos Ribeiro,carlos.ribeiro_571@email.com,Canoas,XX,2022-12-23 01:18:00
CUST-00572,Roberto Cardoso,roberto.cardoso_572@email.com,Parintins,AM,2020-04-22 16:58:00
CUST-00573,Joao Martins,joao.martins_573@email.com,Goiania,GO,2020-05-17 17:45:00
CUST-00574,Camila Pereira,camila.pereira_574@email.com,Jaboatao,PE,2023-12-10 06:48:00
CUST-00575,Bruno Lima,bruno.lima_575@email.com,Caucaia,CE,2022-10-23 16:53:00
CUST-00576,Thiago Cardoso,thiago.cardoso_576@email.com,Feira de Santana,BA,2020-05-14 06:57:00
CUST-00577,Maria Martins,maria.martins_577@email.com,Vitoria,ES,2023-11-28 04:31:00
CUST-00578,Gabriela Silva,gabriela.silva_578@email.com,Caxias do Sul,RS,2022-06-28 23:41:00
CUST-00579,Fernanda Oliveira,,Santos,SP,2023-03-31 10:41:00
CUST-00580,Amanda Barbosa,amanda.barbosa_580@email.com,Joinville,SC,2020-12-17 08:14:00
CUST-00581,Rafael Santos,rafael.santos_581@email.com,Mossoro,RN,2023-01-01 09:11:00
CUST-00582,Carlos Pereira,carlos.pereira_582@email.com,Londrina,PR,2021-02-24 17:45:00
CUST-00583,Bruno Rodrigues,bruno.rodrigues_583@email.com,Petropolis,RJ,2022-04-08 15:49:00
CUST-00584,Camila Rodrigues,,Canoas,RS,2022-08-28 09:48:00
CUST-00585,Amanda Araujo,amanda.araujo_585@email.com,Teresina,PI,2020-08-27 09:01:00
CUST-00586,Patricia Ribeiro,patricia.ribeiro_586@email.com,Joao Pessoa,PB,2024-04-20 08:12:00
CUST-00587,Thiago Araujo,thiago.araujo_587@email.com,Sao Paulo,SP,2023-05-20 19:32:00
CUST-00588,Larissa Rodrigues,larissa.rodrigues_588@email.com,,RJ,2021-09-22 14:55:00
CUST-00589,Fernanda Araujo,fernanda.araujo_589@email.com,Cuiaba,MT,2022-05-18 23:57:00
CUST-00590,Amanda Moura,amanda.moura_590@email.com,Manaus,AM,2020-05-15 18:48:00
CUST-00591,Ana Carvalho,ana.carvalho_591@email.com,Joao Pessoa,PB,2020-10-07 06:11:00
CUST-00592,Thiago Melo,thiago.melo_592@email.com,Campina Grande,PB,2022-08-07 07:01:00
CUST-00593,Beatriz Gomes,beatriz.gomes_593@email.com,Campinas,SP,2022-05-04 05:31:00
CUST-00594,Joao Lima,joao.lima_594@email.com,Fortaleza,CE,2022-06-12 08:40:00
CUST-00595,,bruno.barbosa_595@email.com,Natal,RN,2022-08-02 22:08:00
CUST-00596,Pedro Lima,pedro.lima_596@email.com,Goiania,GO,2023-08-01 02:32:00
CUST-00597,Joao Moura,joao.moura_597@email.com,Jaboatao,PE,2021-09-08 08:43:00
CUST-00598,Thiago Nascimento,thiago.nascimento_598@email.com,Goiania,GO,2022-04-23 10:58:00
CUST-00599,Fernanda Rodrigues,fernanda.rodrigues_599@email.com,Curitiba,PR,2022-12-12 17:45:00
CUST-00600,Diego Araujo,diego.araujo_600@email.com,,MT,2023-11-16 11:08:00
CUST-00601,Gabriela Costa,gabriela.costa_601@email.com,Serra,ES,2023-11-22 04:44:00
CUST-00602,Juliana Almeida,juliana.almeida_602@email.com,Caucaia,CE,2024-05-05 15:48:00
CUST-00603,Fernanda Souza,fernanda.souza_603@email.com,Manaus,AM,2020-03-29 02:19:00
CUST-00604,Joao Moura,joao.moura_604@email.com,Sao Paulo,SP,2024-03-08 08:37:00
CUST-00605,Carlos Barbosa,carlos.barbosa_605@email.com,Aparecida de Goiania,GO,2024-04-12 00:33:00
CUST-00606,Rafael Ferreira,rafael.ferreira_606@email.com,Jaboatao,PE,2022-10-29 22:30:00
CUST-00607,Patricia Souza,patricia.souza_607@email.com,Goiania,GO,2020-08-19 10:07:00
CUST-00608,Gabriela Rodrigues,gabriela.rodrigues_608@email.com,Vitoria,ES,2022-10-08 03:24:00
CUST-00609,Roberto Gomes,roberto.gomes_609@email.com,Imperatriz,MA,2022-05-26 06:54:00
CUST-00610,Bruno Ferreira,,Contagem,MG,2023-10-17 02:07:00
CUST-00611,Larissa Nascimento,larissa.nascimento_611@email.com,Canoas,RS,2021-02-11 10:12:00
CUST-00612,Joao Pereira,joao.pereira_612@email.com,Taguatinga,DF,2021-07-13 20:25:00
CUST-00613,Roberto Martins,roberto.martins_613@email.com,Aparecida de Goiania,GO,2022-09-29 15:14:00
CUST-00614,Joao Santos,joao.santos_614@email.com,Porto Alegre,RS,2021-10-31 04:19:00
CUST-00615,Maria Barbosa,maria.barbosa_615@email.com,Brasilia,DF,2021-06-19 17:21:00
CUST-00616,Pedro Carvalho,pedro.carvalho_616@email.com,Cuiaba,MT,2020-03-14 01:11:00
CUST-00617,Carlos Melo,carlos.melo_617@email.com,Varzea Grande,MT,2022-10-01 21:35:00
CUST-00618,Marcos Cardoso,marcos.cardoso_618@email.com,Varzea Grande,MT,2023-06-17 21:22:00
CUST-00619,Pedro Silva,pedro.silva_619@email.com,Imperatriz,MA,2024-04-16 20:21:00
CUST-00620,Diego Ribeiro,diego.ribeiro_620@email.com,Joao Pessoa,PB,2021-10-01 18:05:00
CUST-00621,Joao Costa,joao.costa_621@email.com,Juiz de Fora,MG,2022-11-20 13:17:00
CUST-00622,Amanda Silva,amanda.silva_622@email.com,Guarulhos,SP,2020-07-23 22:43:00
CUST-00623,Marcos Barbosa,marcos.barbosa_623@email.com,Olinda,PE,2021-02-17 15:40:00
CUST-00624,Rafael Lima,rafael.lima_624@email.com,Uberlandia,MG,2020-07-07 22:54:00
CUST-00625,Amanda Costa,amanda.costa_625@email.com,Teresina,PI,2020-06-06 20:52:00
CUST-00626,Diego Cardoso,diego.cardoso_626@email.com,Imperatriz,MA,2023-01-26 05:56:00
CUST-00627,Carlos Nascimento,carlos.nascimento_627@email.com,Osasco,SP,2023-07-30 17:51:00
CUST-00628,Amanda Santos,amanda.santos_628@email.com,Taguatinga,DF,2021-09-06 13:26:00
CUST-00629,Fernanda Carvalho,fernanda.carvalho_629@email.com,Florianopolis,SC,2021-05-03 03:09:00
CUST-00630,Lucas Gomes,lucas.gomes_630@email.com,Recife,PE,2020-11-22 08:08:00
CUST-00631,Beatriz Cardoso,beatriz.cardoso_631@email.com,Santos,SP,2020-06-20 10:38:00
CUST-00632,Diego Ribeiro,diego.ribeiro_632@email.com,Sao Luis,MA,2021-04-28 03:36:00
CUST-00633,Gabriela Nascimento,gabriela.nascimento_633@email.com,Maceio,AL,2020-09-07 10:21:00
CUST-00634,Lucas Carvalho,lucas.carvalho_634@email.com,Parnaiba,PI,2023-04-22 01:31:00
CUST-00635,Joao Costa,joao.costa_635@email.com,Varzea Grande,MT,2020-10-23 11:30:00
CUST-00636,Ana Moura,ana.moura_636@email.com,Aparecida de Goiania,GO,2023-10-07 07:16:00
CUST-00637,Rafael Ribeiro,rafael.ribeiro_637@email.com,Varzea Grande,MT,2020-01-17 12:59:00
CUST-00638,Maria Pereira,maria.pereira_638@email.com,Ananindeua,PA,2024-04-19 20:26:00
CUST-00639,Maria Melo,maria.melo_639@email.com,Petropolis,RJ,2020-07-24 05:44:00
CUST-00640,Maria Ribeiro,maria.ribeiro_640@email.com,Santarem,PA,2024-04-09 01:41:00
CUST-00641,Juliana Silva,juliana.silva_641@email.com,Ponta Grossa,PR,2022-11-23 22:49:00
CUST-00642,Camila Araujo,camila.araujo_642@email.com,Canoas,RS,2024-06-25 09:12:00
CUST-00643,Bruno Ferreira,bruno.ferreira_643@email.com,Contagem,MG,2020-02-17 17:41:00
CUST-00644,Maria Araujo,maria.araujo_644@email.com,Brasilia,DF,2021-06-16 04:05:00
CUST-00645,Amanda Souza,,Goiania,GO,2022-10-09 03:14:00
CUST-00646,Beatriz Gomes,beatriz.gomes_646@email.com,Jaboatao,PE,2021-08-02 23:43:00
CUST-00647,Carlos Carvalho,carlos.carvalho_647@email.com,Caruaru,PE,2021-05-23 11:37:00
CUST-00648,Ana Melo,ana.melo_648@email.com,Vitoria,ES,2023-12-21 13:47:00
CUST-00649,Maria Souza,maria.souza_649@email.com,Taguatinga,DF,2023-05-26 21:51:00
CUST-00650,Ana Lima,ana.lima_650@email.com,Brasilia,DF,2023-02-19 01:37:00
CUST-00651,Carlos Barbosa,carlos.barbosa_651@email.com,Maringa,PR,2022-06-05 04:16:00
CUST-00652,Pedro Rodrigues,pedro.rodrigues_652@email.com,Feira de Santana,BA,2021-06-23 19:53:00
CUST-00653,Camila Carvalho,camila.carvalho_653@email.com,Santarem,PA,2023-09-08 20:51:00
CUST-00654,Fernanda Rodrigues,fernanda.rodrigues_654@email.com,Vitoria,ES,2020-08-25 15:02:00
CUST-00655,Thiago Melo,thiago.melo_655@email.com,Vila Velha,ES,2021-02-21 09:11:00
CUST-00656,Amanda Nascimento,amanda.nascimento_656@email.com,Maringa,ZZ,2024-04-22 15:43:00
CUST-00657,Ana Gomes,ana.gomes_657@email.com,Feira de Santana,BA,2021-10-24 04:01:00
CUST-00658,Marcos Araujo,marcos.araujo_658@email.com,Contagem,MG,2023-06-28 14:20:00
CUST-00659,Fernanda Santos,fernanda.santos_659@email.com,Teresina,PI,2023-05-18 12:05:00
CUST-00660,Carlos Pereira,carlos.pereira_660@email.com,Campina Grande,PB,2024-05-15 12:18:00
CUST-00661,Rafael Melo,rafael.melo_661@email.com,Porto Alegre,RS,2022-01-05 21:06:00
CUST-00662,Marcos Araujo,marcos.araujo_662@email.com,Goiania,GO,2022-01-24 19:11:00
CUST-00663,Maria Santos,maria.santos_663@email.com,Parintins,AM,2022-10-11 16:40:00
CUST-00664,Rafael Araujo,rafael.araujo_664@email.com,Maceio,AL,2021-09-07 07:33:00
CUST-00665,Amanda Santos,amanda.santos_665@email.com,Parintins,AM,2022-08-09 21:46:00
CUST-00666,Bruno Lima,bruno.lima_666@email.com,Parnaiba,PI,2024-05-29 05:53:00
CUST-00667,Maria Carvalho,maria.carvalho_667@email.com,Joao Pessoa,PB,2023-07-01 08:21:00
CUST-00668,Carlos Oliveira,carlos.oliveira_668@email.com,Londrina,PR,2020-01-12 12:07:00
CUST-00669,Marcos Araujo,marcos.araujo_669@email.com,Campinas,SP,2023-06-20 19:23:00
CUST-00670,Maria Rodrigues,maria.rodrigues_670@email.com,Campina Grande,PB,2020-02-24 06:30:00
CUST-00671,Diego Cardoso,diego.cardoso_671@email.com,Caxias do Sul,RS,2020-12-06 04:47:00
CUST-00672,Marcos Silva,marcos.silva_672@email.com,Vila Velha,ES,2020-04-14 10:00:00
CUST-00673,Diego Carvalho,diego.carvalho_673@email.com,Vitoria da Conquista,BA,2022-09-25 12:31:00
CUST-00674,Lucas Santos,lucas.santos_674@email.com,Arapiraca,AL,2022-05-04 15:07:00
CUST-00675,Patricia Carvalho,,Mossoro,RN,2021-03-25 18:58:00
CUST-00676,Patricia Rodrigues,patricia.rodrigues_676@email.com,Blumenau,SC,2023-08-29 23:23:00
CUST-00677,Roberto Almeida,roberto.almeida_677@email.com,Natal,RN,2023-05-25 15:06:00
CUST-00678,Rafael Pereira,rafael.pereira_678@email.com,Parintins,AM,2020-11-20 05:52:00
CUST-00679,Maria Costa,maria.costa_679@email.com,Maceio,AL,2021-11-27 11:49:00
CUST-00680,Juliana Barbosa,juliana.barbosa_680@email.com,Petropolis,RJ,2024-03-27 03:06:00
CUST-00681,Thiago Santos,thiago.santos_681@email.com,Brasilia,DF,2024-01-31 09:45:00
CUST-00682,Marcos Souza,marcos.souza_682@email.com,Serra,ES,2022-05-01 00:15:00
CUST-00683,Rafael Barbosa,rafael.barbosa_683@email.com,Mossoro,RN,2021-05-17 04:48:00
CUST-00684,Lucas Rodrigues,lucas.rodrigues_684@email.com,Arapiraca,AL,2024-06-15 21:23:00
CUST-00685,Juliana Silva,juliana.silva_685@email.com,Guarulhos,SP,2024-04-30 05:27:00
CUST-00686,Pedro Rodrigues,pedro.rodrigues_686@email.com,Volta Redonda,RJ,2022-11-30 09:26:00
CUST-00687,Camila Ribeiro,,Campina Grande,PB,2022-07-02 20:13:00
CUST-00688,Bruno Martins,bruno.martins_688@email.com,Varzea Grande,MT,2024-01-12 23:56:00
CUST-00689,Fernanda Oliveira,fernanda.oliveira_689@email.com,Pelotas,RS,2024-06-19 17:37:00
CUST-00690,Rafael Carvalho,rafael.carvalho_690@email.com,Belem,PA,2021-12-26 03:03:00
CUST-00691,Rafael Nascimento,rafael.nascimento_691@email.com,Feira de Santana,BA,2023-03-04 22:57:00
CUST-00692,Bruno Gomes,bruno.gomes_692@email.com,Cuiaba,MT,2022-11-30 23:15:00
CUST-00693,Gabriela Nascimento,gabriela.nascimento_693@email.com,Feira de Santana,BA,2022-04-23 02:05:00
CUST-00694,Juliana Melo,juliana.melo_694@email.com,Volta Redonda,RJ,2024-05-14 12:55:00
CUST-00695,Marcos Carvalho,marcos.carvalho_695@email.com,Santarem,PA,2020-11-29 04:32:00
CUST-00696,Patricia Rodrigues,patricia.rodrigues_696@email.com,Canoas,RS,2020-03-07 23:10:00
CUST-00697,Joao Moura,joao.moura_697@email.com,Varzea Grande,MT,2020-08-29 11:19:00
CUST-00698,Rafael Melo,,Aparecida de Goiania,GO,2021-09-16 09:13:00
CUST-00699,Ana Souza,ana.souza_699@email.com,Ponta Grossa,PR,2022-07-15 10:50:00
CUST-00700,Roberto Rodrigues,roberto.rodrigues_700@email.com,Campina Grande,PB,2024-01-30 10:05:00
CUST-00701,Larissa Pereira,larissa.pereira_701@email.com,Taguatinga,DF,2021-07-22 20:05:00
CUST-00702,Amanda Gomes,amanda.gomes_702@email.com,Curitiba,PR,2023-03-27 01:36:00
CUST-00703,Marcos Barbosa,marcos.barbosa_703@email.com,Maceio,AL,2024-05-30 06:15:00
CUST-00704,Maria Cardoso,maria.cardoso_704@email.com,Parnaiba,PI,2022-06-14 05:26:00
CUST-00705,Camila Martins,camila.martins_705@email.com,Osasco,SP,2021-06-07 02:09:00
CUST-00706,Carlos Santos,carlos.santos_706@email.com,Imperatriz,MA,2021-10-17 04:26:00
CUST-00707,Larissa Souza,larissa.souza_707@email.com,Joinville,SC,2022-10-30 12:07:00
CUST-00708,Camila Araujo,camila.araujo_708@email.com,Belem,PA,2020-02-08 08:35:00
CUST-00709,Lucas Cardoso,lucas.cardoso_709@email.com,Teresina,PI,2022-10-21 06:50:00
CUST-00710,Thiago Ferreira,thiago.ferreira_710@email.com,Pelotas,RS,2020-01-03 14:53:00
CUST-00711,Carlos Silva,carlos.silva_711@email.com,Taguatinga,DF,2021-12-20 20:13:00
CUST-00712,Pedro Ferreira,pedro.ferreira_712@email.com,Parnaiba,PI,2020-10-13 23:35:00
CUST-00713,Fernanda Moura,fernanda.moura_713@email.com,Ananindeua,PA,2024-03-21 22:28:00
CUST-00714,Camila Costa,camila.costa_714@email.com,Belem,PA,2020-01-05 19:30:00
CUST-00715,Carlos Carvalho,carlos.carvalho_715@email.com,Sao Paulo,SP,2023-08-22 20:04:00
CUST-00716,Patricia Souza,patricia.souza_716@email.com,Cuiaba,MT,2024-04-21 22:00:00
CUST-00717,Bruno Almeida,bruno.almeida_717@email.com,Feira de Santana,BA,2022-01-02 06:05:00
CUST-00718,Lucas Pereira,lucas.pereira_718@email.com,Taguatinga,DF,2023-05-26 06:00:00
CUST-00719,Joao Lima,joao.lima_719@email.com,Caruaru,PE,2023-10-29 19:36:00
CUST-00720,Amanda Rodrigues,amanda.rodrigues_720@email.com,Curitiba,PR,2024-02-01 08:12:00
CUST-00721,Roberto Lima,roberto.lima_721@email.com,Osasco,,2020-04-16 10:27:00
CUST-00722,Joao Barbosa,joao.barbosa_722@email.com,Parintins,AM,2021-07-23 13:34:00
CUST-00723,Ana Martins,ana.martins_723@email.com,Vila Velha,ES,2023-11-13 13:04:00
CUST-00724,Carlos Costa,carlos.costa_724@email.com,Fortaleza,CE,2023-04-28 20:59:00
CUST-00725,Lucas Souza,lucas.souza_725@email.com,Joinville,SC,2021-04-29 02:49:00
CUST-00726,Joao Araujo,joao.araujo_726@email.com,Taguatinga,DF,2023-11-21 02:50:00
CUST-00727,Patricia Santos,patricia.santos_727@email.com,Porto Alegre,RS,2021-08-26 12:25:00
CUST-00728,Diego Pereira,diego.pereira_728@email.com,Vitoria da Conquista,BA,2022-05-26 19:39:00
CUST-00729,Ana Araujo,ana.araujo_729@email.com,,BA,2023-04-29 06:57:00
CUST-00730,Gabriela Lima,gabriela.lima_730@email.com,Teresina,PI,2020-03-31 01:08:00
CUST-00731,Gabriela Ribeiro,gabriela.ribeiro_731@email.com,Imperatriz,MA,2021-12-03 09:23:00
CUST-00732,Amanda Rodrigues,amanda.rodrigues_732@email.com,Osasco,SP,2021-02-04 06:40:00
CUST-00733,Camila Almeida,camila.almeida_733@email.com,Recife,PE,2023-03-30 18:21:00
CUST-00734,Diego Costa,diego.costa_734@email.com,Taguatinga,DF,2020-01-08 20:14:00
CUST-00735,Roberto Almeida,roberto.almeida_735@email.com,Caucaia,CE,2021-02-24 12:11:00
CUST-00736,Ana Oliveira,ana.oliveira_736@email.com,Santos,SP,2024-04-16 11:02:00
CUST-00737,Fernanda Gomes,fernanda.gomes_737@email.com,Campinas,SP,2020-12-31 06:01:00
CUST-00738,Joao Silva,joao.silva_738@email.com,Maringa,PR,2021-03-06 09:29:00
CUST-00739,Bruno Ferreira,bruno.ferreira_739@email.com,Caucaia,CE,2020-05-13 03:09:00
CUST-00740,Fernanda Cardoso,fernanda.cardoso_740@email.com,Caxias do Sul,RS,2020-04-04 19:37:00
CUST-00741,Juliana Costa,juliana.costa_741@email.com,Olinda,PE,2023-04-11 15:13:00
CUST-00742,Roberto Oliveira,roberto.oliveira_742@email.com,Contagem,MG,2022-11-28 14:11:00
CUST-00743,Bruno Barbosa,bruno.barbosa_743@email.com,Blumenau,SC,2024-06-07 18:41:00
CUST-00744,Lucas Almeida,lucas.almeida_744@email.com,Niteroi,RJ,2020-11-17 11:16:00
CUST-00745,Juliana Oliveira,juliana.oliveira_745@email.com,Cuiaba,MT,2021-11-19 13:28:00
CUST-00746,Diego Ribeiro,diego.ribeiro_746@email.com,Vila Velha,ES,2023-08-14 02:22:00
CUST-00747,Gabriela Barbosa,gabriela.barbosa_747@email.com,Juiz de Fora,MG,2022-01-07 01:34:00
CUST-00748,Fernanda Costa,fernanda.costa_748@email.com,Olinda,PE,2023-05-22 04:54:00
CUST-00749,Ana Gomes,ana.gomes_749@email.com,Varzea Grande,MT,2024-03-31 20:00:00
CUST-00750,Larissa Pereira,larissa.pereira_750@email.com,Natal,RN,2024-03-31 14:46:00
CUST-00751,Maria Costa,maria.costa_751@email.com,Vila Velha,ES,2023-02-17 00:23:00
CUST-00752,Rafael Silva,rafael.silva_752@email.com,Caxias do Sul,RS,2024-03-21 12:48:00
CUST-00753,Camila Nascimento,,Varzea Grande,MT,2021-11-07 18:40:00
CUST-00754,Larissa Almeida,larissa.almeida_754@email.com,Taguatinga,DF,2022-07-13 20:57:00
CUST-00755,Carlos Souza,carlos.souza_755@email.com,Sao Luis,MA,2021-02-11 02:58:00
CUST-00756,Fernanda Pereira,fernanda.pereira_756@email.com,Campina Grande,PB,2021-10-31 13:25:00
CUST-00757,Juliana Cardoso,juliana.cardoso_757@email.com,Curitiba,PR,2021-02-25 09:27:00
CUST-00758,Roberto Nascimento,roberto.nascimento_758@email.com,Natal,RN,2020-01-16 04:28:00
CUST-00759,Roberto Pereira,roberto.pereira_759@email.com,Contagem,MG,2024-02-18 02:18:00
CUST-00760,Rafael Martins,rafael.martins_760@email.com,Vila Velha,ES,2024-02-10 13:29:00
CUST-00761,Amanda Souza,amanda.souza_761@email.com,Joao Pessoa,PB,2023-07-10 17:18:00
CUST-00762,Marcos Carvalho,marcos.carvalho_762@email.com,Uberlandia,MG,2024-04-18 10:26:00
CUST-00763,Beatriz Almeida,beatriz.almeida_763@email.com,Vitoria,ES,2022-02-19 10:47:00
CUST-00764,Larissa Santos,,Joao Pessoa,PB,2022-09-19 14:04:00
CUST-00765,Patricia Rodrigues,patricia.rodrigues_765@email.com,Uberlandia,MG,2020-12-28 09:07:00
CUST-00766,,carlos.oliveira_766@email.com,Varzea Grande,MT,2024-01-03 01:57:00
CUST-00767,Patricia Santos,patricia.santos_767@email.com,Cuiaba,MT,2022-03-10 22:19:00
CUST-00768,Roberto Silva,roberto.silva_768@email.com,Vitoria,ES,2021-02-13 02:01:00
CUST-00769,Ana Costa,ana.costa_769@email.com,Manaus,AM,2023-09-22 05:46:00
CUST-00770,Diego Barbosa,diego.barbosa_770@email.com,Curitiba,PR,2023-01-14 12:27:00
CUST-00771,Fernanda Souza,fernanda.souza_771@email.com,Salvador,BA,2022-07-28 07:04:00
CUST-00772,Roberto Ribeiro,roberto.ribeiro_772@email.com,Santarem,PA,2020-07-27 22:34:00
CUST-00773,Beatriz Souza,beatriz.souza_773@email.com,Teresina,PI,2023-11-21 04:21:00
CUST-00774,Marcos Oliveira,marcos.oliveira_774@email.com,Maringa,PR,2021-04-21 16:37:00
CUST-00775,Ana Moura,ana.moura_775@email.com,Campinas,SP,2020-06-11 01:08:00
CUST-00776,Rafael Almeida,rafael.almeida_776@email.com,Aparecida de Goiania,GO,2022-06-27 23:56:00
CUST-00777,Beatriz Costa,beatriz.costa_777@email.com,Florianopolis,SC,2021-08-13 00:14:00
CUST-00778,Lucas Almeida,lucas.almeida_778@email.com,Joinville,SC,2024-01-13 07:38:00
CUST-00779,Carlos Araujo,carlos.araujo_779@email.com,Campina Grande,PB,2020-10-16 06:08:00
CUST-00780,Amanda Cardoso,amanda.cardoso_780@email.com,Uberlandia,MG,2021-09-29 05:46:00
CUST-00781,Diego Ferreira,diego.ferreira_781@email.com,Jaboatao,PE,2024-05-19 15:05:00
CUST-00782,Larissa Ferreira,larissa.ferreira_782@email.com,Aparecida de Goiania,GO,2024-06-13 15:01:00
CUST-00783,Maria Gomes,maria.gomes_783@email.com,Campina Grande,PB,2022-07-17 09:24:00
CUST-00784,Maria Costa,maria.costa_784@email.com,Varzea Grande,MT,2022-10-22 23:46:00
CUST-00785,Larissa Carvalho,larissa.carvalho_785@email.com,Aparecida de Goiania,GO,2023-04-19 02:26:00
CUST-00786,Larissa Nascimento,larissa.nascimento_786@email.com,Rio de Janeiro,RJ,2021-12-14 16:45:00
CUST-00787,Pedro Martins,pedro.martins_787@email.com,Mossoro,RN,2023-07-16 22:43:00
CUST-00788,Beatriz Moura,beatriz.moura_788@email.com,Campinas,SP,2020-11-26 00:07:00
CUST-00789,Larissa Nascimento,larissa.nascimento_789@email.com,Contagem,MG,2022-05-24 08:44:00
CUST-00790,Amanda Gomes,amanda.gomes_790@email.com,Imperatriz,MA,2023-03-18 11:52:00
CUST-00791,,fernanda.martins_791@email.com,Pelotas,RS,2024-05-03 22:26:00
CUST-00792,Rafael Carvalho,rafael.carvalho_792@email.com,Arapiraca,AL,2020-08-13 14:36:00
CUST-00793,Fernanda Santos,fernanda.santos_793@email.com,Jaboatao,PE,2022-06-21 20:58:00
CUST-00794,Carlos Oliveira,carlos.oliveira_794@email.com,Brasilia,DF,2022-09-05 15:43:00
CUST-00795,,pedro.lima_795@email.com,Salvador,BA,2022-12-05 00:24:00
CUST-00796,Marcos Melo,marcos.melo_796@email.com,Taguatinga,DF,2021-10-07 07:23:00
CUST-00797,Roberto Santos,roberto.santos_797@email.com,,PB,2022-04-02 23:53:00
CUST-00798,Roberto Souza,roberto.souza_798@email.com,Porto Alegre,RS,2023-06-20 21:42:00
CUST-00799,Fernanda Silva,fernanda.silva_799@email.com,,RN,2020-04-03 23:20:00
CUST-00800,Roberto Melo,roberto.melo_800@email.com,Vitoria,ES,2022-09-02 21:54:00
CUST-00801,Larissa Gomes,larissa.gomes_801@email.com,Vitoria da Conquista,BA,2024-01-07 16:02:00
CUST-00802,Maria Gomes,maria.gomes_802@email.com,Canoas,RS,2020-08-24 15:42:00
CUST-00803,Lucas Almeida,lucas.almeida_803@email.com,Cuiaba,MT,2020-02-29 05:59:00
CUST-00804,Beatriz Pereira,beatriz.pereira_804@email.com,Joinville,SC,2022-12-30 20:46:00
CUST-00805,Camila Pereira,camila.pereira_805@email.com,Natal,RN,2024-01-09 23:47:00
CUST-00806,Lucas Pereira,lucas.pereira_806@email.com,Campina Grande,PB,2021-01-20 23:07:00
CUST-00807,Juliana Costa,juliana.costa_807@email.com,Parnaiba,XX,2022-03-05 13:20:00
CUST-00808,Gabriela Moura,gabriela.moura_808@email.com,Goiania,,2021-08-30 07:31:00
CUST-00809,Roberto Gomes,roberto.gomes_809@email.com,Vitoria,ES,2021-09-24 16:44:00
CUST-00810,Amanda Melo,amanda.melo_810@email.com,Feira de Santana,BA,2021-11-13 04:52:00
CUST-00811,Pedro Ferreira,pedro.ferreira_811@email.com,Jaboatao,PE,2020-11-22 00:35:00
CUST-00812,Diego Melo,diego.melo_812@email.com,Campina Grande,PB,2023-11-27 06:44:00
CUST-00813,Joao Rodrigues,joao.rodrigues_813@email.com,Varzea Grande,MT,2021-09-14 14:41:00
CUST-00814,Patricia Melo,patricia.melo_814@email.com,Londrina,PR,2020-01-19 11:46:00
CUST-00815,Juliana Martins,juliana.martins_815@email.com,Teresina,PI,2022-08-28 05:03:00
CUST-00816,Camila Nascimento,camila.nascimento_816@email.com,Vitoria da Conquista,BA,2022-03-23 15:19:00
CUST-00817,Larissa Oliveira,larissa.oliveira_817@email.com,Brasilia,DF,2022-01-22 00:07:00
CUST-00818,Joao Melo,joao.melo_818@email.com,Salvador,BA,2022-09-09 08:44:00
CUST-00819,Carlos Martins,carlos.martins_819@email.com,Vitoria da Conquista,BA,2020-05-10 22:58:00
CUST-00820,Larissa Silva,larissa.silva_820@email.com,Cuiaba,MT,2023-04-12 17:45:00
CUST-00821,Joao Ferreira,joao.ferreira_821@email.com,Salvador,,2020-09-20 18:13:00
CUST-00822,Thiago Lima,thiago.lima_822@email.com,Curitiba,PR,2023-01-19 05:27:00
CUST-00823,Rafael Santos,rafael.santos_823@email.com,Campinas,SP,2023-03-27 15:44:00
CUST-00824,Bruno Moura,bruno.moura_824@email.com,Blumenau,SC,2021-01-20 04:19:00
CUST-00825,Roberto Cardoso,roberto.cardoso_825@email.com,Jaboatao,PE,2021-06-06 08:24:00
CUST-00826,Patricia Oliveira,patricia.oliveira_826@email.com,Ponta Grossa,PR,2023-07-13 23:17:00
CUST-00827,Amanda Barbosa,amanda.barbosa_827@email.com,Olinda,PE,2020-02-23 19:15:00
CUST-00828,Joao Cardoso,joao.cardoso_828@email.com,Juiz de Fora,MG,2021-11-14 08:09:00
CUST-00829,Ana Souza,ana.souza_829@email.com,Caucaia,CE,2020-12-25 16:46:00
CUST-00830,Joao Barbosa,joao.barbosa_830@email.com,Imperatriz,MA,2020-04-08 05:20:00
CUST-00831,Bruno Cardoso,bruno.cardoso_831@email.com,Joao Pessoa,PB,2023-11-07 16:45:00
CUST-00832,Juliana Martins,juliana.martins_832@email.com,Caxias do Sul,RS,2024-05-11 07:43:00
CUST-00833,Patricia Ferreira,patricia.ferreira_833@email.com,Taguatinga,DF,2022-12-02 22:56:00
CUST-00834,Maria Gomes,maria.gomes_834@email.com,Caucaia,CE,2020-07-10 05:36:00
CUST-00835,Rafael Cardoso,rafael.cardoso_835@email.com,Rio de Janeiro,,2020-10-06 15:31:00
CUST-00836,Larissa Silva,larissa.silva_836@email.com,Maceio,AL,2024-03-15 11:15:00
CUST-00837,Roberto Araujo,roberto.araujo_837@email.com,Maceio,AL,2020-06-02 11:53:00
CUST-00838,Pedro Carvalho,pedro.carvalho_838@email.com,Pelotas,RS,2023-01-09 03:18:00
CUST-00839,Rafael Lima,rafael.lima_839@email.com,Imperatriz,MA,2023-08-09 16:52:00
CUST-00840,,roberto.melo_840@email.com,Volta Redonda,RJ,2021-12-17 23:11:00
CUST-00841,Ana Souza,ana.souza_841@email.com,Campina Grande,PB,2022-09-25 00:09:00
CUST-00842,Marcos Martins,marcos.martins_842@email.com,Belem,PA,2022-06-17 21:53:00
CUST-00843,,juliana.ribeiro_843@email.com,Vitoria,ES,2021-08-06 01:08:00
CUST-00844,Camila Santos,camila.santos_844@email.com,Campina Grande,PB,2022-05-12 15:35:00
CUST-00845,Camila Martins,camila.martins_845@email.com,Natal,RN,2020-08-08 00:08:00
CUST-00846,Gabriela Silva,gabriela.silva_846@email.com,Pelotas,RS,2024-02-19 00:27:00
CUST-00847,Rafael Melo,rafael.melo_847@email.com,Mossoro,RN,2021-07-29 03:55:00
CUST-00848,Lucas Carvalho,lucas.carvalho_848@email.com,Santarem,PA,2021-01-06 06:54:00
CUST-00849,Lucas Souza,lucas.souza_849@email.com,Teresina,PI,2023-06-16 06:05:00
CUST-00850,Diego Barbosa,diego.barbosa_850@email.com,Volta Redonda,RJ,2022-11-10 13:41:00
CUST-00851,Joao Lima,joao.lima_851@email.com,Petropolis,RJ,2021-01-07 01:00:00
CUST-00852,Fernanda Gomes,fernanda.gomes_852@email.com,Petropolis,RJ,2022-01-14 10:19:00
CUST-00853,Ana Cardoso,ana.cardoso_853@email.com,Salvador,BA,2023-04-21 16:38:00
CUST-00854,Beatriz Almeida,beatriz.almeida_854@email.com,Goiania,GO,2020-03-25 18:58:00
CUST-00855,Patricia Souza,patricia.souza_855@email.com,Jaboatao,PE,2021-02-17 17:46:00
CUST-00856,Juliana Almeida,juliana.almeida_856@email.com,Porto Alegre,RS,2023-02-21 11:57:00
CUST-00857,Joao Carvalho,joao.carvalho_857@email.com,Aparecida de Goiania,GO,2023-05-12 08:44:00
CUST-00858,Pedro Nascimento,pedro.nascimento_858@email.com,Pelotas,RS,2022-12-26 16:04:00
CUST-00586,Patricia Ribeiro,patricia.ribeiro_586@email.com,Joao Pessoa,PB,2024-04-20 08:12:00
CUST-00860,Gabriela Araujo,gabriela.araujo_860@email.com,Recife,PE,2021-07-03 17:07:00
CUST-00861,Pedro Cardoso,pedro.cardoso_861@email.com,Londrina,PR,2021-07-07 01:41:00
CUST-00862,Thiago Souza,,Fortaleza,CE,2023-12-15 17:16:00
CUST-00863,Roberto Gomes,roberto.gomes_863@email.com,Canoas,RS,2021-07-26 05:16:00
CUST-00864,Amanda Souza,amanda.souza_864@email.com,Osasco,SP,2023-05-22 17:13:00
CUST-00865,Camila Lima,camila.lima_865@email.com,Vitoria,ES,2024-02-03 23:27:00
CUST-00866,Marcos Oliveira,marcos.oliveira_866@email.com,Goiania,GO,2024-02-02 05:41:00
CUST-00867,Rafael Ferreira,rafael.ferreira_867@email.com,Sao Luis,MA,2022-05-23 07:29:00
CUST-00868,Gabriela Rodrigues,gabriela.rodrigues_868@email.com,Joao Pessoa,PB,2020-01-28 20:59:00
CUST-00811,Pedro Ferreira,pedro.ferreira_811@email.com,Jaboatao,PE,2020-11-22 00:35:00
CUST-00870,Camila Oliveira,camila.oliveira_870@email.com,Vitoria da Conquista,BA,2021-11-10 15:09:00
CUST-00871,Thiago Lima,thiago.lima_871@email.com,Fortaleza,CE,2022-11-13 13:09:00
CUST-00872,Ana Pereira,ana.pereira_872@email.com,Campinas,SP,2022-02-26 21:56:00
CUST-00873,Carlos Souza,carlos.souza_873@email.com,Feira de Santana,BA,2022-01-08 02:57:00
CUST-00874,Carlos Carvalho,carlos.carvalho_874@email.com,Niteroi,RJ,2021-09-09 19:52:00
CUST-00875,Joao Lima,joao.lima_875@email.com,Imperatriz,MA,2020-06-05 00:55:00
CUST-00876,Camila Rodrigues,camila.rodrigues_876@email.com,Caxias do Sul,RS,2023-03-29 13:46:00
CUST-00877,Maria Costa,maria.costa_877@email.com,Belem,PA,2023-11-21 13:38:00
CUST-00878,Lucas Martins,lucas.martins_878@email.com,Florianopolis,SC,2022-02-26 02:37:00
CUST-00879,Maria Pereira,maria.pereira_879@email.com,Manaus,AM,2020-09-30 03:03:00
CUST-00880,Juliana Gomes,juliana.gomes_880@email.com,Aparecida de Goiania,GO,2021-03-07 07:03:00
CUST-00881,Juliana Martins,juliana.martins_881@email.com,Porto Alegre,RS,2023-04-06 02:30:00
CUST-00882,Ana Rodrigues,ana.rodrigues_882@email.com,Brasilia,DF,2020-11-02 05:30:00
CUST-00883,Marcos Carvalho,marcos.carvalho_883@email.com,,RS,2020-05-02 20:02:00
CUST-00884,Gabriela Ferreira,,Brasilia,DF,2021-06-12 18:32:00
CUST-00885,Diego Ferreira,diego.ferreira_885@email.com,Sao Luis,MA,2022-03-31 19:03:00
CUST-00886,Carlos Cardoso,carlos.cardoso_886@email.com,Caucaia,CE,2022-04-09 12:10:00
CUST-00887,Diego Almeida,diego.almeida_887@email.com,Petropolis,RJ,2021-05-05 09:10:00
CUST-00888,Maria Almeida,maria.almeida_888@email.com,Cuiaba,MT,2020-03-07 07:17:00
CUST-00889,Amanda Melo,amanda.melo_889@email.com,,MG,2021-08-01 12:32:00
CUST-00890,Larissa Ribeiro,larissa.ribeiro_890@email.com,Olinda,PE,2020-07-25 16:51:00
CUST-00891,Amanda Martins,amanda.martins_891@email.com,Porto Alegre,RS,2020-06-10 20:05:00
CUST-00892,Juliana Ferreira,juliana.ferreira_892@email.com,Fortaleza,CE,2024-04-23 10:28:00
CUST-00893,Rafael Ribeiro,rafael.ribeiro_893@email.com,Pelotas,RS,2021-05-04 06:39:00
CUST-00894,Juliana Nascimento,juliana.nascimento_894@email.com,Brasilia,DF,2023-01-25 02:31:00
CUST-00895,Camila Ferreira,camila.ferreira_895@email.com,Feira de Santana,BA,2021-01-01 22:49:00
CUST-00896,Marcos Lima,marcos.lima_896@email.com,Vila Velha,ES,2022-09-26 01:23:00
CUST-00897,Diego Moura,diego.moura_897@email.com,Imperatriz,MA,2022-02-04 02:43:00
CUST-00898,Beatriz Santos,beatriz.santos_898@email.com,Parintins,AM,2020-01-17 04:54:00
CUST-00899,Larissa Ferreira,larissa.ferreira_899@email.com,Feira de Santana,BA,2021-12-15 14:29:00
CUST-00900,Joao Oliveira,joao.oliveira_900@email.com,Varzea Grande,MT,2022-04-02 10:04:00
CUST-00901,Roberto Melo,roberto.melo_901@email.com,Joinville,SC,2022-08-20 04:40:00
CUST-00902,Amanda Santos,amanda.santos_902@email.com,Olinda,PE,2022-08-27 06:03:00
CUST-00903,Diego Lima,diego.lima_903@email.com,Recife,PE,2023-12-29 14:55:00
CUST-00904,Beatriz Ferreira,beatriz.ferreira_904@email.com,Manaus,AM,2020-12-02 06:22:00
CUST-00905,Marcos Cardoso,marcos.cardoso_905@email.com,Parintins,AM,2022-03-07 00:35:00
CUST-00906,Maria Nascimento,maria.nascimento_906@email.com,Brasilia,DF,2024-02-17 23:20:00
CUST-00907,Patricia Rodrigues,patricia.rodrigues_907@email.com,Campinas,SP,2024-01-19 00:28:00
CUST-00908,Amanda Souza,amanda.souza_908@email.com,Canoas,RS,2023-05-15 12:13:00
CUST-00909,Fernanda Nascimento,fernanda.nascimento_909@email.com,Goiania,GO,2020-09-12 22:31:00
CUST-00910,Diego Ribeiro,diego.ribeiro_910@email.com,Vila Velha,ES,2020-12-26 14:27:00
CUST-00911,Thiago Moura,thiago.moura_911@email.com,Goiania,GO,2023-07-22 09:44:00
CUST-00912,,maria.souza_912@email.com,Brasilia,DF,2023-07-01 17:06:00
CUST-00913,Amanda Santos,amanda.santos_913@email.com,Serra,ES,2020-08-22 06:54:00
CUST-00384,Pedro Cardoso,pedro.cardoso_384@email.com,Teresina,PI,2022-03-14 07:57:00
CUST-00915,Rafael Lima,rafael.lima_915@email.com,Juazeiro do Norte,CE,2021-05-09 00:57:00
CUST-00916,Ana Silva,ana.silva_916@email.com,Manaus,AM,2021-11-17 05:36:00
CUST-00917,Thiago Martins,thiago.martins_917@email.com,Manaus,AM,2020-09-20 20:24:00
CUST-00918,Camila Barbosa,camila.barbosa_918@email.com,Ponta Grossa,PR,2023-03-27 12:53:00
CUST-00919,Carlos Costa,carlos.costa_919@email.com,Santarem,PA,2020-02-26 19:45:00
CUST-00920,Amanda Martins,,Cuiaba,MT,2021-01-17 07:41:00
CUST-00921,Fernanda Cardoso,fernanda.cardoso_921@email.com,Caucaia,CE,2020-04-15 08:05:00
CUST-00922,Amanda Souza,amanda.souza_922@email.com,Porto Alegre,RS,2021-01-04 02:04:00
CUST-00923,Fernanda Martins,fernanda.martins_923@email.com,Mossoro,RN,2021-03-06 21:26:00
CUST-00924,,patricia.ferreira_924@email.com,Campina Grande,PB,2020-03-05 03:21:00
CUST-00925,Roberto Moura,roberto.moura_925@email.com,Aparecida de Goiania,GO,2020-03-01 17:01:00
CUST-00926,Fernanda Ribeiro,fernanda.ribeiro_926@email.com,Maceio,AL,2020-09-16 08:17:00
CUST-00927,Maria Ribeiro,maria.ribeiro_927@email.com,Natal,RN,2022-03-30 06:16:00
CUST-00928,Beatriz Martins,beatriz.martins_928@email.com,Londrina,PR,2024-01-18 15:27:00
CUST-00929,Roberto Lima,roberto.lima_929@email.com,Vila Velha,ES,2022-02-04 20:52:00
CUST-00930,Carlos Santos,carlos.santos_930@email.com,Contagem,MG,2022-12-22 11:25:00
CUST-00931,Carlos Costa,carlos.costa_931@email.com,Sao Paulo,SP,2020-10-24 10:07:00
CUST-00932,Ana Costa,ana.costa_932@email.com,Santos,SP,2021-08-03 19:13:00
CUST-00933,Joao Cardoso,joao.cardoso_933@email.com,Maceio,AL,2023-08-16 13:43:00
CUST-00934,Camila Almeida,camila.almeida_934@email.com,Parintins,AM,2020-09-11 14:10:00
CUST-00935,Amanda Martins,amanda.martins_935@email.com,Taguatinga,DF,2020-01-10 14:18:00
CUST-00936,Pedro Cardoso,pedro.cardoso_936@email.com,Canoas,RS,2022-04-30 23:19:00
CUST-00937,Bruno Martins,bruno.martins_937@email.com,Ananindeua,PA,2022-07-19 15:54:00
CUST-00938,Roberto Souza,,Feira de Santana,XX,2024-01-23 13:14:00
CUST-00939,Fernanda Ribeiro,fernanda.ribeiro_939@email.com,Curitiba,XX,2020-08-14 01:19:00
CUST-00940,Camila Moura,camila.moura_940@email.com,Juiz de Fora,MG,2020-09-02 04:20:00
CUST-00941,Patricia Souza,patricia.souza_941@email.com,Canoas,RS,2024-05-01 23:30:00
CUST-00942,Beatriz Gomes,beatriz.gomes_942@email.com,Fortaleza,CE,2021-02-25 22:04:00
CUST-00943,Pedro Almeida,,Contagem,MG,2021-03-03 18:48:00
CUST-00944,Rafael Araujo,rafael.araujo_944@email.com,Arapiraca,AL,2022-02-28 14:55:00
CUST-00945,Larissa Almeida,larissa.almeida_945@email.com,Brasilia,DF,2020-07-28 04:29:00
CUST-00946,Joao Pereira,,Vitoria da Conquista,BA,2021-12-21 08:07:00
CUST-00947,Bruno Carvalho,bruno.carvalho_947@email.com,Cuiaba,MT,2022-01-27 03:03:00
CUST-00948,Fernanda Gomes,fernanda.gomes_948@email.com,Campina Grande,PB,2020-08-11 21:03:00
CUST-00949,Lucas Souza,lucas.souza_949@email.com,Fortaleza,CE,2021-04-08 19:44:00
CUST-00950,Larissa Souza,larissa.souza_950@email.com,Campina Grande,PB,2021-02-20 11:40:00
CUST-00951,Ana Souza,ana.souza_951@email.com,Imperatriz,MA,2023-11-09 07:10:00
CUST-00952,Maria Ferreira,maria.ferreira_952@email.com,,SC,2021-11-15 00:11:00
CUST-00953,Carlos Silva,carlos.silva_953@email.com,Belem,PA,2020-08-12 01:52:00
CUST-00954,Rafael Pereira,rafael.pereira_954@email.com,Osasco,SP,2024-02-16 10:28:00
CUST-00955,Thiago Lima,thiago.lima_955@email.com,Mossoro,RN,2021-11-14 16:49:00
CUST-00956,Joao Lima,joao.lima_956@email.com,Taguatinga,DF,2023-09-12 04:22:00
CUST-00957,Lucas Nascimento,lucas.nascimento_957@email.com,Natal,RN,2022-02-12 20:06:00
CUST-00958,Thiago Araujo,thiago.araujo_958@email.com,Santarem,PA,2021-11-09 12:37:00
CUST-00959,Rafael Almeida,rafael.almeida_959@email.com,Parintins,AM,2022-07-20 18:50:00
CUST-00960,Joao Silva,joao.silva_960@email.com,Aparecida de Goiania,GO,2023-07-01 17:42:00
CUST-00961,Marcos Gomes,marcos.gomes_961@email.com,Maringa,PR,2020-09-09 01:31:00
CUST-00962,,diego.ribeiro_962@email.com,Sao Luis,MA,2022-10-25 21:49:00
CUST-00963,Maria Lima,maria.lima_963@email.com,Cuiaba,MT,2020-03-06 15:59:00
CUST-00964,Larissa Carvalho,larissa.carvalho_964@email.com,Goiania,GO,2020-12-20 18:27:00
CUST-00965,Juliana Almeida,juliana.almeida_965@email.com,Blumenau,SC,2023-07-10 14:34:00
CUST-00966,Diego Souza,diego.souza_966@email.com,Ponta Grossa,PR,2022-08-17 11:27:00
CUST-00967,Diego Araujo,,Vila Velha,ES,2023-06-13 09:50:00
CUST-00968,Gabriela Ribeiro,gabriela.ribeiro_968@email.com,Juazeiro do Norte,CE,2022-03-15 04:25:00
CUST-00969,Gabriela Araujo,gabriela.araujo_969@email.com,Guarulhos,SP,2023-05-02 03:52:00
CUST-00970,Camila Santos,camila.santos_970@email.com,Imperatriz,MA,2022-11-23 04:35:00
CUST-00971,Lucas Rodrigues,lucas.rodrigues_971@email.com,,RN,2023-11-09 06:07:00
CUST-00972,Juliana Moura,juliana.moura_972@email.com,Belo Horizonte,MG,2022-11-01 14:25:00
CUST-00973,Rafael Martins,rafael.martins_973@email.com,Rio de Janeiro,RJ,2023-06-08 21:28:00
CUST-00974,Diego Rodrigues,diego.rodrigues_974@email.com,Brasilia,DF,2024-02-27 22:34:00
CUST-00975,Marcos Gomes,marcos.gomes_975@email.com,Caruaru,PE,2022-03-01 22:51:00
CUST-00976,Diego Carvalho,diego.carvalho_976@email.com,Feira de Santana,BA,2020-03-10 20:41:00
CUST-00977,Pedro Ribeiro,pedro.ribeiro_977@email.com,Taguatinga,DF,2022-01-02 16:54:00
CUST-00978,Bruno Barbosa,bruno.barbosa_978@email.com,Maceio,AL,2021-11-25 14:45:00
CUST-00979,Rafael Martins,rafael.martins_979@email.com,Pelotas,RS,2021-01-04 18:45:00
CUST-00980,Juliana Costa,juliana.costa_980@email.com,Arapiraca,AL,2020-03-01 23:10:00
CUST-00981,Joao Melo,joao.melo_981@email.com,Fortaleza,CE,2024-02-09 07:06:00
CUST-00982,Diego Oliveira,diego.oliveira_982@email.com,Ponta Grossa,PR,2022-02-05 19:40:00
CUST-00983,Camila Souza,camila.souza_983@email.com,Campinas,SP,2021-06-01 15:28:00
CUST-00984,Fernanda Ferreira,fernanda.ferreira_984@email.com,Sao Luis,MA,2023-10-01 03:13:00
CUST-00985,Ana Ribeiro,ana.ribeiro_985@email.com,Niteroi,RJ,2024-01-31 20:33:00
CUST-00986,Fernanda Nascimento,fernanda.nascimento_986@email.com,Natal,RN,2024-06-29 02:28:00
CUST-00987,Maria Nascimento,maria.nascimento_987@email.com,Parintins,AM,2023-05-16 17:21:00
CUST-00988,Rafael Lima,rafael.lima_988@email.com,Campinas,SP,2022-12-30 18:15:00
CUST-00989,Larissa Moura,larissa.moura_989@email.com,Arapiraca,AL,2021-06-22 20:01:00
CUST-00990,Diego Lima,diego.lima_990@email.com,Petropolis,RJ,2021-11-06 21:58:00
CUST-00991,Marcos Oliveira,marcos.oliveira_991@email.com,Niteroi,RJ,2021-12-09 02:26:00
CUST-00992,Thiago Melo,thiago.melo_992@email.com,Brasilia,DF,2023-08-24 11:27:00
CUST-00993,Lucas Silva,lucas.silva_993@email.com,Mossoro,RN,2022-02-15 21:43:00
CUST-00994,Marcos Santos,marcos.santos_994@email.com,Osasco,SP,2020-08-24 14:07:00
CUST-00995,Bruno Almeida,bruno.almeida_995@email.com,Taguatinga,DF,2022-04-25 23:48:00
CUST-00996,Ana Pereira,ana.pereira_996@email.com,Cuiaba,MT,2021-12-17 19:41:00
CUST-00997,Juliana Moura,juliana.moura_997@email.com,Caucaia,CE,2021-02-25 15:45:00
CUST-00998,Patricia Gomes,patricia.gomes_998@email.com,Goiania,GO,2021-07-01 10:44:00
CUST-00999,Pedro Ribeiro,pedro.ribeiro_999@email.com,Cuiaba,MT,2020-10-07 16:14:00
CUST-01000,Joao Ribeiro,joao.ribeiro_1000@email.com,Sao Luis,MA,2024-04-14 14:07:00
CUST-01001,Pedro Lima,pedro.lima_1001@email.com,Guarulhos,SP,2023-06-02 12:31:00
CUST-01002,Larissa Araujo,larissa.araujo_1002@email.com,Guarulhos,SP,2021-09-16 01:34:00
CUST-01003,Roberto Costa,roberto.costa_1003@email.com,Goiania,GO,2021-11-29 23:53:00
CUST-01004,Diego Santos,diego.santos_1004@email.com,Taguatinga,DF,2022-12-31 14:27:00
CUST-01005,Carlos Martins,carlos.martins_1005@email.com,Parnaiba,PI,2023-10-29 08:05:00
CUST-01006,Rafael Costa,rafael.costa_1006@email.com,Juazeiro do Norte,CE,2023-08-30 19:00:00
CUST-00038,Larissa Gomes,larissa.gomes_38@email.com,Parintins,AM,2020-12-22 19:36:00
CUST-01008,Thiago Almeida,thiago.almeida_1008@email.com,Aparecida de Goiania,GO,2020-05-11 14:11:00
CUST-01009,Beatriz Melo,beatriz.melo_1009@email.com,Ananindeua,PA,2020-08-22 20:02:00
CUST-01010,Amanda Costa,amanda.costa_1010@email.com,Ponta Grossa,PR,2021-06-11 00:43:00
CUST-01011,Roberto Pereira,roberto.pereira_1011@email.com,Goiania,GO,2021-10-29 18:23:00
CUST-01012,Diego Gomes,diego.gomes_1012@email.com,Manaus,AM,2023-08-28 11:30:00
CUST-01013,Carlos Ribeiro,carlos.ribeiro_1013@email.com,Sao Luis,MA,2021-10-03 16:45:00
CUST-01014,Fernanda Martins,fernanda.martins_1014@email.com,Arapiraca,AL,2020-06-09 02:59:00
CUST-01015,Gabriela Nascimento,gabriela.nascimento_1015@email.com,Juazeiro do Norte,CE,2024-06-22 01:38:00
CUST-01016,Camila Lima,camila.lima_1016@email.com,Mossoro,RN,2022-01-11 07:29:00
CUST-01017,Joao Pereira,joao.pereira_1017@email.com,Blumenau,SC,2020-06-05 11:41:00
CUST-01018,Patricia Carvalho,patricia.carvalho_1018@email.com,Natal,RN,2022-04-14 21:37:00
CUST-01019,Rafael Costa,rafael.costa_1019@email.com,Pelotas,RS,2023-07-19 06:57:00
CUST-01020,Ana Ferreira,ana.ferreira_1020@email.com,Ponta Grossa,PR,2020-09-15 01:53:00
CUST-01021,Carlos Oliveira,carlos.oliveira_1021@email.com,Manaus,AM,2022-04-03 22:35:00
CUST-01022,Rafael Souza,rafael.souza_1022@email.com,Juazeiro do Norte,CE,2024-01-19 01:04:00
CUST-01023,Diego Araujo,diego.araujo_1023@email.com,Aparecida de Goiania,GO,2024-01-22 18:58:00
CUST-01024,Juliana Silva,juliana.silva_1024@email.com,Maceio,AL,2022-11-07 23:37:00
CUST-01025,Lucas Gomes,lucas.gomes_1025@email.com,Belem,PA,2022-05-23 09:20:00
CUST-01026,Carlos Rodrigues,carlos.rodrigues_1026@email.com,Campina Grande,PB,2021-07-23 18:56:00
CUST-01027,Joao Ribeiro,joao.ribeiro_1027@email.com,Taguatinga,DF,2021-08-13 08:38:00
CUST-01028,Beatriz Rodrigues,beatriz.rodrigues_1028@email.com,Salvador,BA,2020-03-22 17:34:00
CUST-01029,Marcos Silva,marcos.silva_1029@email.com,Recife,PE,2020-09-15 14:18:00
CUST-01030,Joao Araujo,joao.araujo_1030@email.com,Vitoria da Conquista,BA,2023-10-01 03:22:00
CUST-01031,Maria Costa,maria.costa_1031@email.com,Uberlandia,MG,2020-05-31 22:44:00
CUST-01032,Diego Souza,diego.souza_1032@email.com,Florianopolis,SC,2023-07-06 01:40:00
CUST-01033,Juliana Nascimento,juliana.nascimento_1033@email.com,Campinas,SP,2021-01-18 23:31:00
CUST-01034,Fernanda Oliveira,fernanda.oliveira_1034@email.com,,MA,2023-02-16 19:13:00
CUST-01035,Diego Lima,diego.lima_1035@email.com,Curitiba,PR,2021-01-03 09:53:00
CUST-01036,Marcos Melo,marcos.melo_1036@email.com,Caucaia,CE,2020-08-18 09:26:00
CUST-01037,Lucas Carvalho,lucas.carvalho_1037@email.com,Vila Velha,ES,2023-12-14 04:49:00
CUST-01038,Roberto Carvalho,roberto.carvalho_1038@email.com,Mossoro,RN,2022-04-17 01:35:00
CUST-01039,Camila Carvalho,camila.carvalho_1039@email.com,Joinville,SC,2024-01-31 07:21:00
CUST-01040,Patricia Carvalho,patricia.carvalho_1040@email.com,Petropolis,RJ,2023-06-10 19:21:00
CUST-01041,Ana Martins,ana.martins_1041@email.com,Porto Alegre,RS,2023-09-03 01:33:00
CUST-01042,Thiago Almeida,thiago.almeida_1042@email.com,Olinda,PE,2020-11-26 11:21:00
CUST-01043,Thiago Pereira,thiago.pereira_1043@email.com,Manaus,AM,2022-03-25 15:02:00
CUST-01044,Rafael Silva,rafael.silva_1044@email.com,Maringa,PR,2024-05-24 12:41:00
CUST-01045,Beatriz Oliveira,beatriz.oliveira_1045@email.com,Joao Pessoa,PB,2024-02-29 17:38:00
CUST-01046,Amanda Martins,amanda.martins_1046@email.com,Porto Alegre,RS,2020-02-17 09:17:00
CUST-01047,Joao Lima,joao.lima_1047@email.com,Vitoria,ES,2022-04-12 17:17:00
CUST-01048,,thiago.barbosa_1048@email.com,Mossoro,RN,2023-01-24 22:06:00
CUST-01049,Amanda Silva,amanda.silva_1049@email.com,Vitoria,ES,2021-11-11 04:51:00
CUST-01050,Thiago Ferreira,thiago.ferreira_1050@email.com,Belo Horizonte,MG,2022-08-27 16:46:00
CUST-01051,Pedro Melo,pedro.melo_1051@email.com,Teresina,PI,2023-03-03 19:26:00
CUST-01052,Fernanda Cardoso,fernanda.cardoso_1052@email.com,Santos,SP,2023-12-22 15:32:00
CUST-01053,Joao Carvalho,joao.carvalho_1053@email.com,Cuiaba,MT,2020-12-06 06:28:00
CUST-01054,Diego Melo,diego.melo_1054@email.com,Salvador,BA,2022-03-28 00:18:00
CUST-01055,Rafael Lima,rafael.lima_1055@email.com,Feira de Santana,BA,2022-12-07 21:13:00
CUST-01056,Gabriela Moura,gabriela.moura_1056@email.com,Taguatinga,DF,2020-10-04 05:33:00
CUST-01057,Camila Carvalho,camila.carvalho_1057@email.com,,RN,2021-02-12 22:06:00
CUST-01058,Camila Souza,camila.souza_1058@email.com,Varzea Grande,MT,2021-04-07 11:40:00
CUST-01059,Beatriz Gomes,beatriz.gomes_1059@email.com,Campinas,SP,2022-04-05 08:35:00
CUST-01060,Maria Nascimento,maria.nascimento_1060@email.com,Cuiaba,MT,2024-06-20 16:37:00
CUST-01061,Amanda Nascimento,amanda.nascimento_1061@email.com,Campina Grande,PB,2021-03-04 05:00:00
CUST-01062,Maria Moura,maria.moura_1062@email.com,Fortaleza,CE,2020-04-16 04:32:00
CUST-01063,Marcos Costa,marcos.costa_1063@email.com,Vila Velha,ES,2023-12-17 15:22:00
CUST-01064,Gabriela Oliveira,gabriela.oliveira_1064@email.com,Imperatriz,MA,2023-12-27 04:53:00
CUST-01065,Marcos Lima,marcos.lima_1065@email.com,Parintins,AM,2022-01-18 14:49:00
CUST-01066,Fernanda Moura,fernanda.moura_1066@email.com,Aparecida de Goiania,GO,2024-03-11 00:12:00
CUST-01067,Gabriela Almeida,,Vila Velha,ES,2020-01-27 19:17:00
CUST-01068,Marcos Martins,marcos.martins_1068@email.com,Petropolis,RJ,2020-03-03 22:59:00
CUST-01069,Marcos Ferreira,marcos.ferreira_1069@email.com,Mossoro,RN,2020-02-29 19:57:00
CUST-01070,Juliana Oliveira,juliana.oliveira_1070@email.com,Caxias do Sul,RS,2020-07-18 17:17:00
CUST-01071,Camila Costa,camila.costa_1071@email.com,Recife,PE,2020-01-30 21:25:00
CUST-01072,Maria Almeida,maria.almeida_1072@email.com,Manaus,AM,2021-07-18 19:12:00
CUST-01073,Carlos Silva,carlos.silva_1073@email.com,Arapiraca,AL,2020-06-25 18:59:00
CUST-01074,Joao Oliveira,joao.oliveira_1074@email.com,Vitoria,ES,2020-12-12 00:13:00
CUST-01075,Maria Pereira,maria.pereira_1075@email.com,Aparecida de Goiania,GO,2024-02-20 04:19:00
CUST-01076,Rafael Ferreira,rafael.ferreira_1076@email.com,Volta Redonda,RJ,2021-02-12 05:18:00
CUST-01077,Patricia Lima,patricia.lima_1077@email.com,Santarem,PA,2023-07-16 21:53:00
CUST-01078,Amanda Martins,amanda.martins_1078@email.com,Curitiba,PR,2023-10-28 09:13:00
CUST-01079,Gabriela Cardoso,gabriela.cardoso_1079@email.com,Blumenau,SC,2022-08-15 08:02:00
CUST-01080,Carlos Melo,carlos.melo_1080@email.com,Vitoria da Conquista,BA,2020-03-10 10:44:00
CUST-01081,Bruno Silva,bruno.silva_1081@email.com,Vitoria da Conquista,BA,2022-01-03 09:10:00
CUST-01082,Carlos Silva,carlos.silva_1082@email.com,Serra,ES,2022-08-27 07:16:00
CUST-01083,Marcos Martins,marcos.martins_1083@email.com,Aparecida de Goiania,GO,2022-11-04 03:26:00
CUST-01084,Amanda Martins,amanda.martins_1084@email.com,Parintins,AM,2023-11-29 16:12:00
CUST-01085,Juliana Costa,juliana.costa_1085@email.com,Teresina,PI,2021-12-09 14:25:00
CUST-01086,Ana Rodrigues,ana.rodrigues_1086@email.com,Ponta Grossa,PR,2022-06-13 02:46:00
CUST-01087,Thiago Ribeiro,,Fortaleza,CE,2021-03-11 15:42:00
CUST-01088,Lucas Souza,lucas.souza_1088@email.com,Campina Grande,PB,2021-08-02 21:46:00
CUST-01089,Thiago Oliveira,thiago.oliveira_1089@email.com,Parintins,AM,2020-12-30 07:23:00
CUST-01090,Gabriela Silva,gabriela.silva_1090@email.com,Aparecida de Goiania,GO,2021-01-19 01:13:00
CUST-01091,Maria Costa,maria.costa_1091@email.com,Imperatriz,MA,2022-09-11 01:16:00
CUST-01092,Carlos Martins,carlos.martins_1092@email.com,Manaus,AM,2020-07-26 20:55:00
CUST-01093,Carlos Costa,carlos.costa_1093@email.com,,PB,2023-10-04 12:27:00
CUST-01094,Diego Lima,diego.lima_1094@email.com,Petropolis,RJ,2024-05-18 15:45:00
CUST-01095,Bruno Souza,bruno.souza_1095@email.com,Blumenau,SC,2020-11-03 00:21:00
CUST-01096,Fernanda Barbosa,fernanda.barbosa_1096@email.com,Parnaiba,PI,2020-09-05 15:29:00
CUST-01097,Roberto Ribeiro,roberto.ribeiro_1097@email.com,Goiania,GO,2021-01-01 09:22:00
CUST-01098,Patricia Costa,patricia.costa_1098@email.com,Manaus,AM,2022-03-22 07:11:00
CUST-01099,Juliana Rodrigues,juliana.rodrigues_1099@email.com,Belo Horizonte,MG,2021-05-14 23:52:00
CUST-01100,Pedro Oliveira,pedro.oliveira_1100@email.com,Arapiraca,AL,2020-07-26 12:32:00
CUST-01101,Rafael Carvalho,rafael.carvalho_1101@email.com,Juiz de Fora,MG,2020-06-11 13:07:00
CUST-01102,Rafael Moura,rafael.moura_1102@email.com,Olinda,PE,2022-08-26 06:48:00
CUST-01103,Carlos Lima,carlos.lima_1103@email.com,Parintins,AM,2020-01-11 13:13:00
CUST-01104,Juliana Lima,juliana.lima_1104@email.com,Guarulhos,SP,2020-02-07 22:20:00
CUST-01105,Roberto Gomes,roberto.gomes_1105@email.com,Fortaleza,CE,2023-01-13 12:30:00
CUST-01106,Camila Costa,camila.costa_1106@email.com,Cuiaba,MT,2022-12-26 22:10:00
CUST-01107,Larissa Santos,larissa.santos_1107@email.com,Campina Grande,PB,2020-06-19 06:47:00
CUST-01108,Rafael Gomes,rafael.gomes_1108@email.com,Arapiraca,AL,2023-07-02 11:36:00
CUST-01109,Ana Gomes,ana.gomes_1109@email.com,Parintins,AM,2023-05-28 03:06:00
CUST-01110,Fernanda Souza,fernanda.souza_1110@email.com,Joao Pessoa,PB,2022-04-01 17:26:00
CUST-01111,Diego Moura,diego.moura_1111@email.com,Goiania,GO,2023-07-20 20:20:00
CUST-01112,Lucas Martins,lucas.martins_1112@email.com,Arapiraca,AL,2020-12-29 12:18:00
CUST-01113,Camila Araujo,camila.araujo_1113@email.com,Osasco,SP,2022-05-06 13:12:00
CUST-01114,Lucas Rodrigues,lucas.rodrigues_1114@email.com,Osasco,SP,2020-02-16 10:39:00
CUST-01115,Amanda Melo,amanda.melo_1115@email.com,Fortaleza,CE,2022-03-08 17:32:00
CUST-01116,Patricia Ribeiro,patricia.ribeiro_1116@email.com,Jaboatao,PE,2020-09-28 09:04:00
CUST-01117,Amanda Araujo,amanda.araujo_1117@email.com,Campinas,SP,2022-08-02 16:41:00
CUST-01118,Camila Ferreira,camila.ferreira_1118@email.com,Vitoria da Conquista,BA,2022-04-12 16:30:00
CUST-01119,Diego Lima,diego.lima_1119@email.com,Joao Pessoa,PB,2024-01-03 00:28:00
CUST-01120,Rafael Martins,rafael.martins_1120@email.com,Natal,RN,2023-07-12 20:28:00
CUST-01121,Joao Rodrigues,joao.rodrigues_1121@email.com,Manaus,AM,2022-01-20 13:42:00
CUST-01122,Lucas Melo,lucas.melo_1122@email.com,Florianopolis,SC,2022-10-03 07:48:00
CUST-01123,Rafael Araujo,rafael.araujo_1123@email.com,Ananindeua,PA,2020-10-13 04:33:00
CUST-01124,Lucas Ribeiro,lucas.ribeiro_1124@email.com,Sao Luis,MA,2021-09-16 15:45:00
CUST-01125,Rafael Rodrigues,rafael.rodrigues_1125@email.com,Serra,ES,2023-07-28 07:01:00
CUST-01126,Juliana Nascimento,,Olinda,PE,2022-09-03 19:57:00
CUST-01127,Juliana Nascimento,juliana.nascimento_1127@email.com,Maringa,PR,2020-12-12 16:30:00
CUST-01128,Larissa Silva,larissa.silva_1128@email.com,Ponta Grossa,PR,2023-05-31 23:50:00
CUST-01129,Fernanda Ribeiro,fernanda.ribeiro_1129@email.com,,BA,2024-05-22 16:57:00
CUST-01130,Fernanda Ribeiro,fernanda.ribeiro_1130@email.com,Juazeiro do Norte,CE,2023-02-07 17:54:00
CUST-01131,Pedro Araujo,pedro.araujo_1131@email.com,Cuiaba,MT,2023-08-25 07:14:00
CUST-01132,Pedro Moura,pedro.moura_1132@email.com,Vitoria,ES,2020-09-28 16:19:00
CUST-01133,Lucas Pereira,lucas.pereira_1133@email.com,Niteroi,RJ,2021-10-15 20:04:00
CUST-01134,Joao Araujo,joao.araujo_1134@email.com,Caruaru,PE,2023-03-11 00:37:00
CUST-01135,Patricia Almeida,patricia.almeida_1135@email.com,Manaus,AM,2022-04-13 19:17:00
CUST-01136,Camila Barbosa,camila.barbosa_1136@email.com,Natal,RN,2021-11-29 08:43:00
CUST-01137,Patricia Souza,patricia.souza_1137@email.com,Varzea Grande,MT,2022-08-21 15:10:00
CUST-01138,Diego Gomes,diego.gomes_1138@email.com,Curitiba,PR,2021-01-31 03:48:00
CUST-01139,Rafael Barbosa,rafael.barbosa_1139@email.com,Fortaleza,CE,2021-03-06 18:43:00
CUST-01140,Carlos Almeida,carlos.almeida_1140@email.com,Pelotas,RS,2022-11-23 15:41:00
CUST-01141,Beatriz Pereira,beatriz.pereira_1141@email.com,Taguatinga,DF,2021-11-14 23:22:00
CUST-01142,Rafael Carvalho,rafael.carvalho_1142@email.com,Joinville,,2023-08-15 04:29:00
CUST-01143,Fernanda Almeida,fernanda.almeida_1143@email.com,Belem,PA,2022-02-22 10:35:00
CUST-01144,Fernanda Moura,fernanda.moura_1144@email.com,Cuiaba,MT,2022-09-09 23:37:00
CUST-01145,Larissa Melo,larissa.melo_1145@email.com,Natal,RN,2021-12-02 08:34:00
CUST-01146,Rafael Souza,rafael.souza_1146@email.com,Aparecida de Goiania,GO,2020-11-06 04:37:00
CUST-01147,Thiago Oliveira,thiago.oliveira_1147@email.com,Sao Luis,MA,2021-08-19 22:01:00
CUST-01148,Camila Ribeiro,camila.ribeiro_1148@email.com,Porto Alegre,RS,2022-08-01 11:21:00
CUST-01149,Beatriz Moura,beatriz.moura_1149@email.com,Olinda,PE,2022-09-23 01:53:00
CUST-01150,Gabriela Ribeiro,,Maceio,AL,2024-06-06 17:31:00
CUST-01151,Maria Oliveira,maria.oliveira_1151@email.com,Imperatriz,MA,2020-06-28 18:59:00
CUST-01152,Fernanda Oliveira,fernanda.oliveira_1152@email.com,Serra,ES,2024-02-22 04:41:00
CUST-01153,Carlos Nascimento,carlos.nascimento_1153@email.com,Florianopolis,SC,2020-02-13 12:36:00
CUST-01154,Roberto Martins,,Sao Luis,MA,2023-10-13 10:34:00
CUST-01155,Fernanda Nascimento,fernanda.nascimento_1155@email.com,Serra,ES,2020-10-30 06:19:00
CUST-01156,Ana Cardoso,ana.cardoso_1156@email.com,Curitiba,PR,2021-11-01 10:59:00
CUST-01157,Fernanda Almeida,fernanda.almeida_1157@email.com,Juazeiro do Norte,CE,2021-12-28 00:08:00
CUST-01158,Larissa Silva,larissa.silva_1158@email.com,Vitoria,ES,2022-03-28 06:13:00
CUST-01159,Maria Ferreira,maria.ferreira_1159@email.com,Joao Pessoa,PB,2022-09-28 23:38:00
CUST-01160,Diego Almeida,diego.almeida_1160@email.com,Aparecida de Goiania,GO,2022-07-24 00:00:00
CUST-01161,Larissa Souza,larissa.souza_1161@email.com,Campina Grande,PB,2021-09-07 07:44:00
CUST-01162,Marcos Silva,marcos.silva_1162@email.com,Contagem,MG,2021-05-24 05:36:00
CUST-01163,Gabriela Rodrigues,gabriela.rodrigues_1163@email.com,Campinas,SP,2024-02-24 21:18:00
CUST-01164,Carlos Carvalho,carlos.carvalho_1164@email.com,Aparecida de Goiania,GO,2021-01-06 11:56:00
CUST-01165,Ana Melo,ana.melo_1165@email.com,Salvador,BA,2020-02-28 00:21:00
CUST-01166,Pedro Rodrigues,pedro.rodrigues_1166@email.com,Guarulhos,SP,2020-11-19 03:00:00
CUST-01167,Maria Carvalho,maria.carvalho_1167@email.com,Goiania,GO,2023-01-04 14:08:00
CUST-01168,Rafael Melo,rafael.melo_1168@email.com,Brasilia,DF,2023-06-10 21:45:00
CUST-01169,Marcos Nascimento,marcos.nascimento_1169@email.com,Feira de Santana,BA,2020-06-17 23:06:00
CUST-01170,Roberto Souza,roberto.souza_1170@email.com,Campina Grande,PB,2022-08-04 21:37:00
CUST-01171,Juliana Costa,juliana.costa_1171@email.com,Arapiraca,AL,2024-06-25 12:40:00
CUST-01172,Carlos Silva,carlos.silva_1172@email.com,Niteroi,RJ,2023-03-17 15:30:00
CUST-01173,Amanda Martins,amanda.martins_1173@email.com,Goiania,GO,2021-07-26 20:49:00
CUST-01174,Camila Ferreira,camila.ferreira_1174@email.com,Arapiraca,AL,2023-09-30 10:48:00
CUST-01175,Maria Ribeiro,maria.ribeiro_1175@email.com,Arapiraca,AL,2020-08-15 03:35:00
CUST-01176,Bruno Gomes,bruno.gomes_1176@email.com,Sao Luis,MA,2021-01-08 12:52:00
CUST-01177,Juliana Pereira,juliana.pereira_1177@email.com,Maceio,AL,2023-02-26 16:33:00
CUST-01178,Thiago Pereira,thiago.pereira_1178@email.com,Petropolis,RJ,2023-07-24 20:54:00
CUST-01179,Juliana Cardoso,juliana.cardoso_1179@email.com,Brasilia,DF,2022-03-31 09:24:00
CUST-01180,Marcos Araujo,marcos.araujo_1180@email.com,Arapiraca,AL,2023-09-30 09:13:00
CUST-01181,Pedro Carvalho,pedro.carvalho_1181@email.com,Brasilia,DF,2021-05-11 12:50:00
CUST-01182,Larissa Nascimento,larissa.nascimento_1182@email.com,Ponta Grossa,PR,2022-04-02 03:46:00
CUST-01183,Fernanda Araujo,fernanda.araujo_1183@email.com,Teresina,PI,2022-12-09 03:49:00
CUST-01184,Lucas Araujo,lucas.araujo_1184@email.com,Taguatinga,DF,2024-03-24 23:21:00
CUST-01185,Larissa Lima,larissa.lima_1185@email.com,Belem,PA,2024-06-15 15:48:00
CUST-01186,Gabriela Souza,gabriela.souza_1186@email.com,Sao Luis,MA,2023-09-23 15:53:00
CUST-01187,Pedro Souza,pedro.souza_1187@email.com,Parintins,AM,2022-11-06 10:26:00
CUST-01188,Maria Silva,maria.silva_1188@email.com,Ananindeua,PA,2023-09-25 08:06:00
CUST-01189,Roberto Barbosa,roberto.barbosa_1189@email.com,Mossoro,RN,2023-08-09 03:36:00
CUST-01190,Lucas Ribeiro,lucas.ribeiro_1190@email.com,Salvador,BA,2020-03-22 11:41:00
CUST-01191,Amanda Barbosa,amanda.barbosa_1191@email.com,Vila Velha,ES,2020-02-22 06:36:00
CUST-01192,Camila Souza,camila.souza_1192@email.com,Curitiba,PR,2022-01-04 21:22:00
CUST-01193,Beatriz Araujo,beatriz.araujo_1193@email.com,Goiania,GO,2020-11-24 06:35:00
CUST-01194,Larissa Ribeiro,larissa.ribeiro_1194@email.com,Varzea Grande,MT,2023-01-07 23:51:00
CUST-01195,Rafael Souza,rafael.souza_1195@email.com,Caucaia,CE,2024-03-29 12:12:00
CUST-01196,Marcos Ribeiro,marcos.ribeiro_1196@email.com,Santarem,PA,2020-02-02 03:12:00
CUST-01197,Gabriela Cardoso,gabriela.cardoso_1197@email.com,Parnaiba,PI,2020-07-10 02:45:00
CUST-01198,Beatriz Rodrigues,beatriz.rodrigues_1198@email.com,Taguatinga,DF,2024-02-16 09:39:00
CUST-01199,Camila Pereira,camila.pereira_1199@email.com,Teresina,PI,2022-10-09 07:53:00
CUST-01200,Lucas Araujo,lucas.araujo_1200@email.com,Fortaleza,ZZ,2022-09-16 14:26:00
CUST-01201,Diego Ferreira,diego.ferreira_1201@email.com,Cuiaba,MT,2024-03-09 08:45:00
CUST-01202,Diego Ribeiro,diego.ribeiro_1202@email.com,Aparecida de Goiania,GO,2023-11-20 04:20:00
CUST-01203,Amanda Rodrigues,amanda.rodrigues_1203@email.com,Juazeiro do Norte,CE,2020-08-02 19:14:00
CUST-01204,Patricia Lima,patricia.lima_1204@email.com,Goiania,GO,2020-12-16 00:35:00
CUST-01205,Pedro Ribeiro,pedro.ribeiro_1205@email.com,Serra,ES,2021-07-19 18:16:00
CUST-01206,Marcos Carvalho,marcos.carvalho_1206@email.com,Osasco,SP,2023-01-07 22:43:00
CUST-01207,Lucas Nascimento,lucas.nascimento_1207@email.com,Imperatriz,MA,2023-04-16 10:55:00
CUST-01208,Pedro Ribeiro,pedro.ribeiro_1208@email.com,Osasco,SP,2020-11-26 23:12:00
CUST-01209,Carlos Ferreira,,Juazeiro do Norte,CE,2022-04-06 18:44:00
CUST-01210,Larissa Melo,larissa.melo_1210@email.com,Campina Grande,PB,2021-05-31 15:05:00
CUST-01211,Larissa Almeida,larissa.almeida_1211@email.com,Maringa,PR,2022-12-08 08:01:00
CUST-01212,Thiago Santos,thiago.santos_1212@email.com,,XX,2020-02-26 18:36:00
CUST-01213,Carlos Almeida,carlos.almeida_1213@email.com,Goiania,GO,2023-10-31 04:38:00
CUST-01214,Patricia Ferreira,patricia.ferreira_1214@email.com,Goiania,GO,2024-06-13 03:51:00
CUST-01215,Joao Ribeiro,joao.ribeiro_1215@email.com,Imperatriz,MA,2020-11-13 19:58:00
CUST-01216,Thiago Martins,thiago.martins_1216@email.com,Joinville,SC,2020-10-16 07:52:00
CUST-01217,Larissa Santos,larissa.santos_1217@email.com,Natal,RN,2023-12-20 18:06:00
CUST-01218,Camila Barbosa,camila.barbosa_1218@email.com,Maceio,AL,2021-08-01 10:08:00
CUST-01219,Rafael Carvalho,rafael.carvalho_1219@email.com,Vitoria,ES,2022-09-18 19:24:00
CUST-01220,Rafael Santos,rafael.santos_1220@email.com,Imperatriz,MA,2023-03-15 17:11:00
CUST-01221,Pedro Cardoso,,Blumenau,SC,2023-11-02 13:47:00
CUST-01222,Gabriela Ribeiro,gabriela.ribeiro_1222@email.com,Maceio,AL,2021-03-29 22:20:00
CUST-01223,Marcos Almeida,marcos.almeida_1223@email.com,Uberlandia,MG,2020-08-26 09:00:00
CUST-01224,Camila Ferreira,camila.ferreira_1224@email.com,Juazeiro do Norte,CE,2020-10-17 19:15:00
CUST-01225,Diego Nascimento,diego.nascimento_1225@email.com,Taguatinga,DF,2021-07-12 13:44:00
CUST-01226,Diego Martins,diego.martins_1226@email.com,Guarulhos,SP,2023-07-07 22:25:00
CUST-01227,Juliana Pereira,juliana.pereira_1227@email.com,Volta Redonda,RJ,2023-01-04 10:10:00
CUST-01228,Larissa Gomes,larissa.gomes_1228@email.com,Santarem,PA,2021-02-17 02:35:00
CUST-01229,Juliana Barbosa,juliana.barbosa_1229@email.com,Natal,RN,2021-01-12 02:48:00
CUST-01230,Diego Moura,diego.moura_1230@email.com,Uberlandia,MG,2022-10-28 06:49:00
CUST-01231,Pedro Nascimento,,Olinda,PE,2022-08-04 06:57:00
CUST-01232,Larissa Rodrigues,larissa.rodrigues_1232@email.com,Volta Redonda,RJ,2024-01-16 14:01:00
CUST-01233,Lucas Moura,lucas.moura_1233@email.com,Vitoria,ES,2023-11-03 02:26:00
CUST-01234,Roberto Ferreira,roberto.ferreira_1234@email.com,Maceio,AL,2020-01-13 12:00:00
CUST-01235,Larissa Nascimento,larissa.nascimento_1235@email.com,Teresina,PI,2023-08-21 15:59:00
CUST-01236,Rafael Moura,rafael.moura_1236@email.com,Parnaiba,PI,2023-07-27 14:30:00
CUST-01237,Thiago Ribeiro,thiago.ribeiro_1237@email.com,Canoas,RS,2021-06-10 05:23:00
CUST-01238,Rafael Rodrigues,rafael.rodrigues_1238@email.com,Guarulhos,SP,2020-09-13 20:22:00
CUST-01239,Diego Carvalho,diego.carvalho_1239@email.com,Caruaru,PE,2023-09-24 12:08:00
CUST-01240,Lucas Almeida,lucas.almeida_1240@email.com,Maceio,AL,2022-01-14 14:35:00
CUST-01241,Rafael Almeida,rafael.almeida_1241@email.com,Parintins,AM,2024-05-05 19:26:00
CUST-01242,Fernanda Costa,fernanda.costa_1242@email.com,Niteroi,RJ,2022-06-26 00:44:00
CUST-01243,Amanda Ferreira,amanda.ferreira_1243@email.com,Caruaru,PE,2024-05-20 06:09:00
CUST-01244,Patricia Pereira,patricia.pereira_1244@email.com,Parintins,AM,2023-06-08 16:47:00
CUST-01245,Maria Oliveira,,Rio de Janeiro,RJ,2021-12-31 06:47:00
CUST-01246,Rafael Oliveira,rafael.oliveira_1246@email.com,Caxias do Sul,RS,2023-12-11 05:18:00
CUST-01247,Thiago Ferreira,thiago.ferreira_1247@email.com,Sao Luis,MA,2020-11-20 17:35:00
CUST-01248,Lucas Souza,lucas.souza_1248@email.com,Mossoro,RN,2022-02-19 15:24:00
CUST-01249,Ana Nascimento,ana.nascimento_1249@email.com,Natal,RN,2020-02-10 15:42:00
CUST-01250,Camila Oliveira,camila.oliveira_1250@email.com,Parnaiba,PI,2020-11-02 03:59:00
CUST-01251,Rafael Oliveira,rafael.oliveira_1251@email.com,Olinda,PE,2020-12-12 11:54:00
CUST-01252,Gabriela Lima,gabriela.lima_1252@email.com,Belem,PA,2023-08-22 07:44:00
CUST-01253,Patricia Carvalho,patricia.carvalho_1253@email.com,Imperatriz,MA,2021-11-12 17:02:00
CUST-01254,Amanda Silva,amanda.silva_1254@email.com,Porto Alegre,RS,2021-07-07 22:24:00
CUST-01255,Gabriela Carvalho,gabriela.carvalho_1255@email.com,Joinville,SC,2022-09-28 09:17:00
CUST-01256,Maria Costa,maria.costa_1256@email.com,Contagem,MG,2021-05-12 02:11:00
CUST-01257,Juliana Nascimento,juliana.nascimento_1257@email.com,,GO,2021-11-29 19:04:00
CUST-01258,Camila Souza,camila.souza_1258@email.com,Canoas,RS,2021-01-15 02:45:00
CUST-01259,Diego Pereira,diego.pereira_1259@email.com,Belo Horizonte,MG,2021-02-08 22:31:00
CUST-01260,Marcos Gomes,marcos.gomes_1260@email.com,Brasilia,DF,2020-06-11 05:12:00
CUST-01261,Thiago Nascimento,thiago.nascimento_1261@email.com,Belem,PA,2021-10-20 07:10:00
CUST-01262,Roberto Carvalho,roberto.carvalho_1262@email.com,Campina Grande,PB,2022-12-22 00:41:00
CUST-01263,Carlos Oliveira,carlos.oliveira_1263@email.com,Ananindeua,PA,2022-05-30 02:43:00
CUST-01264,Maria Costa,maria.costa_1264@email.com,Vitoria,ES,2020-05-14 18:16:00
CUST-01265,Bruno Melo,bruno.melo_1265@email.com,Joinville,SC,2021-04-12 18:10:00
CUST-01266,Diego Araujo,diego.araujo_1266@email.com,Petropolis,RJ,2022-08-09 14:09:00
CUST-01267,Diego Silva,diego.silva_1267@email.com,Canoas,RS,2022-01-18 00:27:00
CUST-01268,,amanda.ferreira_1268@email.com,Londrina,PR,2022-10-15 12:10:00
CUST-01269,Lucas Almeida,lucas.almeida_1269@email.com,Imperatriz,MA,2023-09-25 01:22:00
CUST-01270,Camila Melo,camila.melo_1270@email.com,Salvador,BA,2022-10-01 00:19:00
CUST-01271,Rafael Moura,rafael.moura_1271@email.com,Maringa,PR,2023-11-11 04:23:00
CUST-01272,Maria Silva,maria.silva_1272@email.com,Parnaiba,PI,2021-10-02 20:58:00
CUST-01273,Thiago Costa,thiago.costa_1273@email.com,Mossoro,RN,2023-07-19 18:58:00
CUST-01274,Amanda Moura,amanda.moura_1274@email.com,Juazeiro do Norte,CE,2022-11-12 03:24:00
CUST-01275,Maria Barbosa,maria.barbosa_1275@email.com,Pelotas,RS,2022-07-09 12:49:00
CUST-01276,Juliana Ribeiro,juliana.ribeiro_1276@email.com,Olinda,PE,2023-06-25 15:35:00
CUST-01277,Camila Melo,camila.melo_1277@email.com,Pelotas,RS,2023-05-08 19:07:00
CUST-01278,Fernanda Barbosa,fernanda.barbosa_1278@email.com,Sao Luis,MA,2020-01-23 09:16:00
CUST-01279,Rafael Silva,,Jaboatao,PE,2020-10-29 14:40:00
CUST-01280,Roberto Araujo,roberto.araujo_1280@email.com,Joao Pessoa,PB,2022-07-17 09:10:00
CUST-01281,Camila Silva,camila.silva_1281@email.com,Teresina,PI,2024-01-15 12:35:00
CUST-01282,Camila Martins,camila.martins_1282@email.com,Guarulhos,SP,2024-03-29 18:02:00
CUST-01283,Juliana Melo,juliana.melo_1283@email.com,Maceio,AL,2021-04-26 02:48:00
CUST-01284,Camila Oliveira,camila.oliveira_1284@email.com,Aparecida de Goiania,GO,2023-08-07 12:44:00
CUST-01285,Fernanda Araujo,fernanda.araujo_1285@email.com,Porto Alegre,RS,2023-10-31 17:01:00
CUST-01286,Marcos Santos,marcos.santos_1286@email.com,Niteroi,RJ,2021-10-16 10:24:00
CUST-01287,Gabriela Gomes,gabriela.gomes_1287@email.com,Joao Pessoa,PB,2023-04-22 01:13:00
CUST-01288,Marcos Silva,marcos.silva_1288@email.com,Juazeiro do Norte,CE,2022-03-24 06:09:00
CUST-01289,Roberto Gomes,roberto.gomes_1289@email.com,Cuiaba,MT,2021-06-08 10:12:00
CUST-01290,Larissa Souza,larissa.souza_1290@email.com,Joinville,SC,2024-04-25 12:13:00
CUST-01291,Pedro Martins,pedro.martins_1291@email.com,Curitiba,PR,2024-03-10 09:53:00
CUST-01292,Bruno Araujo,bruno.araujo_1292@email.com,Olinda,PE,2022-11-12 00:19:00
CUST-01293,Carlos Costa,carlos.costa_1293@email.com,Campinas,SP,2023-05-17 05:58:00
CUST-01294,Thiago Moura,thiago.moura_1294@email.com,Mossoro,RN,2020-01-01 00:39:00
CUST-01295,Beatriz Silva,beatriz.silva_1295@email.com,Rio de Janeiro,RJ,2021-03-16 20:12:00
CUST-01296,Maria Lima,maria.lima_1296@email.com,Parintins,AM,2021-06-22 14:59:00
CUST-01297,Ana Melo,ana.melo_1297@email.com,Recife,PE,2023-11-24 17:17:00
CUST-01298,Amanda Melo,amanda.melo_1298@email.com,Belem,PA,2020-03-17 15:27:00
CUST-01299,Carlos Silva,carlos.silva_1299@email.com,Vila Velha,ES,2021-07-30 23:30:00
CUST-01300,Ana Lima,ana.lima_1300@email.com,Olinda,PE,2020-03-31 18:53:00
CUST-01301,Lucas Santos,lucas.santos_1301@email.com,Parintins,AM,2022-02-03 21:57:00
CUST-01302,Camila Ribeiro,camila.ribeiro_1302@email.com,Goiania,GO,2020-10-29 21:48:00
CUST-01303,Bruno Carvalho,bruno.carvalho_1303@email.com,Mossoro,RN,2022-07-12 17:55:00
CUST-01304,Camila Barbosa,camila.barbosa_1304@email.com,Curitiba,PR,2024-03-05 05:54:00
CUST-01305,Fernanda Martins,fernanda.martins_1305@email.com,Teresina,PI,2020-07-31 18:00:00
CUST-01306,Carlos Pereira,carlos.pereira_1306@email.com,Santarem,PA,2022-02-03 17:59:00
CUST-01307,Lucas Nascimento,lucas.nascimento_1307@email.com,Campina Grande,PB,2022-07-18 04:53:00
CUST-01308,Gabriela Souza,gabriela.souza_1308@email.com,Recife,PE,2021-09-12 06:34:00
CUST-01309,Ana Silva,ana.silva_1309@email.com,Salvador,BA,2021-06-03 14:07:00
CUST-01310,Larissa Silva,larissa.silva_1310@email.com,Parintins,AM,2023-04-22 15:40:00
CUST-01311,Marcos Santos,marcos.santos_1311@email.com,Brasilia,DF,2024-03-21 17:49:00
CUST-01312,Amanda Moura,amanda.moura_1312@email.com,Feira de Santana,BA,2022-09-25 02:30:00
CUST-01313,Maria Oliveira,maria.oliveira_1313@email.com,Santarem,PA,2021-11-21 07:38:00
CUST-01314,Camila Gomes,camila.gomes_1314@email.com,Natal,RN,2023-11-01 04:37:00
CUST-01315,Patricia Oliveira,patricia.oliveira_1315@email.com,Osasco,SP,2023-08-31 23:03:00
CUST-01316,Joao Barbosa,joao.barbosa_1316@email.com,Santarem,PA,2021-11-09 13:07:00
CUST-01317,,fernanda.melo_1317@email.com,Porto Alegre,RS,2024-05-01 12:02:00
CUST-01318,Lucas Costa,lucas.costa_1318@email.com,Sao Luis,MA,2020-08-25 03:10:00
CUST-01319,Roberto Nascimento,,Caxias do Sul,RS,2023-11-21 11:40:00
CUST-01320,Diego Melo,diego.melo_1320@email.com,Cuiaba,MT,2023-09-23 11:30:00
CUST-01321,Juliana Souza,,Joao Pessoa,PB,2023-01-23 11:35:00
CUST-01322,Maria Ferreira,maria.ferreira_1322@email.com,Ananindeua,PA,2024-03-09 22:25:00
CUST-00281,Larissa Araujo,larissa.araujo_281@email.com,Curitiba,PR,2020-09-05 00:03:00
CUST-01324,Marcos Almeida,marcos.almeida_1324@email.com,Florianopolis,SC,2023-07-21 20:34:00
CUST-01325,Juliana Barbosa,juliana.barbosa_1325@email.com,Uberlandia,MG,2020-12-03 07:40:00
CUST-01326,Lucas Lima,lucas.lima_1326@email.com,Parintins,AM,2021-01-29 21:46:00
CUST-01327,Patricia Moura,patricia.moura_1327@email.com,Aparecida de Goiania,GO,2022-11-09 13:41:00
CUST-01328,Roberto Barbosa,roberto.barbosa_1328@email.com,Londrina,PR,2020-06-22 22:57:00
CUST-01329,Bruno Lima,bruno.lima_1329@email.com,Porto Alegre,RS,2023-01-01 19:20:00
CUST-01330,Gabriela Melo,gabriela.melo_1330@email.com,Imperatriz,MA,2023-05-24 19:42:00
CUST-01331,Marcos Costa,marcos.costa_1331@email.com,Teresina,PI,2021-05-30 20:17:00
CUST-01332,Roberto Barbosa,roberto.barbosa_1332@email.com,Ananindeua,PA,2021-09-19 06:52:00
CUST-01333,Diego Lima,diego.lima_1333@email.com,Blumenau,SC,2020-10-12 22:18:00
CUST-01334,Thiago Cardoso,thiago.cardoso_1334@email.com,Olinda,PE,2021-08-19 20:15:00
CUST-01335,Carlos Melo,carlos.melo_1335@email.com,Olinda,PE,2021-11-30 04:16:00
CUST-01336,Beatriz Souza,beatriz.souza_1336@email.com,,DF,2021-06-05 15:29:00
CUST-01337,Gabriela Nascimento,gabriela.nascimento_1337@email.com,Varzea Grande,MT,2020-08-09 15:27:00
CUST-01338,Joao Rodrigues,joao.rodrigues_1338@email.com,Campina Grande,PB,2021-07-22 03:35:00
CUST-01339,Juliana Souza,juliana.souza_1339@email.com,Varzea Grande,MT,2020-01-21 03:21:00
CUST-01340,Rafael Carvalho,rafael.carvalho_1340@email.com,Taguatinga,DF,2021-12-25 07:09:00
CUST-01341,Amanda Costa,amanda.costa_1341@email.com,Osasco,SP,2020-02-05 05:05:00
CUST-01342,Marcos Souza,marcos.souza_1342@email.com,Parnaiba,PI,2020-12-21 07:17:00
CUST-01343,Lucas Gomes,lucas.gomes_1343@email.com,Salvador,BA,2020-06-16 13:45:00
CUST-01344,Juliana Martins,juliana.martins_1344@email.com,Vila Velha,ES,2023-10-10 15:27:00
CUST-01345,Camila Silva,camila.silva_1345@email.com,Arapiraca,AL,2023-12-11 02:38:00
CUST-01346,Larissa Almeida,larissa.almeida_1346@email.com,Joao Pessoa,PB,2022-02-16 19:56:00
CUST-01347,Amanda Pereira,amanda.pereira_1347@email.com,Natal,RN,2022-01-06 12:01:00
CUST-01348,Patricia Carvalho,patricia.carvalho_1348@email.com,Mossoro,RN,2022-09-07 05:10:00
CUST-01349,Gabriela Moura,gabriela.moura_1349@email.com,Juazeiro do Norte,CE,2021-04-13 02:45:00
CUST-01350,Roberto Cardoso,roberto.cardoso_1350@email.com,Curitiba,PR,2022-06-11 08:55:00
CUST-01351,Diego Gomes,diego.gomes_1351@email.com,Londrina,PR,2024-05-22 23:11:00
CUST-01352,Diego Ferreira,diego.ferreira_1352@email.com,Imperatriz,MA,2020-07-26 08:52:00
CUST-01353,Patricia Cardoso,patricia.cardoso_1353@email.com,Curitiba,PR,2020-01-18 10:54:00
CUST-01354,Gabriela Silva,gabriela.silva_1354@email.com,Maringa,PR,2020-09-27 07:55:00
CUST-01355,Amanda Lima,amanda.lima_1355@email.com,Taguatinga,DF,2023-05-26 01:04:00
CUST-01356,Ana Gomes,ana.gomes_1356@email.com,Joao Pessoa,PB,2022-04-07 16:29:00
CUST-01357,Roberto Nascimento,roberto.nascimento_1357@email.com,Arapiraca,AL,2022-10-27 15:08:00
CUST-01358,Maria Moura,maria.moura_1358@email.com,Niteroi,RJ,2021-09-05 11:01:00
CUST-01359,Fernanda Silva,fernanda.silva_1359@email.com,Joinville,SC,2024-04-02 23:08:00
CUST-01360,Lucas Rodrigues,,Imperatriz,MA,2022-08-10 11:56:00
CUST-01361,Juliana Carvalho,juliana.carvalho_1361@email.com,Caruaru,PE,2022-02-05 01:22:00
CUST-01362,Diego Oliveira,diego.oliveira_1362@email.com,Vila Velha,ES,2022-09-08 02:22:00
CUST-01363,Rafael Barbosa,rafael.barbosa_1363@email.com,Florianopolis,SC,2020-02-20 16:13:00
CUST-01364,Ana Araujo,ana.araujo_1364@email.com,Arapiraca,AL,2020-04-14 16:37:00
CUST-01365,Marcos Carvalho,marcos.carvalho_1365@email.com,Feira de Santana,BA,2020-05-17 04:59:00
CUST-01366,Patricia Lima,patricia.lima_1366@email.com,Campina Grande,PB,2021-03-27 01:02:00
CUST-01367,Juliana Almeida,juliana.almeida_1367@email.com,Sao Luis,MA,2023-03-09 08:58:00
CUST-01368,Maria Ferreira,maria.ferreira_1368@email.com,Recife,PE,2020-12-05 21:31:00
CUST-01369,Patricia Costa,patricia.costa_1369@email.com,Salvador,BA,2023-02-17 17:56:00
CUST-01370,Camila Barbosa,camila.barbosa_1370@email.com,Blumenau,SC,2023-05-01 07:14:00
CUST-01371,Marcos Lima,marcos.lima_1371@email.com,Guarulhos,SP,2023-04-26 09:51:00
CUST-01372,Juliana Cardoso,juliana.cardoso_1372@email.com,Belem,PA,2020-07-20 22:34:00
CUST-01373,Diego Martins,diego.martins_1373@email.com,Arapiraca,AL,2023-09-19 02:49:00
CUST-01374,Diego Martins,diego.martins_1374@email.com,Florianopolis,SC,2020-08-30 09:15:00
CUST-01375,Larissa Nascimento,larissa.nascimento_1375@email.com,Mossoro,RN,2021-11-19 05:38:00
CUST-01376,Larissa Oliveira,larissa.oliveira_1376@email.com,Blumenau,SC,2020-07-08 22:41:00
CUST-01377,Ana Melo,ana.melo_1377@email.com,Porto Alegre,RS,2023-12-04 11:42:00
CUST-01378,Pedro Ferreira,pedro.ferreira_1378@email.com,Teresina,PI,2023-06-12 00:52:00
CUST-01379,Larissa Melo,larissa.melo_1379@email.com,Jaboatao,PE,2021-08-05 04:04:00
CUST-01380,Beatriz Ferreira,beatriz.ferreira_1380@email.com,Serra,ES,2020-03-06 12:54:00
CUST-01381,Carlos Melo,carlos.melo_1381@email.com,Blumenau,SC,2022-04-01 13:51:00
CUST-01382,Camila Almeida,camila.almeida_1382@email.com,Caucaia,CE,2020-08-29 04:06:00
CUST-01383,Juliana Oliveira,juliana.oliveira_1383@email.com,Vitoria,ES,2022-04-19 03:59:00
CUST-01384,Fernanda Melo,fernanda.melo_1384@email.com,Varzea Grande,MT,2021-05-31 12:11:00
CUST-01385,Larissa Costa,larissa.costa_1385@email.com,Mossoro,RN,2024-03-19 18:55:00
CUST-01386,Carlos Lima,carlos.lima_1386@email.com,Curitiba,PR,2021-05-06 16:38:00
CUST-01387,Fernanda Ferreira,fernanda.ferreira_1387@email.com,Mossoro,RN,2022-02-02 10:00:00
CUST-01388,Gabriela Almeida,gabriela.almeida_1388@email.com,Feira de Santana,BA,2022-12-23 12:56:00
CUST-01389,Diego Santos,diego.santos_1389@email.com,Maceio,AL,2020-04-01 09:21:00
CUST-01390,Amanda Oliveira,amanda.oliveira_1390@email.com,Guarulhos,SP,2021-04-17 10:53:00
CUST-01391,Patricia Lima,patricia.lima_1391@email.com,Teresina,PI,2021-06-04 12:16:00
CUST-01392,Lucas Santos,lucas.santos_1392@email.com,,SP,2020-06-04 08:34:00
CUST-01393,Ana Barbosa,ana.barbosa_1393@email.com,Varzea Grande,MT,2023-09-20 01:31:00
CUST-01394,Thiago Cardoso,thiago.cardoso_1394@email.com,Teresina,PI,2021-11-03 05:34:00
CUST-01395,Diego Oliveira,diego.oliveira_1395@email.com,Recife,PE,2024-02-06 08:10:00
CUST-01396,Diego Ferreira,diego.ferreira_1396@email.com,Imperatriz,MA,2021-09-25 17:44:00
CUST-01397,Maria Rodrigues,maria.rodrigues_1397@email.com,Cuiaba,ZZ,2024-04-02 08:11:00
CUST-01398,Camila Souza,camila.souza_1398@email.com,Feira de Santana,BA,2023-06-12 08:50:00
CUST-01399,Maria Ribeiro,maria.ribeiro_1399@email.com,Juiz de Fora,MG,2023-06-24 02:04:00
CUST-01400,Camila Ferreira,camila.ferreira_1400@email.com,Londrina,PR,2021-12-20 00:21:00
CUST-01401,Joao Barbosa,joao.barbosa_1401@email.com,Campina Grande,PB,2023-04-15 23:44:00
CUST-01402,Marcos Cardoso,marcos.cardoso_1402@email.com,Uberlandia,MG,2022-07-16 06:00:00
CUST-01403,Ana Ribeiro,ana.ribeiro_1403@email.com,Parnaiba,PI,2020-06-23 04:53:00
CUST-01404,Gabriela Cardoso,gabriela.cardoso_1404@email.com,Vitoria da Conquista,BA,2024-04-08 10:07:00
CUST-01405,Camila Pereira,camila.pereira_1405@email.com,Brasilia,DF,2021-09-06 21:08:00
CUST-01406,Juliana Lima,juliana.lima_1406@email.com,Ananindeua,PA,2021-09-23 23:19:00
CUST-01407,Ana Gomes,ana.gomes_1407@email.com,Manaus,AM,2020-07-24 11:07:00
CUST-01408,Camila Costa,camila.costa_1408@email.com,Feira de Santana,BA,2021-07-20 09:53:00
CUST-01409,Thiago Nascimento,thiago.nascimento_1409@email.com,Cuiaba,MT,2022-04-06 01:19:00
CUST-00977,Pedro Ribeiro,pedro.ribeiro_977@email.com,Taguatinga,DF,2022-01-02 16:54:00
CUST-01411,Bruno Martins,bruno.martins_1411@email.com,Volta Redonda,RJ,2020-06-16 10:10:00
CUST-01412,Ana Melo,ana.melo_1412@email.com,Curitiba,PR,2022-11-09 07:26:00
CUST-01413,Beatriz Nascimento,beatriz.nascimento_1413@email.com,Osasco,SP,2021-03-08 19:42:00
CUST-01414,Gabriela Gomes,gabriela.gomes_1414@email.com,Joao Pessoa,PB,2021-05-25 19:54:00
CUST-01415,Diego Lima,diego.lima_1415@email.com,Vitoria da Conquista,BA,2021-06-02 22:08:00
CUST-01416,Amanda Souza,amanda.souza_1416@email.com,Teresina,PI,2020-04-05 23:04:00
CUST-01417,Fernanda Lima,fernanda.lima_1417@email.com,Joao Pessoa,PB,2020-01-29 13:06:00
CUST-01418,Patricia Rodrigues,patricia.rodrigues_1418@email.com,Florianopolis,SC,2022-02-14 21:33:00
CUST-01419,Fernanda Rodrigues,fernanda.rodrigues_1419@email.com,Ananindeua,PA,2022-09-30 15:17:00
CUST-01420,Beatriz Silva,beatriz.silva_1420@email.com,Manaus,AM,2022-12-09 09:13:00
CUST-01421,Rafael Rodrigues,rafael.rodrigues_1421@email.com,Manaus,AM,2020-05-13 18:29:00
CUST-01422,Lucas Araujo,lucas.araujo_1422@email.com,Aparecida de Goiania,GO,2022-09-10 07:28:00
CUST-01423,Lucas Melo,lucas.melo_1423@email.com,Porto Alegre,RS,2021-07-02 23:23:00
CUST-01424,Joao Lima,joao.lima_1424@email.com,Arapiraca,AL,2020-08-07 07:57:00
CUST-01425,Lucas Cardoso,lucas.cardoso_1425@email.com,Imperatriz,MA,2022-12-18 00:09:00
CUST-01426,,thiago.carvalho_1426@email.com,Santos,SP,2024-04-14 13:16:00
CUST-01427,Fernanda Martins,fernanda.martins_1427@email.com,Santarem,PA,2023-07-03 06:56:00
CUST-01428,Pedro Costa,pedro.costa_1428@email.com,Caucaia,CE,2023-02-25 00:44:00
CUST-01429,Amanda Rodrigues,amanda.rodrigues_1429@email.com,Belo Horizonte,MG,2020-05-28 03:43:00
CUST-01430,Juliana Pereira,juliana.pereira_1430@email.com,Varzea Grande,MT,2022-04-17 03:17:00
CUST-01431,Fernanda Oliveira,fernanda.oliveira_1431@email.com,Parnaiba,PI,2023-01-04 23:40:00
CUST-01432,Marcos Lima,marcos.lima_1432@email.com,,CE,2021-03-19 13:56:00
CUST-01433,Maria Barbosa,maria.barbosa_1433@email.com,Florianopolis,SC,2021-12-31 14:35:00
CUST-01434,Joao Nascimento,,Curitiba,PR,2024-02-09 05:12:00
CUST-01435,Juliana Gomes,juliana.gomes_1435@email.com,Jaboatao,PE,2024-01-22 06:23:00
CUST-01436,Juliana Oliveira,juliana.oliveira_1436@email.com,Imperatriz,MA,2020-12-24 21:53:00
CUST-01437,Maria Ferreira,maria.ferreira_1437@email.com,Manaus,AM,2021-06-29 22:33:00
CUST-01438,Patricia Ferreira,patricia.ferreira_1438@email.com,Varzea Grande,MT,2020-12-18 19:53:00
CUST-01439,Camila Lima,camila.lima_1439@email.com,Vila Velha,ES,2021-08-28 12:49:00
CUST-01440,Maria Nascimento,maria.nascimento_1440@email.com,Varzea Grande,MT,2020-08-19 17:30:00
CUST-01441,Pedro Barbosa,pedro.barbosa_1441@email.com,Joao Pessoa,PB,2023-05-27 17:56:00
CUST-01442,Thiago Cardoso,thiago.cardoso_1442@email.com,Uberlandia,MG,2020-12-31 01:27:00
CUST-01443,Juliana Pereira,juliana.pereira_1443@email.com,Natal,RN,2023-07-22 17:05:00
CUST-01444,Carlos Lima,carlos.lima_1444@email.com,,SC,2023-09-23 22:01:00
CUST-01445,Camila Ferreira,camila.ferreira_1445@email.com,Sao Paulo,SP,2020-07-20 14:50:00
CUST-01446,Pedro Moura,,Varzea Grande,MT,2022-10-29 20:18:00
CUST-01447,Carlos Oliveira,carlos.oliveira_1447@email.com,Imperatriz,MA,2022-12-05 02:09:00
CUST-01448,Gabriela Moura,gabriela.moura_1448@email.com,Maringa,PR,2020-03-31 19:03:00
CUST-01449,Lucas Martins,lucas.martins_1449@email.com,Santos,SP,2022-04-09 12:36:00
CUST-01450,Diego Rodrigues,diego.rodrigues_1450@email.com,Salvador,BA,2021-09-27 05:50:00
CUST-01451,Pedro Cardoso,pedro.cardoso_1451@email.com,Parnaiba,PI,2023-06-11 17:29:00
CUST-01452,Ana Moura,ana.moura_1452@email.com,Taguatinga,DF,2020-05-04 08:51:00
CUST-01282,Camila Martins,camila.martins_1282@email.com,Guarulhos,SP,2024-03-29 18:02:00
CUST-01454,Carlos Cardoso,carlos.cardoso_1454@email.com,Santarem,PA,2024-04-13 06:33:00
CUST-01455,Beatriz Pereira,beatriz.pereira_1455@email.com,Contagem,MG,2020-12-15 16:36:00
CUST-01456,Rafael Ferreira,,Imperatriz,MA,2022-12-18 13:13:00
CUST-01457,Beatriz Oliveira,beatriz.oliveira_1457@email.com,Feira de Santana,BA,2020-11-16 11:48:00
CUST-01458,Pedro Ferreira,pedro.ferreira_1458@email.com,Aparecida de Goiania,GO,2021-08-24 06:55:00
CUST-01459,Marcos Martins,marcos.martins_1459@email.com,Sao Paulo,SP,2022-12-22 16:58:00
CUST-01460,Joao Ribeiro,joao.ribeiro_1460@email.com,Campinas,SP,2024-01-25 04:29:00
CUST-01461,Camila Santos,camila.santos_1461@email.com,Brasilia,DF,2021-03-18 06:48:00
CUST-01462,Gabriela Lima,gabriela.lima_1462@email.com,Goiania,GO,2020-07-28 02:06:00
CUST-01463,Gabriela Araujo,gabriela.araujo_1463@email.com,Taguatinga,DF,2023-04-30 02:40:00
CUST-01464,Fernanda Rodrigues,fernanda.rodrigues_1464@email.com,Caruaru,PE,2024-01-21 02:05:00
CUST-01465,Camila Martins,camila.martins_1465@email.com,Taguatinga,DF,2022-12-10 00:00:00
CUST-01466,Ana Silva,ana.silva_1466@email.com,Londrina,PR,2022-12-08 00:15:00
CUST-01467,Marcos Melo,marcos.melo_1467@email.com,Campina Grande,PB,2022-04-30 00:56:00
CUST-01468,Larissa Ribeiro,larissa.ribeiro_1468@email.com,Brasilia,DF,2020-09-09 16:40:00
CUST-01469,Joao Cardoso,joao.cardoso_1469@email.com,Parnaiba,PI,2020-10-12 13:12:00
CUST-01470,Fernanda Moura,fernanda.moura_1470@email.com,Londrina,PR,2020-06-06 02:16:00
CUST-01471,Juliana Barbosa,juliana.barbosa_1471@email.com,Petropolis,RJ,2024-06-10 10:15:00
CUST-01472,Diego Carvalho,diego.carvalho_1472@email.com,Mossoro,RN,2022-05-23 00:02:00
CUST-01473,Gabriela Almeida,gabriela.almeida_1473@email.com,Recife,PE,2022-03-02 04:43:00
CUST-01474,Camila Almeida,camila.almeida_1474@email.com,Vitoria,ES,2022-05-30 16:35:00
CUST-01475,Amanda Souza,amanda.souza_1475@email.com,Ponta Grossa,PR,2023-06-26 06:33:00
CUST-01476,Pedro Souza,pedro.souza_1476@email.com,Ananindeua,,2021-05-01 15:55:00
CUST-01477,Diego Santos,diego.santos_1477@email.com,Cuiaba,MT,2022-01-28 14:44:00
CUST-01478,Pedro Barbosa,pedro.barbosa_1478@email.com,Osasco,SP,2021-01-07 00:45:00
CUST-01479,Amanda Ferreira,amanda.ferreira_1479@email.com,Vila Velha,ES,2023-07-02 18:51:00
CUST-01480,Thiago Moura,thiago.moura_1480@email.com,Campina Grande,PB,2020-07-02 16:18:00
CUST-01481,Amanda Martins,amanda.martins_1481@email.com,Pelotas,RS,2024-04-30 16:56:00
CUST-01482,Carlos Almeida,carlos.almeida_1482@email.com,Sao Luis,MA,2024-05-08 13:25:00
CUST-01483,Diego Moura,diego.moura_1483@email.com,Teresina,PI,2024-04-13 13:57:00
CUST-01484,Carlos Almeida,carlos.almeida_1484@email.com,Guarulhos,SP,2023-10-04 21:38:00
CUST-01485,Gabriela Rodrigues,gabriela.rodrigues_1485@email.com,Goiania,GO,2020-01-07 11:26:00
CUST-01486,Amanda Moura,amanda.moura_1486@email.com,Salvador,BA,2024-04-11 11:34:00
CUST-01487,Beatriz Oliveira,beatriz.oliveira_1487@email.com,Canoas,RS,2021-03-19 00:35:00
CUST-01488,Joao Rodrigues,joao.rodrigues_1488@email.com,Mossoro,RN,2020-09-03 08:53:00
CUST-01489,Larissa Cardoso,larissa.cardoso_1489@email.com,Olinda,PE,2020-03-24 00:53:00
CUST-01490,Lucas Silva,,Ponta Grossa,PR,2020-05-08 01:07:00
CUST-01491,Maria Oliveira,maria.oliveira_1491@email.com,Joao Pessoa,PB,2020-04-08 02:24:00
CUST-01492,Roberto Lima,roberto.lima_1492@email.com,Maceio,AL,2022-04-15 05:55:00
CUST-01493,Amanda Araujo,amanda.araujo_1493@email.com,Maceio,AL,2021-07-07 00:57:00
CUST-01494,Patricia Moura,patricia.moura_1494@email.com,Mossoro,RN,2022-04-05 13:42:00
CUST-01495,Bruno Silva,bruno.silva_1495@email.com,Caxias do Sul,RS,2022-02-26 01:10:00
CUST-01496,Beatriz Silva,beatriz.silva_1496@email.com,Teresina,PI,2021-02-19 14:14:00
CUST-01497,Camila Ribeiro,camila.ribeiro_1497@email.com,Uberlandia,MG,2023-01-20 02:29:00
CUST-01498,Carlos Souza,carlos.souza_1498@email.com,Campinas,SP,2022-11-17 21:20:00
CUST-01499,Marcos Cardoso,marcos.cardoso_1499@email.com,Canoas,RS,2023-09-29 17:18:00
CUST-01500,Amanda Santos,amanda.santos_1500@email.com,Imperatriz,MA,2021-08-25 16:02:00
CUST-01501,Beatriz Gomes,beatriz.gomes_1501@email.com,Feira de Santana,BA,2022-08-21 17:06:00
CUST-01502,Marcos Barbosa,marcos.barbosa_1502@email.com,Canoas,ZZ,2023-04-21 17:52:00
CUST-01503,Fernanda Lima,fernanda.lima_1503@email.com,Curitiba,PR,2022-10-03 23:43:00
CUST-01504,Lucas Carvalho,lucas.carvalho_1504@email.com,Taguatinga,DF,2022-11-21 05:34:00
CUST-01505,Ana Costa,ana.costa_1505@email.com,Joinville,SC,2023-04-20 17:46:00
CUST-01506,Joao Araujo,joao.araujo_1506@email.com,Parintins,AM,2022-11-27 04:55:00
CUST-01507,Ana Martins,ana.martins_1507@email.com,Santos,SP,2021-11-02 21:10:00
CUST-01508,Bruno Silva,bruno.silva_1508@email.com,Contagem,MG,2023-03-12 04:46:00
CUST-01509,Maria Nascimento,maria.nascimento_1509@email.com,Uberlandia,MG,2023-02-15 18:34:00
CUST-01510,Diego Moura,diego.moura_1510@email.com,,PA,2020-03-18 10:51:00
CUST-01511,Thiago Carvalho,thiago.carvalho_1511@email.com,Niteroi,RJ,2020-09-23 09:56:00
CUST-01512,Roberto Barbosa,roberto.barbosa_1512@email.com,Taguatinga,DF,2022-11-05 14:51:00
CUST-01513,Maria Ribeiro,maria.ribeiro_1513@email.com,Volta Redonda,RJ,2023-01-09 21:11:00
CUST-01514,Patricia Lima,patricia.lima_1514@email.com,Osasco,SP,2022-08-02 15:39:00
CUST-01515,Larissa Cardoso,larissa.cardoso_1515@email.com,Varzea Grande,MT,2020-11-11 04:20:00
CUST-01516,Marcos Santos,marcos.santos_1516@email.com,,AL,2023-10-29 20:50:00
CUST-01517,Pedro Lima,pedro.lima_1517@email.com,Caucaia,CE,2024-01-30 19:21:00
CUST-01518,Pedro Silva,pedro.silva_1518@email.com,Serra,ES,2022-02-06 08:16:00
CUST-01519,Patricia Nascimento,patricia.nascimento_1519@email.com,Ponta Grossa,PR,2021-05-20 20:08:00
CUST-01520,Larissa Pereira,larissa.pereira_1520@email.com,Varzea Grande,MT,2021-11-27 12:10:00
CUST-01521,Camila Ferreira,camila.ferreira_1521@email.com,Belem,PA,2021-12-04 12:10:00
CUST-01522,Larissa Nascimento,larissa.nascimento_1522@email.com,Teresina,PI,2020-07-28 07:55:00
CUST-01523,Thiago Martins,thiago.martins_1523@email.com,Maceio,AL,2023-02-18 10:01:00
CUST-01524,Marcos Gomes,marcos.gomes_1524@email.com,Taguatinga,DF,2023-10-15 16:52:00
CUST-01525,Joao Melo,joao.melo_1525@email.com,Teresina,PI,2021-04-28 08:50:00
CUST-01526,Bruno Almeida,bruno.almeida_1526@email.com,Rio de Janeiro,RJ,2021-02-18 03:13:00
CUST-01527,Roberto Almeida,roberto.almeida_1527@email.com,Maringa,PR,2022-05-22 14:54:00
CUST-01528,Ana Moura,ana.moura_1528@email.com,Florianopolis,SC,2024-04-25 02:02:00
CUST-01529,Patricia Martins,patricia.martins_1529@email.com,Goiania,GO,2020-05-03 19:46:00
CUST-01530,Ana Lima,ana.lima_1530@email.com,Canoas,RS,2022-04-03 05:56:00
CUST-01531,Thiago Carvalho,thiago.carvalho_1531@email.com,Pelotas,RS,2024-03-24 14:34:00
CUST-01532,Rafael Ferreira,rafael.ferreira_1532@email.com,Vila Velha,ES,2021-07-26 17:40:00
CUST-01533,Amanda Carvalho,amanda.carvalho_1533@email.com,Blumenau,SC,2020-12-30 16:08:00
CUST-01534,Maria Carvalho,maria.carvalho_1534@email.com,,MA,2020-11-15 09:23:00
CUST-01535,Lucas Oliveira,lucas.oliveira_1535@email.com,Juazeiro do Norte,CE,2024-06-24 10:55:00
CUST-01536,Fernanda Silva,fernanda.silva_1536@email.com,Florianopolis,SC,2024-02-20 05:43:00
CUST-01537,Rafael Gomes,rafael.gomes_1537@email.com,Feira de Santana,BA,2022-10-01 04:31:00
CUST-01538,Patricia Araujo,patricia.araujo_1538@email.com,Caucaia,CE,2022-11-21 23:45:00
CUST-01539,Rafael Almeida,rafael.almeida_1539@email.com,Maringa,PR,2020-08-04 23:08:00
CUST-01540,Juliana Almeida,juliana.almeida_1540@email.com,Recife,PE,2020-04-30 12:47:00
CUST-01541,Gabriela Pereira,gabriela.pereira_1541@email.com,Sao Paulo,SP,2022-12-26 05:49:00
CUST-01542,Gabriela Oliveira,gabriela.oliveira_1542@email.com,Mossoro,RN,2021-06-17 23:23:00
CUST-01543,Marcos Rodrigues,marcos.rodrigues_1543@email.com,Varzea Grande,MT,2022-11-12 21:47:00
CUST-01544,Thiago Pereira,thiago.pereira_1544@email.com,Vila Velha,ES,2020-09-04 20:30:00
CUST-01545,Patricia Almeida,patricia.almeida_1545@email.com,Curitiba,PR,2021-01-16 00:20:00
CUST-01546,Juliana Nascimento,juliana.nascimento_1546@email.com,Londrina,PR,2020-07-25 23:27:00
CUST-01547,Amanda Oliveira,amanda.oliveira_1547@email.com,Blumenau,SC,2023-08-30 11:44:00
CUST-01548,Thiago Almeida,thiago.almeida_1548@email.com,Juazeiro do Norte,CE,2022-08-06 23:47:00
CUST-01549,Carlos Martins,carlos.martins_1549@email.com,Natal,RN,2024-05-06 15:39:00
CUST-01550,Patricia Moura,patricia.moura_1550@email.com,Salvador,BA,2020-05-23 05:03:00
CUST-01551,Roberto Araujo,roberto.araujo_1551@email.com,Florianopolis,SC,2021-10-31 04:37:00
CUST-01552,Juliana Rodrigues,,Cuiaba,MT,2024-02-02 23:55:00
CUST-01553,Carlos Santos,carlos.santos_1553@email.com,Niteroi,RJ,2022-08-11 16:32:00
CUST-01554,Bruno Almeida,bruno.almeida_1554@email.com,Arapiraca,AL,2021-04-29 20:34:00
CUST-01555,Pedro Almeida,,Joao Pessoa,PB,2023-03-18 18:20:00
CUST-01556,Maria Ribeiro,maria.ribeiro_1556@email.com,Feira de Santana,BA,2020-07-10 00:49:00
CUST-01557,Amanda Ribeiro,amanda.ribeiro_1557@email.com,Caxias do Sul,RS,2022-11-13 06:03:00
CUST-01558,Ana Nascimento,ana.nascimento_1558@email.com,Brasilia,DF,2020-08-23 04:25:00
CUST-01559,Juliana Souza,juliana.souza_1559@email.com,Niteroi,RJ,2022-08-13 21:08:00
CUST-01560,Roberto Oliveira,roberto.oliveira_1560@email.com,Rio de Janeiro,RJ,2023-06-18 23:02:00
CUST-01561,Camila Barbosa,camila.barbosa_1561@email.com,Vitoria,ES,2020-03-16 09:36:00
CUST-01562,,larissa.costa_1562@email.com,Caruaru,PE,2021-09-09 16:06:00
CUST-01563,Carlos Souza,carlos.souza_1563@email.com,Pelotas,RS,2021-11-21 00:36:00
CUST-01564,Juliana Moura,juliana.moura_1564@email.com,Florianopolis,SC,2022-01-21 11:46:00
CUST-01565,Ana Almeida,ana.almeida_1565@email.com,Joao Pessoa,PB,2020-02-04 03:14:00
CUST-01566,Juliana Lima,juliana.lima_1566@email.com,Vitoria,ES,2024-04-10 04:13:00
CUST-01567,Maria Rodrigues,,Santos,SP,2020-11-27 15:14:00
CUST-01568,Beatriz Santos,beatriz.santos_1568@email.com,Varzea Grande,MT,2022-05-22 18:01:00
CUST-01569,Juliana Rodrigues,juliana.rodrigues_1569@email.com,Manaus,AM,2020-11-20 21:40:00
CUST-01570,Rafael Santos,rafael.santos_1570@email.com,Campinas,SP,2022-10-13 18:58:00
CUST-01571,Diego Gomes,diego.gomes_1571@email.com,Vila Velha,ES,2021-08-06 13:53:00
CUST-00091,Juliana Souza,juliana.souza_91@email.com,Olinda,PE,2024-02-08 04:05:00
CUST-01573,Joao Barbosa,joao.barbosa_1573@email.com,Cuiaba,MT,2021-04-15 03:28:00
CUST-01574,Maria Melo,maria.melo_1574@email.com,Campina Grande,PB,2023-10-04 11:28:00
CUST-01575,Amanda Silva,amanda.silva_1575@email.com,Salvador,BA,2022-11-07 01:26:00
CUST-01576,Lucas Santos,lucas.santos_1576@email.com,Vitoria,ES,2022-01-09 16:17:00
CUST-01577,Fernanda Martins,fernanda.martins_1577@email.com,Mossoro,RN,2022-12-24 16:43:00
CUST-01578,Diego Carvalho,diego.carvalho_1578@email.com,Aparecida de Goiania,GO,2023-10-06 06:38:00
CUST-01579,Patricia Lima,patricia.lima_1579@email.com,Joao Pessoa,PB,2020-05-11 16:15:00
CUST-01580,Ana Santos,ana.santos_1580@email.com,Canoas,RS,2023-07-07 18:01:00
CUST-01581,Pedro Araujo,pedro.araujo_1581@email.com,Belo Horizonte,MG,2023-09-03 08:37:00
CUST-01582,Thiago Oliveira,thiago.oliveira_1582@email.com,Juazeiro do Norte,CE,2023-03-21 00:20:00
CUST-01583,Maria Costa,maria.costa_1583@email.com,Juazeiro do Norte,CE,2021-09-01 20:53:00
CUST-01584,Larissa Moura,larissa.moura_1584@email.com,Taguatinga,DF,2022-06-18 21:07:00
CUST-01585,Roberto Cardoso,roberto.cardoso_1585@email.com,Parintins,AM,2022-09-20 09:03:00
CUST-01586,Amanda Lima,amanda.lima_1586@email.com,Mossoro,RN,2023-11-11 16:42:00
CUST-01587,Amanda Nascimento,amanda.nascimento_1587@email.com,,PI,2021-06-24 05:56:00
CUST-01588,Ana Almeida,ana.almeida_1588@email.com,Manaus,AM,2020-07-01 13:03:00
CUST-01589,Beatriz Souza,beatriz.souza_1589@email.com,Curitiba,PR,2022-01-26 21:44:00
CUST-01590,Juliana Souza,juliana.souza_1590@email.com,Taguatinga,DF,2023-04-18 09:59:00
CUST-01591,Maria Cardoso,maria.cardoso_1591@email.com,Maceio,AL,2022-07-13 11:33:00
CUST-01592,Amanda Araujo,amanda.araujo_1592@email.com,Maceio,AL,2020-02-22 08:34:00
CUST-01593,Marcos Costa,marcos.costa_1593@email.com,Volta Redonda,RJ,2020-06-23 09:38:00
CUST-01594,Maria Ferreira,maria.ferreira_1594@email.com,Joao Pessoa,PB,2023-10-05 13:35:00
CUST-01595,Patricia Martins,patricia.martins_1595@email.com,Maceio,AL,2021-07-01 01:37:00
CUST-01596,Joao Lima,joao.lima_1596@email.com,Goiania,GO,2022-10-09 17:41:00
CUST-01597,Marcos Gomes,marcos.gomes_1597@email.com,Fortaleza,CE,2021-12-26 03:49:00
CUST-01598,Larissa Ferreira,larissa.ferreira_1598@email.com,Serra,ES,2023-06-02 12:24:00
CUST-01599,Beatriz Moura,beatriz.moura_1599@email.com,Cuiaba,MT,2020-11-09 17:21:00
CUST-01600,Juliana Ferreira,juliana.ferreira_1600@email.com,Feira de Santana,BA,2023-01-16 17:08:00
CUST-01601,Amanda Pereira,amanda.pereira_1601@email.com,Osasco,SP,2022-06-11 04:16:00
CUST-01602,Juliana Barbosa,juliana.barbosa_1602@email.com,Campina Grande,PB,2021-09-06 02:13:00
CUST-01603,Lucas Ribeiro,lucas.ribeiro_1603@email.com,Vitoria da Conquista,BA,2021-02-22 22:26:00
CUST-01604,Fernanda Melo,fernanda.melo_1604@email.com,Salvador,BA,2021-06-05 10:35:00
CUST-01605,Larissa Costa,larissa.costa_1605@email.com,Maceio,AL,2024-03-16 09:31:00
CUST-01606,Joao Moura,joao.moura_1606@email.com,Pelotas,RS,2020-02-27 18:26:00
CUST-01607,Marcos Melo,marcos.melo_1607@email.com,Joao Pessoa,PB,2023-05-02 17:36:00
CUST-01608,Thiago Cardoso,thiago.cardoso_1608@email.com,Cuiaba,MT,2020-07-17 08:05:00
CUST-01609,Diego Barbosa,diego.barbosa_1609@email.com,Vila Velha,ES,2022-03-18 20:24:00
CUST-01610,Diego Moura,diego.moura_1610@email.com,Santarem,PA,2023-11-27 19:35:00
CUST-01611,Gabriela Martins,gabriela.martins_1611@email.com,Vila Velha,ES,2021-10-04 21:03:00
CUST-01612,Roberto Rodrigues,roberto.rodrigues_1612@email.com,Salvador,BA,2022-01-09 07:44:00
CUST-01613,Bruno Souza,bruno.souza_1613@email.com,Joao Pessoa,PB,2023-01-06 17:51:00
CUST-01614,Diego Costa,diego.costa_1614@email.com,Joao Pessoa,PB,2021-11-02 11:38:00
CUST-01615,Marcos Silva,marcos.silva_1615@email.com,Volta Redonda,RJ,2022-12-22 18:16:00
CUST-01616,Rafael Martins,rafael.martins_1616@email.com,Curitiba,PR,2023-06-10 13:27:00
CUST-01617,Pedro Costa,pedro.costa_1617@email.com,Mossoro,??,2022-09-30 14:21:00
CUST-01618,Amanda Araujo,amanda.araujo_1618@email.com,Cuiaba,MT,2023-05-31 00:27:00
CUST-01619,Bruno Lima,bruno.lima_1619@email.com,Caxias do Sul,RS,2022-05-07 10:44:00
CUST-01383,Juliana Oliveira,juliana.oliveira_1383@email.com,Vitoria,ES,2022-04-19 03:59:00
CUST-01621,Carlos Souza,carlos.souza_1621@email.com,Manaus,AM,2022-09-06 22:42:00
CUST-01622,Larissa Rodrigues,larissa.rodrigues_1622@email.com,Mossoro,RN,2023-12-23 03:05:00
CUST-01623,Thiago Barbosa,thiago.barbosa_1623@email.com,Aparecida de Goiania,XX,2022-03-22 15:45:00
CUST-01624,Fernanda Oliveira,fernanda.oliveira_1624@email.com,Natal,RN,2020-01-28 08:28:00
CUST-01625,Beatriz Ferreira,beatriz.ferreira_1625@email.com,Canoas,RS,2021-02-21 16:16:00
CUST-01626,Marcos Costa,marcos.costa_1626@email.com,Juazeiro do Norte,CE,2020-04-08 14:35:00
CUST-01627,Bruno Lima,bruno.lima_1627@email.com,Goiania,GO,2021-04-21 16:20:00
CUST-01628,Beatriz Santos,beatriz.santos_1628@email.com,Ananindeua,PA,2022-08-14 10:47:00
CUST-01629,Maria Souza,maria.souza_1629@email.com,Caxias do Sul,RS,2023-01-05 19:48:00
CUST-01630,Patricia Araujo,patricia.araujo_1630@email.com,Natal,RN,2023-10-21 23:10:00
CUST-01631,Ana Almeida,ana.almeida_1631@email.com,Natal,RN,2022-08-30 11:45:00
CUST-01632,Pedro Oliveira,pedro.oliveira_1632@email.com,Osasco,SP,2023-07-25 06:02:00
CUST-01633,Camila Cardoso,camila.cardoso_1633@email.com,Joao Pessoa,PB,2021-09-17 00:02:00
CUST-01634,Maria Martins,maria.martins_1634@email.com,Vitoria da Conquista,BA,2020-12-18 08:16:00
CUST-01635,Bruno Lima,bruno.lima_1635@email.com,Santarem,PA,2023-11-10 02:30:00
CUST-01636,Patricia Cardoso,patricia.cardoso_1636@email.com,Brasilia,DF,2021-10-18 07:41:00
CUST-01637,Juliana Cardoso,juliana.cardoso_1637@email.com,Brasilia,DF,2023-06-28 18:37:00
CUST-01638,Roberto Santos,roberto.santos_1638@email.com,Manaus,AM,2020-08-02 08:53:00
CUST-01639,Juliana Lima,juliana.lima_1639@email.com,Serra,ES,2024-03-11 12:45:00
CUST-01640,Beatriz Rodrigues,beatriz.rodrigues_1640@email.com,Belem,PA,2021-04-27 07:36:00
CUST-01641,Joao Cardoso,joao.cardoso_1641@email.com,Salvador,BA,2020-12-19 16:55:00
CUST-01642,Amanda Cardoso,amanda.cardoso_1642@email.com,Maceio,AL,2021-04-16 05:56:00
CUST-01643,Maria Barbosa,maria.barbosa_1643@email.com,Sao Paulo,SP,2023-07-17 19:42:00
CUST-01644,Larissa Souza,,Varzea Grande,MT,2021-08-14 01:58:00
CUST-01645,Rafael Costa,rafael.costa_1645@email.com,Juazeiro do Norte,CE,2022-09-15 08:26:00
CUST-01646,Fernanda Costa,fernanda.costa_1646@email.com,Cuiaba,MT,2020-03-12 00:12:00
CUST-01647,Larissa Ferreira,,Guarulhos,SP,2022-02-15 14:53:00
CUST-01648,Ana Santos,ana.santos_1648@email.com,Juiz de Fora,MG,2020-01-27 20:25:00
CUST-00916,Ana Silva,ana.silva_916@email.com,Manaus,AM,2021-11-17 05:36:00
CUST-01650,Joao Martins,joao.martins_1650@email.com,Varzea Grande,MT,2022-12-06 19:00:00
CUST-01651,Diego Carvalho,diego.carvalho_1651@email.com,Goiania,GO,2023-06-27 12:10:00
CUST-01652,Ana Barbosa,ana.barbosa_1652@email.com,Campina Grande,PB,2022-08-25 16:43:00
CUST-01653,Bruno Silva,bruno.silva_1653@email.com,Natal,RN,2022-07-19 12:01:00
CUST-01654,Juliana Silva,juliana.silva_1654@email.com,Brasilia,DF,2023-07-16 16:36:00
CUST-01655,Larissa Silva,larissa.silva_1655@email.com,Cuiaba,MT,2023-03-16 11:59:00
CUST-01656,Patricia Ribeiro,patricia.ribeiro_1656@email.com,Porto Alegre,RS,2023-12-17 02:42:00
CUST-01657,Rafael Martins,rafael.martins_1657@email.com,Canoas,RS,2023-02-03 04:17:00
CUST-01658,Juliana Carvalho,juliana.carvalho_1658@email.com,Contagem,MG,2020-06-01 14:03:00
CUST-01659,Bruno Lima,bruno.lima_1659@email.com,Santarem,PA,2020-04-02 10:27:00
CUST-01660,Ana Nascimento,ana.nascimento_1660@email.com,Maceio,AL,2020-02-06 23:03:00
CUST-01661,Lucas Costa,lucas.costa_1661@email.com,Contagem,MG,2022-08-20 05:32:00
CUST-01662,Beatriz Silva,beatriz.silva_1662@email.com,Maringa,PR,2020-11-25 22:16:00
CUST-01663,Maria Rodrigues,maria.rodrigues_1663@email.com,Vitoria,ES,2024-04-30 11:00:00
CUST-01664,Pedro Ribeiro,pedro.ribeiro_1664@email.com,Natal,RN,2022-01-31 00:39:00
CUST-01665,Joao Oliveira,joao.oliveira_1665@email.com,Ponta Grossa,PR,2024-06-13 14:03:00
CUST-01666,Fernanda Santos,fernanda.santos_1666@email.com,Teresina,PI,2022-09-17 08:57:00
CUST-01667,Thiago Costa,thiago.costa_1667@email.com,Juiz de Fora,MG,2022-04-26 18:35:00
CUST-01668,Diego Ribeiro,diego.ribeiro_1668@email.com,Teresina,PI,2024-02-09 02:39:00
CUST-01669,Marcos Almeida,marcos.almeida_1669@email.com,Maceio,AL,2020-05-24 01:16:00
CUST-01670,Juliana Ribeiro,juliana.ribeiro_1670@email.com,Florianopolis,SC,2021-08-30 06:56:00
CUST-01671,Beatriz Barbosa,beatriz.barbosa_1671@email.com,Aparecida de Goiania,GO,2020-05-03 12:55:00
CUST-01672,Diego Santos,diego.santos_1672@email.com,Santarem,PA,2021-05-29 09:59:00
CUST-01673,Thiago Gomes,thiago.gomes_1673@email.com,Cuiaba,MT,2023-07-15 09:25:00
CUST-01674,Camila Costa,camila.costa_1674@email.com,Porto Alegre,RS,2022-07-08 19:21:00
CUST-01675,Bruno Martins,bruno.martins_1675@email.com,,GO,2021-11-13 10:06:00
CUST-01676,Rafael Silva,rafael.silva_1676@email.com,Volta Redonda,RJ,2020-07-24 14:49:00
CUST-01677,,joao.moura_1677@email.com,Arapiraca,AL,2023-10-28 12:03:00
CUST-01678,Ana Martins,ana.martins_1678@email.com,Londrina,PR,2023-12-01 02:43:00
CUST-01679,Maria Rodrigues,maria.rodrigues_1679@email.com,Curitiba,PR,2020-05-01 00:10:00
CUST-01680,Maria Costa,maria.costa_1680@email.com,Manaus,AM,2024-06-22 20:43:00
CUST-01681,Patricia Moura,patricia.moura_1681@email.com,Parnaiba,PI,2022-06-26 22:12:00
CUST-01682,Roberto Cardoso,roberto.cardoso_1682@email.com,Canoas,RS,2021-04-17 21:48:00
CUST-01683,Ana Martins,ana.martins_1683@email.com,Belo Horizonte,MG,2021-02-20 22:57:00
CUST-01684,Ana Lima,ana.lima_1684@email.com,Teresina,PI,2023-12-01 09:04:00
CUST-01685,Roberto Souza,roberto.souza_1685@email.com,Juiz de Fora,MG,2023-01-22 11:22:00
CUST-01686,Amanda Costa,amanda.costa_1686@email.com,Caucaia,CE,2023-03-12 18:00:00
CUST-01687,Amanda Carvalho,amanda.carvalho_1687@email.com,Guarulhos,SP,2022-06-18 15:16:00
CUST-01688,Marcos Barbosa,marcos.barbosa_1688@email.com,Niteroi,RJ,2023-03-13 09:19:00
CUST-01689,Lucas Silva,,Parnaiba,PI,2021-11-02 00:13:00
CUST-01690,Ana Oliveira,ana.oliveira_1690@email.com,Maringa,PR,2021-08-08 03:29:00
CUST-01691,Carlos Nascimento,carlos.nascimento_1691@email.com,Varzea Grande,MT,2024-06-04 07:19:00
CUST-01692,Maria Silva,maria.silva_1692@email.com,Florianopolis,SC,2023-10-18 01:22:00
CUST-01693,Thiago Cardoso,thiago.cardoso_1693@email.com,Fortaleza,CE,2020-06-30 12:25:00
CUST-01694,Juliana Moura,juliana.moura_1694@email.com,Vitoria,ES,2022-07-23 10:48:00
CUST-01695,Camila Nascimento,camila.nascimento_1695@email.com,Parnaiba,PI,2020-12-09 12:02:00
CUST-01696,Diego Ferreira,diego.ferreira_1696@email.com,Fortaleza,CE,2020-06-08 08:29:00
CUST-01697,Roberto Rodrigues,,Vitoria,ES,2024-01-01 17:00:00
CUST-01698,Diego Ferreira,diego.ferreira_1698@email.com,Londrina,PR,2022-12-10 03:33:00
CUST-01699,Ana Ribeiro,ana.ribeiro_1699@email.com,Parnaiba,PI,2022-01-30 10:35:00
CUST-01700,Amanda Costa,amanda.costa_1700@email.com,Cuiaba,MT,2022-02-20 17:33:00
CUST-01701,Camila Pereira,camila.pereira_1701@email.com,Rio de Janeiro,RJ,2022-02-07 19:09:00
CUST-01702,Carlos Barbosa,carlos.barbosa_1702@email.com,Arapiraca,AL,2022-11-18 04:10:00
CUST-01703,Ana Santos,ana.santos_1703@email.com,Natal,RN,2021-04-13 04:42:00
CUST-01704,Beatriz Oliveira,beatriz.oliveira_1704@email.com,Porto Alegre,RS,2024-03-14 16:47:00
CUST-01705,Diego Ribeiro,diego.ribeiro_1705@email.com,Salvador,BA,2024-02-13 00:08:00
CUST-01706,Pedro Lima,pedro.lima_1706@email.com,Niteroi,RJ,2022-10-16 11:54:00
CUST-01707,Lucas Ribeiro,lucas.ribeiro_1707@email.com,Porto Alegre,RS,2021-11-18 01:26:00
CUST-01708,Fernanda Silva,fernanda.silva_1708@email.com,Ananindeua,PA,2022-06-20 14:29:00
CUST-01709,Amanda Souza,amanda.souza_1709@email.com,Aparecida de Goiania,GO,2023-05-10 02:26:00
CUST-01710,Rafael Martins,rafael.martins_1710@email.com,Contagem,MG,2021-03-22 03:50:00
CUST-01711,Lucas Cardoso,lucas.cardoso_1711@email.com,Santos,SP,2024-06-29 06:07:00
CUST-01712,Ana Barbosa,ana.barbosa_1712@email.com,Parintins,AM,2022-03-16 14:48:00
CUST-01713,Lucas Martins,lucas.martins_1713@email.com,Volta Redonda,RJ,2021-09-12 18:18:00
CUST-01714,Pedro Araujo,pedro.araujo_1714@email.com,Ananindeua,PA,2024-01-08 07:36:00
CUST-01715,Ana Gomes,ana.gomes_1715@email.com,Parintins,AM,2020-10-02 13:56:00
CUST-01716,Rafael Rodrigues,rafael.rodrigues_1716@email.com,Salvador,BA,2023-09-02 17:44:00
CUST-01717,Juliana Souza,juliana.souza_1717@email.com,Joinville,SC,2022-10-06 19:43:00
CUST-01718,Roberto Carvalho,roberto.carvalho_1718@email.com,Brasilia,DF,2023-05-15 18:43:00
CUST-01719,Lucas Almeida,lucas.almeida_1719@email.com,Campina Grande,PB,2021-07-30 14:11:00
CUST-01720,Bruno Cardoso,bruno.cardoso_1720@email.com,Goiania,GO,2023-11-13 07:04:00
CUST-01721,Gabriela Melo,gabriela.melo_1721@email.com,Juiz de Fora,MG,2024-01-30 12:58:00
CUST-01722,Marcos Costa,marcos.costa_1722@email.com,Parnaiba,PI,2024-01-18 20:21:00
CUST-01723,Lucas Carvalho,lucas.carvalho_1723@email.com,Olinda,PE,2023-05-02 16:24:00
CUST-01724,Fernanda Lima,fernanda.lima_1724@email.com,Contagem,MG,2020-01-17 18:21:00
CUST-01725,Gabriela Oliveira,gabriela.oliveira_1725@email.com,Taguatinga,DF,2022-01-30 18:24:00
CUST-01726,Patricia Ferreira,patricia.ferreira_1726@email.com,Campina Grande,??,2024-01-09 18:07:00
CUST-01727,Larissa Souza,larissa.souza_1727@email.com,Belem,PA,2023-04-10 06:15:00
CUST-01728,Joao Gomes,joao.gomes_1728@email.com,Ponta Grossa,PR,2022-04-25 07:42:00
CUST-01729,Joao Silva,,Vitoria,ES,2021-12-30 05:09:00
CUST-01730,Bruno Cardoso,bruno.cardoso_1730@email.com,Salvador,BA,2023-09-09 08:47:00
CUST-01731,Gabriela Araujo,gabriela.araujo_1731@email.com,Ponta Grossa,PR,2022-10-15 06:41:00
CUST-01732,Gabriela Carvalho,gabriela.carvalho_1732@email.com,Curitiba,PR,2022-07-16 04:36:00
CUST-01733,Camila Carvalho,camila.carvalho_1733@email.com,Parintins,AM,2020-04-05 20:44:00
CUST-01734,Patricia Cardoso,patricia.cardoso_1734@email.com,Goiania,GO,2020-04-03 01:01:00
CUST-01735,Carlos Rodrigues,carlos.rodrigues_1735@email.com,Canoas,RS,2022-05-21 00:38:00
CUST-01736,Amanda Souza,amanda.souza_1736@email.com,Sao Luis,MA,2022-10-09 05:58:00
CUST-01737,Joao Almeida,joao.almeida_1737@email.com,Niteroi,RJ,2024-01-16 00:38:00
CUST-01738,Lucas Ribeiro,lucas.ribeiro_1738@email.com,Ponta Grossa,PR,2023-10-30 06:58:00
CUST-01739,Carlos Rodrigues,carlos.rodrigues_1739@email.com,Fortaleza,CE,2022-12-05 19:38:00
CUST-01740,Rafael Ribeiro,rafael.ribeiro_1740@email.com,Curitiba,PR,2021-12-26 07:08:00
CUST-01741,Diego Oliveira,diego.oliveira_1741@email.com,Caucaia,CE,2022-07-29 01:32:00
CUST-01742,Roberto Melo,roberto.melo_1742@email.com,Ponta Grossa,PR,2022-02-19 01:06:00
CUST-01743,Joao Rodrigues,joao.rodrigues_1743@email.com,Guarulhos,SP,2023-02-17 21:35:00
CUST-01744,Marcos Carvalho,marcos.carvalho_1744@email.com,Curitiba,PR,2021-02-14 10:28:00
CUST-01745,Juliana Almeida,juliana.almeida_1745@email.com,Belem,PA,2020-11-26 22:32:00
CUST-01746,Roberto Gomes,roberto.gomes_1746@email.com,Sao Paulo,SP,2020-11-11 22:52:00
CUST-01747,Bruno Martins,bruno.martins_1747@email.com,Londrina,PR,2022-01-31 20:03:00
CUST-01748,Marcos Pereira,marcos.pereira_1748@email.com,Joao Pessoa,PB,2022-10-04 08:06:00
CUST-01749,Marcos Costa,marcos.costa_1749@email.com,Fortaleza,CE,2020-10-31 00:56:00
CUST-01750,Larissa Ferreira,larissa.ferreira_1750@email.com,Uberlandia,MG,2024-01-14 15:42:00
CUST-01751,Maria Costa,maria.costa_1751@email.com,Aparecida de Goiania,GO,2024-06-24 05:59:00
CUST-01752,Maria Carvalho,maria.carvalho_1752@email.com,Juiz de Fora,MG,2021-11-06 13:17:00
CUST-01753,Maria Nascimento,maria.nascimento_1753@email.com,Osasco,SP,2022-01-02 05:03:00
CUST-01754,Juliana Silva,juliana.silva_1754@email.com,,RN,2023-08-28 15:06:00
CUST-01755,Juliana Gomes,juliana.gomes_1755@email.com,Porto Alegre,RS,2023-06-24 12:29:00
CUST-01756,Larissa Santos,larissa.santos_1756@email.com,Varzea Grande,MT,2022-09-17 07:05:00
CUST-01757,Juliana Araujo,juliana.araujo_1757@email.com,Brasilia,DF,2022-12-22 17:39:00
CUST-01758,Bruno Pereira,bruno.pereira_1758@email.com,Mossoro,RN,2023-12-01 22:19:00
CUST-01759,Roberto Oliveira,roberto.oliveira_1759@email.com,Recife,PE,2024-01-24 18:40:00
CUST-01760,Lucas Souza,lucas.souza_1760@email.com,Florianopolis,SC,2021-12-15 15:51:00
CUST-01761,Rafael Nascimento,rafael.nascimento_1761@email.com,,PB,2020-10-14 13:35:00
CUST-01762,Rafael Gomes,rafael.gomes_1762@email.com,Vila Velha,ES,2022-07-10 09:56:00
CUST-01763,Fernanda Martins,fernanda.martins_1763@email.com,Contagem,MG,2020-02-17 13:15:00
CUST-01764,Lucas Melo,lucas.melo_1764@email.com,Aparecida de Goiania,GO,2021-01-16 14:28:00
CUST-01765,Amanda Ribeiro,amanda.ribeiro_1765@email.com,Belo Horizonte,MG,2023-04-30 14:46:00
CUST-01766,Bruno Ribeiro,bruno.ribeiro_1766@email.com,Campinas,SP,2021-04-25 02:54:00
CUST-01767,Rafael Barbosa,rafael.barbosa_1767@email.com,Blumenau,SC,2021-07-30 13:42:00
CUST-01768,Rafael Costa,rafael.costa_1768@email.com,Manaus,AM,2023-12-23 08:50:00
CUST-01769,Roberto Souza,roberto.souza_1769@email.com,Juiz de Fora,MG,2023-12-16 08:17:00
CUST-01770,Rafael Pereira,rafael.pereira_1770@email.com,,PI,2023-09-08 22:35:00
CUST-01771,Lucas Santos,lucas.santos_1771@email.com,Londrina,PR,2021-03-23 18:42:00
CUST-01772,Joao Pereira,joao.pereira_1772@email.com,Varzea Grande,MT,2020-05-05 22:11:00
CUST-01773,Pedro Melo,pedro.melo_1773@email.com,Feira de Santana,BA,2024-05-25 13:23:00
CUST-01774,Amanda Rodrigues,amanda.rodrigues_1774@email.com,Joinville,SC,2022-06-05 09:24:00
CUST-01775,Roberto Pereira,roberto.pereira_1775@email.com,Uberlandia,MG,2020-10-06 03:13:00
CUST-01776,Larissa Ribeiro,larissa.ribeiro_1776@email.com,Vila Velha,ES,2022-08-23 00:35:00
CUST-01777,Amanda Moura,amanda.moura_1777@email.com,Manaus,AM,2023-11-25 10:25:00
CUST-01778,Maria Oliveira,maria.oliveira_1778@email.com,Joao Pessoa,PB,2021-01-10 06:53:00
CUST-01779,Juliana Santos,juliana.santos_1779@email.com,Manaus,AM,2023-09-05 03:01:00
CUST-01780,Patricia Nascimento,patricia.nascimento_1780@email.com,Sao Luis,MA,2023-01-11 00:02:00
CUST-01781,Juliana Nascimento,juliana.nascimento_1781@email.com,Varzea Grande,MT,2023-09-01 02:41:00
CUST-01782,Rafael Oliveira,rafael.oliveira_1782@email.com,Mossoro,RN,2020-11-13 07:34:00
CUST-01783,Carlos Ferreira,carlos.ferreira_1783@email.com,Goiania,GO,2024-03-19 10:46:00
CUST-01784,Fernanda Rodrigues,fernanda.rodrigues_1784@email.com,,PR,2021-11-07 12:36:00
CUST-01785,Fernanda Silva,fernanda.silva_1785@email.com,Salvador,BA,2023-11-18 03:42:00
CUST-01786,Bruno Silva,bruno.silva_1786@email.com,Parintins,AM,2021-10-07 07:57:00
CUST-01787,Beatriz Ribeiro,beatriz.ribeiro_1787@email.com,Niteroi,RJ,2023-02-12 08:52:00
CUST-01788,Lucas Silva,lucas.silva_1788@email.com,Natal,RN,2021-08-29 14:04:00
CUST-01789,Maria Araujo,maria.araujo_1789@email.com,Teresina,PI,2022-02-03 01:28:00
CUST-01790,Thiago Araujo,thiago.araujo_1790@email.com,Parintins,AM,2022-10-11 10:52:00
CUST-01791,Joao Moura,joao.moura_1791@email.com,Ananindeua,PA,2022-01-06 20:34:00
CUST-01792,Patricia Rodrigues,patricia.rodrigues_1792@email.com,Juazeiro do Norte,CE,2021-01-03 04:20:00
CUST-01793,Amanda Costa,amanda.costa_1793@email.com,Brasilia,DF,2024-02-23 04:15:00
CUST-01794,Fernanda Araujo,fernanda.araujo_1794@email.com,Natal,RN,2020-04-06 03:33:00
CUST-01795,Pedro Pereira,pedro.pereira_1795@email.com,Serra,ES,2020-04-12 21:58:00
CUST-01796,Pedro Melo,pedro.melo_1796@email.com,Contagem,MG,2020-07-31 18:39:00
CUST-01797,Bruno Ferreira,bruno.ferreira_1797@email.com,Taguatinga,DF,2020-12-25 04:57:00
CUST-01798,Beatriz Pereira,beatriz.pereira_1798@email.com,Mossoro,RN,2020-10-22 03:24:00
CUST-01799,Camila Lima,camila.lima_1799@email.com,Ponta Grossa,PR,2024-02-16 00:44:00
CUST-01800,Fernanda Gomes,fernanda.gomes_1800@email.com,,MT,2022-11-28 15:32:00
CUST-01801,Ana Lima,ana.lima_1801@email.com,Taguatinga,??,2022-11-05 21:22:00
CUST-01802,Fernanda Araujo,fernanda.araujo_1802@email.com,Juiz de Fora,MG,2021-03-04 05:56:00
CUST-01803,Diego Pereira,diego.pereira_1803@email.com,Taguatinga,DF,2022-01-04 18:09:00
CUST-01804,Maria Martins,maria.martins_1804@email.com,Guarulhos,SP,2023-03-18 23:59:00
CUST-01805,Amanda Gomes,amanda.gomes_1805@email.com,Londrina,PR,2020-03-27 04:37:00
CUST-01806,Amanda Martins,amanda.martins_1806@email.com,Joinville,SC,2020-12-18 19:46:00
CUST-01807,Pedro Carvalho,pedro.carvalho_1807@email.com,Sao Luis,MA,2023-02-02 10:06:00
CUST-01808,Joao Pereira,joao.pereira_1808@email.com,Jaboatao,PE,2021-04-04 22:54:00
CUST-01809,Maria Ferreira,maria.ferreira_1809@email.com,Curitiba,PR,2021-08-29 16:42:00
CUST-01810,Bruno Cardoso,bruno.cardoso_1810@email.com,Vitoria da Conquista,BA,2020-01-18 03:48:00
CUST-01811,Gabriela Costa,gabriela.costa_1811@email.com,Teresina,PI,2023-10-11 00:02:00
CUST-01812,Amanda Barbosa,amanda.barbosa_1812@email.com,Joao Pessoa,PB,2022-12-02 10:49:00
CUST-01813,Rafael Martins,rafael.martins_1813@email.com,Campina Grande,PB,2021-08-29 21:11:00
CUST-01814,Juliana Carvalho,juliana.carvalho_1814@email.com,,BA,2020-04-03 09:10:00
CUST-01815,Thiago Almeida,thiago.almeida_1815@email.com,Taguatinga,DF,2023-03-09 22:55:00
CUST-01816,Marcos Moura,marcos.moura_1816@email.com,Salvador,BA,2021-07-22 18:44:00
CUST-01817,Carlos Barbosa,carlos.barbosa_1817@email.com,Maceio,AL,2022-05-14 13:01:00
CUST-01818,Pedro Silva,pedro.silva_1818@email.com,Curitiba,PR,2021-01-21 03:00:00
CUST-01819,Pedro Costa,pedro.costa_1819@email.com,Blumenau,SC,2020-01-04 11:35:00
CUST-01820,Roberto Ferreira,roberto.ferreira_1820@email.com,Ponta Grossa,PR,2023-11-29 13:10:00
CUST-01821,Lucas Pereira,lucas.pereira_1821@email.com,Vila Velha,ES,2022-02-28 21:50:00
CUST-01822,Marcos Carvalho,marcos.carvalho_1822@email.com,Jaboatao,PE,2023-01-15 12:11:00
CUST-01823,Joao Pereira,joao.pereira_1823@email.com,,PB,2020-11-13 21:32:00
CUST-01824,Lucas Moura,lucas.moura_1824@email.com,Londrina,PR,2021-01-17 14:47:00
CUST-01825,Gabriela Melo,gabriela.melo_1825@email.com,Brasilia,DF,2022-09-14 15:24:00
CUST-01826,Pedro Carvalho,pedro.carvalho_1826@email.com,Vitoria da Conquista,BA,2023-01-07 16:06:00
CUST-01827,Maria Moura,maria.moura_1827@email.com,Belem,PA,2023-11-23 03:22:00
CUST-01828,Amanda Cardoso,amanda.cardoso_1828@email.com,Parnaiba,PI,2023-10-15 00:45:00
CUST-01829,Larissa Ribeiro,larissa.ribeiro_1829@email.com,Canoas,RS,2021-12-25 18:53:00
CUST-01830,Camila Araujo,camila.araujo_1830@email.com,Salvador,BA,2021-10-29 07:38:00
CUST-01831,Diego Silva,diego.silva_1831@email.com,Santarem,PA,2022-06-30 08:40:00
CUST-01832,Roberto Carvalho,roberto.carvalho_1832@email.com,Natal,RN,2022-03-22 15:01:00
CUST-01833,Thiago Moura,thiago.moura_1833@email.com,Cuiaba,MT,2023-03-15 09:25:00
CUST-01834,Gabriela Almeida,gabriela.almeida_1834@email.com,Belem,PA,2021-08-14 14:33:00
CUST-01835,Larissa Nascimento,larissa.nascimento_1835@email.com,Florianopolis,SC,2020-02-27 08:18:00
CUST-01836,Roberto Ferreira,roberto.ferreira_1836@email.com,,SC,2020-08-30 01:10:00
CUST-01837,Patricia Santos,patricia.santos_1837@email.com,Joao Pessoa,PB,2021-01-01 08:34:00
CUST-01838,,gabriela.souza_1838@email.com,Ananindeua,PA,2023-09-25 01:21:00
CUST-01839,Thiago Cardoso,thiago.cardoso_1839@email.com,Mossoro,RN,2020-08-05 17:22:00
CUST-00095,Lucas Melo,,Goiania,GO,2020-05-09 20:52:00
CUST-01841,Larissa Souza,larissa.souza_1841@email.com,Aparecida de Goiania,GO,2022-01-02 12:18:00
CUST-01842,Beatriz Nascimento,beatriz.nascimento_1842@email.com,Vitoria da Conquista,BA,2022-06-03 14:36:00
CUST-01843,Ana Souza,ana.souza_1843@email.com,Volta Redonda,RJ,2023-07-16 06:27:00
CUST-01844,Pedro Pereira,pedro.pereira_1844@email.com,Goiania,GO,2020-03-29 12:30:00
CUST-01845,Camila Carvalho,camila.carvalho_1845@email.com,Santarem,PA,2020-03-20 12:09:00
CUST-01846,Camila Ribeiro,camila.ribeiro_1846@email.com,Porto Alegre,RS,2020-12-31 05:54:00
CUST-01847,Roberto Silva,roberto.silva_1847@email.com,Curitiba,PR,2020-03-01 08:31:00
CUST-01848,Larissa Gomes,larissa.gomes_1848@email.com,Imperatriz,MA,2021-10-30 05:06:00
CUST-01849,Lucas Costa,,Juazeiro do Norte,CE,2021-03-22 03:10:00
CUST-01850,Ana Pereira,ana.pereira_1850@email.com,Brasilia,DF,2024-01-08 15:15:00
CUST-01851,Marcos Ferreira,marcos.ferreira_1851@email.com,Canoas,RS,2023-02-12 10:45:00
CUST-01852,Camila Ferreira,camila.ferreira_1852@email.com,Blumenau,SC,2021-10-02 03:25:00
CUST-01853,Camila Melo,camila.melo_1853@email.com,Vitoria da Conquista,BA,2023-07-28 01:23:00
CUST-01854,Beatriz Araujo,beatriz.araujo_1854@email.com,Sao Luis,MA,2024-04-30 04:19:00
CUST-01855,Rafael Souza,rafael.souza_1855@email.com,Serra,ES,2023-03-15 14:12:00
CUST-01856,Roberto Almeida,roberto.almeida_1856@email.com,Ananindeua,PA,2022-12-21 06:26:00
CUST-01857,Fernanda Pereira,fernanda.pereira_1857@email.com,Belo Horizonte,MG,2022-11-16 15:32:00
CUST-01858,Thiago Oliveira,thiago.oliveira_1858@email.com,Cuiaba,MT,2023-02-10 13:11:00
CUST-01859,Maria Costa,maria.costa_1859@email.com,Blumenau,SC,2021-11-01 23:14:00
CUST-01860,Joao Barbosa,joao.barbosa_1860@email.com,Natal,RN,2022-02-20 15:05:00
CUST-01861,Larissa Ferreira,larissa.ferreira_1861@email.com,Mossoro,RN,2022-03-22 04:37:00
CUST-01862,Larissa Carvalho,larissa.carvalho_1862@email.com,Taguatinga,DF,2020-02-29 22:02:00
CUST-01863,Thiago Moura,thiago.moura_1863@email.com,Salvador,BA,2023-11-01 22:21:00
CUST-01864,Maria Cardoso,maria.cardoso_1864@email.com,Curitiba,PR,2022-03-09 08:47:00
CUST-01865,Roberto Moura,roberto.moura_1865@email.com,Arapiraca,AL,2024-05-06 15:21:00
CUST-01866,Gabriela Rodrigues,gabriela.rodrigues_1866@email.com,Parnaiba,PI,2022-06-22 23:37:00
CUST-01867,Thiago Moura,thiago.moura_1867@email.com,Serra,ES,2022-12-19 17:12:00
CUST-01868,Maria Araujo,,Taguatinga,DF,2021-11-04 03:50:00
CUST-01869,Diego Melo,diego.melo_1869@email.com,Belem,PA,2021-01-08 23:13:00
CUST-01870,Gabriela Barbosa,gabriela.barbosa_1870@email.com,Campinas,SP,2023-06-02 15:53:00
CUST-01871,Beatriz Costa,beatriz.costa_1871@email.com,Cuiaba,MT,2024-01-14 18:40:00
CUST-01872,Patricia Araujo,patricia.araujo_1872@email.com,Curitiba,PR,2023-04-13 06:14:00
CUST-01873,Camila Barbosa,camila.barbosa_1873@email.com,Goiania,GO,2023-10-01 10:12:00
CUST-01874,Ana Souza,ana.souza_1874@email.com,,RS,2022-12-26 04:54:00
CUST-01875,Rafael Rodrigues,rafael.rodrigues_1875@email.com,Parnaiba,PI,2020-04-30 22:33:00
CUST-01876,Joao Barbosa,joao.barbosa_1876@email.com,Blumenau,SC,2024-01-03 14:13:00
CUST-01877,Camila Barbosa,camila.barbosa_1877@email.com,Joao Pessoa,PB,2023-11-14 11:32:00
CUST-01878,Amanda Pereira,amanda.pereira_1878@email.com,Taguatinga,DF,2023-01-20 10:55:00
CUST-01879,Bruno Gomes,bruno.gomes_1879@email.com,Manaus,AM,2021-05-05 18:31:00
CUST-01880,Bruno Ribeiro,bruno.ribeiro_1880@email.com,Teresina,PI,2023-06-10 01:42:00
CUST-01881,Marcos Melo,marcos.melo_1881@email.com,Caxias do Sul,RS,2023-08-24 12:26:00
CUST-01882,Lucas Gomes,lucas.gomes_1882@email.com,Santos,SP,2023-10-30 13:04:00
CUST-01883,Roberto Araujo,roberto.araujo_1883@email.com,Rio de Janeiro,RJ,2023-07-24 09:26:00
CUST-01884,Bruno Souza,bruno.souza_1884@email.com,Belem,PA,2020-01-17 08:09:00
CUST-01885,Fernanda Carvalho,fernanda.carvalho_1885@email.com,Mossoro,RN,2021-07-08 14:07:00
CUST-01886,Amanda Costa,amanda.costa_1886@email.com,Maceio,AL,2022-10-11 12:16:00
CUST-01887,Amanda Ferreira,amanda.ferreira_1887@email.com,Brasilia,DF,2024-04-16 08:55:00
CUST-01888,Joao Pereira,joao.pereira_1888@email.com,Joinville,SC,2022-10-02 03:29:00
CUST-01889,Ana Carvalho,ana.carvalho_1889@email.com,Belem,PA,2021-07-08 23:49:00
CUST-01890,Rafael Almeida,rafael.almeida_1890@email.com,Niteroi,RJ,2022-08-20 14:41:00
CUST-01891,Lucas Almeida,lucas.almeida_1891@email.com,Goiania,GO,2024-01-09 00:38:00
CUST-01892,Joao Ribeiro,joao.ribeiro_1892@email.com,Osasco,SP,2020-09-18 12:08:00
CUST-01893,Carlos Santos,carlos.santos_1893@email.com,Aparecida de Goiania,GO,2020-06-23 19:02:00
CUST-01894,Patricia Rodrigues,,Aparecida de Goiania,GO,2023-11-13 18:53:00
CUST-01895,Amanda Almeida,amanda.almeida_1895@email.com,Belem,PA,2020-05-01 19:30:00
CUST-01896,Joao Rodrigues,joao.rodrigues_1896@email.com,Taguatinga,DF,2023-02-16 15:09:00
CUST-01897,Amanda Carvalho,amanda.carvalho_1897@email.com,Campina Grande,PB,2020-10-22 05:18:00
CUST-01898,Fernanda Ferreira,fernanda.ferreira_1898@email.com,Santos,SP,2022-02-22 16:27:00
CUST-01899,,larissa.almeida_1899@email.com,Vitoria da Conquista,BA,2020-04-24 04:49:00
CUST-01900,Roberto Costa,roberto.costa_1900@email.com,Rio de Janeiro,RJ,2023-03-15 11:12:00
CUST-01901,Ana Costa,ana.costa_1901@email.com,Manaus,AM,2021-11-14 18:00:00
CUST-01902,Fernanda Moura,fernanda.moura_1902@email.com,Guarulhos,SP,2020-07-10 03:13:00
CUST-01903,Amanda Santos,amanda.santos_1903@email.com,Varzea Grande,MT,2020-09-02 00:51:00
CUST-01904,Beatriz Carvalho,beatriz.carvalho_1904@email.com,Ananindeua,PA,2020-05-20 15:53:00
CUST-01905,Beatriz Gomes,beatriz.gomes_1905@email.com,Guarulhos,SP,2021-08-23 04:11:00
CUST-01906,Maria Martins,,Goiania,GO,2020-10-17 23:58:00
CUST-01907,Beatriz Gomes,beatriz.gomes_1907@email.com,Osasco,SP,2020-02-16 06:43:00
CUST-01908,Bruno Costa,bruno.costa_1908@email.com,Ponta Grossa,PR,2021-09-06 23:35:00
CUST-01909,Beatriz Ribeiro,beatriz.ribeiro_1909@email.com,Campinas,SP,2020-08-04 03:36:00
CUST-01910,Thiago Nascimento,thiago.nascimento_1910@email.com,Feira de Santana,BA,2024-03-31 22:18:00
CUST-01911,Beatriz Melo,beatriz.melo_1911@email.com,Taguatinga,DF,2021-03-14 14:24:00
CUST-01912,Gabriela Barbosa,gabriela.barbosa_1912@email.com,Rio de Janeiro,RJ,2023-09-08 17:05:00
CUST-01913,Amanda Santos,amanda.santos_1913@email.com,Teresina,PI,2020-04-13 12:36:00
CUST-01914,Larissa Moura,larissa.moura_1914@email.com,Maceio,AL,2021-07-24 17:17:00
CUST-01915,Beatriz Araujo,beatriz.araujo_1915@email.com,Arapiraca,AL,2022-04-20 10:17:00
CUST-01916,Juliana Silva,juliana.silva_1916@email.com,Manaus,AM,2024-02-29 04:55:00
CUST-01917,Camila Silva,camila.silva_1917@email.com,,XX,2021-05-24 09:47:00
CUST-01918,,lucas.nascimento_1918@email.com,Campina Grande,PB,2020-07-03 03:16:00
CUST-01919,Ana Silva,ana.silva_1919@email.com,Feira de Santana,BA,2020-11-07 07:08:00
CUST-01920,Patricia Nascimento,patricia.nascimento_1920@email.com,Natal,RN,2020-04-01 12:00:00
CUST-01921,Rafael Cardoso,rafael.cardoso_1921@email.com,Varzea Grande,MT,2022-09-10 08:24:00
CUST-01922,Pedro Silva,pedro.silva_1922@email.com,Fortaleza,CE,2021-05-25 13:07:00
CUST-01923,Lucas Araujo,lucas.araujo_1923@email.com,Vitoria da Conquista,BA,2023-02-11 20:23:00
CUST-01924,Gabriela Rodrigues,gabriela.rodrigues_1924@email.com,Ananindeua,PA,2021-06-16 21:00:00
CUST-01925,Fernanda Costa,fernanda.costa_1925@email.com,Juiz de Fora,MG,2023-03-23 19:38:00
CUST-01926,Amanda Lima,amanda.lima_1926@email.com,Ananindeua,PA,2020-10-09 08:56:00
CUST-01927,Thiago Oliveira,thiago.oliveira_1927@email.com,Campinas,SP,2024-04-19 09:00:00
CUST-01928,Juliana Santos,juliana.santos_1928@email.com,Canoas,RS,2020-10-05 14:14:00
CUST-00179,Joao Carvalho,joao.carvalho_179@email.com,Fortaleza,CE,2020-11-19 13:41:00
CUST-01930,Thiago Rodrigues,thiago.rodrigues_1930@email.com,Curitiba,PR,2023-07-10 05:50:00
CUST-01931,Amanda Silva,amanda.silva_1931@email.com,Joinville,SC,2023-05-17 05:14:00
CUST-01932,Diego Carvalho,,Petropolis,RJ,2020-03-01 02:46:00
CUST-01933,Juliana Nascimento,juliana.nascimento_1933@email.com,Londrina,PR,2023-09-03 08:34:00
CUST-01934,Marcos Carvalho,marcos.carvalho_1934@email.com,Goiania,GO,2024-03-24 08:19:00
CUST-01935,Rafael Ferreira,rafael.ferreira_1935@email.com,Joao Pessoa,PB,2022-02-23 00:06:00
CUST-01936,Camila Pereira,,Brasilia,DF,2024-02-07 09:31:00
CUST-01937,Lucas Ribeiro,lucas.ribeiro_1937@email.com,Pelotas,RS,2021-10-12 03:47:00
CUST-01938,,carlos.martins_1938@email.com,Canoas,RS,2021-12-20 22:50:00
CUST-01939,Juliana Lima,juliana.lima_1939@email.com,Joao Pessoa,PB,2023-01-22 14:32:00
CUST-01940,Rafael Melo,rafael.melo_1940@email.com,Santarem,PA,2020-01-31 01:26:00
CUST-01941,Rafael Barbosa,rafael.barbosa_1941@email.com,Vitoria da Conquista,BA,2021-07-10 06:19:00
CUST-01942,Diego Martins,diego.martins_1942@email.com,Petropolis,RJ,2021-06-01 19:47:00
CUST-01943,Bruno Lima,bruno.lima_1943@email.com,Goiania,GO,2021-08-02 20:52:00
CUST-01944,Joao Moura,joao.moura_1944@email.com,Belo Horizonte,MG,2020-01-06 21:27:00
CUST-01945,Lucas Costa,lucas.costa_1945@email.com,Caucaia,CE,2024-01-22 02:33:00
CUST-01946,Amanda Carvalho,amanda.carvalho_1946@email.com,Arapiraca,AL,2020-07-20 03:02:00
CUST-01947,Carlos Ribeiro,carlos.ribeiro_1947@email.com,Curitiba,PR,2020-03-01 03:45:00
CUST-01948,Rafael Moura,rafael.moura_1948@email.com,Joao Pessoa,ZZ,2024-02-04 20:55:00
CUST-01949,Pedro Santos,pedro.santos_1949@email.com,Arapiraca,AL,2023-04-27 19:38:00
CUST-01950,,maria.lima_1950@email.com,Rio de Janeiro,RJ,2021-05-07 03:48:00
CUST-01951,Amanda Araujo,amanda.araujo_1951@email.com,Natal,RN,2024-03-31 12:56:00
CUST-01952,Roberto Santos,roberto.santos_1952@email.com,Pelotas,RS,2022-08-13 16:21:00
CUST-01953,Joao Oliveira,joao.oliveira_1953@email.com,Goiania,GO,2020-02-16 15:59:00
CUST-01954,Gabriela Silva,gabriela.silva_1954@email.com,Ponta Grossa,PR,2020-08-17 13:06:00
CUST-01955,Thiago Barbosa,thiago.barbosa_1955@email.com,Manaus,AM,2023-10-18 19:56:00
CUST-01956,Beatriz Melo,beatriz.melo_1956@email.com,Parnaiba,PI,2022-07-05 13:35:00
CUST-01957,Carlos Gomes,carlos.gomes_1957@email.com,Salvador,BA,2022-10-22 01:00:00
CUST-01958,Rafael Almeida,rafael.almeida_1958@email.com,Maringa,PR,2020-09-05 12:37:00
CUST-01959,Roberto Martins,roberto.martins_1959@email.com,Volta Redonda,RJ,2024-06-28 14:43:00
CUST-01960,Diego Moura,diego.moura_1960@email.com,Goiania,GO,2024-03-13 04:05:00
CUST-01961,Joao Carvalho,joao.carvalho_1961@email.com,,SC,2021-03-21 06:23:00
CUST-01962,Carlos Gomes,carlos.gomes_1962@email.com,Petropolis,RJ,2023-03-29 04:18:00
CUST-01963,,gabriela.oliveira_1963@email.com,Varzea Grande,MT,2020-06-01 00:20:00
CUST-01964,Juliana Souza,juliana.souza_1964@email.com,Fortaleza,CE,2023-01-31 12:44:00
CUST-01965,Lucas Pereira,lucas.pereira_1965@email.com,Imperatriz,MA,2020-07-10 00:20:00
CUST-01966,Beatriz Melo,beatriz.melo_1966@email.com,Sao Paulo,SP,2024-05-31 13:54:00
CUST-01967,Marcos Pereira,marcos.pereira_1967@email.com,Feira de Santana,BA,2024-04-26 02:57:00
CUST-01968,Camila Souza,camila.souza_1968@email.com,Vila Velha,ES,2022-01-11 08:09:00
CUST-01969,Roberto Araujo,roberto.araujo_1969@email.com,Joao Pessoa,PB,2024-04-02 23:53:00
CUST-01970,Diego Araujo,diego.araujo_1970@email.com,Aparecida de Goiania,GO,2020-05-05 16:29:00
CUST-01971,Larissa Lima,larissa.lima_1971@email.com,Feira de Santana,BA,2024-01-20 01:13:00
CUST-01972,Camila Gomes,camila.gomes_1972@email.com,Feira de Santana,BA,2020-05-29 09:32:00
CUST-01973,Patricia Ferreira,patricia.ferreira_1973@email.com,Blumenau,SC,2023-11-04 16:25:00
CUST-01974,Carlos Cardoso,carlos.cardoso_1974@email.com,Canoas,RS,2020-01-22 14:41:00
CUST-01975,Juliana Melo,juliana.melo_1975@email.com,Joao Pessoa,PB,2023-01-28 12:30:00
CUST-01976,Bruno Moura,bruno.moura_1976@email.com,Manaus,AM,2020-04-16 13:57:00
CUST-01977,Gabriela Barbosa,gabriela.barbosa_1977@email.com,Santos,SP,2022-01-28 07:16:00
CUST-01978,Ana Barbosa,ana.barbosa_1978@email.com,Santos,SP,2020-06-20 10:38:00
CUST-01979,Beatriz Silva,beatriz.silva_1979@email.com,Vila Velha,ES,2022-08-28 16:38:00
CUST-01980,Camila Ribeiro,camila.ribeiro_1980@email.com,Vila Velha,ES,2024-05-19 16:16:00
CUST-01981,Marcos Almeida,marcos.almeida_1981@email.com,Caxias do Sul,RS,2023-12-17 05:11:00
CUST-01982,Joao Souza,joao.souza_1982@email.com,Canoas,RS,2023-05-27 03:31:00
CUST-01983,Carlos Santos,carlos.santos_1983@email.com,Feira de Santana,BA,2023-02-05 12:36:00
CUST-01984,Pedro Ribeiro,pedro.ribeiro_1984@email.com,Cuiaba,MT,2021-01-01 05:01:00
CUST-01985,Amanda Cardoso,,Ponta Grossa,PR,2022-10-11 02:03:00
CUST-01986,Maria Araujo,maria.araujo_1986@email.com,Manaus,AM,2022-03-30 06:28:00
CUST-01987,Ana Santos,ana.santos_1987@email.com,Petropolis,RJ,2021-07-26 12:36:00
CUST-01988,Patricia Ferreira,patricia.ferreira_1988@email.com,Fortaleza,CE,2023-01-10 07:36:00
CUST-01989,Camila Lima,camila.lima_1989@email.com,Volta Redonda,RJ,2021-10-27 03:44:00
CUST-01990,Roberto Pereira,roberto.pereira_1990@email.com,Brasilia,DF,2020-06-27 05:57:00
CUST-01991,Larissa Pereira,larissa.pereira_1991@email.com,Teresina,PI,2020-09-13 13:45:00
CUST-01992,Larissa Costa,larissa.costa_1992@email.com,Parintins,AM,2021-02-24 18:31:00
CUST-01993,Amanda Ribeiro,,Santarem,PA,2020-01-06 13:47:00
CUST-01994,Diego Silva,diego.silva_1994@email.com,Mossoro,RN,2020-12-17 19:02:00
CUST-01995,Maria Ribeiro,maria.ribeiro_1995@email.com,Londrina,PR,2021-06-14 17:36:00
CUST-01996,Carlos Ferreira,carlos.ferreira_1996@email.com,,RJ,2022-01-02 02:02:00
CUST-01997,Camila Ribeiro,camila.ribeiro_1997@email.com,Pelotas,RS,2021-08-03 10:50:00
CUST-01998,Larissa Nascimento,larissa.nascimento_1998@email.com,Niteroi,RJ,2021-01-31 07:12:00
CUST-01999,Lucas Martins,lucas.martins_1999@email.com,Maringa,PR,2023-03-01 23:47:00
CUST-02000,Joao Rodrigues,joao.rodrigues_2000@email.com,Cuiaba,MT,2020-04-27 14:49:00
CUST-02001,Larissa Costa,larissa.costa_2001@email.com,Blumenau,SC,2021-05-12 15:25:00
CUST-02002,Marcos Araujo,marcos.araujo_2002@email.com,Recife,PE,2023-05-04 08:41:00
CUST-02003,Patricia Costa,patricia.costa_2003@email.com,Uberlandia,MG,2023-12-10 07:06:00
CUST-02004,Lucas Martins,lucas.martins_2004@email.com,Mossoro,RN,2022-11-07 20:58:00
CUST-02005,Larissa Souza,larissa.souza_2005@email.com,Campina Grande,PB,2024-04-18 07:01:00
CUST-02006,Amanda Ferreira,amanda.ferreira_2006@email.com,Osasco,SP,2020-05-05 06:10:00
CUST-02007,Bruno Pereira,bruno.pereira_2007@email.com,Salvador,BA,2020-10-12 03:37:00
CUST-02008,Lucas Santos,lucas.santos_2008@email.com,Feira de Santana,BA,2022-08-12 19:08:00
CUST-02009,Juliana Rodrigues,juliana.rodrigues_2009@email.com,Aparecida de Goiania,GO,2023-10-15 10:44:00
CUST-02010,Amanda Ferreira,amanda.ferreira_2010@email.com,Cuiaba,MT,2022-06-02 15:40:00
CUST-02011,Fernanda Pereira,fernanda.pereira_2011@email.com,Joao Pessoa,PB,2023-06-18 01:10:00
CUST-02012,Thiago Gomes,thiago.gomes_2012@email.com,Joinville,SC,2024-05-25 11:47:00
CUST-02013,Thiago Ferreira,thiago.ferreira_2013@email.com,Maceio,AL,2024-06-02 05:01:00
CUST-02014,Larissa Melo,larissa.melo_2014@email.com,Arapiraca,AL,2024-05-16 20:55:00
CUST-02015,Bruno Oliveira,bruno.oliveira_2015@email.com,Blumenau,SC,2020-01-18 03:34:00
CUST-02016,Larissa Ferreira,larissa.ferreira_2016@email.com,Maringa,PR,2024-04-06 08:56:00
CUST-02017,Maria Ferreira,maria.ferreira_2017@email.com,Curitiba,PR,2023-05-01 00:50:00
CUST-01882,Lucas Gomes,lucas.gomes_1882@email.com,Santos,SP,2023-10-30 13:04:00
CUST-02019,Amanda Ribeiro,amanda.ribeiro_2019@email.com,Florianopolis,SC,2024-01-08 07:39:00
CUST-02020,Maria Nascimento,maria.nascimento_2020@email.com,Belo Horizonte,MG,2021-09-02 14:05:00
CUST-02021,Larissa Silva,larissa.silva_2021@email.com,Uberlandia,MG,2023-09-11 01:20:00
CUST-02022,Larissa Souza,larissa.souza_2022@email.com,Campina Grande,PB,2020-09-22 12:18:00
CUST-02023,Ana Silva,ana.silva_2023@email.com,Olinda,PE,2022-05-21 21:09:00
CUST-02024,Joao Almeida,joao.almeida_2024@email.com,Juazeiro do Norte,CE,2024-06-11 19:16:00
CUST-02025,Diego Gomes,diego.gomes_2025@email.com,Sao Luis,MA,2021-08-12 03:58:00
CUST-02026,Carlos Araujo,carlos.araujo_2026@email.com,Caruaru,PE,2024-03-20 01:27:00
CUST-02027,Roberto Gomes,roberto.gomes_2027@email.com,Olinda,PE,2022-08-27 10:54:00
CUST-02028,Gabriela Cardoso,gabriela.cardoso_2028@email.com,Florianopolis,SC,2021-01-21 05:19:00
CUST-02029,Carlos Gomes,carlos.gomes_2029@email.com,Curitiba,PR,2020-12-10 07:17:00
CUST-02030,Camila Almeida,camila.almeida_2030@email.com,Aparecida de Goiania,GO,2020-12-04 11:55:00
CUST-02031,Lucas Martins,lucas.martins_2031@email.com,Imperatriz,MA,2020-12-20 06:33:00
CUST-02032,,maria.silva_2032@email.com,Parintins,AM,2021-10-02 15:47:00
CUST-02033,Maria Martins,maria.martins_2033@email.com,Belem,PA,2020-03-07 18:49:00
CUST-02034,Thiago Oliveira,thiago.oliveira_2034@email.com,Caucaia,CE,2024-02-18 03:18:00
CUST-02035,Gabriela Barbosa,gabriela.barbosa_2035@email.com,Caucaia,CE,2024-03-21 14:53:00
CUST-02036,Beatriz Carvalho,beatriz.carvalho_2036@email.com,Aparecida de Goiania,GO,2024-05-20 02:23:00
CUST-02037,Gabriela Ribeiro,gabriela.ribeiro_2037@email.com,Sao Luis,MA,2022-08-31 22:10:00
CUST-02038,Ana Barbosa,ana.barbosa_2038@email.com,Teresina,PI,2020-02-11 09:15:00
CUST-02039,Diego Santos,diego.santos_2039@email.com,Aparecida de Goiania,GO,2023-04-27 16:15:00
CUST-02040,Larissa Melo,larissa.melo_2040@email.com,Recife,PE,2020-09-03 17:59:00
CUST-02041,Carlos Carvalho,carlos.carvalho_2041@email.com,Caxias do Sul,RS,2023-06-12 00:49:00
CUST-02042,Gabriela Barbosa,gabriela.barbosa_2042@email.com,Arapiraca,AL,2020-04-05 12:30:00
CUST-02043,Fernanda Gomes,fernanda.gomes_2043@email.com,Caruaru,PE,2024-03-28 15:25:00
CUST-02044,Camila Silva,camila.silva_2044@email.com,Santos,SP,2022-07-21 01:16:00
CUST-02045,Maria Cardoso,maria.cardoso_2045@email.com,Varzea Grande,MT,2020-05-05 02:25:00
CUST-02046,Marcos Almeida,marcos.almeida_2046@email.com,Curitiba,PR,2020-06-13 21:36:00
CUST-02047,Marcos Souza,marcos.souza_2047@email.com,Cuiaba,MT,2021-04-22 14:05:00
CUST-02048,Ana Cardoso,ana.cardoso_2048@email.com,Serra,ES,2020-11-19 00:13:00
CUST-02049,Maria Pereira,maria.pereira_2049@email.com,Teresina,PI,2021-08-01 11:49:00
CUST-02050,Patricia Silva,patricia.silva_2050@email.com,Parnaiba,PI,2021-01-23 00:23:00
CUST-02051,Gabriela Ferreira,gabriela.ferreira_2051@email.com,Santarem,PA,2023-09-10 07:51:00
CUST-01544,Thiago Pereira,thiago.pereira_1544@email.com,Vila Velha,ES,2020-09-04 20:30:00
CUST-02053,Lucas Souza,lucas.souza_2053@email.com,Santarem,PA,2020-04-16 03:24:00
CUST-02054,,juliana.barbosa_2054@email.com,Santarem,PA,2020-04-21 19:09:00
CUST-02055,Pedro Araujo,pedro.araujo_2055@email.com,Parintins,AM,2020-05-14 14:10:00
CUST-02056,Gabriela Ferreira,gabriela.ferreira_2056@email.com,Joao Pessoa,PB,2021-09-04 16:20:00
CUST-02057,Patricia Rodrigues,patricia.rodrigues_2057@email.com,Sao Paulo,SP,2023-08-17 14:40:00
CUST-02058,Maria Carvalho,maria.carvalho_2058@email.com,Belem,PA,2022-02-27 03:10:00
CUST-02059,Larissa Rodrigues,,,RN,2022-07-23 01:40:00
CUST-02060,Fernanda Lima,fernanda.lima_2060@email.com,Ponta Grossa,PR,2023-08-07 08:21:00
CUST-02061,Ana Oliveira,ana.oliveira_2061@email.com,Arapiraca,AL,2021-09-02 05:42:00
CUST-02062,Diego Moura,,Goiania,GO,2021-05-24 00:11:00
CUST-02063,Amanda Araujo,amanda.araujo_2063@email.com,Varzea Grande,MT,2024-04-07 14:00:00
CUST-02064,Lucas Martins,lucas.martins_2064@email.com,Pelotas,RS,2021-03-31 22:48:00
CUST-02065,Gabriela Oliveira,gabriela.oliveira_2065@email.com,Parintins,AM,2020-02-03 07:55:00
CUST-02066,Gabriela Cardoso,gabriela.cardoso_2066@email.com,Campina Grande,PB,2022-11-26 11:17:00
CUST-02067,Juliana Almeida,juliana.almeida_2067@email.com,Campina Grande,PB,2024-05-07 19:33:00
CUST-02068,Amanda Oliveira,amanda.oliveira_2068@email.com,Parintins,AM,2023-09-27 05:08:00
CUST-02069,Carlos Moura,carlos.moura_2069@email.com,Petropolis,RJ,2022-02-25 13:25:00
CUST-02070,Amanda Nascimento,amanda.nascimento_2070@email.com,Contagem,MG,2023-05-15 21:52:00
CUST-02071,Fernanda Costa,fernanda.costa_2071@email.com,Caxias do Sul,RS,2023-12-25 15:28:00
CUST-02072,Bruno Carvalho,,Brasilia,DF,2021-05-30 19:52:00
CUST-02073,Camila Almeida,camila.almeida_2073@email.com,Fortaleza,CE,2020-09-15 12:00:00
CUST-02074,Maria Gomes,maria.gomes_2074@email.com,Sao Paulo,SP,2023-06-17 23:47:00
CUST-02075,Lucas Santos,lucas.santos_2075@email.com,Juiz de Fora,MG,2021-02-22 16:51:00
CUST-02076,Camila Rodrigues,camila.rodrigues_2076@email.com,Parnaiba,PI,2022-06-09 20:20:00
CUST-02077,,carlos.rodrigues_2077@email.com,Campina Grande,PB,2022-11-28 05:14:00
CUST-02078,Ana Nascimento,ana.nascimento_2078@email.com,Florianopolis,SC,2021-06-18 17:57:00
CUST-02079,Juliana Nascimento,juliana.nascimento_2079@email.com,Taguatinga,DF,2023-08-22 11:25:00
CUST-02080,Ana Oliveira,ana.oliveira_2080@email.com,,MT,2022-04-17 03:59:00
CUST-02081,Amanda Costa,amanda.costa_2081@email.com,Arapiraca,AL,2024-04-28 09:54:00
CUST-02082,Lucas Gomes,lucas.gomes_2082@email.com,Santos,SP,2021-02-01 15:42:00
CUST-02083,Larissa Souza,,Taguatinga,DF,2021-12-17 01:14:00
CUST-02084,Amanda Ferreira,amanda.ferreira_2084@email.com,Manaus,AM,2023-05-08 23:04:00
CUST-02085,Gabriela Melo,gabriela.melo_2085@email.com,Teresina,PI,2021-09-27 08:54:00
CUST-02086,Thiago Moura,,Vila Velha,ES,2022-05-01 04:49:00
CUST-02087,Maria Silva,maria.silva_2087@email.com,Caucaia,CE,2024-05-29 15:40:00
CUST-02088,Maria Melo,maria.melo_2088@email.com,Petropolis,RJ,2021-07-02 11:24:00
CUST-02089,Pedro Moura,pedro.moura_2089@email.com,,PE,2024-02-28 02:46:00
CUST-02090,Patricia Lima,patricia.lima_2090@email.com,Feira de Santana,BA,2020-08-27 12:03:00
CUST-02091,Ana Santos,ana.santos_2091@email.com,Mossoro,RN,2021-10-15 09:07:00
CUST-02092,Ana Pereira,ana.pereira_2092@email.com,Varzea Grande,MT,2020-02-19 21:13:00
CUST-02093,Larissa Ferreira,larissa.ferreira_2093@email.com,Parnaiba,PI,2023-01-19 17:25:00
CUST-02094,,ana.araujo_2094@email.com,Santarem,PA,2020-07-04 12:18:00
CUST-02095,Fernanda Pereira,fernanda.pereira_2095@email.com,Manaus,AM,2022-08-17 09:16:00
CUST-02096,Gabriela Santos,gabriela.santos_2096@email.com,Osasco,SP,2023-02-17 15:02:00
CUST-02097,Pedro Souza,pedro.souza_2097@email.com,Brasilia,DF,2021-07-31 07:05:00
CUST-02098,Juliana Martins,juliana.martins_2098@email.com,Uberlandia,MG,2021-12-03 05:51:00
CUST-02099,Carlos Souza,carlos.souza_2099@email.com,Joao Pessoa,PB,2023-10-08 05:09:00
CUST-02100,Lucas Moura,lucas.moura_2100@email.com,Santos,SP,2021-07-24 09:30:00
CUST-02101,Fernanda Oliveira,fernanda.oliveira_2101@email.com,Niteroi,RJ,2021-11-25 23:15:00
CUST-02102,Diego Melo,diego.melo_2102@email.com,Parnaiba,PI,2023-12-10 18:24:00
CUST-02103,Lucas Silva,lucas.silva_2103@email.com,Santos,SP,2022-09-22 17:58:00
CUST-02104,Fernanda Martins,fernanda.martins_2104@email.com,Vitoria,ES,2022-03-22 12:15:00
CUST-02105,Bruno Santos,bruno.santos_2105@email.com,Manaus,AM,2020-01-17 19:34:00
CUST-02106,Ana Almeida,ana.almeida_2106@email.com,Teresina,PI,2023-08-01 00:09:00
CUST-02107,Ana Moura,ana.moura_2107@email.com,Goiania,GO,2023-03-10 14:44:00
CUST-02108,Lucas Souza,lucas.souza_2108@email.com,Taguatinga,DF,2022-12-28 13:02:00
CUST-02109,Bruno Melo,bruno.melo_2109@email.com,Canoas,RS,2020-10-07 01:20:00
CUST-02110,Rafael Costa,rafael.costa_2110@email.com,Imperatriz,MA,2023-01-27 19:24:00
CUST-02111,Gabriela Almeida,gabriela.almeida_2111@email.com,Aparecida de Goiania,GO,2020-11-17 05:38:00
CUST-02112,Joao Melo,joao.melo_2112@email.com,Goiania,GO,2022-04-16 03:51:00
CUST-02113,Rafael Cardoso,rafael.cardoso_2113@email.com,Manaus,AM,2022-05-13 12:01:00
CUST-02114,Bruno Oliveira,bruno.oliveira_2114@email.com,Caxias do Sul,RS,2020-05-18 14:14:00
CUST-02115,Marcos Souza,marcos.souza_2115@email.com,Contagem,MG,2021-01-02 08:19:00
CUST-02116,Lucas Nascimento,lucas.nascimento_2116@email.com,Uberlandia,MG,2024-02-07 23:23:00
CUST-02117,Camila Araujo,camila.araujo_2117@email.com,Recife,PE,2024-04-02 20:59:00
CUST-02118,Diego Gomes,diego.gomes_2118@email.com,Arapiraca,AL,2023-02-08 07:12:00
CUST-01920,Patricia Nascimento,patricia.nascimento_1920@email.com,Natal,RN,2020-04-01 12:00:00
CUST-02120,Lucas Melo,lucas.melo_2120@email.com,Niteroi,RJ,2023-08-08 03:36:00
CUST-02121,Ana Moura,ana.moura_2121@email.com,Londrina,PR,2023-12-17 19:44:00
CUST-02122,Juliana Almeida,juliana.almeida_2122@email.com,Natal,RN,2020-09-30 10:15:00
CUST-02123,Patricia Martins,patricia.martins_2123@email.com,Ponta Grossa,PR,2021-04-29 19:59:00
CUST-02124,Thiago Costa,thiago.costa_2124@email.com,Londrina,PR,2021-05-29 22:00:00
CUST-02125,Roberto Almeida,roberto.almeida_2125@email.com,Contagem,MG,2021-08-31 15:42:00
CUST-02126,Roberto Silva,roberto.silva_2126@email.com,Uberlandia,MG,2021-07-04 22:21:00
CUST-02127,Pedro Araujo,pedro.araujo_2127@email.com,Canoas,RS,2021-03-28 03:01:00
CUST-02128,Rafael Pereira,rafael.pereira_2128@email.com,Guarulhos,SP,2024-05-14 04:58:00
CUST-02129,Patricia Araujo,patricia.araujo_2129@email.com,Canoas,RS,2020-03-10 12:25:00
CUST-02130,Ana Araujo,,Imperatriz,MA,2023-06-12 10:10:00
CUST-02131,Juliana Gomes,juliana.gomes_2131@email.com,Taguatinga,DF,2020-04-19 04:57:00
CUST-02132,Ana Carvalho,ana.carvalho_2132@email.com,Mossoro,RN,2022-01-30 18:59:00
CUST-02133,Carlos Silva,carlos.silva_2133@email.com,Guarulhos,SP,2021-12-31 20:54:00
CUST-02134,Diego Oliveira,diego.oliveira_2134@email.com,Campina Grande,PB,2020-08-01 16:59:00
CUST-02135,Amanda Cardoso,amanda.cardoso_2135@email.com,Caruaru,PE,2023-12-17 16:27:00
CUST-02136,Camila Silva,camila.silva_2136@email.com,Petropolis,RJ,2024-05-06 13:18:00
CUST-02137,Juliana Pereira,juliana.pereira_2137@email.com,Jaboatao,PE,2023-01-27 18:45:00
CUST-00300,Camila Moura,camila.moura_300@email.com,Cuiaba,MT,2023-05-28 13:10:00
CUST-02139,Diego Ferreira,diego.ferreira_2139@email.com,Ponta Grossa,PR,2022-10-16 09:11:00
CUST-02140,Larissa Araujo,larissa.araujo_2140@email.com,Maringa,PR,2020-10-16 04:13:00
CUST-02141,Thiago Melo,thiago.melo_2141@email.com,Serra,ES,2020-04-11 12:44:00
CUST-02142,Beatriz Nascimento,beatriz.nascimento_2142@email.com,Uberlandia,MG,2021-07-09 12:01:00
CUST-02143,Diego Araujo,diego.araujo_2143@email.com,Blumenau,SC,2021-05-09 00:54:00
CUST-02144,Juliana Almeida,juliana.almeida_2144@email.com,Taguatinga,DF,2022-05-04 02:24:00
CUST-02145,Ana Souza,ana.souza_2145@email.com,Joao Pessoa,PB,2021-07-22 10:31:00
CUST-02146,Camila Costa,camila.costa_2146@email.com,Arapiraca,AL,2021-06-05 15:27:00
CUST-02147,Ana Santos,ana.santos_2147@email.com,Belem,PA,2020-09-28 09:43:00
CUST-02148,Maria Carvalho,maria.carvalho_2148@email.com,Petropolis,RJ,2021-09-11 08:04:00
CUST-02149,Rafael Silva,rafael.silva_2149@email.com,Arapiraca,AL,2022-05-22 00:32:00
CUST-02150,Marcos Santos,marcos.santos_2150@email.com,Caucaia,CE,2023-06-28 09:51:00
CUST-02151,Fernanda Barbosa,fernanda.barbosa_2151@email.com,Belem,PA,2023-01-12 19:47:00
CUST-02152,Ana Moura,ana.moura_2152@email.com,Cuiaba,MT,2023-04-10 13:40:00
CUST-02153,Roberto Melo,roberto.melo_2153@email.com,Contagem,MG,2021-07-12 10:09:00
CUST-02154,Joao Almeida,joao.almeida_2154@email.com,Varzea Grande,MT,2022-08-08 06:22:00
CUST-02155,,rafael.barbosa_2155@email.com,Campina Grande,PB,2023-03-19 08:43:00
CUST-02156,Amanda Cardoso,amanda.cardoso_2156@email.com,Santos,SP,2021-07-07 04:41:00
CUST-02157,Maria Ribeiro,maria.ribeiro_2157@email.com,Niteroi,RJ,2020-02-05 14:12:00
CUST-02158,Pedro Pereira,pedro.pereira_2158@email.com,Sao Luis,MA,2022-07-31 11:39:00
CUST-02159,Rafael Oliveira,rafael.oliveira_2159@email.com,Goiania,GO,2020-11-21 06:00:00
CUST-02160,Roberto Costa,roberto.costa_2160@email.com,Maceio,AL,2020-08-05 18:26:00
CUST-02161,Lucas Ferreira,lucas.ferreira_2161@email.com,Londrina,PR,2024-01-07 19:48:00
CUST-02162,Patricia Carvalho,patricia.carvalho_2162@email.com,Belem,PA,2021-01-29 22:00:00
CUST-02163,Carlos Nascimento,carlos.nascimento_2163@email.com,Campina Grande,PB,2022-12-20 02:29:00
CUST-02164,Rafael Rodrigues,rafael.rodrigues_2164@email.com,Cuiaba,MT,2023-01-28 18:53:00
CUST-02165,Juliana Pereira,juliana.pereira_2165@email.com,Guarulhos,SP,2022-10-26 18:01:00
CUST-02166,Lucas Melo,lucas.melo_2166@email.com,Caxias do Sul,RS,2022-05-27 10:52:00
CUST-02167,Thiago Araujo,thiago.araujo_2167@email.com,Santarem,PA,2021-10-23 22:16:00
CUST-02168,Diego Melo,diego.melo_2168@email.com,Contagem,MG,2023-01-20 17:39:00
CUST-02169,Fernanda Araujo,fernanda.araujo_2169@email.com,Volta Redonda,RJ,2023-04-04 09:23:00
CUST-02170,Carlos Martins,carlos.martins_2170@email.com,Arapiraca,AL,2022-12-11 00:55:00
CUST-02171,Marcos Martins,marcos.martins_2171@email.com,Porto Alegre,RS,2023-07-17 21:38:00
CUST-02172,Maria Cardoso,maria.cardoso_2172@email.com,Santos,SP,2022-12-07 20:24:00
CUST-02173,Juliana Silva,juliana.silva_2173@email.com,Vitoria da Conquista,BA,2023-05-05 01:55:00
CUST-02174,Patricia Nascimento,patricia.nascimento_2174@email.com,Salvador,BA,2023-05-27 07:14:00
CUST-02175,Gabriela Carvalho,gabriela.carvalho_2175@email.com,Santarem,PA,2020-03-31 13:31:00
CUST-02176,Gabriela Moura,gabriela.moura_2176@email.com,Joinville,SC,2021-11-23 11:44:00
CUST-02177,Marcos Araujo,marcos.araujo_2177@email.com,Vitoria,ES,2021-03-22 03:20:00
CUST-02178,Pedro Costa,pedro.costa_2178@email.com,Joinville,SC,2023-06-19 19:43:00
CUST-02179,Beatriz Lima,beatriz.lima_2179@email.com,Juazeiro do Norte,CE,2020-06-05 09:04:00
CUST-02180,Pedro Souza,pedro.souza_2180@email.com,Imperatriz,MA,2021-02-10 12:34:00
CUST-02181,Camila Martins,camila.martins_2181@email.com,Vitoria,ES,2022-06-15 14:39:00
CUST-02182,Pedro Rodrigues,pedro.rodrigues_2182@email.com,Serra,ES,2022-11-15 09:16:00
CUST-02183,Amanda Gomes,,Parintins,AM,2022-05-25 09:52:00
CUST-02184,Diego Almeida,diego.almeida_2184@email.com,Sao Paulo,SP,2021-03-02 03:22:00
CUST-02185,Bruno Araujo,bruno.araujo_2185@email.com,Parnaiba,PI,2021-04-23 03:32:00
CUST-02186,Pedro Rodrigues,pedro.rodrigues_2186@email.com,Joao Pessoa,PB,2023-08-08 05:52:00
CUST-02187,Carlos Gomes,carlos.gomes_2187@email.com,Fortaleza,CE,2024-02-22 08:34:00
CUST-02188,Diego Martins,,Juazeiro do Norte,CE,2022-08-22 22:16:00
CUST-02189,Joao Ribeiro,joao.ribeiro_2189@email.com,Joao Pessoa,PB,2022-09-24 08:47:00
CUST-02190,Diego Oliveira,diego.oliveira_2190@email.com,Brasilia,DF,2023-09-22 03:25:00
CUST-02191,Rafael Souza,rafael.souza_2191@email.com,Teresina,PI,2020-04-29 22:37:00
CUST-02192,Fernanda Melo,fernanda.melo_2192@email.com,Santarem,PA,2020-09-13 17:25:00
CUST-02193,Fernanda Silva,fernanda.silva_2193@email.com,Sao Luis,MA,2020-03-01 18:46:00
CUST-02194,Carlos Souza,carlos.souza_2194@email.com,Parnaiba,PI,2022-02-12 13:26:00
CUST-02195,Ana Rodrigues,ana.rodrigues_2195@email.com,Manaus,AM,2020-03-06 04:50:00
CUST-02196,Lucas Lima,lucas.lima_2196@email.com,Caxias do Sul,RS,2022-05-17 17:14:00
CUST-02197,Bruno Moura,bruno.moura_2197@email.com,Parintins,AM,2023-07-25 09:17:00
CUST-02198,Beatriz Gomes,,Joao Pessoa,PB,2021-09-14 12:58:00
CUST-02199,Rafael Rodrigues,rafael.rodrigues_2199@email.com,Aparecida de Goiania,GO,2024-03-19 04:24:00
CUST-02200,Amanda Nascimento,amanda.nascimento_2200@email.com,Recife,PE,2021-11-16 11:37:00
CUST-02201,Marcos Araujo,marcos.araujo_2201@email.com,Londrina,PR,2021-03-19 17:20:00
CUST-02202,Camila Costa,camila.costa_2202@email.com,Campinas,SP,2024-05-15 09:59:00
CUST-02203,Larissa Melo,larissa.melo_2203@email.com,Santarem,PA,2024-03-26 07:14:00
CUST-02204,Bruno Lima,bruno.lima_2204@email.com,Juiz de Fora,MG,2021-02-09 04:22:00
CUST-02205,Beatriz Nascimento,beatriz.nascimento_2205@email.com,Belo Horizonte,MG,2023-11-10 00:18:00
CUST-02206,Camila Gomes,camila.gomes_2206@email.com,Osasco,SP,2023-12-01 16:51:00
CUST-02207,Pedro Souza,pedro.souza_2207@email.com,Goiania,GO,2020-06-21 10:05:00
CUST-02208,Lucas Carvalho,lucas.carvalho_2208@email.com,Juiz de Fora,MG,2024-06-23 17:04:00
CUST-02209,Joao Santos,joao.santos_2209@email.com,Varzea Grande,MT,2024-04-07 14:53:00
CUST-02210,Thiago Silva,thiago.silva_2210@email.com,Volta Redonda,RJ,2024-01-17 02:23:00
CUST-02211,Fernanda Silva,fernanda.silva_2211@email.com,Belem,PA,2021-11-17 20:44:00
CUST-02212,Ana Costa,ana.costa_2212@email.com,Blumenau,SC,2020-11-10 00:25:00
CUST-02213,Pedro Souza,pedro.souza_2213@email.com,Parintins,AM,2022-04-02 13:57:00
CUST-02214,Gabriela Rodrigues,gabriela.rodrigues_2214@email.com,Fortaleza,CE,2023-04-17 04:11:00
CUST-02215,Bruno Martins,bruno.martins_2215@email.com,Curitiba,PR,2020-06-03 03:48:00
CUST-02216,Thiago Gomes,thiago.gomes_2216@email.com,Olinda,PE,2022-11-24 12:07:00
CUST-02217,Lucas Moura,lucas.moura_2217@email.com,Jaboatao,PE,2021-09-15 05:32:00
CUST-02218,Rafael Moura,rafael.moura_2218@email.com,Campina Grande,PB,2021-01-30 08:11:00
CUST-02219,Lucas Carvalho,lucas.carvalho_2219@email.com,Petropolis,RJ,2021-07-20 21:36:00
CUST-02220,Carlos Moura,carlos.moura_2220@email.com,Varzea Grande,MT,2020-12-29 12:25:00
CUST-02221,Amanda Oliveira,amanda.oliveira_2221@email.com,Aparecida de Goiania,GO,2023-08-02 16:03:00
CUST-02222,Diego Gomes,diego.gomes_2222@email.com,Taguatinga,DF,2023-04-06 22:23:00
CUST-02223,Patricia Lima,patricia.lima_2223@email.com,Maringa,PR,2023-02-23 18:44:00
CUST-02224,Amanda Cardoso,amanda.cardoso_2224@email.com,Manaus,AM,2024-03-26 12:31:00
CUST-02225,Rafael Souza,rafael.souza_2225@email.com,Teresina,PI,2022-05-06 06:47:00
CUST-02226,Camila Lima,camila.lima_2226@email.com,Cuiaba,MT,2021-05-19 21:36:00
CUST-02227,Joao Martins,joao.martins_2227@email.com,Guarulhos,SP,2023-05-31 17:50:00
CUST-02228,Joao Ribeiro,joao.ribeiro_2228@email.com,Contagem,MG,2022-11-21 20:12:00
CUST-02229,Ana Pereira,,Vitoria,ES,2020-12-06 00:06:00
CUST-02230,Roberto Carvalho,roberto.carvalho_2230@email.com,,PA,2022-03-02 23:17:00
CUST-02231,Joao Rodrigues,joao.rodrigues_2231@email.com,Teresina,PI,2024-05-22 14:25:00
CUST-02232,Beatriz Rodrigues,beatriz.rodrigues_2232@email.com,Maringa,PR,2021-12-06 12:13:00
CUST-02233,Patricia Rodrigues,patricia.rodrigues_2233@email.com,Recife,PE,2021-03-16 12:52:00
CUST-02234,Gabriela Oliveira,gabriela.oliveira_2234@email.com,Parnaiba,PI,2021-08-21 18:29:00
CUST-02235,Patricia Silva,patricia.silva_2235@email.com,Contagem,MG,2020-03-08 03:24:00
CUST-02236,Bruno Nascimento,,Salvador,BA,2023-04-13 01:48:00
CUST-02237,Lucas Pereira,lucas.pereira_2237@email.com,Uberlandia,MG,2023-09-07 06:43:00
CUST-02238,Joao Gomes,joao.gomes_2238@email.com,Santarem,PA,2020-05-25 13:31:00
CUST-02239,Pedro Oliveira,pedro.oliveira_2239@email.com,Brasilia,DF,2023-03-30 20:45:00
CUST-02240,Ana Santos,ana.santos_2240@email.com,Teresina,PI,2022-12-20 17:53:00
CUST-02241,Joao Martins,joao.martins_2241@email.com,Parintins,AM,2020-03-22 07:18:00
CUST-02242,Fernanda Lima,fernanda.lima_2242@email.com,Porto Alegre,RS,2020-05-02 06:20:00
CUST-02243,Diego Santos,diego.santos_2243@email.com,Recife,PE,2023-04-26 03:13:00
CUST-02244,Pedro Oliveira,pedro.oliveira_2244@email.com,Varzea Grande,MT,2020-08-25 06:56:00
CUST-02245,Amanda Gomes,amanda.gomes_2245@email.com,Porto Alegre,RS,2020-01-09 05:59:00
CUST-02246,Rafael Oliveira,rafael.oliveira_2246@email.com,Maceio,AL,2022-09-19 22:04:00
CUST-02247,Diego Melo,diego.melo_2247@email.com,Brasilia,DF,2020-05-26 07:35:00
CUST-02248,Marcos Gomes,marcos.gomes_2248@email.com,Belo Horizonte,MG,2021-08-09 05:15:00
CUST-02249,Bruno Gomes,bruno.gomes_2249@email.com,Porto Alegre,RS,2020-04-15 13:38:00
CUST-02250,Larissa Oliveira,larissa.oliveira_2250@email.com,Manaus,AM,2024-03-31 20:31:00
CUST-02251,Ana Rodrigues,ana.rodrigues_2251@email.com,Sao Luis,MA,2023-04-10 17:38:00
CUST-02252,Gabriela Barbosa,gabriela.barbosa_2252@email.com,Taguatinga,DF,2023-05-09 07:03:00
CUST-02253,Joao Nascimento,joao.nascimento_2253@email.com,Santos,SP,2022-04-03 06:23:00
CUST-02254,Juliana Ferreira,juliana.ferreira_2254@email.com,Aparecida de Goiania,GO,2023-08-31 11:25:00
CUST-02255,Beatriz Martins,beatriz.martins_2255@email.com,Goiania,GO,2023-09-01 08:07:00
CUST-02256,Larissa Barbosa,larissa.barbosa_2256@email.com,Fortaleza,CE,2022-11-14 14:49:00
CUST-02257,Ana Carvalho,ana.carvalho_2257@email.com,Salvador,BA,2020-07-24 15:08:00
CUST-02258,Ana Melo,ana.melo_2258@email.com,Cuiaba,MT,2023-09-12 05:08:00
CUST-02259,Thiago Rodrigues,thiago.rodrigues_2259@email.com,Fortaleza,CE,2020-11-14 16:12:00
CUST-02260,Pedro Silva,pedro.silva_2260@email.com,Aparecida de Goiania,GO,2020-08-25 07:23:00
CUST-02261,Joao Pereira,joao.pereira_2261@email.com,Vitoria da Conquista,BA,2024-05-15 14:59:00
CUST-02262,Gabriela Nascimento,gabriela.nascimento_2262@email.com,Caxias do Sul,RS,2023-12-05 21:23:00
CUST-02263,Roberto Araujo,roberto.araujo_2263@email.com,,RN,2021-09-06 03:39:00
CUST-02264,Lucas Gomes,lucas.gomes_2264@email.com,Imperatriz,MA,2020-07-14 20:16:00
CUST-02265,Thiago Carvalho,thiago.carvalho_2265@email.com,Imperatriz,MA,2020-06-23 20:32:00
CUST-02266,Ana Martins,ana.martins_2266@email.com,Cuiaba,MT,2020-02-21 21:14:00
CUST-02267,Amanda Souza,amanda.souza_2267@email.com,Serra,ES,2022-06-29 08:59:00
CUST-02268,Larissa Moura,larissa.moura_2268@email.com,Juazeiro do Norte,CE,2022-10-06 11:37:00
CUST-02269,Ana Cardoso,ana.cardoso_2269@email.com,,PI,2022-05-30 18:40:00
CUST-02270,Bruno Rodrigues,bruno.rodrigues_2270@email.com,Petropolis,RJ,2022-03-06 10:26:00
CUST-02271,Lucas Araujo,lucas.araujo_2271@email.com,Vitoria,ES,2022-06-28 13:05:00
CUST-02272,Thiago Oliveira,thiago.oliveira_2272@email.com,Caucaia,CE,2022-11-14 08:12:00
CUST-02273,Roberto Moura,roberto.moura_2273@email.com,Mossoro,RN,2022-10-18 05:20:00
CUST-02274,Rafael Ferreira,rafael.ferreira_2274@email.com,Osasco,SP,2024-04-19 01:17:00
CUST-02275,Juliana Gomes,juliana.gomes_2275@email.com,Contagem,MG,2021-11-01 17:21:00
CUST-02276,Rafael Nascimento,rafael.nascimento_2276@email.com,Joinville,SC,2020-11-28 08:10:00
CUST-02277,Pedro Pereira,pedro.pereira_2277@email.com,Aparecida de Goiania,GO,2023-05-13 09:22:00
CUST-02278,Maria Costa,maria.costa_2278@email.com,Londrina,PR,2020-02-11 04:38:00
CUST-02279,Carlos Moura,carlos.moura_2279@email.com,Parintins,AM,2020-10-11 04:01:00
CUST-02280,Diego Araujo,diego.araujo_2280@email.com,Sao Luis,MA,2020-12-26 12:24:00
CUST-02281,Marcos Silva,marcos.silva_2281@email.com,Brasilia,DF,2020-09-05 07:37:00
CUST-02282,Rafael Cardoso,rafael.cardoso_2282@email.com,Curitiba,ZZ,2023-04-13 01:06:00
CUST-02283,Lucas Almeida,lucas.almeida_2283@email.com,Teresina,PI,2020-04-29 20:01:00
CUST-02284,Diego Souza,diego.souza_2284@email.com,Maringa,PR,2023-12-04 15:04:00
CUST-02285,Bruno Moura,bruno.moura_2285@email.com,Arapiraca,AL,2021-04-09 00:18:00
CUST-02286,Juliana Pereira,juliana.pereira_2286@email.com,Goiania,GO,2024-04-22 02:18:00
CUST-02287,Rafael Araujo,rafael.araujo_2287@email.com,Joinville,SC,2021-08-28 11:12:00
CUST-02288,Maria Araujo,maria.araujo_2288@email.com,Brasilia,DF,2020-12-28 21:30:00
CUST-02289,Juliana Silva,juliana.silva_2289@email.com,Manaus,AM,2023-01-26 01:26:00
CUST-02290,Juliana Rodrigues,juliana.rodrigues_2290@email.com,Belo Horizonte,MG,2022-06-23 00:24:00
CUST-02291,Fernanda Costa,fernanda.costa_2291@email.com,Mossoro,RN,2020-11-14 02:55:00
CUST-02292,Gabriela Gomes,gabriela.gomes_2292@email.com,Canoas,RS,2020-11-07 19:19:00
CUST-02293,Pedro Silva,pedro.silva_2293@email.com,Recife,PE,2024-03-20 17:36:00
CUST-02294,Maria Almeida,maria.almeida_2294@email.com,Caxias do Sul,RS,2022-02-17 19:13:00
CUST-02295,Thiago Lima,thiago.lima_2295@email.com,Canoas,RS,2023-03-13 02:56:00
CUST-02296,Gabriela Rodrigues,gabriela.rodrigues_2296@email.com,Florianopolis,SC,2021-12-24 05:44:00
CUST-02297,Rafael Ferreira,rafael.ferreira_2297@email.com,Parintins,AM,2020-10-22 15:11:00
CUST-02298,Bruno Pereira,bruno.pereira_2298@email.com,Ananindeua,PA,2021-10-05 12:39:00
CUST-02299,Beatriz Barbosa,beatriz.barbosa_2299@email.com,Mossoro,RN,2023-03-29 09:45:00
CUST-02300,Ana Gomes,ana.gomes_2300@email.com,Goiania,,2022-05-07 10:24:00
CUST-02301,Joao Rodrigues,joao.rodrigues_2301@email.com,Varzea Grande,MT,2022-05-05 22:31:00
CUST-02302,Camila Silva,camila.silva_2302@email.com,Londrina,PR,2020-10-10 02:08:00
CUST-02303,Rafael Carvalho,rafael.carvalho_2303@email.com,Teresina,PI,2021-08-22 15:29:00
CUST-02304,Rafael Ribeiro,rafael.ribeiro_2304@email.com,Cuiaba,MT,2022-11-30 09:44:00
CUST-02305,Ana Almeida,ana.almeida_2305@email.com,Volta Redonda,RJ,2020-10-21 07:12:00
CUST-02306,Juliana Santos,juliana.santos_2306@email.com,Serra,ES,2022-09-26 12:49:00
CUST-02307,Larissa Almeida,larissa.almeida_2307@email.com,Vitoria,ES,2022-12-01 13:12:00
CUST-02308,Maria Rodrigues,maria.rodrigues_2308@email.com,Sao Paulo,SP,2024-01-14 21:33:00
CUST-02309,Juliana Martins,juliana.martins_2309@email.com,Imperatriz,MA,2021-03-11 13:54:00
CUST-02310,Amanda Martins,,Serra,ES,2022-04-10 15:46:00
CUST-02311,Larissa Silva,larissa.silva_2311@email.com,Uberlandia,MG,2023-05-12 04:01:00
CUST-02312,Diego Lima,diego.lima_2312@email.com,Varzea Grande,MT,2022-01-26 02:58:00
CUST-02313,Bruno Santos,bruno.santos_2313@email.com,Teresina,PI,2021-08-20 12:07:00
CUST-02314,Gabriela Santos,gabriela.santos_2314@email.com,Mossoro,RN,2024-03-31 23:47:00
CUST-02315,Beatriz Oliveira,beatriz.oliveira_2315@email.com,Petropolis,RJ,2022-11-08 10:04:00
CUST-02316,Fernanda Barbosa,fernanda.barbosa_2316@email.com,Olinda,PE,2021-10-16 11:32:00
CUST-02317,Pedro Moura,pedro.moura_2317@email.com,Niteroi,RJ,2022-07-05 03:31:00
CUST-02318,Beatriz Santos,beatriz.santos_2318@email.com,Serra,ES,2023-09-07 03:25:00
CUST-02319,Marcos Souza,marcos.souza_2319@email.com,Brasilia,DF,2022-11-25 13:07:00
CUST-02320,Larissa Araujo,larissa.araujo_2320@email.com,Contagem,MG,2020-05-14 15:55:00
CUST-02321,Ana Costa,ana.costa_2321@email.com,Petropolis,RJ,2020-05-17 18:22:00
CUST-02322,Patricia Rodrigues,patricia.rodrigues_2322@email.com,Parintins,AM,2023-04-30 16:10:00
CUST-02323,Larissa Martins,larissa.martins_2323@email.com,Sao Luis,MA,2020-03-29 02:43:00
CUST-02324,Beatriz Carvalho,beatriz.carvalho_2324@email.com,,SC,2021-02-18 00:09:00
CUST-02325,Fernanda Ferreira,fernanda.ferreira_2325@email.com,Arapiraca,AL,2023-08-18 07:16:00
CUST-02326,Bruno Santos,bruno.santos_2326@email.com,Florianopolis,SC,2021-05-03 00:51:00
CUST-02327,Fernanda Silva,fernanda.silva_2327@email.com,Varzea Grande,MT,2023-08-01 14:48:00
CUST-02328,Carlos Melo,carlos.melo_2328@email.com,Juazeiro do Norte,CE,2024-04-05 16:18:00
CUST-02329,Juliana Melo,juliana.melo_2329@email.com,Pelotas,RS,2022-06-25 02:09:00
CUST-02330,Juliana Lima,juliana.lima_2330@email.com,Belo Horizonte,MG,2020-04-16 11:47:00
CUST-02331,Marcos Souza,marcos.souza_2331@email.com,Mossoro,RN,2023-10-20 18:37:00
CUST-02332,Larissa Ribeiro,larissa.ribeiro_2332@email.com,Natal,RN,2021-08-29 01:38:00
CUST-02333,Gabriela Pereira,gabriela.pereira_2333@email.com,Taguatinga,DF,2020-11-26 09:08:00
CUST-02334,Fernanda Araujo,fernanda.araujo_2334@email.com,Campina Grande,PB,2024-04-05 08:15:00
CUST-02335,Patricia Silva,patricia.silva_2335@email.com,Brasilia,DF,2021-11-16 15:50:00
CUST-02336,Maria Costa,maria.costa_2336@email.com,Teresina,PI,2020-11-06 13:00:00
CUST-02337,Pedro Rodrigues,pedro.rodrigues_2337@email.com,Osasco,SP,2021-11-19 19:29:00
CUST-02338,Lucas Costa,lucas.costa_2338@email.com,Cuiaba,MT,2021-01-17 03:18:00
CUST-02339,Marcos Nascimento,marcos.nascimento_2339@email.com,Parnaiba,PI,2022-04-26 20:24:00
CUST-02340,Juliana Silva,juliana.silva_2340@email.com,Sao Luis,MA,2023-09-08 13:27:00
CUST-02341,Gabriela Rodrigues,gabriela.rodrigues_2341@email.com,Goiania,GO,2024-01-15 15:42:00
CUST-02342,Ana Santos,ana.santos_2342@email.com,Pelotas,RS,2022-03-12 21:03:00
CUST-02343,Larissa Silva,larissa.silva_2343@email.com,Juiz de Fora,MG,2020-10-20 15:56:00
CUST-02344,Fernanda Santos,fernanda.santos_2344@email.com,Feira de Santana,BA,2023-09-04 06:24:00
CUST-02345,Ana Oliveira,ana.oliveira_2345@email.com,Brasilia,DF,2023-04-20 07:04:00
CUST-02346,Gabriela Souza,gabriela.souza_2346@email.com,Varzea Grande,MT,2020-12-21 16:41:00
CUST-02347,Beatriz Oliveira,beatriz.oliveira_2347@email.com,Caucaia,CE,2023-06-27 23:14:00
CUST-02348,Lucas Araujo,lucas.araujo_2348@email.com,Petropolis,RJ,2023-08-09 00:32:00
CUST-02349,Juliana Carvalho,juliana.carvalho_2349@email.com,Uberlandia,MG,2022-07-28 22:16:00
CUST-02350,Bruno Pereira,bruno.pereira_2350@email.com,Vitoria,ES,2023-01-28 06:43:00
CUST-02351,Roberto Carvalho,roberto.carvalho_2351@email.com,Fortaleza,CE,2020-07-12 17:37:00
CUST-02352,Rafael Rodrigues,rafael.rodrigues_2352@email.com,Vitoria da Conquista,BA,2023-08-19 00:48:00
CUST-02353,Marcos Carvalho,marcos.carvalho_2353@email.com,Feira de Santana,BA,2020-09-13 21:33:00
CUST-02354,Diego Pereira,diego.pereira_2354@email.com,Cuiaba,MT,2023-09-02 12:56:00
CUST-02355,Larissa Ferreira,larissa.ferreira_2355@email.com,Ponta Grossa,PR,2022-11-20 00:36:00
CUST-02356,Larissa Oliveira,larissa.oliveira_2356@email.com,Caruaru,PE,2023-05-18 21:57:00
CUST-02357,Patricia Gomes,patricia.gomes_2357@email.com,Cuiaba,MT,2021-11-30 19:30:00
CUST-02358,Juliana Carvalho,juliana.carvalho_2358@email.com,Mossoro,RN,2021-01-19 17:23:00
CUST-02359,Camila Silva,camila.silva_2359@email.com,Cuiaba,MT,2020-08-11 12:21:00
CUST-02360,Amanda Oliveira,amanda.oliveira_2360@email.com,Natal,RN,2021-12-19 02:34:00
CUST-02361,Maria Souza,maria.souza_2361@email.com,Varzea Grande,MT,2024-05-03 01:00:00
CUST-02362,Beatriz Lima,beatriz.lima_2362@email.com,Brasilia,DF,2022-10-03 11:40:00
CUST-02363,Lucas Silva,lucas.silva_2363@email.com,Vitoria,ES,2021-11-27 20:00:00
CUST-02364,Pedro Melo,pedro.melo_2364@email.com,Contagem,MG,2021-12-06 04:11:00
CUST-02365,Fernanda Carvalho,fernanda.carvalho_2365@email.com,,PR,2020-03-26 00:50:00
CUST-02366,Ana Rodrigues,ana.rodrigues_2366@email.com,Natal,RN,2021-06-15 22:51:00
CUST-02367,Bruno Pereira,bruno.pereira_2367@email.com,Parnaiba,PI,2021-10-30 15:56:00
CUST-02368,Rafael Martins,rafael.martins_2368@email.com,Juiz de Fora,MG,2022-10-12 08:03:00
CUST-02369,Fernanda Ribeiro,fernanda.ribeiro_2369@email.com,Campina Grande,PB,2021-07-28 12:41:00
CUST-02370,Bruno Barbosa,bruno.barbosa_2370@email.com,Parintins,AM,2024-02-27 07:42:00
CUST-02371,Carlos Carvalho,carlos.carvalho_2371@email.com,Aparecida de Goiania,GO,2021-05-07 04:01:00
CUST-02372,Bruno Barbosa,bruno.barbosa_2372@email.com,Vila Velha,ES,2023-08-25 13:49:00
CUST-02373,Beatriz Gomes,beatriz.gomes_2373@email.com,Brasilia,DF,2023-01-01 01:22:00
CUST-02374,Camila Santos,camila.santos_2374@email.com,Santos,SP,2020-12-04 23:52:00
CUST-02375,Patricia Almeida,patricia.almeida_2375@email.com,Sao Paulo,SP,2023-11-28 14:28:00
CUST-02376,Marcos Rodrigues,marcos.rodrigues_2376@email.com,Juazeiro do Norte,CE,2023-07-11 21:00:00
CUST-02377,Ana Oliveira,ana.oliveira_2377@email.com,Juazeiro do Norte,CE,2020-09-28 22:44:00
CUST-02378,Camila Silva,camila.silva_2378@email.com,Santos,SP,2020-05-12 04:58:00
CUST-02379,Beatriz Pereira,beatriz.pereira_2379@email.com,Serra,ES,2020-06-10 23:46:00
CUST-02380,Juliana Pereira,juliana.pereira_2380@email.com,Salvador,BA,2021-01-13 14:52:00
CUST-02381,Thiago Carvalho,thiago.carvalho_2381@email.com,Belem,PA,2020-04-14 16:23:00
CUST-02382,Gabriela Almeida,gabriela.almeida_2382@email.com,Natal,RN,2023-07-18 13:02:00
CUST-02383,Amanda Pereira,amanda.pereira_2383@email.com,Brasilia,DF,2022-01-02 10:48:00
CUST-02384,Patricia Santos,patricia.santos_2384@email.com,Juazeiro do Norte,CE,2022-07-22 06:15:00
CUST-02385,Larissa Souza,larissa.souza_2385@email.com,Vila Velha,ES,2022-05-16 23:46:00
CUST-02386,Beatriz Souza,beatriz.souza_2386@email.com,Ponta Grossa,PR,2024-05-23 20:28:00
CUST-02387,Ana Nascimento,ana.nascimento_2387@email.com,Joao Pessoa,PB,2021-05-07 00:50:00
CUST-02388,Roberto Costa,roberto.costa_2388@email.com,Juazeiro do Norte,CE,2023-12-29 10:46:00
CUST-02389,Juliana Carvalho,juliana.carvalho_2389@email.com,Brasilia,DF,2021-07-28 07:52:00
CUST-02390,Rafael Barbosa,rafael.barbosa_2390@email.com,Maceio,AL,2022-01-26 19:52:00
CUST-02391,Rafael Ribeiro,rafael.ribeiro_2391@email.com,Caucaia,CE,2021-05-19 08:08:00
CUST-02392,Bruno Araujo,bruno.araujo_2392@email.com,Mossoro,RN,2023-04-24 00:47:00
CUST-02393,Fernanda Oliveira,fernanda.oliveira_2393@email.com,Imperatriz,MA,2022-02-01 07:58:00
CUST-02394,Carlos Nascimento,carlos.nascimento_2394@email.com,Belo Horizonte,MG,2023-10-31 18:07:00
CUST-02395,Juliana Martins,juliana.martins_2395@email.com,Serra,ES,2020-11-27 16:07:00
CUST-02396,Roberto Oliveira,roberto.oliveira_2396@email.com,Manaus,AM,2020-07-19 18:35:00
CUST-02397,Amanda Oliveira,amanda.oliveira_2397@email.com,Caucaia,CE,2024-05-01 00:22:00
CUST-02398,Marcos Silva,marcos.silva_2398@email.com,Canoas,RS,2020-06-14 11:55:00
CUST-02399,,beatriz.lima_2399@email.com,,PE,2022-02-11 23:51:00
CUST-02400,Thiago Melo,thiago.melo_2400@email.com,Maceio,AL,2020-04-23 05:38:00
CUST-00843,,juliana.ribeiro_843@email.com,Vitoria,ES,2021-08-06 01:08:00
CUST-02402,Patricia Ribeiro,patricia.ribeiro_2402@email.com,Ananindeua,PA,2023-01-14 16:06:00
CUST-02403,Lucas Cardoso,lucas.cardoso_2403@email.com,Rio de Janeiro,RJ,2021-05-14 07:17:00
CUST-02404,Joao Cardoso,joao.cardoso_2404@email.com,Joao Pessoa,PB,2022-01-10 07:11:00
CUST-02405,Maria Martins,maria.martins_2405@email.com,Niteroi,RJ,2021-05-01 17:36:00
CUST-02406,Lucas Martins,lucas.martins_2406@email.com,Contagem,MG,2022-05-27 15:11:00
CUST-02407,Ana Ribeiro,ana.ribeiro_2407@email.com,Rio de Janeiro,RJ,2020-01-19 14:07:00
CUST-02408,Beatriz Cardoso,beatriz.cardoso_2408@email.com,Manaus,AM,2021-10-18 03:11:00
CUST-02409,Ana Barbosa,ana.barbosa_2409@email.com,Caruaru,PE,2021-06-26 20:19:00
CUST-02410,Bruno Carvalho,bruno.carvalho_2410@email.com,Aparecida de Goiania,GO,2023-05-13 05:29:00
CUST-02411,Maria Pereira,maria.pereira_2411@email.com,Parintins,AM,2022-10-21 13:48:00
CUST-02412,Lucas Nascimento,lucas.nascimento_2412@email.com,Canoas,RS,2024-05-08 14:34:00
CUST-02413,Bruno Ribeiro,bruno.ribeiro_2413@email.com,Fortaleza,CE,2024-03-10 09:52:00
CUST-02414,Juliana Almeida,juliana.almeida_2414@email.com,Niteroi,RJ,2020-05-20 09:19:00
CUST-02415,Carlos Melo,carlos.melo_2415@email.com,Campina Grande,XX,2024-05-14 03:43:00
CUST-02416,Joao Ribeiro,joao.ribeiro_2416@email.com,Sao Luis,MA,2022-05-13 06:56:00
CUST-02417,Marcos Silva,marcos.silva_2417@email.com,Parintins,AM,2022-11-11 15:59:00
CUST-02418,Larissa Cardoso,larissa.cardoso_2418@email.com,Campinas,??,2023-05-20 20:14:00
CUST-02419,Maria Ribeiro,maria.ribeiro_2419@email.com,Joao Pessoa,PB,2023-05-01 03:42:00
CUST-02420,Pedro Martins,pedro.martins_2420@email.com,Ponta Grossa,PR,2024-03-01 21:09:00
CUST-02421,Maria Cardoso,maria.cardoso_2421@email.com,Teresina,PI,2020-02-11 02:34:00
CUST-02422,Amanda Martins,amanda.martins_2422@email.com,Feira de Santana,BA,2024-02-02 23:33:00
CUST-02423,Marcos Gomes,marcos.gomes_2423@email.com,Santarem,PA,2020-10-03 03:31:00
CUST-02424,Beatriz Cardoso,beatriz.cardoso_2424@email.com,Salvador,BA,2023-02-06 19:34:00
CUST-02425,Diego Oliveira,diego.oliveira_2425@email.com,Salvador,BA,2022-04-12 07:06:00
CUST-02426,Joao Ferreira,joao.ferreira_2426@email.com,Manaus,AM,2024-03-05 13:06:00
CUST-02427,Roberto Carvalho,roberto.carvalho_2427@email.com,Parintins,AM,2021-03-08 16:54:00
CUST-02428,Larissa Barbosa,larissa.barbosa_2428@email.com,Teresina,PI,2020-01-27 15:04:00
CUST-02429,Bruno Almeida,bruno.almeida_2429@email.com,Parintins,AM,2021-02-02 13:58:00
CUST-02430,Maria Melo,maria.melo_2430@email.com,Salvador,BA,2021-09-27 22:38:00
CUST-02431,Marcos Ferreira,marcos.ferreira_2431@email.com,Niteroi,RJ,2021-11-30 22:26:00
CUST-02432,Roberto Nascimento,roberto.nascimento_2432@email.com,Juazeiro do Norte,CE,2021-03-22 19:40:00
CUST-02433,Camila Costa,camila.costa_2433@email.com,Caxias do Sul,RS,2021-10-22 17:56:00
CUST-02434,Marcos Carvalho,marcos.carvalho_2434@email.com,Juiz de Fora,MG,2021-01-19 12:51:00
CUST-02435,Thiago Martins,thiago.martins_2435@email.com,Rio de Janeiro,RJ,2024-05-01 17:16:00
CUST-02436,Joao Costa,joao.costa_2436@email.com,,SC,2022-08-21 19:25:00
CUST-02437,Roberto Santos,roberto.santos_2437@email.com,Arapiraca,AL,2023-01-07 14:08:00
CUST-02438,Pedro Cardoso,pedro.cardoso_2438@email.com,Santarem,PA,2023-07-26 06:21:00
CUST-02439,Larissa Barbosa,larissa.barbosa_2439@email.com,Contagem,MG,2022-05-28 14:01:00
CUST-02440,Joao Melo,joao.melo_2440@email.com,Natal,RN,2020-09-28 20:10:00
CUST-02441,Joao Moura,joao.moura_2441@email.com,Maringa,PR,2023-10-11 07:11:00
CUST-02442,Camila Gomes,camila.gomes_2442@email.com,Caucaia,CE,2021-07-03 05:18:00
CUST-01261,Thiago Nascimento,thiago.nascimento_1261@email.com,Belem,PA,2021-10-20 07:10:00
CUST-02444,Bruno Oliveira,bruno.oliveira_2444@email.com,Vila Velha,ES,2021-07-15 00:39:00
CUST-02445,Joao Gomes,joao.gomes_2445@email.com,Parnaiba,PI,2022-08-15 01:20:00
CUST-02446,Rafael Costa,rafael.costa_2446@email.com,Sao Luis,MA,2022-02-28 02:42:00
CUST-02447,Fernanda Costa,fernanda.costa_2447@email.com,Belo Horizonte,MG,2020-03-13 20:11:00
CUST-02448,Larissa Martins,larissa.martins_2448@email.com,Caucaia,CE,2023-03-13 11:14:00
CUST-02449,Larissa Oliveira,larissa.oliveira_2449@email.com,Juazeiro do Norte,CE,2021-01-27 19:43:00
CUST-02450,Lucas Gomes,lucas.gomes_2450@email.com,Osasco,SP,2023-10-11 05:32:00
CUST-02451,Diego Almeida,diego.almeida_2451@email.com,Olinda,PE,2021-06-11 06:30:00
CUST-02452,Gabriela Martins,gabriela.martins_2452@email.com,Goiania,GO,2022-01-11 09:11:00
CUST-02453,Thiago Ferreira,thiago.ferreira_2453@email.com,Sao Luis,MA,2021-07-04 06:21:00
CUST-02454,Bruno Ferreira,bruno.ferreira_2454@email.com,Osasco,SP,2022-02-03 19:17:00
CUST-02455,Lucas Nascimento,lucas.nascimento_2455@email.com,Natal,RN,2021-10-22 19:06:00
CUST-02456,Camila Santos,camila.santos_2456@email.com,Mossoro,RN,2023-04-27 18:21:00
CUST-02457,Thiago Barbosa,thiago.barbosa_2457@email.com,Belem,PA,2023-08-14 12:42:00
CUST-02458,Diego Araujo,diego.araujo_2458@email.com,,PB,2022-07-26 22:54:00
CUST-02459,Amanda Santos,amanda.santos_2459@email.com,Guarulhos,SP,2024-04-02 06:51:00
CUST-02460,Patricia Souza,patricia.souza_2460@email.com,Arapiraca,AL,2023-08-29 10:04:00
CUST-02461,Ana Souza,ana.souza_2461@email.com,Varzea Grande,MT,2021-02-22 09:44:00
CUST-02462,Roberto Carvalho,roberto.carvalho_2462@email.com,Olinda,PE,2024-04-04 00:41:00
CUST-02463,Diego Nascimento,diego.nascimento_2463@email.com,Joinville,SC,2024-03-14 08:57:00
CUST-02464,Maria Melo,maria.melo_2464@email.com,Ponta Grossa,PR,2021-09-07 01:54:00
CUST-02465,Pedro Pereira,pedro.pereira_2465@email.com,Pelotas,RS,2022-02-09 09:32:00
CUST-02466,Lucas Barbosa,lucas.barbosa_2466@email.com,Contagem,MG,2020-04-16 21:24:00
CUST-02467,Gabriela Ribeiro,gabriela.ribeiro_2467@email.com,Olinda,PE,2020-10-16 14:35:00
CUST-02468,Roberto Costa,roberto.costa_2468@email.com,,PI,2022-10-28 11:09:00
CUST-02469,Bruno Barbosa,bruno.barbosa_2469@email.com,Mossoro,RN,2020-04-15 06:47:00
CUST-02470,Beatriz Gomes,beatriz.gomes_2470@email.com,Manaus,AM,2022-02-12 23:47:00
CUST-02471,Joao Cardoso,joao.cardoso_2471@email.com,Fortaleza,CE,2020-06-30 15:45:00
CUST-02472,Lucas Souza,lucas.souza_2472@email.com,Volta Redonda,RJ,2020-12-20 21:26:00
CUST-02473,Lucas Martins,lucas.martins_2473@email.com,Canoas,RS,2023-05-24 15:52:00
CUST-02474,Marcos Ribeiro,marcos.ribeiro_2474@email.com,Mossoro,RN,2023-12-30 10:08:00
CUST-02475,Fernanda Araujo,fernanda.araujo_2475@email.com,Parnaiba,PI,2024-05-24 07:30:00
CUST-02476,Diego Cardoso,diego.cardoso_2476@email.com,Campina Grande,PB,2022-05-12 14:22:00
CUST-02477,Roberto Araujo,roberto.araujo_2477@email.com,Juiz de Fora,MG,2023-08-27 06:03:00
CUST-02478,Pedro Santos,pedro.santos_2478@email.com,Brasilia,DF,2024-01-26 16:09:00
CUST-02479,Rafael Lima,rafael.lima_2479@email.com,Juazeiro do Norte,CE,2022-01-18 07:21:00
CUST-02480,Juliana Carvalho,juliana.carvalho_2480@email.com,Londrina,PR,2020-03-16 08:29:00
CUST-02481,Maria Oliveira,maria.oliveira_2481@email.com,Osasco,SP,2022-05-13 02:05:00
CUST-02482,Camila Oliveira,camila.oliveira_2482@email.com,Taguatinga,DF,2022-07-06 08:25:00
CUST-02483,Rafael Gomes,rafael.gomes_2483@email.com,Manaus,AM,2022-11-12 15:42:00
CUST-02484,Patricia Nascimento,patricia.nascimento_2484@email.com,Santos,SP,2020-10-28 22:39:00
CUST-02485,Juliana Ribeiro,juliana.ribeiro_2485@email.com,,SP,2020-05-18 08:45:00
CUST-02486,Lucas Silva,lucas.silva_2486@email.com,Londrina,PR,2020-02-05 10:17:00
CUST-02487,Roberto Cardoso,roberto.cardoso_2487@email.com,Natal,RN,2020-06-29 17:24:00
CUST-02488,Rafael Melo,rafael.melo_2488@email.com,Joao Pessoa,PB,2022-07-18 23:47:00
CUST-02489,Carlos Lima,carlos.lima_2489@email.com,,AL,2021-06-21 09:06:00
CUST-02490,Lucas Barbosa,lucas.barbosa_2490@email.com,Campinas,SP,2023-10-28 22:48:00
CUST-02491,Rafael Melo,rafael.melo_2491@email.com,Parintins,AM,2022-11-01 21:12:00
CUST-02492,Bruno Barbosa,bruno.barbosa_2492@email.com,Campinas,SP,2020-06-09 11:13:00
CUST-02493,Carlos Souza,carlos.souza_2493@email.com,Taguatinga,DF,2023-03-28 16:19:00
CUST-02494,Thiago Martins,thiago.martins_2494@email.com,Uberlandia,MG,2022-08-01 11:48:00
CUST-02495,Fernanda Cardoso,fernanda.cardoso_2495@email.com,Brasilia,DF,2023-03-17 02:35:00
CUST-02496,Fernanda Cardoso,fernanda.cardoso_2496@email.com,Rio de Janeiro,RJ,2020-12-20 09:58:00
CUST-02497,Roberto Ribeiro,roberto.ribeiro_2497@email.com,Curitiba,PR,2023-04-18 23:59:00
CUST-02498,Maria Barbosa,maria.barbosa_2498@email.com,Salvador,BA,2024-01-22 12:05:00
CUST-02499,Maria Costa,maria.costa_2499@email.com,Jaboatao,PE,2021-04-02 01:12:00
CUST-02500,Rafael Silva,rafael.silva_2500@email.com,Petropolis,RJ,2024-02-25 13:23:00
CUST-02501,Camila Costa,camila.costa_2501@email.com,Taguatinga,DF,2021-10-28 09:07:00
CUST-02502,Roberto Nascimento,roberto.nascimento_2502@email.com,Cuiaba,MT,2020-11-08 01:26:00
CUST-02503,Roberto Souza,,Sao Luis,MA,2022-02-18 22:39:00
CUST-02504,Pedro Barbosa,pedro.barbosa_2504@email.com,Belo Horizonte,MG,2023-01-01 04:26:00
CUST-02505,Juliana Oliveira,juliana.oliveira_2505@email.com,Maceio,AL,2022-02-19 19:36:00
CUST-02506,Ana Barbosa,ana.barbosa_2506@email.com,Joao Pessoa,PB,2020-01-08 00:22:00
CUST-02507,Juliana Ribeiro,juliana.ribeiro_2507@email.com,Teresina,PI,2020-11-19 04:01:00
CUST-02508,Beatriz Cardoso,beatriz.cardoso_2508@email.com,Volta Redonda,RJ,2020-09-07 04:39:00
CUST-02509,Rafael Costa,rafael.costa_2509@email.com,Goiania,GO,2023-08-08 00:45:00
CUST-02510,Ana Martins,ana.martins_2510@email.com,Canoas,RS,2020-01-27 13:50:00
CUST-02511,Marcos Lima,marcos.lima_2511@email.com,Aparecida de Goiania,GO,2024-01-10 18:01:00
CUST-02512,Gabriela Nascimento,gabriela.nascimento_2512@email.com,Belem,PA,2022-03-07 10:40:00
CUST-02513,Juliana Pereira,juliana.pereira_2513@email.com,Aparecida de Goiania,GO,2022-02-19 11:27:00
CUST-02514,Maria Almeida,maria.almeida_2514@email.com,Brasilia,DF,2023-04-26 00:56:00
CUST-02515,Fernanda Cardoso,fernanda.cardoso_2515@email.com,Belo Horizonte,MG,2022-07-04 02:48:00
CUST-02516,Fernanda Barbosa,,Teresina,PI,2022-12-03 18:51:00
CUST-02517,Lucas Cardoso,lucas.cardoso_2517@email.com,Blumenau,SC,2020-09-06 08:29:00
CUST-02518,Bruno Pereira,bruno.pereira_2518@email.com,Teresina,PI,2024-02-15 13:30:00
CUST-02519,Amanda Costa,amanda.costa_2519@email.com,Recife,PE,2021-06-07 16:48:00
CUST-02520,Gabriela Carvalho,gabriela.carvalho_2520@email.com,Arapiraca,AL,2022-01-22 21:42:00
CUST-02521,Carlos Barbosa,carlos.barbosa_2521@email.com,Cuiaba,MT,2021-03-23 04:15:00
CUST-02522,Pedro Carvalho,pedro.carvalho_2522@email.com,Goiania,GO,2022-05-15 15:58:00
CUST-02523,Gabriela Silva,gabriela.silva_2523@email.com,Parintins,AM,2021-07-04 23:17:00
CUST-02524,Amanda Melo,amanda.melo_2524@email.com,Parnaiba,PI,2021-10-22 11:43:00
CUST-02525,Carlos Barbosa,carlos.barbosa_2525@email.com,Blumenau,SC,2023-11-05 02:45:00
CUST-02526,Carlos Carvalho,carlos.carvalho_2526@email.com,Imperatriz,MA,2023-06-21 15:27:00
CUST-02527,Lucas Lima,lucas.lima_2527@email.com,Ananindeua,PA,2022-06-11 09:56:00
CUST-02528,Larissa Araujo,larissa.araujo_2528@email.com,,BA,2023-03-04 06:22:00
CUST-02529,Pedro Souza,pedro.souza_2529@email.com,Maceio,AL,2022-08-31 20:40:00
CUST-02530,Beatriz Rodrigues,beatriz.rodrigues_2530@email.com,Caxias do Sul,RS,2023-09-19 19:10:00
CUST-02531,Diego Cardoso,diego.cardoso_2531@email.com,Mossoro,RN,2020-06-18 20:55:00
CUST-02532,Beatriz Silva,beatriz.silva_2532@email.com,,AL,2021-11-14 07:28:00
CUST-02533,Gabriela Martins,gabriela.martins_2533@email.com,Caucaia,CE,2022-05-03 00:22:00
CUST-02534,Juliana Martins,juliana.martins_2534@email.com,Juazeiro do Norte,CE,2022-04-05 20:44:00
CUST-02535,Juliana Santos,juliana.santos_2535@email.com,Canoas,RS,2023-07-02 18:04:00
CUST-02536,Juliana Barbosa,juliana.barbosa_2536@email.com,Vitoria da Conquista,BA,2022-10-23 11:47:00
CUST-02537,Maria Ribeiro,maria.ribeiro_2537@email.com,Niteroi,RJ,2023-02-14 07:55:00
CUST-02538,Patricia Costa,patricia.costa_2538@email.com,Guarulhos,SP,2021-06-16 06:38:00
CUST-02539,Marcos Barbosa,marcos.barbosa_2539@email.com,Aparecida de Goiania,XX,2020-06-17 21:50:00
CUST-02540,Roberto Barbosa,roberto.barbosa_2540@email.com,Teresina,PI,2021-07-21 09:06:00
CUST-02541,Camila Almeida,camila.almeida_2541@email.com,Sao Luis,MA,2023-10-10 07:33:00
CUST-02542,Amanda Melo,amanda.melo_2542@email.com,Blumenau,SC,2020-03-16 15:01:00
CUST-02543,Rafael Moura,rafael.moura_2543@email.com,Aparecida de Goiania,GO,2024-04-17 13:34:00
CUST-02385,Larissa Souza,larissa.souza_2385@email.com,Vila Velha,ES,2022-05-16 23:46:00
CUST-02545,Pedro Melo,pedro.melo_2545@email.com,Santarem,PA,2022-01-07 18:29:00
CUST-02546,Pedro Santos,pedro.santos_2546@email.com,Vitoria,ES,2024-04-18 09:39:00
CUST-02547,Maria Lima,maria.lima_2547@email.com,Belem,PA,2022-10-21 10:25:00
CUST-02548,Lucas Costa,lucas.costa_2548@email.com,Belem,PA,2021-11-04 20:23:00
CUST-02549,Roberto Costa,roberto.costa_2549@email.com,Vitoria,ES,2020-02-06 21:47:00
CUST-02550,Marcos Moura,marcos.moura_2550@email.com,Parnaiba,PI,2020-03-31 04:50:00
CUST-02551,Joao Almeida,joao.almeida_2551@email.com,Arapiraca,AL,2021-09-10 14:00:00
CUST-02552,Patricia Souza,patricia.souza_2552@email.com,Sao Luis,MA,2021-06-05 23:31:00
CUST-02553,Lucas Gomes,lucas.gomes_2553@email.com,Parnaiba,PI,2023-12-30 06:31:00
CUST-02554,Larissa Santos,larissa.santos_2554@email.com,Imperatriz,MA,2022-07-31 11:39:00
CUST-02555,Joao Araujo,joao.araujo_2555@email.com,Sao Paulo,SP,2020-03-09 15:34:00
CUST-02556,Gabriela Costa,gabriela.costa_2556@email.com,Manaus,AM,2022-01-17 18:51:00
CUST-02557,Thiago Nascimento,thiago.nascimento_2557@email.com,Juazeiro do Norte,CE,2022-09-23 07:23:00
CUST-02558,Pedro Melo,pedro.melo_2558@email.com,Aparecida de Goiania,GO,2021-03-13 07:51:00
CUST-02559,Fernanda Moura,,Goiania,GO,2020-12-03 15:40:00
CUST-02560,Diego Martins,diego.martins_2560@email.com,Sao Luis,MA,2022-04-27 14:49:00
CUST-02561,Gabriela Silva,gabriela.silva_2561@email.com,Juiz de Fora,MG,2022-07-23 21:46:00
CUST-02562,Diego Ribeiro,diego.ribeiro_2562@email.com,Caucaia,CE,2021-12-02 05:42:00
CUST-02563,Marcos Nascimento,marcos.nascimento_2563@email.com,Manaus,AM,2024-04-12 16:24:00
CUST-02564,Maria Rodrigues,maria.rodrigues_2564@email.com,Manaus,AM,2023-09-08 05:20:00
CUST-02565,Maria Souza,maria.souza_2565@email.com,Ponta Grossa,PR,2021-11-13 19:55:00
CUST-02566,Camila Araujo,camila.araujo_2566@email.com,Imperatriz,MA,2021-01-05 11:43:00
CUST-02567,Rafael Oliveira,rafael.oliveira_2567@email.com,Joinville,SC,2023-11-26 10:05:00
CUST-02568,,patricia.almeida_2568@email.com,Caruaru,PE,2023-08-20 20:34:00
CUST-02569,Amanda Almeida,amanda.almeida_2569@email.com,Vitoria da Conquista,BA,2024-05-13 08:55:00
CUST-02570,Beatriz Martins,beatriz.martins_2570@email.com,Natal,RN,2021-02-10 07:20:00
CUST-02571,Joao Souza,joao.souza_2571@email.com,Belem,PA,2022-11-06 15:56:00
CUST-02572,Patricia Melo,patricia.melo_2572@email.com,Campina Grande,PB,2020-08-10 17:15:00
CUST-02573,Juliana Moura,juliana.moura_2573@email.com,Vila Velha,ES,2022-05-02 05:06:00
CUST-02574,Pedro Gomes,pedro.gomes_2574@email.com,Natal,RN,2022-10-23 12:52:00
CUST-02575,Pedro Pereira,pedro.pereira_2575@email.com,Teresina,PI,2022-03-31 08:39:00
CUST-02576,Rafael Souza,rafael.souza_2576@email.com,Parintins,AM,2021-04-17 19:43:00
CUST-02577,Beatriz Nascimento,beatriz.nascimento_2577@email.com,Guarulhos,SP,2021-09-03 04:21:00
CUST-02578,Roberto Araujo,roberto.araujo_2578@email.com,Vitoria da Conquista,BA,2020-07-23 06:25:00
CUST-02579,,amanda.martins_2579@email.com,Cuiaba,MT,2021-05-20 02:38:00
CUST-02580,Larissa Rodrigues,larissa.rodrigues_2580@email.com,Juazeiro do Norte,CE,2020-08-19 13:36:00
CUST-02581,Gabriela Araujo,gabriela.araujo_2581@email.com,Osasco,ZZ,2023-01-21 07:48:00
CUST-02582,,fernanda.moura_2582@email.com,Arapiraca,AL,2020-06-21 15:19:00
CUST-02583,Larissa Nascimento,larissa.nascimento_2583@email.com,Joinville,SC,2020-06-15 09:03:00
CUST-02584,Thiago Pereira,thiago.pereira_2584@email.com,Uberlandia,MG,2022-09-14 18:37:00
CUST-02585,Camila Moura,camila.moura_2585@email.com,Campinas,SP,2021-01-28 01:22:00
CUST-00382,Patricia Araujo,patricia.araujo_382@email.com,Joinville,SC,2021-07-28 04:57:00
CUST-02587,Thiago Pereira,thiago.pereira_2587@email.com,Campina Grande,PB,2023-02-18 08:07:00
CUST-02588,Larissa Araujo,larissa.araujo_2588@email.com,,MT,2021-09-27 10:41:00
CUST-02589,Lucas Oliveira,lucas.oliveira_2589@email.com,Parnaiba,PI,2023-04-03 13:47:00
CUST-02590,Marcos Lima,marcos.lima_2590@email.com,Vila Velha,ES,2022-12-28 01:37:00
CUST-02591,Fernanda Souza,fernanda.souza_2591@email.com,Imperatriz,MA,2020-11-28 15:03:00
CUST-02592,Amanda Ribeiro,amanda.ribeiro_2592@email.com,Serra,ES,2020-08-03 03:03:00
CUST-02593,Larissa Gomes,larissa.gomes_2593@email.com,Mossoro,RN,2020-11-02 16:36:00
CUST-02594,Carlos Martins,carlos.martins_2594@email.com,Vitoria,ES,2020-02-20 06:37:00
CUST-02595,Gabriela Lima,gabriela.lima_2595@email.com,Osasco,SP,2022-06-07 12:46:00
CUST-02596,Diego Oliveira,diego.oliveira_2596@email.com,Teresina,PI,2024-04-20 14:56:00
CUST-02597,Patricia Moura,patricia.moura_2597@email.com,Vila Velha,ES,2022-04-12 04:24:00
CUST-02598,Patricia Nascimento,patricia.nascimento_2598@email.com,Caucaia,CE,2020-06-23 01:28:00
CUST-02599,Joao Rodrigues,joao.rodrigues_2599@email.com,Caucaia,CE,2023-08-30 05:18:00
CUST-02600,Lucas Almeida,lucas.almeida_2600@email.com,Jaboatao,PE,2021-04-15 08:17:00
CUST-02601,Larissa Silva,larissa.silva_2601@email.com,Joao Pessoa,PB,2021-04-09 21:58:00
CUST-02602,Roberto Ribeiro,roberto.ribeiro_2602@email.com,Guarulhos,SP,2020-10-14 19:19:00
CUST-02603,Gabriela Costa,gabriela.costa_2603@email.com,Uberlandia,MG,2021-06-26 08:33:00
CUST-02604,Rafael Cardoso,rafael.cardoso_2604@email.com,Varzea Grande,MT,2024-03-23 16:50:00
CUST-02605,Carlos Ribeiro,carlos.ribeiro_2605@email.com,Santos,SP,2022-06-28 13:48:00
CUST-02606,Bruno Costa,bruno.costa_2606@email.com,Sao Luis,MA,2023-07-29 14:34:00
CUST-02607,Carlos Santos,carlos.santos_2607@email.com,Joao Pessoa,PB,2022-09-11 01:57:00
CUST-02608,Thiago Martins,thiago.martins_2608@email.com,Juiz de Fora,MG,2023-01-10 15:36:00
CUST-02609,Carlos Barbosa,carlos.barbosa_2609@email.com,Arapiraca,AL,2021-09-26 18:23:00
CUST-02610,Amanda Souza,amanda.souza_2610@email.com,Manaus,AM,2021-04-25 06:48:00
CUST-02611,Marcos Silva,,Curitiba,PR,2023-11-03 02:09:00
CUST-02612,Carlos Silva,carlos.silva_2612@email.com,Campinas,SP,2022-03-26 08:33:00
CUST-02613,Maria Santos,maria.santos_2613@email.com,Natal,RN,2024-02-23 00:49:00
CUST-02614,Carlos Martins,carlos.martins_2614@email.com,Feira de Santana,BA,2024-01-17 12:03:00
CUST-02615,Rafael Cardoso,rafael.cardoso_2615@email.com,Mossoro,RN,2022-10-07 04:57:00
CUST-02616,Thiago Almeida,thiago.almeida_2616@email.com,Juazeiro do Norte,XX,2021-11-18 14:38:00
CUST-02617,Juliana Martins,juliana.martins_2617@email.com,Caxias do Sul,RS,2023-06-25 20:29:00
CUST-02618,Bruno Santos,bruno.santos_2618@email.com,Sao Paulo,SP,2023-10-02 04:01:00
CUST-02619,Bruno Oliveira,bruno.oliveira_2619@email.com,Brasilia,DF,2021-12-23 04:15:00
CUST-02620,,juliana.nascimento_2620@email.com,Juazeiro do Norte,CE,2022-09-03 18:21:00
CUST-02621,Amanda Souza,amanda.souza_2621@email.com,Maceio,AL,2020-09-12 02:27:00
CUST-02622,Maria Gomes,maria.gomes_2622@email.com,Caruaru,PE,2022-07-30 09:44:00
CUST-02623,Carlos Gomes,carlos.gomes_2623@email.com,Feira de Santana,BA,2021-12-09 19:05:00
CUST-02624,Maria Ferreira,maria.ferreira_2624@email.com,Maceio,AL,2022-07-09 07:48:00
CUST-02625,Marcos Ferreira,marcos.ferreira_2625@email.com,Parintins,AM,2021-12-02 09:39:00
CUST-02626,Marcos Ferreira,marcos.ferreira_2626@email.com,Serra,ES,2024-03-21 22:54:00
CUST-02627,Gabriela Santos,gabriela.santos_2627@email.com,Sao Luis,MA,2022-12-29 20:01:00
CUST-02628,Rafael Melo,rafael.melo_2628@email.com,Sao Luis,MA,2021-08-10 00:38:00
CUST-02629,Bruno Melo,bruno.melo_2629@email.com,Contagem,MG,2024-05-14 22:53:00
CUST-02630,Bruno Lima,bruno.lima_2630@email.com,Caxias do Sul,RS,2023-05-04 02:45:00
CUST-02631,Pedro Souza,pedro.souza_2631@email.com,Santarem,PA,2022-07-31 05:52:00
CUST-02632,Rafael Oliveira,rafael.oliveira_2632@email.com,Ponta Grossa,PR,2020-01-24 20:04:00
CUST-02633,Juliana Moura,juliana.moura_2633@email.com,Arapiraca,AL,2022-07-07 09:10:00
CUST-02634,Camila Moura,camila.moura_2634@email.com,Londrina,PR,2020-06-17 11:15:00
CUST-02635,Carlos Ferreira,carlos.ferreira_2635@email.com,Brasilia,DF,2022-04-04 10:00:00
CUST-02636,Juliana Moura,juliana.moura_2636@email.com,Niteroi,RJ,2022-07-17 13:04:00
CUST-02637,Juliana Araujo,juliana.araujo_2637@email.com,Imperatriz,MA,2020-04-17 22:58:00
CUST-02638,Lucas Souza,lucas.souza_2638@email.com,Sao Luis,MA,2022-06-05 14:23:00
CUST-02639,Lucas Moura,lucas.moura_2639@email.com,Santarem,PA,2021-10-16 06:47:00
CUST-02640,Bruno Ferreira,bruno.ferreira_2640@email.com,Teresina,PI,2024-06-22 16:06:00
CUST-02641,Ana Melo,ana.melo_2641@email.com,Fortaleza,CE,2021-01-05 07:27:00
CUST-02642,Carlos Rodrigues,carlos.rodrigues_2642@email.com,Sao Luis,MA,2021-01-25 22:52:00
CUST-02643,Pedro Pereira,pedro.pereira_2643@email.com,Vitoria,ES,2020-09-27 10:06:00
CUST-02644,Maria Ribeiro,maria.ribeiro_2644@email.com,Guarulhos,SP,2021-06-30 20:44:00
CUST-02645,Juliana Rodrigues,juliana.rodrigues_2645@email.com,Petropolis,RJ,2020-05-25 02:37:00
CUST-02646,Bruno Ribeiro,bruno.ribeiro_2646@email.com,Brasilia,DF,2022-09-22 16:04:00
CUST-02647,Lucas Ribeiro,lucas.ribeiro_2647@email.com,Teresina,PI,2021-06-04 02:39:00
CUST-02648,Camila Melo,camila.melo_2648@email.com,Natal,RN,2022-06-04 07:11:00
CUST-02649,Beatriz Carvalho,beatriz.carvalho_2649@email.com,Maceio,AL,2020-06-01 21:42:00
CUST-02650,,diego.pereira_2650@email.com,Varzea Grande,MT,2021-10-02 01:18:00
CUST-02651,Camila Moura,camila.moura_2651@email.com,Porto Alegre,RS,2022-07-01 14:56:00
CUST-02652,Fernanda Almeida,fernanda.almeida_2652@email.com,Juiz de Fora,MG,2023-04-29 01:06:00
CUST-02653,Rafael Carvalho,rafael.carvalho_2653@email.com,Rio de Janeiro,RJ,2022-11-17 16:32:00
CUST-02654,Thiago Moura,thiago.moura_2654@email.com,Cuiaba,MT,2021-05-12 17:33:00
CUST-02655,Gabriela Melo,gabriela.melo_2655@email.com,Feira de Santana,BA,2022-05-11 19:02:00
CUST-02656,Amanda Martins,amanda.martins_2656@email.com,Goiania,GO,2020-12-26 16:02:00
CUST-02657,,juliana.melo_2657@email.com,Guarulhos,SP,2021-08-17 14:09:00
CUST-02658,,fernanda.ribeiro_2658@email.com,Caruaru,PE,2020-02-28 17:14:00
CUST-02659,Roberto Araujo,roberto.araujo_2659@email.com,Volta Redonda,RJ,2020-07-30 20:16:00
CUST-02660,Roberto Cardoso,roberto.cardoso_2660@email.com,Aparecida de Goiania,GO,2020-03-13 13:24:00
CUST-02661,Patricia Ribeiro,patricia.ribeiro_2661@email.com,Arapiraca,AL,2021-09-15 11:27:00
CUST-02662,Roberto Ribeiro,roberto.ribeiro_2662@email.com,Petropolis,RJ,2020-04-09 20:41:00
CUST-02663,Amanda Rodrigues,,Vitoria,ES,2021-11-09 06:15:00
CUST-02664,Marcos Pereira,,Mossoro,RN,2023-04-27 05:53:00
CUST-02665,Bruno Gomes,bruno.gomes_2665@email.com,Manaus,XX,2020-10-10 11:52:00
CUST-02666,Camila Silva,camila.silva_2666@email.com,Imperatriz,MA,2024-03-04 23:02:00
CUST-02667,Amanda Melo,amanda.melo_2667@email.com,Teresina,PI,2020-07-18 12:13:00
CUST-02668,Rafael Pereira,rafael.pereira_2668@email.com,Campinas,SP,2021-04-02 10:10:00
CUST-02669,Roberto Pereira,roberto.pereira_2669@email.com,Taguatinga,DF,2023-03-09 18:41:00
CUST-02670,Beatriz Carvalho,beatriz.carvalho_2670@email.com,Parintins,AM,2022-12-04 19:51:00
CUST-02671,Juliana Costa,juliana.costa_2671@email.com,Joao Pessoa,PB,2021-05-26 01:08:00
CUST-02672,Pedro Ribeiro,pedro.ribeiro_2672@email.com,Caucaia,CE,2022-01-06 02:42:00
CUST-02673,Beatriz Souza,beatriz.souza_2673@email.com,Goiania,GO,2020-01-25 10:04:00
CUST-02674,Diego Santos,diego.santos_2674@email.com,Parintins,AM,2022-12-15 17:18:00
CUST-02675,Roberto Santos,roberto.santos_2675@email.com,Ananindeua,PA,2022-03-11 19:20:00
CUST-02676,Rafael Gomes,rafael.gomes_2676@email.com,Varzea Grande,MT,2021-05-29 17:34:00
CUST-02677,Maria Pereira,maria.pereira_2677@email.com,Joao Pessoa,PB,2020-05-30 03:58:00
CUST-02678,Juliana Martins,juliana.martins_2678@email.com,Cuiaba,MT,2023-05-22 07:42:00
CUST-02679,Ana Martins,ana.martins_2679@email.com,Parnaiba,PI,2023-03-08 23:07:00
CUST-02680,Roberto Rodrigues,roberto.rodrigues_2680@email.com,Vitoria da Conquista,BA,2021-09-14 23:31:00
CUST-02681,Rafael Oliveira,rafael.oliveira_2681@email.com,Manaus,AM,2022-11-22 03:07:00
CUST-02682,Rafael Silva,rafael.silva_2682@email.com,Cuiaba,MT,2023-07-26 03:28:00
CUST-02683,Rafael Gomes,rafael.gomes_2683@email.com,Teresina,PI,2020-04-07 12:29:00
CUST-02684,Gabriela Araujo,gabriela.araujo_2684@email.com,Feira de Santana,BA,2024-04-11 12:17:00
CUST-02685,Juliana Rodrigues,juliana.rodrigues_2685@email.com,Joinville,SC,2024-01-26 08:01:00
CUST-02686,Patricia Lima,patricia.lima_2686@email.com,Fortaleza,CE,2023-05-22 07:15:00
CUST-02687,Lucas Martins,lucas.martins_2687@email.com,Brasilia,DF,2021-09-07 02:00:00
CUST-02688,Lucas Ferreira,lucas.ferreira_2688@email.com,Joao Pessoa,PB,2023-02-13 01:22:00
CUST-02689,Lucas Oliveira,lucas.oliveira_2689@email.com,Mossoro,RN,2021-11-11 09:26:00
CUST-02690,Camila Pereira,camila.pereira_2690@email.com,Salvador,BA,2022-12-03 12:29:00
CUST-02691,Thiago Martins,thiago.martins_2691@email.com,Taguatinga,DF,2022-11-24 02:29:00
CUST-00295,Carlos Moura,carlos.moura_295@email.com,Joao Pessoa,PB,2022-10-13 04:21:00
CUST-02693,Lucas Melo,lucas.melo_2693@email.com,Vila Velha,ES,2020-03-16 14:33:00
CUST-02694,Maria Araujo,maria.araujo_2694@email.com,Salvador,BA,2023-06-15 00:10:00
CUST-02695,Rafael Gomes,rafael.gomes_2695@email.com,Juiz de Fora,MG,2021-07-26 07:14:00
CUST-02696,Gabriela Gomes,gabriela.gomes_2696@email.com,Juazeiro do Norte,CE,2020-11-27 07:36:00
CUST-02697,Ana Almeida,ana.almeida_2697@email.com,Feira de Santana,BA,2021-09-29 19:44:00
CUST-02698,Larissa Martins,larissa.martins_2698@email.com,Teresina,PI,2022-09-05 20:53:00
CUST-02699,Joao Araujo,joao.araujo_2699@email.com,Vitoria,ES,2021-07-13 16:31:00
CUST-02700,Thiago Ribeiro,thiago.ribeiro_2700@email.com,Caxias do Sul,RS,2020-11-10 15:42:00
CUST-02701,Maria Lima,maria.lima_2701@email.com,Campina Grande,PB,2020-09-11 15:58:00
CUST-02702,Patricia Santos,patricia.santos_2702@email.com,Taguatinga,DF,2021-10-16 14:38:00
CUST-02703,Joao Martins,joao.martins_2703@email.com,Porto Alegre,RS,2022-01-29 08:25:00
CUST-02704,Fernanda Nascimento,fernanda.nascimento_2704@email.com,Imperatriz,MA,2023-07-10 20:20:00
CUST-02705,Ana Pereira,ana.pereira_2705@email.com,Aparecida de Goiania,GO,2020-07-21 23:34:00
CUST-02706,Amanda Rodrigues,amanda.rodrigues_2706@email.com,Campina Grande,PB,2023-06-26 05:24:00
CUST-02707,Pedro Oliveira,pedro.oliveira_2707@email.com,Rio de Janeiro,RJ,2021-10-31 13:04:00
CUST-02708,Amanda Araujo,amanda.araujo_2708@email.com,Manaus,AM,2022-11-19 02:08:00
CUST-02709,Ana Santos,ana.santos_2709@email.com,Uberlandia,MG,2021-09-12 21:24:00
CUST-02710,Thiago Martins,thiago.martins_2710@email.com,Teresina,PI,2021-06-21 16:07:00
CUST-02711,Lucas Carvalho,lucas.carvalho_2711@email.com,Mossoro,RN,2020-10-10 04:04:00
CUST-02712,Juliana Silva,juliana.silva_2712@email.com,Maceio,AL,2020-09-05 15:24:00
CUST-02713,Ana Rodrigues,ana.rodrigues_2713@email.com,Uberlandia,MG,2022-05-17 16:12:00
CUST-02714,Roberto Nascimento,roberto.nascimento_2714@email.com,,SC,2021-04-06 18:42:00
CUST-02715,Carlos Costa,carlos.costa_2715@email.com,Uberlandia,MG,2022-07-19 03:11:00
CUST-02716,Patricia Nascimento,patricia.nascimento_2716@email.com,Joao Pessoa,PB,2021-01-16 10:11:00
CUST-02717,Beatriz Lima,beatriz.lima_2717@email.com,Taguatinga,DF,2023-07-13 13:49:00
CUST-02718,Gabriela Souza,gabriela.souza_2718@email.com,Varzea Grande,MT,2020-04-04 13:16:00
CUST-02719,Gabriela Silva,gabriela.silva_2719@email.com,Osasco,SP,2023-05-01 21:42:00
CUST-02720,Carlos Melo,carlos.melo_2720@email.com,Volta Redonda,RJ,2023-11-10 04:01:00
CUST-02721,Lucas Araujo,lucas.araujo_2721@email.com,Ananindeua,PA,2020-02-16 06:09:00
CUST-02722,Gabriela Gomes,gabriela.gomes_2722@email.com,Olinda,PE,2023-04-22 18:31:00
CUST-02723,Patricia Nascimento,patricia.nascimento_2723@email.com,Vitoria,ES,2021-12-10 02:36:00
CUST-02724,Patricia Lima,patricia.lima_2724@email.com,Pelotas,RS,2022-07-22 00:13:00
CUST-02725,Juliana Ribeiro,juliana.ribeiro_2725@email.com,Arapiraca,AL,2023-02-11 09:46:00
CUST-02726,Fernanda Silva,fernanda.silva_2726@email.com,Londrina,PR,2022-11-06 22:09:00
CUST-02727,Beatriz Cardoso,beatriz.cardoso_2727@email.com,Teresina,PI,2020-08-14 01:56:00
CUST-02728,Maria Ferreira,maria.ferreira_2728@email.com,Natal,RN,2023-01-20 11:09:00
CUST-02729,Marcos Rodrigues,,Curitiba,PR,2022-08-20 08:53:00
CUST-02730,Carlos Melo,carlos.melo_2730@email.com,Contagem,MG,2020-11-17 19:46:00
CUST-02731,,camila.oliveira_2731@email.com,Joinville,SC,2020-08-23 19:19:00
CUST-02732,Juliana Rodrigues,juliana.rodrigues_2732@email.com,,MT,2022-07-14 04:08:00
CUST-02733,Pedro Rodrigues,pedro.rodrigues_2733@email.com,Caucaia,ZZ,2023-08-03 08:12:00
CUST-02734,Fernanda Nascimento,fernanda.nascimento_2734@email.com,Vila Velha,ES,2023-05-26 03:55:00
CUST-02735,Lucas Souza,lucas.souza_2735@email.com,Parintins,AM,2024-01-28 21:19:00
CUST-02736,Fernanda Silva,fernanda.silva_2736@email.com,Campinas,SP,2022-06-11 12:16:00
CUST-02737,Ana Silva,ana.silva_2737@email.com,Parnaiba,PI,2021-11-05 23:41:00
CUST-00531,Amanda Santos,amanda.santos_531@email.com,Teresina,PI,2020-09-16 16:04:00
CUST-02739,Joao Ribeiro,,Sao Luis,MA,2023-03-19 22:26:00
CUST-02740,Fernanda Souza,fernanda.souza_2740@email.com,Vitoria da Conquista,BA,2020-11-29 04:42:00
CUST-02741,Camila Barbosa,camila.barbosa_2741@email.com,Cuiaba,MT,2021-12-17 08:47:00
CUST-02742,Marcos Martins,marcos.martins_2742@email.com,Petropolis,RJ,2024-04-29 03:05:00
CUST-02743,Carlos Costa,carlos.costa_2743@email.com,Feira de Santana,BA,2023-02-04 17:11:00
CUST-02744,Lucas Oliveira,lucas.oliveira_2744@email.com,Joao Pessoa,PB,2022-01-04 17:57:00
CUST-02745,Amanda Melo,amanda.melo_2745@email.com,Maceio,AL,2020-09-25 05:38:00
CUST-02746,Camila Gomes,camila.gomes_2746@email.com,Caucaia,CE,2021-12-23 18:26:00
CUST-02747,Patricia Melo,patricia.melo_2747@email.com,Vila Velha,ES,2023-04-28 17:14:00
CUST-02748,Camila Araujo,camila.araujo_2748@email.com,Santos,SP,2020-08-01 02:24:00
CUST-02749,Amanda Ribeiro,amanda.ribeiro_2749@email.com,Osasco,SP,2021-12-14 21:59:00
CUST-02106,Ana Almeida,ana.almeida_2106@email.com,Teresina,PI,2023-08-01 00:09:00
CUST-02751,Patricia Carvalho,patricia.carvalho_2751@email.com,Olinda,PE,2023-04-16 19:46:00
CUST-02752,Marcos Lima,marcos.lima_2752@email.com,Fortaleza,CE,2023-05-22 20:30:00
CUST-02753,Patricia Souza,patricia.souza_2753@email.com,Teresina,PI,2021-03-27 06:33:00
CUST-02754,Juliana Barbosa,juliana.barbosa_2754@email.com,Mossoro,RN,2022-11-15 20:06:00
CUST-02755,Lucas Nascimento,lucas.nascimento_2755@email.com,Varzea Grande,MT,2023-08-14 00:30:00
CUST-02756,Amanda Gomes,amanda.gomes_2756@email.com,Caucaia,CE,2021-08-31 08:20:00
CUST-02757,Beatriz Gomes,beatriz.gomes_2757@email.com,Serra,ES,2020-12-14 23:27:00
CUST-02758,Camila Gomes,camila.gomes_2758@email.com,Canoas,RS,2023-11-12 12:01:00
CUST-02759,Camila Nascimento,camila.nascimento_2759@email.com,Belem,PA,2023-07-28 22:55:00
CUST-02760,Patricia Moura,patricia.moura_2760@email.com,Teresina,PI,2022-11-05 07:59:00
CUST-02761,Diego Cardoso,diego.cardoso_2761@email.com,Mossoro,RN,2023-10-18 01:31:00
CUST-02762,Patricia Souza,patricia.souza_2762@email.com,Recife,PE,2023-11-06 20:55:00
CUST-02763,Ana Silva,ana.silva_2763@email.com,Olinda,PE,2024-01-05 22:32:00
CUST-02764,Ana Pereira,ana.pereira_2764@email.com,Joinville,SC,2021-11-13 21:49:00
CUST-02765,Lucas Oliveira,lucas.oliveira_2765@email.com,Niteroi,RJ,2021-02-04 05:29:00
CUST-02766,Camila Souza,camila.souza_2766@email.com,Caucaia,CE,2020-09-19 07:17:00
CUST-02767,Maria Gomes,maria.gomes_2767@email.com,Mossoro,RN,2021-10-04 11:22:00
CUST-02768,Juliana Santos,juliana.santos_2768@email.com,Vitoria,ES,2021-06-27 11:36:00
CUST-02769,Larissa Souza,larissa.souza_2769@email.com,Ananindeua,PA,2023-07-24 04:30:00
CUST-02770,Camila Silva,camila.silva_2770@email.com,Guarulhos,SP,2023-01-13 20:15:00
CUST-02771,Larissa Gomes,larissa.gomes_2771@email.com,Santos,SP,2022-01-29 11:20:00
CUST-02772,Camila Santos,camila.santos_2772@email.com,Blumenau,SC,2022-09-24 17:38:00
CUST-02773,Lucas Rodrigues,lucas.rodrigues_2773@email.com,Sao Luis,MA,2023-10-21 13:02:00
CUST-02774,Carlos Pereira,carlos.pereira_2774@email.com,Osasco,SP,2022-05-18 18:01:00
CUST-02775,Juliana Santos,juliana.santos_2775@email.com,Londrina,PR,2024-05-02 19:02:00
CUST-02776,Ana Oliveira,ana.oliveira_2776@email.com,Parintins,AM,2021-03-03 08:19:00
CUST-02777,Patricia Carvalho,patricia.carvalho_2777@email.com,Brasilia,DF,2023-02-02 20:12:00
CUST-02778,Lucas Nascimento,lucas.nascimento_2778@email.com,Juazeiro do Norte,CE,2022-02-12 20:39:00
CUST-02779,Ana Costa,ana.costa_2779@email.com,Porto Alegre,RS,2020-04-23 17:08:00
CUST-02780,Patricia Araujo,patricia.araujo_2780@email.com,Caxias do Sul,RS,2021-10-25 15:47:00
CUST-02781,Carlos Cardoso,carlos.cardoso_2781@email.com,Varzea Grande,MT,2023-11-21 23:47:00
CUST-02782,Carlos Carvalho,carlos.carvalho_2782@email.com,Sao Paulo,SP,2022-01-18 16:37:00
CUST-02783,Beatriz Melo,beatriz.melo_2783@email.com,Florianopolis,SC,2022-05-23 08:28:00
CUST-02784,Camila Ferreira,camila.ferreira_2784@email.com,Pelotas,RS,2023-01-26 17:16:00
CUST-02785,Ana Moura,ana.moura_2785@email.com,Guarulhos,SP,2022-06-07 02:09:00
CUST-02786,Juliana Cardoso,juliana.cardoso_2786@email.com,Taguatinga,DF,2020-10-27 12:43:00
CUST-02787,,beatriz.souza_2787@email.com,Contagem,MG,2022-05-18 01:21:00
CUST-02788,Thiago Barbosa,,Campina Grande,PB,2021-09-17 15:55:00
CUST-02789,Maria Rodrigues,maria.rodrigues_2789@email.com,Parnaiba,PI,2021-06-21 04:35:00
CUST-02790,Bruno Lima,bruno.lima_2790@email.com,Goiania,GO,2023-06-17 17:43:00
CUST-02791,Ana Barbosa,ana.barbosa_2791@email.com,,PA,2024-01-22 21:25:00
CUST-02792,Bruno Ferreira,bruno.ferreira_2792@email.com,Natal,RN,2021-08-07 01:18:00
CUST-02793,Diego Cardoso,diego.cardoso_2793@email.com,Fortaleza,CE,2021-08-24 13:05:00
CUST-02794,Maria Oliveira,maria.oliveira_2794@email.com,Petropolis,RJ,2020-08-05 15:35:00
CUST-02795,Carlos Silva,carlos.silva_2795@email.com,Goiania,GO,2024-04-10 20:14:00
CUST-02796,Pedro Oliveira,,Brasilia,DF,2023-07-02 19:30:00
CUST-02797,Patricia Costa,patricia.costa_2797@email.com,Santarem,PA,2022-07-13 23:19:00
CUST-02798,Bruno Rodrigues,bruno.rodrigues_2798@email.com,Belem,PA,2020-12-05 01:18:00
CUST-02799,Rafael Souza,rafael.souza_2799@email.com,Contagem,MG,2023-10-24 11:05:00
CUST-02800,Patricia Moura,patricia.moura_2800@email.com,Jaboatao,PE,2023-03-20 21:38:00
CUST-02801,Thiago Souza,thiago.souza_2801@email.com,,ES,2021-12-04 15:49:00
CUST-02802,Rafael Moura,rafael.moura_2802@email.com,Contagem,MG,2022-11-08 02:17:00
CUST-02803,Roberto Santos,roberto.santos_2803@email.com,Santarem,PA,2021-08-03 23:02:00
CUST-02804,Beatriz Lima,beatriz.lima_2804@email.com,Aparecida de Goiania,GO,2022-02-04 07:20:00
CUST-02805,Amanda Souza,amanda.souza_2805@email.com,Canoas,RS,2022-01-31 22:55:00
CUST-02806,Diego Carvalho,diego.carvalho_2806@email.com,Juiz de Fora,MG,2020-12-05 02:15:00
CUST-02807,Joao Barbosa,joao.barbosa_2807@email.com,Aparecida de Goiania,GO,2021-07-17 22:59:00
CUST-02808,Pedro Rodrigues,pedro.rodrigues_2808@email.com,Cuiaba,MT,2022-10-11 21:59:00
CUST-02809,Camila Costa,camila.costa_2809@email.com,Porto Alegre,RS,2022-09-18 17:55:00
CUST-02810,Roberto Rodrigues,roberto.rodrigues_2810@email.com,Vitoria da Conquista,BA,2023-05-31 23:34:00
CUST-02811,Rafael Martins,,Ananindeua,PA,2024-01-16 17:58:00
CUST-02812,Marcos Ferreira,marcos.ferreira_2812@email.com,Santarem,PA,2021-07-09 11:51:00
CUST-02813,Diego Araujo,diego.araujo_2813@email.com,Caxias do Sul,RS,2022-07-20 18:34:00
CUST-02814,Marcos Costa,marcos.costa_2814@email.com,Arapiraca,AL,2020-05-21 07:17:00
CUST-02815,Roberto Rodrigues,roberto.rodrigues_2815@email.com,Sao Paulo,SP,2020-01-07 22:21:00
CUST-02816,Carlos Araujo,carlos.araujo_2816@email.com,Taguatinga,DF,2021-05-25 16:38:00
CUST-02817,Juliana Lima,juliana.lima_2817@email.com,Sao Paulo,SP,2024-01-12 21:22:00
CUST-02818,Maria Ribeiro,maria.ribeiro_2818@email.com,Manaus,AM,2020-05-07 14:01:00
CUST-02819,Roberto Lima,roberto.lima_2819@email.com,Parintins,AM,2023-12-18 04:28:00
CUST-02820,Lucas Santos,lucas.santos_2820@email.com,Sao Luis,MA,2024-01-05 15:04:00
CUST-02821,Carlos Gomes,carlos.gomes_2821@email.com,Varzea Grande,MT,2020-08-03 04:40:00
CUST-02822,Thiago Silva,thiago.silva_2822@email.com,Uberlandia,MG,2020-04-07 12:26:00
CUST-02823,Rafael Ribeiro,rafael.ribeiro_2823@email.com,Juiz de Fora,MG,2021-10-29 22:53:00
CUST-02824,Gabriela Silva,gabriela.silva_2824@email.com,Sao Luis,MA,2020-12-16 21:33:00
CUST-02825,Diego Nascimento,diego.nascimento_2825@email.com,Varzea Grande,MT,2024-01-03 19:33:00
CUST-02826,Thiago Barbosa,thiago.barbosa_2826@email.com,Sao Luis,MA,2020-03-14 10:09:00
CUST-02827,Maria Pereira,maria.pereira_2827@email.com,Niteroi,RJ,2020-07-05 23:48:00
CUST-02828,Carlos Silva,carlos.silva_2828@email.com,Londrina,PR,2024-06-01 14:59:00
CUST-02829,Juliana Carvalho,juliana.carvalho_2829@email.com,Mossoro,RN,2022-08-05 23:24:00
CUST-02830,Juliana Silva,juliana.silva_2830@email.com,Campinas,SP,2020-06-12 23:00:00
CUST-02831,Thiago Pereira,thiago.pereira_2831@email.com,Manaus,AM,2023-07-27 22:23:00
CUST-02832,Camila Carvalho,camila.carvalho_2832@email.com,Natal,RN,2022-10-20 20:45:00
CUST-02833,Beatriz Costa,beatriz.costa_2833@email.com,Rio de Janeiro,RJ,2020-09-14 14:14:00
CUST-02834,Thiago Ribeiro,thiago.ribeiro_2834@email.com,Caxias do Sul,RS,2024-06-03 08:02:00
CUST-02835,Camila Costa,camila.costa_2835@email.com,Pelotas,RS,2023-03-31 14:57:00
CUST-02836,Pedro Gomes,pedro.gomes_2836@email.com,Serra,ES,2022-01-06 18:26:00
CUST-02837,Patricia Pereira,patricia.pereira_2837@email.com,Imperatriz,MA,2021-08-31 08:32:00
CUST-02838,Diego Melo,diego.melo_2838@email.com,Santarem,PA,2023-11-13 05:18:00
CUST-02839,Bruno Cardoso,bruno.cardoso_2839@email.com,Varzea Grande,MT,2020-11-27 07:43:00
CUST-02840,Camila Nascimento,camila.nascimento_2840@email.com,Taguatinga,DF,2022-09-26 13:01:00
CUST-02841,Fernanda Santos,fernanda.santos_2841@email.com,Varzea Grande,MT,2022-11-13 00:44:00
CUST-02842,Gabriela Melo,gabriela.melo_2842@email.com,Salvador,BA,2023-01-30 19:03:00
CUST-02843,,maria.santos_2843@email.com,Blumenau,SC,2021-07-27 06:20:00
CUST-02844,Ana Rodrigues,ana.rodrigues_2844@email.com,Campina Grande,PB,2021-10-14 12:23:00
CUST-02845,Roberto Ribeiro,roberto.ribeiro_2845@email.com,Taguatinga,DF,2021-11-28 18:21:00
CUST-02846,Bruno Silva,bruno.silva_2846@email.com,Taguatinga,DF,2023-02-27 22:40:00
CUST-02847,Joao Gomes,joao.gomes_2847@email.com,Contagem,MG,2021-04-04 19:22:00
CUST-02848,Juliana Ribeiro,juliana.ribeiro_2848@email.com,Maringa,PR,2023-08-14 16:10:00
CUST-02849,Camila Souza,camila.souza_2849@email.com,Contagem,MG,2022-02-05 15:18:00
CUST-02850,Juliana Santos,juliana.santos_2850@email.com,Imperatriz,MA,2024-04-15 19:56:00
CUST-02851,Fernanda Silva,fernanda.silva_2851@email.com,Ananindeua,PA,2024-02-01 11:43:00
CUST-02852,Maria Ferreira,maria.ferreira_2852@email.com,,CE,2023-04-08 06:49:00
CUST-02853,Rafael Silva,rafael.silva_2853@email.com,Manaus,AM,2020-03-20 11:45:00
CUST-02854,Marcos Nascimento,marcos.nascimento_2854@email.com,Maringa,PR,2023-05-29 08:05:00
CUST-02855,,juliana.costa_2855@email.com,Caxias do Sul,RS,2024-05-19 03:13:00
CUST-02856,Beatriz Barbosa,beatriz.barbosa_2856@email.com,Sao Luis,MA,2022-06-04 22:11:00
CUST-02857,Thiago Carvalho,thiago.carvalho_2857@email.com,Vila Velha,ES,2020-11-04 00:49:00
CUST-02858,Fernanda Barbosa,fernanda.barbosa_2858@email.com,Curitiba,PR,2020-03-11 05:39:00
CUST-02859,Thiago Cardoso,thiago.cardoso_2859@email.com,Maceio,AL,2022-01-08 05:12:00
CUST-02860,Joao Nascimento,joao.nascimento_2860@email.com,Vitoria da Conquista,BA,2022-03-14 17:46:00
CUST-02861,Patricia Rodrigues,patricia.rodrigues_2861@email.com,Recife,PE,2021-09-07 22:56:00
CUST-02862,Maria Silva,maria.silva_2862@email.com,Contagem,MG,2022-11-02 15:18:00
CUST-02863,Ana Souza,ana.souza_2863@email.com,Petropolis,RJ,2021-07-11 08:37:00
CUST-02864,Ana Melo,ana.melo_2864@email.com,Aparecida de Goiania,GO,2024-01-05 15:29:00
CUST-02865,Bruno Araujo,bruno.araujo_2865@email.com,Goiania,GO,2020-02-23 06:42:00
CUST-02866,Maria Santos,maria.santos_2866@email.com,Natal,RN,2021-01-19 18:39:00
CUST-02867,Pedro Carvalho,pedro.carvalho_2867@email.com,Joao Pessoa,??,2022-03-23 12:43:00
CUST-02868,Juliana Pereira,juliana.pereira_2868@email.com,Brasilia,DF,2022-12-06 00:50:00
CUST-02869,Marcos Oliveira,marcos.oliveira_2869@email.com,Osasco,SP,2021-03-17 00:51:00
CUST-02870,Thiago Melo,thiago.melo_2870@email.com,Campina Grande,PB,2023-08-26 05:15:00
CUST-02871,Roberto Silva,roberto.silva_2871@email.com,Vila Velha,ES,2023-01-14 22:09:00
CUST-02872,Beatriz Ribeiro,beatriz.ribeiro_2872@email.com,Aparecida de Goiania,GO,2022-05-11 00:13:00
CUST-02873,Lucas Carvalho,lucas.carvalho_2873@email.com,Sao Luis,MA,2023-02-26 20:12:00
CUST-02874,Thiago Silva,thiago.silva_2874@email.com,Caxias do Sul,RS,2022-04-26 13:57:00
CUST-02875,Diego Melo,diego.melo_2875@email.com,Santarem,PA,2020-03-20 12:14:00
CUST-02876,Camila Ribeiro,camila.ribeiro_2876@email.com,Feira de Santana,BA,2022-11-17 09:00:00
CUST-02877,Joao Lima,joao.lima_2877@email.com,Maceio,AL,2023-12-27 06:44:00
CUST-02878,Maria Carvalho,maria.carvalho_2878@email.com,Joao Pessoa,PB,2022-02-07 02:05:00
CUST-02879,Larissa Silva,larissa.silva_2879@email.com,Maceio,AL,2021-06-12 05:47:00
CUST-02880,Larissa Barbosa,larissa.barbosa_2880@email.com,Joao Pessoa,PB,2022-10-20 14:05:00
CUST-02881,Fernanda Gomes,fernanda.gomes_2881@email.com,Belem,PA,2023-03-06 11:43:00
CUST-02882,,ana.silva_2882@email.com,Parintins,AM,2020-10-08 04:31:00
CUST-02883,Gabriela Martins,gabriela.martins_2883@email.com,Caxias do Sul,RS,2024-01-28 14:47:00
CUST-02884,Gabriela Pereira,gabriela.pereira_2884@email.com,Caruaru,PE,2023-10-22 20:28:00
CUST-02885,Fernanda Lima,,Osasco,SP,2022-01-08 01:34:00
CUST-02886,Fernanda Carvalho,fernanda.carvalho_2886@email.com,Salvador,BA,2021-05-07 08:52:00
CUST-02887,Thiago Lima,thiago.lima_2887@email.com,Arapiraca,AL,2022-05-10 05:51:00
CUST-02888,Amanda Costa,amanda.costa_2888@email.com,Mossoro,RN,2021-08-06 19:47:00
CUST-02889,Amanda Costa,amanda.costa_2889@email.com,Campina Grande,PB,2023-11-25 22:22:00
CUST-02890,,marcos.costa_2890@email.com,Manaus,,2024-01-11 02:41:00
CUST-02891,Beatriz Gomes,beatriz.gomes_2891@email.com,Vitoria,ES,2021-04-24 10:43:00
CUST-02892,Fernanda Cardoso,fernanda.cardoso_2892@email.com,Feira de Santana,BA,2024-01-11 02:43:00
CUST-02893,Maria Araujo,,Rio de Janeiro,RJ,2021-08-04 20:41:00
CUST-02894,Larissa Oliveira,larissa.oliveira_2894@email.com,Joinville,SC,2023-03-05 09:35:00
CUST-02895,Rafael Ferreira,rafael.ferreira_2895@email.com,Sao Luis,MA,2021-12-19 04:50:00
CUST-02896,Fernanda Melo,fernanda.melo_2896@email.com,Cuiaba,MT,2022-10-04 18:35:00
CUST-02897,Fernanda Santos,fernanda.santos_2897@email.com,Vitoria da Conquista,BA,2023-12-27 15:06:00
CUST-02898,Gabriela Cardoso,gabriela.cardoso_2898@email.com,Juiz de Fora,MG,2022-08-17 01:43:00
CUST-02899,Maria Silva,maria.silva_2899@email.com,Arapiraca,AL,2022-04-01 08:16:00
CUST-02900,Joao Nascimento,joao.nascimento_2900@email.com,Joao Pessoa,PB,2020-12-19 23:49:00
CUST-02901,Fernanda Barbosa,fernanda.barbosa_2901@email.com,Imperatriz,MA,2022-10-14 23:42:00
CUST-02902,Thiago Melo,thiago.melo_2902@email.com,Mossoro,RN,2021-11-28 07:11:00
CUST-02903,Carlos Oliveira,carlos.oliveira_2903@email.com,Florianopolis,SC,2024-03-26 05:25:00
CUST-02904,Roberto Carvalho,roberto.carvalho_2904@email.com,Natal,RN,2024-01-12 06:35:00
CUST-02905,Patricia Oliveira,patricia.oliveira_2905@email.com,Olinda,PE,2024-04-22 22:00:00
CUST-02906,Marcos Silva,marcos.silva_2906@email.com,Campinas,SP,2021-05-18 15:33:00
CUST-02907,Diego Nascimento,diego.nascimento_2907@email.com,Volta Redonda,RJ,2023-03-14 16:15:00
CUST-02908,Beatriz Moura,beatriz.moura_2908@email.com,Santarem,PA,2022-04-18 21:11:00
CUST-02909,Bruno Santos,bruno.santos_2909@email.com,Taguatinga,DF,2021-10-10 14:08:00
CUST-02910,Larissa Ribeiro,larissa.ribeiro_2910@email.com,Parintins,AM,2023-04-15 08:31:00
CUST-02911,Ana Santos,ana.santos_2911@email.com,Mossoro,RN,2021-01-02 12:39:00
CUST-02912,Fernanda Rodrigues,fernanda.rodrigues_2912@email.com,Fortaleza,CE,2022-01-30 14:14:00
CUST-02913,Roberto Santos,roberto.santos_2913@email.com,Fortaleza,CE,2024-02-09 12:14:00
CUST-02914,Diego Barbosa,diego.barbosa_2914@email.com,Florianopolis,SC,2020-09-07 04:21:00
CUST-02915,Marcos Nascimento,marcos.nascimento_2915@email.com,Cuiaba,MT,2021-03-05 12:46:00
CUST-02916,Fernanda Rodrigues,fernanda.rodrigues_2916@email.com,Manaus,AM,2021-12-27 22:25:00
CUST-02917,Patricia Rodrigues,patricia.rodrigues_2917@email.com,Londrina,PR,2021-11-21 18:13:00
CUST-02918,Lucas Pereira,lucas.pereira_2918@email.com,Salvador,BA,2023-01-17 22:37:00
CUST-02919,Fernanda Lima,fernanda.lima_2919@email.com,,MA,2021-04-22 06:43:00
CUST-02920,Thiago Barbosa,thiago.barbosa_2920@email.com,Vitoria da Conquista,BA,2022-01-07 20:31:00
CUST-02921,Beatriz Araujo,beatriz.araujo_2921@email.com,Cuiaba,MT,2024-03-21 21:43:00
CUST-02922,Diego Nascimento,diego.nascimento_2922@email.com,Feira de Santana,BA,2022-01-26 22:22:00
CUST-02923,Juliana Souza,juliana.souza_2923@email.com,Imperatriz,MA,2020-11-18 13:18:00
CUST-02924,Fernanda Rodrigues,fernanda.rodrigues_2924@email.com,Santos,SP,2022-12-05 16:23:00
CUST-02925,Beatriz Rodrigues,beatriz.rodrigues_2925@email.com,Brasilia,DF,2022-07-24 19:58:00
CUST-02926,Gabriela Almeida,gabriela.almeida_2926@email.com,Taguatinga,DF,2022-11-10 11:48:00
CUST-02927,Bruno Ribeiro,bruno.ribeiro_2927@email.com,Parnaiba,PI,2022-06-11 13:56:00
CUST-02928,Pedro Martins,pedro.martins_2928@email.com,Arapiraca,AL,2021-09-01 18:36:00
CUST-02162,Patricia Carvalho,patricia.carvalho_2162@email.com,Belem,PA,2021-01-29 22:00:00
CUST-02930,Rafael Rodrigues,rafael.rodrigues_2930@email.com,Florianopolis,SC,2022-03-31 07:58:00
CUST-02931,Fernanda Nascimento,fernanda.nascimento_2931@email.com,Vila Velha,ES,2023-05-06 09:00:00
CUST-02932,Camila Gomes,camila.gomes_2932@email.com,Olinda,PE,2020-04-29 16:31:00
CUST-02933,Pedro Rodrigues,pedro.rodrigues_2933@email.com,Recife,PE,2021-02-21 12:42:00
CUST-02934,Carlos Ribeiro,carlos.ribeiro_2934@email.com,Joao Pessoa,PB,2020-12-14 23:13:00
CUST-02935,Beatriz Nascimento,beatriz.nascimento_2935@email.com,Imperatriz,MA,2023-04-03 03:02:00
CUST-02936,Rafael Cardoso,rafael.cardoso_2936@email.com,Brasilia,DF,2024-03-07 04:26:00
CUST-02937,Patricia Cardoso,patricia.cardoso_2937@email.com,Imperatriz,MA,2022-01-13 20:17:00
CUST-02938,Diego Santos,diego.santos_2938@email.com,Contagem,MG,2022-04-29 09:58:00
CUST-02939,Ana Gomes,ana.gomes_2939@email.com,Goiania,GO,2023-03-22 09:16:00
CUST-02940,Lucas Cardoso,lucas.cardoso_2940@email.com,Natal,RN,2023-12-28 10:08:00
CUST-02941,Camila Martins,camila.martins_2941@email.com,Maceio,AL,2021-09-12 23:28:00
CUST-02942,Amanda Barbosa,amanda.barbosa_2942@email.com,Vitoria,ES,2021-06-24 11:02:00
CUST-02943,Gabriela Costa,gabriela.costa_2943@email.com,Taguatinga,DF,2021-05-05 01:32:00
CUST-02944,Beatriz Martins,beatriz.martins_2944@email.com,Parnaiba,PI,2021-04-20 11:16:00
CUST-02945,Roberto Costa,roberto.costa_2945@email.com,Arapiraca,AL,2021-04-26 16:28:00
CUST-02946,Gabriela Cardoso,gabriela.cardoso_2946@email.com,Belo Horizonte,MG,2020-01-02 09:37:00
CUST-02947,Marcos Martins,marcos.martins_2947@email.com,Niteroi,RJ,2024-02-27 02:27:00
CUST-02948,Carlos Souza,carlos.souza_2948@email.com,Uberlandia,MG,2022-04-09 22:20:00
CUST-02949,Gabriela Oliveira,gabriela.oliveira_2949@email.com,Aparecida de Goiania,GO,2021-10-04 16:38:00
CUST-00916,Ana Silva,ana.silva_916@email.com,Manaus,AM,2021-11-17 05:36:00
CUST-02951,Camila Silva,camila.silva_2951@email.com,Arapiraca,AL,2024-06-05 16:00:00
CUST-02952,Maria Ferreira,maria.ferreira_2952@email.com,Salvador,BA,2022-02-06 17:03:00
CUST-02953,Roberto Gomes,roberto.gomes_2953@email.com,Joao Pessoa,PB,2024-01-22 11:02:00
CUST-02954,Joao Nascimento,joao.nascimento_2954@email.com,Aparecida de Goiania,GO,2022-04-23 17:28:00
CUST-02955,Marcos Oliveira,marcos.oliveira_2955@email.com,Contagem,MG,2021-02-21 22:10:00
CUST-02956,Ana Melo,ana.melo_2956@email.com,Varzea Grande,MT,2021-03-26 06:52:00
CUST-02957,Fernanda Lima,fernanda.lima_2957@email.com,Porto Alegre,RS,2024-04-29 08:02:00
CUST-02958,Marcos Oliveira,marcos.oliveira_2958@email.com,Niteroi,RJ,2024-01-07 14:16:00
CUST-02959,Larissa Martins,larissa.martins_2959@email.com,Cuiaba,MT,2024-06-03 23:08:00
CUST-02960,Pedro Martins,pedro.martins_2960@email.com,Niteroi,RJ,2020-07-10 05:07:00
CUST-02961,Diego Santos,diego.santos_2961@email.com,Vitoria da Conquista,BA,2023-09-30 22:41:00
CUST-02962,Roberto Moura,roberto.moura_2962@email.com,Juazeiro do Norte,CE,2022-11-06 15:37:00
CUST-02963,Diego Rodrigues,diego.rodrigues_2963@email.com,Porto Alegre,RS,2023-09-09 22:32:00
CUST-02964,Ana Nascimento,ana.nascimento_2964@email.com,Brasilia,DF,2021-08-13 11:01:00
CUST-02965,Maria Oliveira,maria.oliveira_2965@email.com,Goiania,GO,2022-04-09 08:49:00
CUST-02966,Thiago Silva,thiago.silva_2966@email.com,Vitoria da Conquista,BA,2023-12-07 02:44:00
CUST-02967,Joao Lima,joao.lima_2967@email.com,Taguatinga,DF,2021-06-23 08:36:00
CUST-02968,Larissa Silva,larissa.silva_2968@email.com,Goiania,GO,2020-03-12 13:52:00
CUST-02969,Beatriz Costa,beatriz.costa_2969@email.com,Canoas,RS,2021-12-14 18:41:00
CUST-02970,Beatriz Rodrigues,beatriz.rodrigues_2970@email.com,Volta Redonda,RJ,2021-08-17 19:22:00
CUST-02971,Patricia Carvalho,patricia.carvalho_2971@email.com,Serra,ES,2022-04-11 12:38:00
CUST-02972,Fernanda Santos,fernanda.santos_2972@email.com,Juiz de Fora,MG,2023-07-14 12:07:00
CUST-02973,Larissa Barbosa,larissa.barbosa_2973@email.com,Mossoro,RN,2020-09-22 19:51:00
CUST-02974,Maria Souza,maria.souza_2974@email.com,Vila Velha,ES,2024-04-21 06:19:00
CUST-02975,Beatriz Martins,beatriz.martins_2975@email.com,Brasilia,DF,2023-08-25 01:07:00
CUST-02976,Larissa Ferreira,larissa.ferreira_2976@email.com,Campina Grande,PB,2022-01-15 15:08:00
CUST-02977,Juliana Costa,juliana.costa_2977@email.com,Recife,PE,2022-03-10 01:00:00
CUST-02978,Gabriela Moura,gabriela.moura_2978@email.com,Arapiraca,AL,2020-04-25 10:49:00
CUST-02979,Bruno Pereira,bruno.pereira_2979@email.com,Porto Alegre,RS,2022-04-27 00:21:00
CUST-02980,Rafael Rodrigues,rafael.rodrigues_2980@email.com,Brasilia,DF,2020-10-27 18:17:00
CUST-02981,Lucas Souza,lucas.souza_2981@email.com,Santarem,PA,2020-03-04 17:59:00
CUST-02982,Beatriz Almeida,beatriz.almeida_2982@email.com,Natal,RN,2020-11-05 22:55:00
CUST-02983,Juliana Souza,juliana.souza_2983@email.com,Sao Luis,MA,2023-06-29 18:55:00
CUST-02984,Gabriela Souza,gabriela.souza_2984@email.com,Maceio,AL,2021-09-28 05:26:00
CUST-02985,Gabriela Moura,gabriela.moura_2985@email.com,Aparecida de Goiania,GO,2022-07-13 09:49:00
CUST-02986,Diego Almeida,diego.almeida_2986@email.com,Goiania,GO,2024-03-30 15:52:00
CUST-02987,Rafael Gomes,rafael.gomes_2987@email.com,Pelotas,RS,2022-08-12 16:43:00
CUST-02988,Thiago Silva,thiago.silva_2988@email.com,Cuiaba,MT,2022-12-15 05:32:00
CUST-02989,Ana Lima,ana.lima_2989@email.com,Natal,RN,2020-09-20 17:34:00
CUST-02990,Camila Barbosa,camila.barbosa_2990@email.com,Mossoro,RN,2020-05-27 21:53:00
CUST-02991,Thiago Ribeiro,thiago.ribeiro_2991@email.com,Caruaru,PE,2020-07-14 21:41:00
CUST-02992,Rafael Oliveira,rafael.oliveira_2992@email.com,Volta Redonda,RJ,2022-03-04 02:17:00
CUST-02993,Juliana Nascimento,juliana.nascimento_2993@email.com,Imperatriz,MA,2021-07-09 06:13:00
CUST-02994,Joao Souza,joao.souza_2994@email.com,Contagem,MG,2023-04-04 14:10:00
CUST-02995,Roberto Araujo,,Taguatinga,DF,2021-04-08 09:19:00
CUST-02996,Bruno Cardoso,bruno.cardoso_2996@email.com,Taguatinga,DF,2022-12-08 16:05:00
CUST-02997,Pedro Rodrigues,pedro.rodrigues_2997@email.com,Mossoro,RN,2022-06-14 07:32:00
CUST-02998,Rafael Nascimento,rafael.nascimento_2998@email.com,Canoas,RS,2021-04-14 19:20:00
CUST-02999,Pedro Araujo,,Santarem,PA,2024-02-20 16:13:00
CUST-03000,Rafael Araujo,rafael.araujo_3000@email.com,Campina Grande,PB,2022-02-27 13:55:00
CUST-03001,Ana Silva,ana.silva_3001@email.com,Aparecida de Goiania,GO,2023-01-30 04:07:00
CUST-03002,Joao Nascimento,joao.nascimento_3002@email.com,Londrina,PR,2020-12-03 15:35:00
CUST-03003,Juliana Carvalho,juliana.carvalho_3003@email.com,Ananindeua,PA,2021-09-05 23:49:00
CUST-03004,Amanda Ferreira,amanda.ferreira_3004@email.com,Aparecida de Goiania,GO,2021-07-13 17:22:00
CUST-03005,Carlos Almeida,carlos.almeida_3005@email.com,Fortaleza,CE,2021-07-21 18:56:00
CUST-03006,Joao Barbosa,joao.barbosa_3006@email.com,Cuiaba,MT,2021-06-19 05:07:00
CUST-03007,Lucas Araujo,lucas.araujo_3007@email.com,,SP,2024-01-26 07:50:00
CUST-03008,Gabriela Souza,gabriela.souza_3008@email.com,Campina Grande,PB,2023-02-05 20:45:00
CUST-03009,Carlos Oliveira,carlos.oliveira_3009@email.com,Aparecida de Goiania,GO,2022-04-19 06:58:00
CUST-03010,Amanda Melo,amanda.melo_3010@email.com,Campina Grande,PB,2023-03-09 06:23:00
CUST-03011,Maria Almeida,maria.almeida_3011@email.com,Varzea Grande,MT,2021-12-09 07:49:00
CUST-03012,Thiago Cardoso,thiago.cardoso_3012@email.com,Cuiaba,MT,2023-05-29 19:00:00
CUST-03013,Joao Ribeiro,joao.ribeiro_3013@email.com,Mossoro,RN,2021-09-22 16:00:00
CUST-03014,Carlos Almeida,carlos.almeida_3014@email.com,Imperatriz,MA,2023-04-13 19:00:00
CUST-03015,Gabriela Martins,gabriela.martins_3015@email.com,Belo Horizonte,MG,2022-07-31 22:38:00
CUST-03016,Roberto Nascimento,roberto.nascimento_3016@email.com,Santos,SP,2020-02-24 12:29:00
CUST-03017,Patricia Pereira,patricia.pereira_3017@email.com,Taguatinga,DF,2024-06-28 05:48:00
CUST-03018,Carlos Carvalho,carlos.carvalho_3018@email.com,Caruaru,PE,2023-03-04 14:10:00
CUST-03019,Roberto Melo,roberto.melo_3019@email.com,Ananindeua,PA,2023-06-19 06:10:00
CUST-03020,Ana Souza,ana.souza_3020@email.com,Mossoro,RN,2023-10-16 15:13:00
CUST-03021,Ana Nascimento,ana.nascimento_3021@email.com,Ponta Grossa,PR,2023-11-07 17:26:00
CUST-03022,Gabriela Costa,gabriela.costa_3022@email.com,Belo Horizonte,MG,2022-09-07 18:18:00
CUST-03023,Diego Lima,diego.lima_3023@email.com,Jaboatao,PE,2022-10-06 21:27:00
CUST-03024,Beatriz Costa,beatriz.costa_3024@email.com,Aparecida de Goiania,GO,2023-07-20 08:28:00
CUST-03025,Bruno Pereira,bruno.pereira_3025@email.com,Juiz de Fora,MG,2023-07-31 04:16:00
CUST-03026,Lucas Araujo,lucas.araujo_3026@email.com,Santos,??,2023-06-05 12:20:00
CUST-03027,Roberto Lima,roberto.lima_3027@email.com,Juazeiro do Norte,CE,2020-03-07 15:33:00
CUST-03028,Lucas Cardoso,lucas.cardoso_3028@email.com,Santos,SP,2024-01-17 19:07:00
CUST-03029,Roberto Martins,roberto.martins_3029@email.com,Caucaia,CE,2020-02-29 15:14:00
CUST-03030,,pedro.lima_3030@email.com,Vitoria,ES,2023-12-17 08:53:00
CUST-03031,Joao Santos,joao.santos_3031@email.com,Santos,SP,2022-07-14 20:37:00
CUST-03032,Fernanda Gomes,fernanda.gomes_3032@email.com,Manaus,AM,2024-06-03 12:55:00
CUST-03033,Lucas Almeida,lucas.almeida_3033@email.com,Manaus,AM,2023-06-22 15:16:00
CUST-03034,Roberto Rodrigues,roberto.rodrigues_3034@email.com,Feira de Santana,BA,2020-04-19 02:01:00
CUST-03035,Diego Santos,diego.santos_3035@email.com,Ponta Grossa,PR,2021-09-04 16:16:00
CUST-03036,Marcos Nascimento,marcos.nascimento_3036@email.com,Parnaiba,PI,2022-05-24 02:16:00
CUST-03037,Camila Araujo,camila.araujo_3037@email.com,Belem,PA,2021-11-30 00:51:00
CUST-03038,Diego Santos,diego.santos_3038@email.com,Goiania,GO,2022-06-05 15:03:00
CUST-03039,Thiago Souza,thiago.souza_3039@email.com,Natal,RN,2021-03-23 18:07:00
CUST-03040,Marcos Araujo,marcos.araujo_3040@email.com,Caxias do Sul,RS,2020-07-28 22:47:00
CUST-03041,Marcos Carvalho,marcos.carvalho_3041@email.com,Jaboatao,PE,2020-01-24 15:37:00
CUST-03042,Larissa Ribeiro,larissa.ribeiro_3042@email.com,Belo Horizonte,MG,2022-07-20 16:13:00
CUST-03043,Patricia Barbosa,patricia.barbosa_3043@email.com,,MT,2024-04-23 11:29:00
CUST-03044,,camila.gomes_3044@email.com,Caruaru,PE,2021-01-13 16:03:00
CUST-03045,Fernanda Souza,fernanda.souza_3045@email.com,Brasilia,DF,2022-03-09 08:15:00
CUST-03046,Marcos Barbosa,marcos.barbosa_3046@email.com,Contagem,MG,2020-03-26 17:35:00
CUST-03047,Amanda Almeida,,Parnaiba,PI,2022-01-31 13:00:00
CUST-03048,Diego Moura,diego.moura_3048@email.com,Florianopolis,SC,2023-08-22 01:57:00
CUST-03049,Larissa Almeida,larissa.almeida_3049@email.com,Canoas,RS,2022-03-29 11:16:00
CUST-03050,Ana Araujo,ana.araujo_3050@email.com,Campinas,SP,2020-05-03 05:43:00
CUST-03051,Carlos Silva,carlos.silva_3051@email.com,Vitoria,ES,2021-10-30 00:01:00
CUST-03052,Fernanda Oliveira,fernanda.oliveira_3052@email.com,Sao Luis,MA,2022-02-26 16:08:00
CUST-03053,Gabriela Souza,gabriela.souza_3053@email.com,Petropolis,RJ,2021-12-10 09:33:00
CUST-03054,Fernanda Barbosa,fernanda.barbosa_3054@email.com,Imperatriz,MA,2022-12-12 23:09:00
CUST-03055,Camila Costa,camila.costa_3055@email.com,Santarem,PA,2020-10-24 21:12:00
CUST-03056,Diego Lima,diego.lima_3056@email.com,Maceio,AL,2022-01-12 11:41:00
CUST-03057,Diego Barbosa,diego.barbosa_3057@email.com,Serra,ES,2021-05-14 01:59:00
CUST-03058,Amanda Carvalho,amanda.carvalho_3058@email.com,Maceio,AL,2022-10-24 14:24:00
CUST-03059,Camila Silva,camila.silva_3059@email.com,Vitoria da Conquista,BA,2023-12-31 10:47:00
CUST-03060,Amanda Rodrigues,amanda.rodrigues_3060@email.com,Osasco,SP,2020-02-24 14:59:00
CUST-03061,Bruno Ribeiro,bruno.ribeiro_3061@email.com,Parintins,AM,2022-11-12 02:54:00
CUST-03062,Juliana Araujo,juliana.araujo_3062@email.com,Niteroi,RJ,2022-10-06 08:23:00
CUST-03063,Bruno Gomes,bruno.gomes_3063@email.com,Teresina,PI,2024-02-17 18:51:00
CUST-03064,,roberto.melo_3064@email.com,Caucaia,CE,2022-01-15 19:18:00
CUST-03065,Amanda Carvalho,amanda.carvalho_3065@email.com,Varzea Grande,MT,2020-09-28 06:43:00
CUST-03066,Diego Melo,diego.melo_3066@email.com,Parnaiba,PI,2020-12-11 14:27:00
CUST-03067,Roberto Silva,roberto.silva_3067@email.com,Vila Velha,ES,2020-10-29 21:30:00
CUST-03068,Fernanda Oliveira,fernanda.oliveira_3068@email.com,Campina Grande,PB,2020-07-30 15:58:00
CUST-03069,Camila Gomes,camila.gomes_3069@email.com,Rio de Janeiro,RJ,2021-11-19 11:59:00
CUST-03070,Joao Carvalho,joao.carvalho_3070@email.com,Manaus,AM,2023-09-09 15:44:00
CUST-03071,Gabriela Santos,gabriela.santos_3071@email.com,,AM,2024-03-03 18:05:00
CUST-03072,Diego Santos,diego.santos_3072@email.com,Osasco,SP,2023-02-19 10:49:00
CUST-03073,Amanda Araujo,amanda.araujo_3073@email.com,Curitiba,PR,2023-06-15 21:15:00
CUST-03074,Pedro Barbosa,pedro.barbosa_3074@email.com,Contagem,MG,2023-10-23 00:05:00
CUST-03075,Bruno Cardoso,bruno.cardoso_3075@email.com,Petropolis,RJ,2020-11-27 12:18:00
CUST-03076,Roberto Almeida,roberto.almeida_3076@email.com,Rio de Janeiro,RJ,2022-10-20 18:02:00
CUST-03077,Lucas Cardoso,lucas.cardoso_3077@email.com,Curitiba,PR,2023-02-20 17:39:00
CUST-03078,Rafael Araujo,rafael.araujo_3078@email.com,Olinda,PE,2024-03-11 08:56:00
CUST-03079,Thiago Pereira,thiago.pereira_3079@email.com,Porto Alegre,RS,2022-06-09 09:30:00
CUST-03080,Diego Gomes,diego.gomes_3080@email.com,Belem,PA,2024-04-15 05:48:00
CUST-03081,Diego Pereira,diego.pereira_3081@email.com,Mossoro,RN,2022-08-29 14:52:00
CUST-03082,Roberto Nascimento,roberto.nascimento_3082@email.com,Imperatriz,MA,2021-06-10 12:52:00
CUST-03083,Amanda Moura,amanda.moura_3083@email.com,Brasilia,DF,2021-09-28 20:09:00
CUST-03084,Ana Rodrigues,ana.rodrigues_3084@email.com,,PE,2023-03-03 12:17:00
CUST-03085,Larissa Carvalho,larissa.carvalho_3085@email.com,Parnaiba,PI,2023-01-06 05:53:00
CUST-03086,Lucas Rodrigues,lucas.rodrigues_3086@email.com,Caxias do Sul,RS,2021-03-01 07:31:00
CUST-03087,Pedro Martins,pedro.martins_3087@email.com,Varzea Grande,MT,2022-12-02 10:31:00
CUST-03088,Pedro Lima,pedro.lima_3088@email.com,Maceio,AL,2023-10-15 14:42:00
CUST-03089,Patricia Barbosa,patricia.barbosa_3089@email.com,Campina Grande,PB,2024-02-13 04:58:00
CUST-03090,Diego Lima,diego.lima_3090@email.com,Campina Grande,PB,2020-12-05 14:02:00
CUST-03091,Joao Lima,joao.lima_3091@email.com,Aparecida de Goiania,GO,2020-05-05 09:09:00
CUST-03092,Patricia Lima,patricia.lima_3092@email.com,Contagem,MG,2023-07-17 18:05:00
CUST-03093,Ana Costa,ana.costa_3093@email.com,Parnaiba,PI,2021-10-16 01:34:00
CUST-03094,Fernanda Ferreira,fernanda.ferreira_3094@email.com,Juiz de Fora,MG,2022-04-21 22:13:00
CUST-03095,Amanda Santos,amanda.santos_3095@email.com,Ponta Grossa,PR,2024-03-03 16:39:00
CUST-03096,Pedro Santos,pedro.santos_3096@email.com,Contagem,MG,2023-09-02 09:37:00
CUST-03097,Roberto Moura,,Parintins,AM,2023-06-24 13:06:00
CUST-03098,Fernanda Costa,fernanda.costa_3098@email.com,Feira de Santana,BA,2023-07-09 15:30:00
CUST-03099,,lucas.santos_3099@email.com,Goiania,GO,2020-08-10 12:35:00
CUST-03100,Rafael Costa,rafael.costa_3100@email.com,Parnaiba,PI,2020-11-13 01:18:00
CUST-03101,Roberto Rodrigues,roberto.rodrigues_3101@email.com,Fortaleza,CE,2022-03-26 01:11:00
CUST-03102,Larissa Oliveira,larissa.oliveira_3102@email.com,Fortaleza,CE,2021-05-28 14:20:00
CUST-03103,Juliana Carvalho,juliana.carvalho_3103@email.com,Joinville,SC,2022-08-26 23:03:00
CUST-03104,Camila Souza,,Canoas,RS,2023-11-04 13:35:00
CUST-03105,Diego Nascimento,,Natal,RN,2023-11-30 16:05:00
CUST-03106,Roberto Almeida,roberto.almeida_3106@email.com,Campina Grande,PB,2021-04-15 22:58:00
CUST-03107,Bruno Lima,bruno.lima_3107@email.com,Fortaleza,CE,2022-05-07 10:30:00
CUST-03108,Amanda Gomes,amanda.gomes_3108@email.com,Volta Redonda,RJ,2020-12-27 12:43:00
CUST-03109,Gabriela Costa,gabriela.costa_3109@email.com,Ananindeua,PA,2020-03-11 09:04:00
CUST-03110,Rafael Cardoso,rafael.cardoso_3110@email.com,Juiz de Fora,MG,2022-03-12 11:46:00
CUST-03111,,diego.almeida_3111@email.com,Fortaleza,CE,2021-01-31 14:44:00
CUST-03112,Amanda Cardoso,amanda.cardoso_3112@email.com,Rio de Janeiro,RJ,2022-07-08 01:40:00
CUST-03113,Patricia Silva,patricia.silva_3113@email.com,Porto Alegre,RS,2023-12-12 22:55:00
CUST-03114,Thiago Pereira,thiago.pereira_3114@email.com,Brasilia,DF,2022-07-08 20:53:00
CUST-03115,Larissa Barbosa,larissa.barbosa_3115@email.com,Varzea Grande,MT,2022-10-07 23:15:00
CUST-03116,Ana Oliveira,ana.oliveira_3116@email.com,Teresina,PI,2024-05-05 12:38:00
CUST-03117,Lucas Oliveira,lucas.oliveira_3117@email.com,Cuiaba,MT,2022-11-29 19:45:00
CUST-03118,Rafael Santos,rafael.santos_3118@email.com,Santarem,PA,2021-12-27 04:47:00
CUST-03119,Fernanda Ribeiro,fernanda.ribeiro_3119@email.com,Blumenau,SC,2020-01-14 18:16:00
CUST-03120,Ana Melo,ana.melo_3120@email.com,Joao Pessoa,PB,2022-07-10 03:37:00
CUST-03121,Ana Rodrigues,ana.rodrigues_3121@email.com,Ponta Grossa,PR,2020-05-12 03:35:00
CUST-02660,Roberto Cardoso,roberto.cardoso_2660@email.com,Aparecida de Goiania,GO,2020-03-13 13:24:00
CUST-03123,Amanda Silva,amanda.silva_3123@email.com,Juiz de Fora,MG,2020-10-05 15:44:00
CUST-03124,Gabriela Silva,gabriela.silva_3124@email.com,Joao Pessoa,PB,2022-10-02 15:50:00
CUST-03125,Beatriz Nascimento,beatriz.nascimento_3125@email.com,Rio de Janeiro,RJ,2023-02-27 10:27:00
CUST-03126,Rafael Carvalho,,Taguatinga,DF,2022-03-10 22:51:00
CUST-03127,Amanda Ferreira,amanda.ferreira_3127@email.com,Teresina,PI,2022-01-24 12:15:00
CUST-03128,Rafael Barbosa,rafael.barbosa_3128@email.com,Parnaiba,PI,2022-05-19 14:47:00
CUST-03129,Gabriela Carvalho,gabriela.carvalho_3129@email.com,Santarem,PA,2022-09-30 23:31:00
CUST-03130,Patricia Gomes,patricia.gomes_3130@email.com,Santarem,PA,2023-09-27 21:21:00
CUST-03131,Fernanda Cardoso,fernanda.cardoso_3131@email.com,Varzea Grande,MT,2021-12-19 04:49:00
CUST-03132,Roberto Almeida,roberto.almeida_3132@email.com,Rio de Janeiro,RJ,2022-02-20 15:07:00
CUST-03133,Amanda Carvalho,amanda.carvalho_3133@email.com,Teresina,PI,2023-07-08 02:15:00
CUST-03134,Thiago Almeida,thiago.almeida_3134@email.com,Varzea Grande,MT,2024-05-22 15:23:00
CUST-03135,Camila Costa,camila.costa_3135@email.com,Fortaleza,CE,2023-01-29 15:16:00
CUST-03136,Joao Ferreira,joao.ferreira_3136@email.com,Natal,RN,2022-01-24 03:28:00
CUST-03137,Carlos Rodrigues,carlos.rodrigues_3137@email.com,Juazeiro do Norte,CE,2020-01-17 07:36:00
CUST-03138,Patricia Ribeiro,patricia.ribeiro_3138@email.com,Santarem,PA,2023-09-14 15:46:00
CUST-03139,Patricia Gomes,patricia.gomes_3139@email.com,Natal,RN,2021-02-26 11:15:00
CUST-03140,Maria Costa,maria.costa_3140@email.com,Maceio,AL,2020-04-12 19:17:00
CUST-03141,Fernanda Martins,fernanda.martins_3141@email.com,Maceio,AL,2023-06-06 08:12:00
CUST-03142,Diego Cardoso,diego.cardoso_3142@email.com,,PE,2021-10-07 10:01:00
CUST-03143,Lucas Nascimento,lucas.nascimento_3143@email.com,Campina Grande,PB,2020-02-02 09:09:00
CUST-03144,Beatriz Moura,beatriz.moura_3144@email.com,Mossoro,RN,2020-08-06 16:51:00
CUST-03145,Roberto Moura,roberto.moura_3145@email.com,Contagem,MG,2021-05-17 11:28:00
CUST-03146,Gabriela Gomes,gabriela.gomes_3146@email.com,Florianopolis,SC,2020-03-17 06:19:00
CUST-03147,Larissa Santos,larissa.santos_3147@email.com,Vila Velha,ES,2023-11-08 05:24:00
CUST-03148,Camila Costa,camila.costa_3148@email.com,Maringa,ZZ,2021-11-30 22:16:00
CUST-03149,,juliana.pereira_3149@email.com,Joao Pessoa,PB,2023-09-26 09:14:00
CUST-03150,Larissa Santos,larissa.santos_3150@email.com,Ananindeua,PA,2023-11-04 01:46:00
CUST-03151,Pedro Pereira,pedro.pereira_3151@email.com,Volta Redonda,RJ,2024-05-03 11:06:00
CUST-00699,Ana Souza,ana.souza_699@email.com,Ponta Grossa,PR,2022-07-15 10:50:00
CUST-03153,Joao Melo,joao.melo_3153@email.com,Maringa,PR,2021-06-02 21:53:00
CUST-03154,Beatriz Souza,beatriz.souza_3154@email.com,Juiz de Fora,MG,2020-10-14 16:21:00
CUST-03155,Camila Carvalho,camila.carvalho_3155@email.com,Brasilia,DF,2023-09-27 11:46:00
CUST-03156,Amanda Santos,amanda.santos_3156@email.com,Natal,RN,2023-04-12 03:41:00
CUST-03157,Rafael Ferreira,rafael.ferreira_3157@email.com,Vitoria da Conquista,BA,2020-01-15 02:13:00
CUST-03158,Larissa Nascimento,larissa.nascimento_3158@email.com,Arapiraca,AL,2020-01-12 03:53:00
CUST-03159,Joao Araujo,joao.araujo_3159@email.com,Curitiba,PR,2023-12-08 09:27:00
CUST-03160,Larissa Ribeiro,larissa.ribeiro_3160@email.com,Taguatinga,DF,2024-06-24 19:07:00
CUST-03161,Larissa Araujo,larissa.araujo_3161@email.com,Juazeiro do Norte,CE,2021-07-13 22:40:00
CUST-03162,Camila Almeida,camila.almeida_3162@email.com,Teresina,PI,2021-01-25 01:33:00
CUST-03163,Fernanda Souza,fernanda.souza_3163@email.com,Florianopolis,SC,2021-08-16 05:34:00
CUST-03164,Ana Rodrigues,ana.rodrigues_3164@email.com,Santarem,PA,2022-03-15 15:53:00
CUST-03165,Carlos Silva,carlos.silva_3165@email.com,Uberlandia,MG,2020-11-21 07:34:00
CUST-03166,Pedro Araujo,pedro.araujo_3166@email.com,Parintins,AM,2023-08-27 20:59:00
CUST-03167,Diego Martins,diego.martins_3167@email.com,Parnaiba,PI,2022-10-19 15:55:00
CUST-03168,Pedro Araujo,pedro.araujo_3168@email.com,Porto Alegre,RS,2021-03-23 22:02:00
CUST-03169,Ana Moura,ana.moura_3169@email.com,Goiania,GO,2020-10-08 11:17:00
CUST-03170,Bruno Gomes,bruno.gomes_3170@email.com,Ponta Grossa,PR,2021-02-28 18:11:00
CUST-03171,Lucas Nascimento,lucas.nascimento_3171@email.com,Mossoro,RN,2020-12-12 16:36:00
CUST-03172,Fernanda Ferreira,fernanda.ferreira_3172@email.com,Caruaru,PE,2024-02-19 01:17:00
CUST-03173,Bruno Araujo,bruno.araujo_3173@email.com,Londrina,PR,2020-05-24 02:46:00
CUST-01923,Lucas Araujo,lucas.araujo_1923@email.com,Vitoria da Conquista,BA,2023-02-11 20:23:00
CUST-03175,Marcos Ribeiro,,Guarulhos,SP,2023-09-10 18:39:00
CUST-03176,Fernanda Ribeiro,fernanda.ribeiro_3176@email.com,Taguatinga,DF,2021-05-01 17:59:00
CUST-03177,Amanda Ribeiro,amanda.ribeiro_3177@email.com,Santos,SP,2024-03-12 05:10:00
CUST-03178,Camila Souza,camila.souza_3178@email.com,Aparecida de Goiania,GO,2020-05-17 11:18:00
CUST-03179,Diego Almeida,diego.almeida_3179@email.com,Vitoria da Conquista,BA,2020-02-23 19:26:00
CUST-03180,Camila Souza,camila.souza_3180@email.com,Mossoro,RN,2021-12-29 23:38:00
CUST-03181,Ana Lima,ana.lima_3181@email.com,Santos,SP,2021-06-18 04:26:00
CUST-03182,Pedro Almeida,pedro.almeida_3182@email.com,Mossoro,RN,2020-10-13 16:05:00
CUST-03183,Gabriela Moura,gabriela.moura_3183@email.com,Vitoria,ES,2022-06-26 23:43:00
CUST-03184,Joao Oliveira,joao.oliveira_3184@email.com,Florianopolis,SC,2022-10-16 06:04:00
CUST-03185,Roberto Almeida,roberto.almeida_3185@email.com,Juiz de Fora,MG,2020-11-27 07:03:00
CUST-03186,Amanda Lima,amanda.lima_3186@email.com,Parintins,AM,2024-06-28 00:15:00
CUST-03187,Thiago Ribeiro,thiago.ribeiro_3187@email.com,Parintins,AM,2021-09-15 02:45:00
CUST-03188,Thiago Oliveira,thiago.oliveira_3188@email.com,Belem,PA,2023-01-31 15:34:00
CUST-03189,Fernanda Ferreira,fernanda.ferreira_3189@email.com,Serra,ES,2020-01-23 06:42:00
CUST-03190,Beatriz Almeida,beatriz.almeida_3190@email.com,Porto Alegre,RS,2020-09-22 03:02:00
CUST-03191,Maria Santos,maria.santos_3191@email.com,Parintins,AM,2020-08-14 06:07:00
CUST-03192,Bruno Costa,bruno.costa_3192@email.com,Caucaia,CE,2020-10-27 21:43:00
CUST-03193,Roberto Ribeiro,roberto.ribeiro_3193@email.com,Caxias do Sul,RS,2022-02-12 02:45:00
CUST-03194,Thiago Araujo,thiago.araujo_3194@email.com,Arapiraca,AL,2022-10-21 15:29:00
CUST-03195,Fernanda Moura,fernanda.moura_3195@email.com,Uberlandia,MG,2024-06-26 05:02:00
CUST-03196,Marcos Pereira,marcos.pereira_3196@email.com,Santarem,PA,2022-04-19 16:51:00
CUST-03197,Lucas Lima,lucas.lima_3197@email.com,Contagem,MG,2023-09-08 12:49:00
CUST-03198,Lucas Souza,lucas.souza_3198@email.com,Sao Luis,MA,2023-03-10 03:49:00
CUST-03199,Lucas Martins,lucas.martins_3199@email.com,Varzea Grande,MT,2024-04-20 07:37:00
CUST-03200,Maria Nascimento,maria.nascimento_3200@email.com,Ponta Grossa,PR,2022-07-23 00:08:00
CUST-03201,Maria Ribeiro,maria.ribeiro_3201@email.com,Volta Redonda,RJ,2022-01-05 21:41:00
CUST-03202,Lucas Costa,lucas.costa_3202@email.com,Aparecida de Goiania,GO,2022-11-23 22:37:00
CUST-03203,Patricia Barbosa,patricia.barbosa_3203@email.com,Parintins,AM,2024-01-05 23:08:00
CUST-03204,Pedro Araujo,pedro.araujo_3204@email.com,Salvador,??,2021-09-27 15:48:00
CUST-03205,Carlos Gomes,carlos.gomes_3205@email.com,Belo Horizonte,MG,2021-07-26 03:56:00
CUST-03206,Thiago Carvalho,thiago.carvalho_3206@email.com,Santos,SP,2022-06-06 04:49:00
CUST-03207,Marcos Santos,marcos.santos_3207@email.com,Imperatriz,MA,2020-08-28 16:29:00
CUST-03208,Lucas Pereira,lucas.pereira_3208@email.com,Vitoria,ES,2024-05-28 00:29:00
CUST-03209,Rafael Martins,rafael.martins_3209@email.com,Fortaleza,CE,2021-06-09 19:51:00
CUST-03210,Pedro Lima,pedro.lima_3210@email.com,Niteroi,RJ,2023-05-03 23:32:00
CUST-03211,Beatriz Martins,beatriz.martins_3211@email.com,Teresina,PI,2020-08-03 21:12:00
CUST-03212,Gabriela Carvalho,gabriela.carvalho_3212@email.com,Rio de Janeiro,RJ,2022-01-01 22:24:00
CUST-03213,Gabriela Souza,gabriela.souza_3213@email.com,Goiania,GO,2021-05-18 08:15:00
CUST-03214,Fernanda Rodrigues,fernanda.rodrigues_3214@email.com,Vila Velha,ES,2024-06-14 22:21:00
CUST-03215,Juliana Costa,juliana.costa_3215@email.com,Caruaru,PE,2021-06-12 03:40:00
CUST-03216,Amanda Silva,amanda.silva_3216@email.com,Belo Horizonte,XX,2023-04-09 06:03:00
CUST-03217,Juliana Ferreira,juliana.ferreira_3217@email.com,Petropolis,RJ,2022-06-15 20:15:00
CUST-03218,Thiago Lima,thiago.lima_3218@email.com,Goiania,GO,2023-11-04 10:42:00
CUST-03219,Beatriz Rodrigues,beatriz.rodrigues_3219@email.com,Taguatinga,DF,2021-03-05 14:48:00
CUST-03220,Juliana Martins,juliana.martins_3220@email.com,Blumenau,SC,2023-06-07 18:52:00
CUST-03221,Carlos Almeida,carlos.almeida_3221@email.com,Sao Luis,MA,2020-04-24 22:13:00
CUST-03222,Carlos Barbosa,carlos.barbosa_3222@email.com,Blumenau,SC,2022-10-15 22:42:00
CUST-03223,Amanda Araujo,amanda.araujo_3223@email.com,Maceio,AL,2022-01-03 05:17:00
CUST-03224,Marcos Melo,marcos.melo_3224@email.com,Mossoro,RN,2021-05-17 01:19:00
CUST-03225,Pedro Santos,pedro.santos_3225@email.com,Parintins,AM,2021-09-01 17:27:00
CUST-03226,Bruno Ribeiro,bruno.ribeiro_3226@email.com,Canoas,RS,2023-02-25 11:57:00
CUST-03227,Ana Nascimento,ana.nascimento_3227@email.com,Imperatriz,MA,2022-01-08 08:51:00
CUST-03228,Roberto Carvalho,roberto.carvalho_3228@email.com,Goiania,GO,2021-03-31 04:53:00
CUST-03229,Ana Araujo,ana.araujo_3229@email.com,Ananindeua,PA,2020-08-01 22:30:00
CUST-03230,Joao Martins,joao.martins_3230@email.com,Sao Luis,MA,2023-10-25 22:49:00
CUST-03231,Lucas Moura,lucas.moura_3231@email.com,Parnaiba,PI,2023-03-19 11:09:00
CUST-03232,Maria Melo,maria.melo_3232@email.com,Caucaia,CE,2021-09-19 19:44:00
CUST-03233,Patricia Barbosa,patricia.barbosa_3233@email.com,Aparecida de Goiania,GO,2021-08-12 21:46:00
CUST-03234,Joao Barbosa,joao.barbosa_3234@email.com,Canoas,RS,2021-03-12 19:13:00
CUST-03235,Marcos Martins,marcos.martins_3235@email.com,Joao Pessoa,PB,2021-07-20 01:17:00
CUST-03236,Bruno Souza,bruno.souza_3236@email.com,Campina Grande,PB,2020-02-02 11:00:00
CUST-03237,Thiago Moura,thiago.moura_3237@email.com,Caxias do Sul,RS,2021-12-31 05:50:00
CUST-03238,Patricia Carvalho,patricia.carvalho_3238@email.com,Maceio,AL,2021-06-26 06:58:00
CUST-03239,Patricia Almeida,patricia.almeida_3239@email.com,Juazeiro do Norte,CE,2024-04-25 23:37:00
CUST-03240,Bruno Souza,bruno.souza_3240@email.com,Curitiba,,2021-01-31 20:40:00
CUST-03241,Gabriela Martins,gabriela.martins_3241@email.com,Santarem,PA,2021-12-04 06:55:00
CUST-03242,Bruno Ribeiro,bruno.ribeiro_3242@email.com,Natal,RN,2023-02-19 06:04:00
CUST-03243,Lucas Silva,lucas.silva_3243@email.com,Varzea Grande,MT,2021-04-22 14:28:00
CUST-03244,Juliana Moura,juliana.moura_3244@email.com,Fortaleza,CE,2022-11-25 10:03:00
CUST-03245,Bruno Moura,bruno.moura_3245@email.com,Ponta Grossa,PR,2020-02-07 00:38:00
CUST-03246,Juliana Ferreira,,Volta Redonda,RJ,2020-09-05 16:37:00
CUST-03247,Carlos Pereira,carlos.pereira_3247@email.com,Ananindeua,PA,2021-04-25 06:04:00
CUST-03248,Roberto Barbosa,roberto.barbosa_3248@email.com,Blumenau,SC,2020-03-01 06:10:00
CUST-03249,Thiago Barbosa,thiago.barbosa_3249@email.com,Recife,PE,2020-05-17 14:21:00
CUST-03250,Beatriz Souza,beatriz.souza_3250@email.com,Campinas,SP,2022-10-07 20:22:00
CUST-03251,Camila Costa,camila.costa_3251@email.com,Arapiraca,AL,2020-07-17 09:21:00
CUST-03252,Roberto Araujo,roberto.araujo_3252@email.com,Petropolis,RJ,2022-07-01 05:32:00
CUST-03253,Joao Cardoso,joao.cardoso_3253@email.com,Parintins,AM,2021-04-07 20:35:00
CUST-03254,Camila Santos,camila.santos_3254@email.com,Santarem,PA,2022-03-01 08:42:00
CUST-03255,Roberto Almeida,roberto.almeida_3255@email.com,Olinda,PE,2024-01-04 12:28:00
CUST-03256,Patricia Cardoso,patricia.cardoso_3256@email.com,Belem,PA,2023-11-27 11:34:00
CUST-03257,Beatriz Moura,beatriz.moura_3257@email.com,Joinville,SC,2022-07-26 20:09:00
CUST-03258,Maria Barbosa,maria.barbosa_3258@email.com,Parintins,AM,2021-03-19 14:30:00
CUST-03259,Carlos Lima,carlos.lima_3259@email.com,Rio de Janeiro,RJ,2023-10-04 19:33:00
CUST-03260,Lucas Araujo,lucas.araujo_3260@email.com,Pelotas,XX,2022-03-07 11:04:00
CUST-03261,Bruno Martins,bruno.martins_3261@email.com,Arapiraca,AL,2024-03-30 01:53:00
CUST-03262,Carlos Melo,carlos.melo_3262@email.com,Juazeiro do Norte,CE,2022-09-17 05:04:00
CUST-03263,Ana Silva,ana.silva_3263@email.com,Caxias do Sul,RS,2023-04-17 03:23:00
CUST-03264,Rafael Ferreira,rafael.ferreira_3264@email.com,Fortaleza,CE,2020-01-02 10:58:00
CUST-03265,Diego Moura,diego.moura_3265@email.com,Natal,RN,2021-05-18 20:25:00
CUST-03266,Fernanda Rodrigues,fernanda.rodrigues_3266@email.com,Blumenau,SC,2023-10-23 19:54:00
CUST-03267,Patricia Silva,patricia.silva_3267@email.com,Serra,ES,2022-02-11 03:53:00
CUST-03268,Lucas Araujo,lucas.araujo_3268@email.com,Belem,PA,2023-09-14 15:19:00
CUST-03269,Larissa Cardoso,larissa.cardoso_3269@email.com,Sao Luis,MA,2022-10-28 22:29:00
CUST-03270,Maria Ribeiro,maria.ribeiro_3270@email.com,Manaus,AM,2021-06-06 11:53:00
CUST-03271,Diego Souza,diego.souza_3271@email.com,Arapiraca,AL,2020-12-14 15:32:00
CUST-03272,Maria Lima,maria.lima_3272@email.com,Goiania,GO,2023-12-22 08:43:00
CUST-03273,Maria Ferreira,maria.ferreira_3273@email.com,Teresina,PI,2020-11-22 03:20:00
CUST-03274,Ana Araujo,ana.araujo_3274@email.com,Teresina,PI,2021-08-15 22:17:00
CUST-03275,Bruno Carvalho,bruno.carvalho_3275@email.com,Arapiraca,AL,2020-08-14 23:29:00
CUST-03276,Ana Gomes,ana.gomes_3276@email.com,Campina Grande,PB,2022-04-03 21:52:00
CUST-03277,Patricia Martins,patricia.martins_3277@email.com,Imperatriz,MA,2022-02-01 15:46:00
CUST-03278,Larissa Lima,larissa.lima_3278@email.com,Parintins,AM,2024-02-19 10:54:00
CUST-03279,Rafael Costa,rafael.costa_3279@email.com,Canoas,RS,2023-06-30 17:33:00
CUST-03280,Amanda Cardoso,amanda.cardoso_3280@email.com,Natal,RN,2020-12-07 00:27:00
CUST-03281,Pedro Carvalho,pedro.carvalho_3281@email.com,Juiz de Fora,MG,2023-08-14 16:27:00
CUST-03282,Pedro Martins,pedro.martins_3282@email.com,Belem,PA,2020-03-17 07:10:00
CUST-03283,Lucas Santos,lucas.santos_3283@email.com,Juiz de Fora,MG,2021-05-10 00:57:00
CUST-03284,Joao Barbosa,joao.barbosa_3284@email.com,Belo Horizonte,MG,2022-12-07 15:20:00
CUST-03285,Rafael Ribeiro,rafael.ribeiro_3285@email.com,Goiania,GO,2022-07-25 08:22:00
CUST-03286,Gabriela Almeida,gabriela.almeida_3286@email.com,Serra,ES,2022-10-24 14:45:00
CUST-03287,Camila Ribeiro,camila.ribeiro_3287@email.com,Uberlandia,MG,2023-09-07 06:51:00
CUST-03288,Thiago Carvalho,thiago.carvalho_3288@email.com,Varzea Grande,MT,2023-10-29 12:57:00
CUST-03289,Roberto Moura,roberto.moura_3289@email.com,Rio de Janeiro,RJ,2021-06-24 13:59:00
CUST-03290,Marcos Carvalho,marcos.carvalho_3290@email.com,Taguatinga,DF,2023-01-04 09:08:00
CUST-03291,Joao Melo,joao.melo_3291@email.com,Parintins,AM,2020-04-09 02:52:00
CUST-03292,Marcos Oliveira,marcos.oliveira_3292@email.com,Campinas,SP,2024-02-26 21:55:00
CUST-03293,Fernanda Cardoso,fernanda.cardoso_3293@email.com,Porto Alegre,RS,2024-06-29 11:40:00
CUST-03294,Beatriz Ribeiro,beatriz.ribeiro_3294@email.com,Belo Horizonte,MG,2022-05-04 22:11:00
CUST-03295,Joao Martins,joao.martins_3295@email.com,Porto Alegre,RS,2023-10-20 11:02:00
CUST-03296,Rafael Almeida,rafael.almeida_3296@email.com,Maceio,AL,2021-07-20 00:15:00
CUST-03297,Camila Costa,camila.costa_3297@email.com,Volta Redonda,RJ,2020-11-22 01:09:00
CUST-03298,Fernanda Ribeiro,fernanda.ribeiro_3298@email.com,Imperatriz,ZZ,2021-01-12 16:03:00
CUST-03299,,ana.rodrigues_3299@email.com,Parnaiba,PI,2023-06-23 00:29:00
CUST-03300,Thiago Ferreira,thiago.ferreira_3300@email.com,Natal,RN,2022-09-28 15:40:00
CUST-03301,Diego Ribeiro,diego.ribeiro_3301@email.com,Caucaia,CE,2021-04-06 10:20:00
CUST-03302,Rafael Araujo,rafael.araujo_3302@email.com,Sao Luis,MA,2023-10-31 07:37:00
CUST-03303,Roberto Lima,roberto.lima_3303@email.com,Jaboatao,PE,2023-08-07 03:13:00
CUST-03304,Lucas Nascimento,lucas.nascimento_3304@email.com,Belem,PA,2023-08-11 10:32:00
CUST-03305,Patricia Melo,patricia.melo_3305@email.com,Maringa,PR,2023-05-21 01:14:00
CUST-03306,Roberto Souza,roberto.souza_3306@email.com,Vitoria,ES,2021-10-07 14:42:00
CUST-03307,Carlos Oliveira,carlos.oliveira_3307@email.com,Juiz de Fora,MG,2023-12-17 12:54:00
CUST-03308,Maria Santos,,Blumenau,SC,2022-03-14 08:18:00
CUST-03309,Carlos Nascimento,carlos.nascimento_3309@email.com,Belem,PA,2023-12-20 00:40:00
CUST-03310,Juliana Ferreira,juliana.ferreira_3310@email.com,Volta Redonda,RJ,2022-08-03 16:03:00
CUST-03311,Thiago Costa,thiago.costa_3311@email.com,Arapiraca,AL,2022-02-01 06:02:00
CUST-03312,Amanda Santos,amanda.santos_3312@email.com,Sao Paulo,SP,2024-02-05 13:41:00
CUST-03313,Camila Gomes,camila.gomes_3313@email.com,Mossoro,RN,2022-08-05 20:01:00
CUST-03314,Beatriz Carvalho,beatriz.carvalho_3314@email.com,Caucaia,CE,2024-06-03 21:26:00
CUST-03315,Maria Costa,maria.costa_3315@email.com,Arapiraca,AL,2021-02-21 10:48:00
CUST-03316,Joao Melo,joao.melo_3316@email.com,Juiz de Fora,MG,2023-04-02 13:20:00
CUST-03317,Pedro Pereira,pedro.pereira_3317@email.com,Manaus,AM,2024-02-17 08:33:00
CUST-03318,Juliana Oliveira,,Santarem,PA,2021-06-27 10:22:00
CUST-03319,Fernanda Araujo,fernanda.araujo_3319@email.com,Mossoro,RN,2020-10-21 13:19:00
CUST-03320,Carlos Moura,carlos.moura_3320@email.com,Recife,PE,2023-04-24 17:09:00
CUST-03321,Roberto Almeida,roberto.almeida_3321@email.com,Salvador,BA,2020-11-08 05:38:00
CUST-03322,Maria Gomes,maria.gomes_3322@email.com,Goiania,GO,2023-10-18 20:42:00
CUST-03323,Fernanda Moura,fernanda.moura_3323@email.com,Parnaiba,PI,2021-08-25 15:25:00
CUST-03324,Roberto Silva,roberto.silva_3324@email.com,Serra,ES,2022-03-14 12:38:00
CUST-03325,Diego Silva,diego.silva_3325@email.com,Sao Luis,MA,2023-10-29 23:22:00
CUST-03326,Camila Costa,camila.costa_3326@email.com,Osasco,SP,2021-01-12 12:24:00
CUST-03327,Fernanda Rodrigues,fernanda.rodrigues_3327@email.com,Teresina,PI,2024-01-10 13:58:00
CUST-03328,Marcos Santos,marcos.santos_3328@email.com,Cuiaba,MT,2021-06-02 20:16:00
CUST-03329,Larissa Souza,larissa.souza_3329@email.com,Parintins,AM,2020-06-27 17:03:00
CUST-03330,Carlos Barbosa,carlos.barbosa_3330@email.com,Campina Grande,PB,2022-08-22 19:10:00
CUST-03331,Roberto Lima,roberto.lima_3331@email.com,Ananindeua,PA,2023-06-29 11:05:00
CUST-03332,Roberto Costa,roberto.costa_3332@email.com,Arapiraca,AL,2023-01-11 07:44:00
CUST-03333,Thiago Pereira,thiago.pereira_3333@email.com,Fortaleza,CE,2023-04-14 02:51:00
CUST-03334,Marcos Melo,marcos.melo_3334@email.com,Caxias do Sul,RS,2020-07-05 21:56:00
CUST-00628,Amanda Santos,amanda.santos_628@email.com,Taguatinga,DF,2021-09-06 13:26:00
CUST-03336,Joao Ribeiro,joao.ribeiro_3336@email.com,Juazeiro do Norte,CE,2024-04-05 21:13:00
CUST-03337,Ana Nascimento,ana.nascimento_3337@email.com,Juiz de Fora,MG,2023-05-03 13:30:00
CUST-03338,Joao Ferreira,joao.ferreira_3338@email.com,Curitiba,PR,2024-05-02 14:31:00
CUST-03339,,,Joinville,SC,2024-03-13 02:29:00
CUST-03340,Fernanda Ferreira,fernanda.ferreira_3340@email.com,Campina Grande,PB,2022-11-11 15:07:00
CUST-03341,Camila Gomes,camila.gomes_3341@email.com,Goiania,GO,2020-04-29 22:44:00
CUST-03342,Ana Rodrigues,ana.rodrigues_3342@email.com,Varzea Grande,MT,2020-04-05 19:15:00
CUST-03343,Thiago Almeida,thiago.almeida_3343@email.com,Maceio,AL,2020-08-19 12:42:00
CUST-03344,Bruno Moura,bruno.moura_3344@email.com,Sao Paulo,SP,2023-10-31 23:48:00
CUST-03345,Patricia Martins,patricia.martins_3345@email.com,Goiania,GO,2020-08-16 03:27:00
CUST-03346,Bruno Gomes,bruno.gomes_3346@email.com,Serra,ES,2023-10-23 00:06:00
CUST-03347,Patricia Barbosa,patricia.barbosa_3347@email.com,Contagem,MG,2023-01-04 13:47:00
CUST-03348,Carlos Costa,carlos.costa_3348@email.com,Porto Alegre,RS,2022-06-25 07:49:00
CUST-03349,Carlos Santos,carlos.santos_3349@email.com,Campinas,SP,2021-03-03 20:54:00
CUST-03350,Ana Ribeiro,ana.ribeiro_3350@email.com,Santos,SP,2021-12-02 00:28:00
CUST-03351,Ana Barbosa,ana.barbosa_3351@email.com,Joinville,SC,2020-05-07 07:50:00
CUST-03352,Diego Araujo,diego.araujo_3352@email.com,Mossoro,ZZ,2022-03-15 08:42:00
CUST-03353,Camila Barbosa,camila.barbosa_3353@email.com,Sao Luis,MA,2022-06-23 05:29:00
CUST-03354,Lucas Rodrigues,lucas.rodrigues_3354@email.com,Taguatinga,DF,2020-09-24 00:23:00
CUST-03355,Carlos Oliveira,carlos.oliveira_3355@email.com,Salvador,BA,2020-03-04 02:56:00
CUST-03356,Bruno Silva,bruno.silva_3356@email.com,Brasilia,DF,2023-12-31 08:54:00
CUST-03357,Maria Araujo,maria.araujo_3357@email.com,Natal,RN,2023-03-06 13:58:00
CUST-03358,Fernanda Oliveira,fernanda.oliveira_3358@email.com,Arapiraca,AL,2023-09-14 19:01:00
CUST-03359,Thiago Oliveira,thiago.oliveira_3359@email.com,Imperatriz,MA,2020-09-11 03:48:00
CUST-03360,Diego Melo,diego.melo_3360@email.com,Ananindeua,PA,2021-11-23 04:17:00
CUST-03361,Ana Souza,ana.souza_3361@email.com,Parnaiba,PI,2020-06-02 15:55:00
CUST-03362,Juliana Rodrigues,juliana.rodrigues_3362@email.com,Vitoria,ES,2021-09-17 14:32:00
CUST-03363,Patricia Rodrigues,patricia.rodrigues_3363@email.com,Ponta Grossa,PR,2023-04-19 20:44:00
CUST-03364,Gabriela Nascimento,gabriela.nascimento_3364@email.com,Maringa,PR,2022-07-28 05:39:00
CUST-03365,Fernanda Costa,fernanda.costa_3365@email.com,Brasilia,DF,2020-03-02 19:15:00
CUST-03366,Diego Almeida,diego.almeida_3366@email.com,Parnaiba,PI,2021-06-29 04:43:00
CUST-03367,Amanda Cardoso,amanda.cardoso_3367@email.com,Vitoria,ES,2021-05-06 19:04:00
CUST-03368,Patricia Martins,patricia.martins_3368@email.com,Varzea Grande,MT,2021-04-07 07:54:00
CUST-03369,Larissa Ferreira,larissa.ferreira_3369@email.com,Sao Luis,MA,2020-08-26 08:44:00
CUST-03370,Bruno Martins,bruno.martins_3370@email.com,Porto Alegre,RS,2022-05-01 06:25:00
CUST-03371,Carlos Almeida,carlos.almeida_3371@email.com,Ponta Grossa,PR,2024-01-07 03:47:00
CUST-03372,Beatriz Gomes,beatriz.gomes_3372@email.com,Sao Luis,MA,2021-06-26 09:36:00
CUST-03373,Rafael Ferreira,rafael.ferreira_3373@email.com,Joinville,SC,2023-07-04 09:24:00
CUST-03374,Joao Ribeiro,joao.ribeiro_3374@email.com,Juazeiro do Norte,CE,2022-10-02 20:39:00
CUST-03375,Larissa Gomes,larissa.gomes_3375@email.com,Maringa,PR,2024-01-31 06:20:00
CUST-03376,Bruno Nascimento,bruno.nascimento_3376@email.com,Caruaru,PE,2020-09-01 08:23:00
CUST-03377,Beatriz Melo,beatriz.melo_3377@email.com,Uberlandia,MG,2022-08-11 17:10:00
CUST-03378,Fernanda Oliveira,,Ananindeua,PA,2021-05-03 23:30:00
CUST-03379,Carlos Gomes,carlos.gomes_3379@email.com,Varzea Grande,MT,2022-05-01 00:27:00
CUST-03380,Joao Silva,joao.silva_3380@email.com,Parintins,AM,2021-09-25 19:06:00
CUST-03381,Gabriela Melo,gabriela.melo_3381@email.com,Porto Alegre,RS,2024-05-01 08:28:00
CUST-03382,Amanda Silva,amanda.silva_3382@email.com,Juiz de Fora,MG,2020-06-15 13:02:00
CUST-03383,Pedro Ferreira,pedro.ferreira_3383@email.com,Santos,SP,2024-06-04 16:14:00
CUST-03384,Carlos Santos,carlos.santos_3384@email.com,Porto Alegre,RS,2020-10-15 11:02:00
CUST-03385,Larissa Martins,larissa.martins_3385@email.com,Serra,ES,2020-12-01 01:59:00
CUST-03386,Rafael Oliveira,rafael.oliveira_3386@email.com,,RJ,2022-09-27 05:15:00
CUST-03387,Maria Ribeiro,maria.ribeiro_3387@email.com,Varzea Grande,MT,2023-12-22 19:17:00
CUST-03388,Marcos Carvalho,marcos.carvalho_3388@email.com,Vila Velha,ES,2023-04-29 07:01:00
CUST-03389,Marcos Melo,marcos.melo_3389@email.com,Joinville,SC,2022-03-09 14:27:00
CUST-03390,Rafael Souza,rafael.souza_3390@email.com,Guarulhos,SP,2021-10-10 00:49:00
CUST-03391,Amanda Santos,amanda.santos_3391@email.com,Belem,PA,2022-12-22 11:49:00
CUST-03392,,roberto.martins_3392@email.com,Varzea Grande,MT,2022-08-16 12:01:00
CUST-03393,Maria Ferreira,maria.ferreira_3393@email.com,Mossoro,RN,2022-02-16 09:53:00
CUST-03394,Gabriela Silva,gabriela.silva_3394@email.com,Sao Luis,MA,2021-12-15 19:40:00
CUST-03395,Larissa Ribeiro,larissa.ribeiro_3395@email.com,Caucaia,CE,2024-04-13 23:37:00
CUST-03396,Patricia Carvalho,patricia.carvalho_3396@email.com,Florianopolis,SC,2022-09-22 08:35:00
CUST-03397,Camila Oliveira,camila.oliveira_3397@email.com,Goiania,GO,2022-05-08 14:50:00
CUST-03398,Maria Melo,maria.melo_3398@email.com,Teresina,PI,2023-07-23 05:39:00
CUST-03399,Diego Costa,diego.costa_3399@email.com,Santarem,PA,2023-04-12 18:39:00
CUST-03400,Pedro Pereira,pedro.pereira_3400@email.com,,RJ,2024-04-04 02:21:00
CUST-03401,Juliana Gomes,juliana.gomes_3401@email.com,Teresina,PI,2023-11-23 17:21:00
CUST-03402,Roberto Melo,roberto.melo_3402@email.com,Uberlandia,MG,2020-09-24 23:27:00
CUST-03403,Beatriz Santos,beatriz.santos_3403@email.com,Curitiba,PR,2022-04-14 02:04:00
CUST-03404,Gabriela Melo,gabriela.melo_3404@email.com,Arapiraca,AL,2023-05-20 06:42:00
CUST-03405,Rafael Souza,rafael.souza_3405@email.com,Recife,PE,2020-04-08 07:12:00
CUST-03406,Gabriela Ribeiro,gabriela.ribeiro_3406@email.com,Fortaleza,CE,2022-05-30 01:42:00
CUST-03407,Roberto Almeida,roberto.almeida_3407@email.com,Curitiba,PR,2020-05-16 01:37:00
CUST-03408,Marcos Carvalho,marcos.carvalho_3408@email.com,Caucaia,CE,2024-04-16 14:24:00
CUST-03409,Bruno Gomes,bruno.gomes_3409@email.com,Imperatriz,MA,2023-06-10 10:51:00
CUST-03410,Bruno Souza,bruno.souza_3410@email.com,Belem,PA,2021-02-24 07:52:00
CUST-03411,Fernanda Pereira,fernanda.pereira_3411@email.com,Niteroi,RJ,2020-05-23 09:41:00
CUST-03412,Camila Silva,camila.silva_3412@email.com,Arapiraca,AL,2022-05-15 00:24:00
CUST-03413,Joao Costa,joao.costa_3413@email.com,Vila Velha,ES,2022-06-13 05:06:00
CUST-03414,Thiago Pereira,thiago.pereira_3414@email.com,Parintins,AM,2023-03-31 14:15:00
CUST-03415,Amanda Gomes,amanda.gomes_3415@email.com,Niteroi,RJ,2023-09-27 01:10:00
CUST-03416,Bruno Barbosa,bruno.barbosa_3416@email.com,Juazeiro do Norte,CE,2023-01-04 08:33:00
CUST-03417,Amanda Nascimento,amanda.nascimento_3417@email.com,Cuiaba,MT,2024-01-25 10:39:00
CUST-03418,Amanda Lima,amanda.lima_3418@email.com,Teresina,PI,2021-05-29 10:09:00
CUST-03419,Ana Silva,ana.silva_3419@email.com,Juazeiro do Norte,CE,2024-02-19 16:24:00
CUST-03420,,camila.lima_3420@email.com,Mossoro,RN,2023-05-11 21:22:00
CUST-03421,Rafael Martins,rafael.martins_3421@email.com,Rio de Janeiro,RJ,2022-09-30 04:48:00
CUST-03422,Juliana Barbosa,juliana.barbosa_3422@email.com,Florianopolis,SC,2023-12-27 01:53:00
CUST-03423,Beatriz Carvalho,beatriz.carvalho_3423@email.com,Natal,RN,2024-03-08 15:37:00
CUST-03424,Maria Martins,maria.martins_3424@email.com,Brasilia,DF,2023-08-19 05:45:00
CUST-03425,Juliana Cardoso,juliana.cardoso_3425@email.com,Maceio,AL,2021-12-28 21:03:00
CUST-03426,Gabriela Barbosa,gabriela.barbosa_3426@email.com,Parintins,AM,2022-05-01 21:26:00
CUST-03427,Diego Cardoso,diego.cardoso_3427@email.com,Contagem,MG,2024-03-08 07:24:00
CUST-03428,Ana Costa,ana.costa_3428@email.com,Ananindeua,PA,2020-05-26 07:13:00
CUST-03429,Diego Almeida,diego.almeida_3429@email.com,Parnaiba,PI,2022-03-19 19:25:00
CUST-03430,Maria Rodrigues,maria.rodrigues_3430@email.com,Uberlandia,MG,2023-02-16 22:56:00
CUST-03431,Thiago Gomes,thiago.gomes_3431@email.com,Campina Grande,PB,2024-02-23 06:05:00
CUST-03432,Lucas Santos,lucas.santos_3432@email.com,Parnaiba,PI,2021-01-10 05:48:00
CUST-03433,,diego.lima_3433@email.com,Goiania,GO,2024-01-11 00:07:00
CUST-03434,Fernanda Souza,fernanda.souza_3434@email.com,Mossoro,RN,2023-10-29 20:01:00
CUST-03435,,bruno.pereira_3435@email.com,Arapiraca,AL,2021-01-21 11:26:00
CUST-03436,Bruno Melo,bruno.melo_3436@email.com,Natal,RN,2021-09-25 02:00:00
CUST-03437,Pedro Almeida,pedro.almeida_3437@email.com,Sao Luis,MA,2024-04-19 16:11:00
CUST-03438,Larissa Almeida,larissa.almeida_3438@email.com,Vila Velha,ES,2022-04-26 02:07:00
CUST-03439,Ana Pereira,ana.pereira_3439@email.com,Cuiaba,MT,2023-12-11 23:37:00
CUST-03440,Diego Rodrigues,diego.rodrigues_3440@email.com,Blumenau,SC,2020-05-11 22:06:00
CUST-03441,Carlos Barbosa,carlos.barbosa_3441@email.com,Vitoria da Conquista,BA,2023-07-29 12:27:00
CUST-03442,Lucas Martins,lucas.martins_3442@email.com,Campina Grande,PB,2021-05-19 05:26:00
CUST-03443,Gabriela Lima,gabriela.lima_3443@email.com,Blumenau,SC,2020-12-20 21:42:00
CUST-03444,Ana Pereira,ana.pereira_3444@email.com,Taguatinga,DF,2023-09-13 06:09:00
CUST-03445,Camila Rodrigues,camila.rodrigues_3445@email.com,Santarem,PA,2023-04-07 20:21:00
CUST-03446,Pedro Ribeiro,pedro.ribeiro_3446@email.com,Niteroi,RJ,2024-05-01 12:21:00
CUST-03447,Roberto Gomes,roberto.gomes_3447@email.com,Pelotas,RS,2022-10-31 07:32:00
CUST-03448,Ana Oliveira,ana.oliveira_3448@email.com,Maceio,AL,2020-07-01 07:25:00
CUST-03449,Bruno Araujo,bruno.araujo_3449@email.com,Contagem,MG,2023-12-11 12:06:00
CUST-03450,Beatriz Nascimento,beatriz.nascimento_3450@email.com,Parnaiba,PI,2021-06-23 18:49:00
CUST-03451,Beatriz Costa,beatriz.costa_3451@email.com,Sao Luis,MA,2021-05-01 17:34:00
CUST-03452,Camila Silva,camila.silva_3452@email.com,Parintins,AM,2020-07-04 22:23:00
CUST-03453,Larissa Araujo,larissa.araujo_3453@email.com,Taguatinga,DF,2024-05-25 11:59:00
CUST-03454,Larissa Silva,larissa.silva_3454@email.com,Teresina,PI,2022-04-30 12:06:00
CUST-03455,Lucas Carvalho,lucas.carvalho_3455@email.com,Varzea Grande,MT,2020-01-02 21:08:00
CUST-03456,Fernanda Cardoso,fernanda.cardoso_3456@email.com,,SP,2023-06-19 13:25:00
CUST-03457,,lucas.araujo_3457@email.com,Mossoro,RN,2022-10-27 07:57:00
CUST-03458,Diego Melo,,Campina Grande,PB,2023-09-12 10:31:00
CUST-03459,Amanda Carvalho,amanda.carvalho_3459@email.com,Sao Luis,MA,2021-05-14 02:25:00
CUST-03460,Roberto Silva,roberto.silva_3460@email.com,Santarem,PA,2023-08-31 17:31:00
CUST-03461,Pedro Ribeiro,pedro.ribeiro_3461@email.com,Juazeiro do Norte,CE,2021-03-10 03:08:00
CUST-03462,Diego Carvalho,diego.carvalho_3462@email.com,Teresina,PI,2020-03-07 18:20:00
CUST-03463,Rafael Silva,rafael.silva_3463@email.com,Maceio,AL,2022-08-14 23:00:00
CUST-03464,Maria Nascimento,maria.nascimento_3464@email.com,Rio de Janeiro,RJ,2021-10-17 08:25:00
CUST-03465,Lucas Gomes,lucas.gomes_3465@email.com,Serra,ES,2023-03-21 20:02:00
CUST-03466,Joao Almeida,joao.almeida_3466@email.com,Varzea Grande,MT,2021-03-24 04:06:00
CUST-03467,Bruno Gomes,bruno.gomes_3467@email.com,Recife,PE,2022-01-04 20:04:00
CUST-03468,Amanda Santos,amanda.santos_3468@email.com,Salvador,BA,2020-12-06 21:36:00
CUST-03469,Carlos Costa,carlos.costa_3469@email.com,Sao Luis,MA,2021-04-12 04:15:00
CUST-03470,Diego Araujo,diego.araujo_3470@email.com,Varzea Grande,MT,2024-01-30 16:36:00
CUST-03471,Fernanda Gomes,,Florianopolis,SC,2022-12-29 14:18:00
CUST-03472,Ana Barbosa,ana.barbosa_3472@email.com,Sao Luis,MA,2021-02-22 20:39:00
CUST-03473,Ana Ferreira,ana.ferreira_3473@email.com,Serra,ES,2021-12-14 09:35:00
CUST-03474,Joao Pereira,joao.pereira_3474@email.com,Juiz de Fora,MG,2021-11-29 14:53:00
CUST-03475,Patricia Melo,patricia.melo_3475@email.com,Vila Velha,ES,2023-02-05 19:08:00
CUST-03476,Pedro Rodrigues,pedro.rodrigues_3476@email.com,Niteroi,RJ,2022-01-02 16:39:00
CUST-03477,Ana Almeida,ana.almeida_3477@email.com,Londrina,PR,2023-08-10 05:17:00
CUST-03478,Carlos Martins,carlos.martins_3478@email.com,Taguatinga,DF,2023-03-26 13:30:00
CUST-03479,Bruno Souza,bruno.souza_3479@email.com,Santarem,PA,2022-06-27 23:19:00
CUST-03480,Camila Rodrigues,camila.rodrigues_3480@email.com,Sao Luis,MA,2020-08-18 16:23:00
CUST-03481,Joao Costa,joao.costa_3481@email.com,Salvador,BA,2020-06-01 10:29:00
CUST-03482,Diego Melo,diego.melo_3482@email.com,Parintins,AM,2022-12-25 00:38:00
CUST-03483,Gabriela Almeida,gabriela.almeida_3483@email.com,Cuiaba,MT,2020-12-29 15:20:00
CUST-03484,Pedro Pereira,pedro.pereira_3484@email.com,Arapiraca,AL,2021-05-08 06:49:00
CUST-03485,Lucas Gomes,lucas.gomes_3485@email.com,Cuiaba,MT,2021-11-25 02:20:00
CUST-02621,Amanda Souza,amanda.souza_2621@email.com,Maceio,AL,2020-09-12 02:27:00
CUST-03487,Beatriz Rodrigues,beatriz.rodrigues_3487@email.com,Jaboatao,PE,2020-11-25 22:59:00
CUST-03488,Amanda Araujo,amanda.araujo_3488@email.com,Arapiraca,AL,2021-03-17 20:30:00
CUST-03489,Thiago Ribeiro,thiago.ribeiro_3489@email.com,Campinas,SP,2021-01-14 13:33:00
CUST-03490,Fernanda Souza,fernanda.souza_3490@email.com,Vitoria da Conquista,BA,2024-06-14 22:11:00
CUST-03491,Gabriela Silva,gabriela.silva_3491@email.com,Fortaleza,CE,2023-04-02 08:55:00
CUST-03492,Bruno Lima,bruno.lima_3492@email.com,Vitoria da Conquista,BA,2022-12-21 07:05:00
CUST-03493,Pedro Pereira,pedro.pereira_3493@email.com,Belem,PA,2022-06-01 15:12:00
CUST-03494,Rafael Moura,,Blumenau,SC,2022-01-07 14:06:00
CUST-03495,Juliana Oliveira,juliana.oliveira_3495@email.com,Parintins,AM,2023-01-10 13:58:00
CUST-03496,Larissa Gomes,larissa.gomes_3496@email.com,Varzea Grande,MT,2023-01-07 05:13:00
CUST-03497,Carlos Ribeiro,carlos.ribeiro_3497@email.com,Osasco,SP,2022-08-14 21:13:00
CUST-03498,,maria.martins_3498@email.com,Joao Pessoa,PB,2020-11-18 23:25:00
CUST-03499,Lucas Almeida,lucas.almeida_3499@email.com,Porto Alegre,RS,2024-05-22 21:31:00
CUST-03500,Maria Carvalho,maria.carvalho_3500@email.com,Sao Luis,MA,2023-10-24 01:14:00
CUST-03501,Joao Martins,joao.martins_3501@email.com,Salvador,BA,2022-12-09 08:23:00
CUST-03502,Maria Gomes,maria.gomes_3502@email.com,Joinville,SC,2022-02-13 04:10:00
CUST-03503,Maria Souza,maria.souza_3503@email.com,Parnaiba,PI,2024-05-04 13:47:00
CUST-03504,Carlos Martins,carlos.martins_3504@email.com,Rio de Janeiro,RJ,2023-06-08 21:21:00
CUST-03505,Larissa Rodrigues,larissa.rodrigues_3505@email.com,Recife,PE,2023-01-22 17:18:00
CUST-03506,Lucas Rodrigues,lucas.rodrigues_3506@email.com,Joinville,SC,2020-11-09 06:49:00
CUST-03507,Bruno Lima,bruno.lima_3507@email.com,Maceio,XX,2020-02-01 21:29:00
CUST-03508,Ana Ferreira,ana.ferreira_3508@email.com,Maringa,PR,2022-05-21 13:28:00
CUST-03509,Thiago Costa,thiago.costa_3509@email.com,Feira de Santana,BA,2021-06-05 14:36:00
CUST-03510,Beatriz Oliveira,beatriz.oliveira_3510@email.com,Joinville,SC,2024-04-02 18:11:00
CUST-03511,Carlos Barbosa,carlos.barbosa_3511@email.com,Curitiba,PR,2022-11-08 18:55:00
CUST-03512,Joao Araujo,joao.araujo_3512@email.com,Goiania,GO,2022-05-30 05:21:00
CUST-03513,Pedro Melo,pedro.melo_3513@email.com,Petropolis,RJ,2021-04-19 19:18:00
CUST-03514,Lucas Ferreira,lucas.ferreira_3514@email.com,Fortaleza,CE,2020-11-07 07:35:00
CUST-03515,Rafael Gomes,rafael.gomes_3515@email.com,Juazeiro do Norte,CE,2022-09-13 20:25:00
CUST-03516,Fernanda Moura,fernanda.moura_3516@email.com,Aparecida de Goiania,GO,2022-12-10 00:12:00
CUST-03517,Gabriela Carvalho,gabriela.carvalho_3517@email.com,Fortaleza,CE,2020-09-19 18:41:00
CUST-03518,Ana Costa,ana.costa_3518@email.com,Petropolis,RJ,2023-09-15 03:21:00
CUST-03519,Camila Souza,camila.souza_3519@email.com,Teresina,PI,2020-04-16 15:16:00
CUST-03520,Marcos Nascimento,marcos.nascimento_3520@email.com,Imperatriz,MA,2021-05-29 22:00:00
CUST-03521,Beatriz Ribeiro,beatriz.ribeiro_3521@email.com,Campinas,SP,2022-03-22 10:43:00
CUST-03522,Marcos Gomes,marcos.gomes_3522@email.com,Natal,RN,2021-03-24 12:24:00
CUST-03523,,marcos.lima_3523@email.com,,RJ,2023-05-01 06:32:00
CUST-03524,Juliana Cardoso,juliana.cardoso_3524@email.com,Pelotas,RS,2024-05-03 11:07:00
CUST-03525,Juliana Martins,juliana.martins_3525@email.com,Joao Pessoa,PB,2022-05-31 13:35:00
CUST-03526,Fernanda Souza,fernanda.souza_3526@email.com,Sao Luis,MA,2023-08-19 17:04:00
CUST-03527,Lucas Melo,lucas.melo_3527@email.com,Caucaia,CE,2024-03-28 19:14:00
CUST-03528,Roberto Ribeiro,roberto.ribeiro_3528@email.com,Campinas,SP,2022-12-04 20:34:00
CUST-03529,Carlos Moura,carlos.moura_3529@email.com,Goiania,GO,2020-07-09 02:16:00
CUST-03530,Rafael Araujo,rafael.araujo_3530@email.com,Taguatinga,DF,2022-08-06 01:17:00
CUST-03531,Amanda Carvalho,amanda.carvalho_3531@email.com,Teresina,PI,2021-11-19 18:30:00
CUST-03532,Roberto Martins,roberto.martins_3532@email.com,Vitoria,ES,2021-12-03 15:13:00
CUST-03533,Pedro Barbosa,pedro.barbosa_3533@email.com,Joao Pessoa,PB,2021-10-04 13:39:00
CUST-03534,Pedro Melo,pedro.melo_3534@email.com,Belem,PA,2024-06-12 16:29:00
CUST-03535,Diego Nascimento,diego.nascimento_3535@email.com,Vitoria,ES,2021-09-23 02:07:00
CUST-03536,Thiago Costa,thiago.costa_3536@email.com,Petropolis,RJ,2020-10-24 12:20:00
CUST-03537,Thiago Oliveira,thiago.oliveira_3537@email.com,Natal,RN,2022-10-01 17:39:00
CUST-03538,Carlos Lima,carlos.lima_3538@email.com,Varzea Grande,MT,2022-12-21 09:06:00
CUST-03539,Bruno Almeida,bruno.almeida_3539@email.com,Aparecida de Goiania,GO,2022-05-02 06:07:00
CUST-03540,Bruno Nascimento,bruno.nascimento_3540@email.com,Arapiraca,AL,2021-06-07 08:35:00
CUST-03541,Rafael Silva,,Feira de Santana,BA,2020-04-02 04:15:00
CUST-03542,Diego Gomes,diego.gomes_3542@email.com,Salvador,BA,2022-04-21 16:47:00
CUST-03543,Thiago Barbosa,thiago.barbosa_3543@email.com,Londrina,PR,2024-02-29 08:16:00
CUST-03544,Amanda Moura,amanda.moura_3544@email.com,Parnaiba,PI,2022-09-10 22:12:00
CUST-03545,Camila Lima,camila.lima_3545@email.com,Parintins,AM,2023-12-09 21:46:00
CUST-03546,Marcos Oliveira,marcos.oliveira_3546@email.com,Juazeiro do Norte,CE,2020-10-19 11:41:00
CUST-03547,Diego Melo,diego.melo_3547@email.com,Teresina,PI,2020-08-06 15:18:00
CUST-03548,Ana Lima,ana.lima_3548@email.com,Juazeiro do Norte,CE,2021-08-24 03:12:00
CUST-03549,Larissa Melo,larissa.melo_3549@email.com,,BA,2020-11-14 14:36:00
CUST-03550,Patricia Carvalho,patricia.carvalho_3550@email.com,Vitoria,??,2020-11-18 18:46:00
CUST-03551,Rafael Almeida,rafael.almeida_3551@email.com,Brasilia,DF,2020-10-04 05:54:00
CUST-03552,Juliana Ribeiro,juliana.ribeiro_3552@email.com,Vitoria,ES,2020-05-16 10:32:00
CUST-03553,Beatriz Melo,beatriz.melo_3553@email.com,Imperatriz,MA,2022-11-15 05:41:00
CUST-03554,Diego Moura,,Niteroi,RJ,2020-03-08 21:52:00
CUST-03555,Maria Pereira,maria.pereira_3555@email.com,Ponta Grossa,PR,2020-10-03 04:50:00
CUST-03556,Larissa Araujo,larissa.araujo_3556@email.com,,RJ,2023-07-24 05:17:00
CUST-03557,Diego Nascimento,diego.nascimento_3557@email.com,Curitiba,PR,2022-06-08 02:29:00
CUST-03558,Bruno Cardoso,bruno.cardoso_3558@email.com,Cuiaba,MT,2021-04-04 05:07:00
CUST-03559,Patricia Cardoso,patricia.cardoso_3559@email.com,Caucaia,CE,2022-02-01 04:26:00
CUST-03560,Joao Silva,joao.silva_3560@email.com,Feira de Santana,BA,2022-01-15 05:39:00
CUST-03561,Thiago Martins,thiago.martins_3561@email.com,Goiania,GO,2021-12-04 21:37:00
CUST-03562,Carlos Costa,carlos.costa_3562@email.com,Parnaiba,PI,2020-03-12 12:41:00
CUST-03563,Bruno Oliveira,bruno.oliveira_3563@email.com,Maringa,PR,2023-11-23 11:04:00
CUST-03564,Marcos Barbosa,marcos.barbosa_3564@email.com,Teresina,PI,2021-02-09 08:48:00
CUST-03565,Gabriela Silva,gabriela.silva_3565@email.com,Ananindeua,PA,2021-07-04 13:48:00
CUST-03566,Beatriz Martins,beatriz.martins_3566@email.com,Contagem,MG,2021-05-23 04:51:00
CUST-03567,Beatriz Araujo,beatriz.araujo_3567@email.com,Caxias do Sul,RS,2022-12-17 22:06:00
CUST-03568,Maria Moura,maria.moura_3568@email.com,Ponta Grossa,PR,2023-09-10 08:15:00
CUST-03569,Thiago Souza,thiago.souza_3569@email.com,Vila Velha,ES,2021-05-26 00:46:00
CUST-03570,Ana Costa,ana.costa_3570@email.com,,SP,2022-11-06 01:34:00
CUST-03571,Ana Almeida,ana.almeida_3571@email.com,Feira de Santana,BA,2024-02-26 03:44:00
CUST-03572,Larissa Pereira,larissa.pereira_3572@email.com,Petropolis,RJ,2023-04-26 18:02:00
CUST-03573,Lucas Oliveira,lucas.oliveira_3573@email.com,Curitiba,PR,2023-07-27 02:10:00
CUST-03574,Patricia Carvalho,patricia.carvalho_3574@email.com,Imperatriz,MA,2021-12-11 18:33:00
CUST-03575,Carlos Santos,carlos.santos_3575@email.com,Caruaru,PE,2021-06-23 18:57:00
CUST-03576,Maria Ferreira,maria.ferreira_3576@email.com,Blumenau,SC,2021-06-15 23:27:00
CUST-03577,Bruno Melo,bruno.melo_3577@email.com,Aparecida de Goiania,GO,2022-11-15 20:06:00
CUST-03578,Rafael Nascimento,rafael.nascimento_3578@email.com,Recife,PE,2024-03-23 12:18:00
CUST-03579,Beatriz Ribeiro,beatriz.ribeiro_3579@email.com,Feira de Santana,BA,2021-10-23 06:50:00
CUST-03580,Lucas Silva,lucas.silva_3580@email.com,Caxias do Sul,RS,2022-09-28 12:16:00
CUST-03581,Diego Souza,diego.souza_3581@email.com,Salvador,BA,2022-01-13 15:16:00
CUST-03582,,larissa.souza_3582@email.com,Blumenau,SC,2021-10-01 01:33:00
CUST-03583,Beatriz Lima,beatriz.lima_3583@email.com,Caucaia,CE,2022-11-10 03:37:00
CUST-03584,Diego Moura,diego.moura_3584@email.com,Curitiba,PR,2022-04-29 04:29:00
CUST-03585,Juliana Pereira,juliana.pereira_3585@email.com,Manaus,AM,2021-06-04 03:34:00
CUST-03586,Camila Melo,camila.melo_3586@email.com,Olinda,PE,2024-05-23 04:57:00
CUST-03587,Maria Araujo,maria.araujo_3587@email.com,Maceio,AL,2020-02-06 04:47:00
CUST-03588,Beatriz Araujo,beatriz.araujo_3588@email.com,Campina Grande,PB,2023-08-08 09:44:00
CUST-03589,Maria Silva,maria.silva_3589@email.com,Juazeiro do Norte,CE,2022-06-02 21:47:00
CUST-03590,Amanda Santos,amanda.santos_3590@email.com,Parintins,AM,2023-08-15 20:08:00
CUST-03591,Maria Santos,maria.santos_3591@email.com,Rio de Janeiro,RJ,2023-02-16 05:25:00
CUST-03592,Thiago Araujo,thiago.araujo_3592@email.com,Sao Paulo,SP,2024-03-09 09:09:00
CUST-03593,Fernanda Nascimento,fernanda.nascimento_3593@email.com,Pelotas,RS,2022-10-05 15:28:00
CUST-03594,Patricia Lima,patricia.lima_3594@email.com,Ponta Grossa,PR,2022-12-03 16:56:00
CUST-03595,Maria Souza,maria.souza_3595@email.com,Goiania,GO,2022-02-14 06:33:00
CUST-03596,Larissa Cardoso,larissa.cardoso_3596@email.com,Juazeiro do Norte,CE,2024-04-01 23:50:00
CUST-03597,Camila Nascimento,camila.nascimento_3597@email.com,Imperatriz,MA,2024-03-21 15:03:00
CUST-03598,Amanda Ferreira,amanda.ferreira_3598@email.com,Joao Pessoa,PB,2021-10-11 09:26:00
CUST-03599,Marcos Nascimento,marcos.nascimento_3599@email.com,Contagem,MG,2024-06-12 02:33:00
CUST-03600,Fernanda Carvalho,fernanda.carvalho_3600@email.com,Parnaiba,PI,2021-08-18 20:20:00
CUST-03601,Maria Souza,maria.souza_3601@email.com,Teresina,PI,2023-07-14 01:05:00
CUST-03602,Patricia Almeida,patricia.almeida_3602@email.com,Taguatinga,DF,2024-05-20 18:24:00
CUST-03603,Amanda Moura,amanda.moura_3603@email.com,Aparecida de Goiania,GO,2023-07-17 04:51:00
CUST-03604,Pedro Cardoso,pedro.cardoso_3604@email.com,Porto Alegre,RS,2022-10-30 13:42:00
CUST-03605,Larissa Ferreira,larissa.ferreira_3605@email.com,Manaus,AM,2023-04-08 01:36:00
CUST-03606,,joao.silva_3606@email.com,Campina Grande,PB,2023-11-23 15:57:00
CUST-03607,Carlos Ferreira,carlos.ferreira_3607@email.com,Maringa,PR,2023-04-21 12:27:00
CUST-03608,Roberto Gomes,roberto.gomes_3608@email.com,Goiania,GO,2020-09-11 18:29:00
CUST-03609,Maria Ferreira,maria.ferreira_3609@email.com,Pelotas,RS,2021-04-20 13:29:00
CUST-03610,Marcos Melo,marcos.melo_3610@email.com,Aparecida de Goiania,GO,2024-04-23 10:34:00
CUST-03611,,pedro.almeida_3611@email.com,Mossoro,RN,2021-06-09 00:30:00
CUST-03612,Carlos Barbosa,,Natal,RN,2020-03-13 15:53:00
CUST-03613,Larissa Carvalho,larissa.carvalho_3613@email.com,Ananindeua,PA,2024-03-15 02:29:00
CUST-03614,Rafael Pereira,rafael.pereira_3614@email.com,Salvador,BA,2020-04-13 06:09:00
CUST-03615,Larissa Nascimento,larissa.nascimento_3615@email.com,Goiania,GO,2022-02-16 15:13:00
CUST-03616,Ana Melo,ana.melo_3616@email.com,Blumenau,SC,2023-11-11 07:41:00
CUST-03617,Patricia Martins,patricia.martins_3617@email.com,Taguatinga,DF,2023-10-24 12:05:00
CUST-03618,Roberto Almeida,roberto.almeida_3618@email.com,Santarem,PA,2022-06-22 10:25:00
CUST-03619,Lucas Nascimento,lucas.nascimento_3619@email.com,Imperatriz,MA,2022-03-16 12:13:00
CUST-03620,Larissa Almeida,larissa.almeida_3620@email.com,Sao Paulo,SP,2020-06-07 12:16:00
CUST-03621,Gabriela Araujo,gabriela.araujo_3621@email.com,Volta Redonda,RJ,2021-09-07 16:06:00
CUST-03622,Bruno Almeida,bruno.almeida_3622@email.com,Uberlandia,MG,2021-05-19 19:26:00
CUST-03623,Marcos Ferreira,marcos.ferreira_3623@email.com,Goiania,GO,2022-08-18 22:03:00
CUST-03624,Rafael Barbosa,rafael.barbosa_3624@email.com,Joinville,SC,2023-04-18 19:24:00
CUST-03625,Camila Gomes,camila.gomes_3625@email.com,Brasilia,DF,2020-09-17 18:15:00
CUST-03626,Fernanda Rodrigues,fernanda.rodrigues_3626@email.com,Recife,PE,2020-05-11 07:27:00
CUST-03627,Maria Ribeiro,maria.ribeiro_3627@email.com,Varzea Grande,MT,2021-06-28 05:44:00
CUST-03628,Amanda Ribeiro,amanda.ribeiro_3628@email.com,Goiania,GO,2021-11-19 17:38:00
CUST-03629,Lucas Ribeiro,lucas.ribeiro_3629@email.com,Londrina,PR,2022-06-14 06:00:00
CUST-03630,Thiago Ferreira,thiago.ferreira_3630@email.com,Caxias do Sul,RS,2022-06-17 16:39:00
CUST-03631,Bruno Almeida,bruno.almeida_3631@email.com,Natal,RN,2022-04-20 16:42:00
CUST-03632,Beatriz Carvalho,beatriz.carvalho_3632@email.com,Imperatriz,MA,2021-05-17 03:48:00
CUST-03633,Thiago Ribeiro,thiago.ribeiro_3633@email.com,Sao Paulo,SP,2022-04-05 23:19:00
CUST-03634,,camila.cardoso_3634@email.com,Goiania,GO,2023-08-07 17:56:00
CUST-03635,Roberto Melo,roberto.melo_3635@email.com,Parintins,AM,2022-12-24 23:35:00
CUST-03636,Fernanda Martins,fernanda.martins_3636@email.com,Parintins,AM,2021-09-07 14:28:00
CUST-03637,Amanda Carvalho,amanda.carvalho_3637@email.com,Santarem,PA,2024-06-12 22:27:00
CUST-03638,Roberto Oliveira,roberto.oliveira_3638@email.com,Curitiba,PR,2022-10-18 07:18:00
CUST-03639,Camila Ferreira,camila.ferreira_3639@email.com,Florianopolis,SC,2020-09-24 13:01:00
CUST-03640,Amanda Carvalho,amanda.carvalho_3640@email.com,Taguatinga,DF,2022-04-19 12:01:00
CUST-03641,Amanda Souza,amanda.souza_3641@email.com,Parnaiba,PI,2022-03-07 13:23:00
CUST-03642,Gabriela Barbosa,gabriela.barbosa_3642@email.com,Caruaru,PE,2021-12-10 20:55:00
CUST-03643,Joao Pereira,joao.pereira_3643@email.com,Aparecida de Goiania,GO,2024-06-11 23:38:00
CUST-03644,Diego Pereira,diego.pereira_3644@email.com,Joao Pessoa,PB,2021-07-22 07:28:00
CUST-03645,Juliana Pereira,juliana.pereira_3645@email.com,Curitiba,PR,2024-05-27 19:05:00
CUST-03646,Camila Ribeiro,camila.ribeiro_3646@email.com,Varzea Grande,MT,2021-01-18 19:02:00
CUST-03647,Camila Nascimento,,Sao Paulo,SP,2023-02-01 11:18:00
CUST-03648,Amanda Oliveira,amanda.oliveira_3648@email.com,Petropolis,RJ,2023-09-08 23:55:00
CUST-03649,Juliana Almeida,juliana.almeida_3649@email.com,Natal,RN,2022-04-12 10:15:00
CUST-03650,Fernanda Ribeiro,fernanda.ribeiro_3650@email.com,Olinda,PE,2020-02-11 18:25:00
CUST-03651,,joao.moura_3651@email.com,Londrina,PR,2023-07-20 15:32:00
CUST-03652,Marcos Almeida,marcos.almeida_3652@email.com,Cuiaba,MT,2021-03-25 18:41:00
CUST-03653,Diego Martins,diego.martins_3653@email.com,Maceio,AL,2021-10-29 10:00:00
CUST-03654,Beatriz Ribeiro,beatriz.ribeiro_3654@email.com,Petropolis,RJ,2024-02-02 23:01:00
CUST-03655,Patricia Moura,patricia.moura_3655@email.com,Belo Horizonte,MG,2022-11-24 05:22:00
CUST-03656,Lucas Silva,lucas.silva_3656@email.com,Imperatriz,MA,2020-05-18 14:28:00
CUST-03657,Amanda Cardoso,amanda.cardoso_3657@email.com,Florianopolis,SC,2023-07-29 10:35:00
CUST-03658,Pedro Barbosa,pedro.barbosa_3658@email.com,Contagem,MG,2023-11-15 17:51:00
CUST-03659,Fernanda Martins,fernanda.martins_3659@email.com,Santos,SP,2022-01-29 01:49:00
CUST-03660,Ana Ribeiro,ana.ribeiro_3660@email.com,Serra,ES,2020-05-12 04:34:00
CUST-03661,Larissa Cardoso,larissa.cardoso_3661@email.com,Feira de Santana,BA,2022-12-02 10:14:00
CUST-03662,Thiago Rodrigues,thiago.rodrigues_3662@email.com,Serra,ES,2022-08-26 03:30:00
CUST-03663,Diego Almeida,diego.almeida_3663@email.com,Fortaleza,CE,2023-02-19 08:43:00
CUST-03664,Diego Barbosa,diego.barbosa_3664@email.com,Maceio,AL,2023-09-27 13:02:00
CUST-03665,Marcos Ribeiro,marcos.ribeiro_3665@email.com,Campina Grande,PB,2024-03-22 10:18:00
CUST-03666,Camila Araujo,camila.araujo_3666@email.com,,BA,2021-11-03 22:52:00
CUST-03667,Ana Cardoso,ana.cardoso_3667@email.com,Cuiaba,MT,2022-10-28 09:48:00
CUST-03668,Juliana Santos,juliana.santos_3668@email.com,,GO,2022-01-27 01:50:00
CUST-03669,Rafael Nascimento,rafael.nascimento_3669@email.com,Serra,XX,2020-08-22 02:21:00
CUST-03670,Diego Oliveira,diego.oliveira_3670@email.com,Aparecida de Goiania,GO,2020-04-02 01:02:00
CUST-03671,Thiago Gomes,thiago.gomes_3671@email.com,Imperatriz,MA,2022-04-11 18:39:00
CUST-03672,Rafael Moura,rafael.moura_3672@email.com,Volta Redonda,RJ,2023-08-23 16:02:00
CUST-03673,Larissa Almeida,larissa.almeida_3673@email.com,Juazeiro do Norte,CE,2021-10-28 16:58:00
CUST-03674,Pedro Barbosa,pedro.barbosa_3674@email.com,Feira de Santana,BA,2023-08-09 21:11:00
CUST-03675,Roberto Carvalho,roberto.carvalho_3675@email.com,Ananindeua,PA,2021-06-16 11:13:00
CUST-03676,Beatriz Cardoso,beatriz.cardoso_3676@email.com,Teresina,PI,2021-10-09 03:19:00
CUST-03677,Larissa Souza,larissa.souza_3677@email.com,Osasco,SP,2022-10-16 00:37:00
CUST-03678,Larissa Carvalho,larissa.carvalho_3678@email.com,Maceio,AL,2023-07-07 17:18:00
CUST-03679,Carlos Cardoso,carlos.cardoso_3679@email.com,Joao Pessoa,PB,2022-02-27 04:23:00
CUST-03680,Joao Rodrigues,joao.rodrigues_3680@email.com,Vitoria,ES,2022-07-15 12:11:00
CUST-03681,Marcos Nascimento,marcos.nascimento_3681@email.com,Maringa,PR,2023-08-19 16:39:00
CUST-03682,Patricia Pereira,patricia.pereira_3682@email.com,Vitoria,ES,2020-03-16 08:11:00
CUST-03683,Beatriz Lima,beatriz.lima_3683@email.com,Joao Pessoa,PB,2020-08-02 11:11:00
CUST-03684,Rafael Ribeiro,rafael.ribeiro_3684@email.com,Parintins,AM,2024-02-21 19:18:00
CUST-03685,Maria Nascimento,maria.nascimento_3685@email.com,Aparecida de Goiania,GO,2020-04-01 08:38:00
CUST-03686,Diego Rodrigues,,Arapiraca,AL,2022-03-14 10:47:00
CUST-03687,,carlos.melo_3687@email.com,Maringa,PR,2021-09-28 13:16:00
CUST-03688,Carlos Carvalho,carlos.carvalho_3688@email.com,Belem,PA,2022-02-28 02:35:00
CUST-03689,Diego Rodrigues,diego.rodrigues_3689@email.com,Jaboatao,PE,2021-12-06 02:53:00
CUST-03690,Bruno Lima,bruno.lima_3690@email.com,Osasco,SP,2021-11-25 00:23:00
CUST-03691,Gabriela Lima,gabriela.lima_3691@email.com,,PB,2020-05-27 04:25:00
CUST-03692,Rafael Santos,rafael.santos_3692@email.com,Jaboatao,PE,2024-02-10 07:09:00
CUST-03693,Carlos Araujo,carlos.araujo_3693@email.com,Parintins,AM,2022-05-29 14:18:00
CUST-03694,Gabriela Barbosa,gabriela.barbosa_3694@email.com,Parintins,AM,2022-07-03 20:45:00
CUST-03695,Amanda Rodrigues,amanda.rodrigues_3695@email.com,Vila Velha,ES,2022-05-04 15:22:00
CUST-03696,Larissa Carvalho,larissa.carvalho_3696@email.com,Natal,RN,2021-11-07 07:25:00
CUST-03697,Gabriela Almeida,gabriela.almeida_3697@email.com,Parintins,AM,2024-05-10 06:55:00
CUST-03698,Patricia Moura,,Feira de Santana,BA,2021-03-29 06:12:00
CUST-03699,Camila Souza,camila.souza_3699@email.com,Vitoria da Conquista,BA,2021-05-26 13:08:00
CUST-03700,Joao Moura,joao.moura_3700@email.com,Cuiaba,MT,2022-01-18 06:04:00
CUST-03701,Beatriz Pereira,beatriz.pereira_3701@email.com,Feira de Santana,BA,2020-06-26 10:37:00
CUST-03702,Larissa Carvalho,,Belo Horizonte,MG,2021-08-16 12:02:00
CUST-03703,Carlos Rodrigues,carlos.rodrigues_3703@email.com,Canoas,RS,2021-11-20 03:40:00
CUST-03704,Diego Souza,diego.souza_3704@email.com,Cuiaba,MT,2020-05-03 16:18:00
CUST-03705,Camila Melo,camila.melo_3705@email.com,Rio de Janeiro,RJ,2023-12-23 19:56:00
CUST-03706,Pedro Nascimento,pedro.nascimento_3706@email.com,Maceio,AL,2022-03-21 13:59:00
CUST-03707,Thiago Almeida,thiago.almeida_3707@email.com,Goiania,GO,2020-12-01 03:18:00
CUST-03708,Lucas Melo,lucas.melo_3708@email.com,Volta Redonda,RJ,2024-03-25 06:37:00
CUST-03709,Roberto Silva,roberto.silva_3709@email.com,Campinas,SP,2024-02-22 21:25:00
CUST-03710,Pedro Melo,,Ponta Grossa,PR,2021-10-30 20:28:00
CUST-03711,Maria Pereira,maria.pereira_3711@email.com,Brasilia,DF,2023-05-05 06:11:00
CUST-03712,Carlos Costa,carlos.costa_3712@email.com,Canoas,RS,2023-11-01 09:31:00
CUST-03713,Lucas Oliveira,lucas.oliveira_3713@email.com,Aparecida de Goiania,GO,2020-04-16 01:30:00
CUST-03714,Beatriz Carvalho,beatriz.carvalho_3714@email.com,Teresina,PI,2021-12-18 11:40:00
CUST-03715,Beatriz Costa,beatriz.costa_3715@email.com,,GO,2024-03-11 14:02:00
CUST-03716,Fernanda Souza,fernanda.souza_3716@email.com,Brasilia,DF,2022-01-12 18:45:00
CUST-03717,Rafael Almeida,rafael.almeida_3717@email.com,Maceio,AL,2021-06-25 00:07:00
CUST-03718,Rafael Martins,rafael.martins_3718@email.com,Rio de Janeiro,RJ,2021-10-31 05:00:00
CUST-03719,Carlos Martins,carlos.martins_3719@email.com,Manaus,AM,2024-04-06 12:25:00
CUST-03720,Joao Martins,joao.martins_3720@email.com,Fortaleza,CE,2020-05-10 15:05:00
CUST-03721,Roberto Nascimento,roberto.nascimento_3721@email.com,Vitoria,ES,2023-05-21 21:40:00
CUST-03722,Ana Cardoso,ana.cardoso_3722@email.com,Parnaiba,??,2021-04-21 20:22:00
CUST-03723,Lucas Ribeiro,lucas.ribeiro_3723@email.com,Ponta Grossa,PR,2020-08-12 07:41:00
CUST-03724,Carlos Barbosa,carlos.barbosa_3724@email.com,Campinas,SP,2024-02-29 13:01:00
CUST-03725,Amanda Ferreira,amanda.ferreira_3725@email.com,Maringa,PR,2021-09-08 18:02:00
CUST-03726,Maria Melo,maria.melo_3726@email.com,Aparecida de Goiania,GO,2023-06-19 15:44:00
CUST-03727,Larissa Souza,larissa.souza_3727@email.com,Goiania,GO,2022-12-09 19:51:00
CUST-03728,Thiago Pereira,thiago.pereira_3728@email.com,Feira de Santana,BA,2021-06-12 05:46:00
CUST-03729,Carlos Gomes,carlos.gomes_3729@email.com,Belem,PA,2022-06-19 06:04:00
CUST-03730,Maria Melo,maria.melo_3730@email.com,Caruaru,PE,2023-10-29 13:25:00
CUST-03731,Rafael Costa,rafael.costa_3731@email.com,Taguatinga,DF,2020-01-16 03:41:00
CUST-03732,Larissa Oliveira,larissa.oliveira_3732@email.com,Contagem,MG,2023-10-08 04:28:00
CUST-03733,Maria Barbosa,maria.barbosa_3733@email.com,Jaboatao,PE,2021-10-13 15:37:00
CUST-03734,Diego Lima,,Campina Grande,PB,2024-02-15 10:18:00
CUST-03735,Pedro Araujo,pedro.araujo_3735@email.com,Canoas,RS,2021-07-27 06:17:00
CUST-03736,Maria Souza,maria.souza_3736@email.com,Maringa,PR,2022-06-12 04:17:00
CUST-03737,Juliana Pereira,juliana.pereira_3737@email.com,Maceio,AL,2024-02-29 02:50:00
CUST-03738,Gabriela Lima,gabriela.lima_3738@email.com,Contagem,MG,2020-07-19 20:44:00
CUST-03739,Juliana Pereira,juliana.pereira_3739@email.com,Blumenau,SC,2022-10-11 09:27:00
CUST-03740,Fernanda Pereira,fernanda.pereira_3740@email.com,Ananindeua,PA,2022-05-30 01:49:00
CUST-03741,Rafael Souza,rafael.souza_3741@email.com,Blumenau,SC,2021-04-03 20:43:00
CUST-03742,,lucas.souza_3742@email.com,Imperatriz,MA,2023-08-01 15:34:00
CUST-03743,Patricia Martins,patricia.martins_3743@email.com,Parintins,AM,2020-08-06 22:43:00
CUST-03744,Beatriz Gomes,beatriz.gomes_3744@email.com,Blumenau,SC,2023-09-02 20:54:00
CUST-03745,Lucas Carvalho,lucas.carvalho_3745@email.com,Taguatinga,DF,2020-11-15 11:53:00
CUST-03746,Marcos Costa,marcos.costa_3746@email.com,Fortaleza,CE,2024-03-11 03:33:00
CUST-03747,Larissa Cardoso,larissa.cardoso_3747@email.com,Blumenau,SC,2023-03-02 00:20:00
CUST-03748,Roberto Ribeiro,roberto.ribeiro_3748@email.com,Goiania,GO,2020-11-09 12:25:00
CUST-03749,Larissa Almeida,larissa.almeida_3749@email.com,Maceio,AL,2023-07-25 03:05:00
CUST-03750,Beatriz Santos,beatriz.santos_3750@email.com,Taguatinga,DF,2022-02-19 05:47:00
CUST-03751,Gabriela Cardoso,gabriela.cardoso_3751@email.com,Natal,RN,2024-04-09 03:09:00
CUST-03752,Amanda Costa,amanda.costa_3752@email.com,Feira de Santana,BA,2021-05-09 02:11:00
CUST-03753,,marcos.melo_3753@email.com,Joinville,SC,2021-12-05 13:07:00
CUST-03754,Patricia Souza,patricia.souza_3754@email.com,Manaus,AM,2023-12-21 15:12:00
CUST-03755,Camila Melo,camila.melo_3755@email.com,Caxias do Sul,RS,2021-09-25 23:09:00
CUST-03756,Beatriz Ferreira,beatriz.ferreira_3756@email.com,Osasco,SP,2022-11-06 14:04:00
CUST-03757,Juliana Costa,juliana.costa_3757@email.com,Taguatinga,DF,2024-06-13 10:14:00
CUST-03758,Bruno Ribeiro,bruno.ribeiro_3758@email.com,Osasco,SP,2023-12-17 19:14:00
CUST-03759,Carlos Melo,carlos.melo_3759@email.com,Campina Grande,PB,2020-07-22 13:43:00
CUST-03760,Amanda Rodrigues,amanda.rodrigues_3760@email.com,Uberlandia,MG,2023-09-04 06:03:00
CUST-03761,Marcos Costa,marcos.costa_3761@email.com,Salvador,BA,2023-03-27 08:33:00
CUST-03762,Carlos Almeida,carlos.almeida_3762@email.com,Sao Luis,MA,2023-02-16 15:50:00
CUST-03763,Camila Melo,camila.melo_3763@email.com,Juazeiro do Norte,CE,2020-08-02 07:30:00
CUST-03764,Bruno Cardoso,bruno.cardoso_3764@email.com,Osasco,SP,2020-08-16 13:52:00
CUST-03765,Juliana Martins,juliana.martins_3765@email.com,Cuiaba,MT,2020-05-18 11:06:00
CUST-03766,Maria Araujo,maria.araujo_3766@email.com,Brasilia,DF,2021-05-19 17:00:00
CUST-03767,Beatriz Araujo,beatriz.araujo_3767@email.com,Caruaru,PE,2022-07-01 01:42:00
CUST-03768,Beatriz Martins,beatriz.martins_3768@email.com,Santarem,PA,2020-02-01 00:20:00
CUST-03769,Camila Barbosa,camila.barbosa_3769@email.com,Caucaia,CE,2020-09-11 16:01:00
CUST-03770,Amanda Pereira,amanda.pereira_3770@email.com,Cuiaba,MT,2021-07-28 15:30:00
CUST-03771,Camila Barbosa,camila.barbosa_3771@email.com,Teresina,PI,2021-08-26 03:20:00
CUST-03772,Pedro Araujo,pedro.araujo_3772@email.com,Fortaleza,CE,2023-09-18 22:25:00
CUST-03773,Maria Souza,maria.souza_3773@email.com,Jaboatao,PE,2023-04-23 10:21:00
CUST-03774,Roberto Pereira,roberto.pereira_3774@email.com,Fortaleza,CE,2022-09-25 15:39:00
CUST-03775,Ana Almeida,ana.almeida_3775@email.com,Contagem,MG,2023-04-04 04:56:00
CUST-03776,Rafael Ribeiro,rafael.ribeiro_3776@email.com,Rio de Janeiro,RJ,2021-07-07 14:44:00
CUST-03777,Rafael Carvalho,rafael.carvalho_3777@email.com,Sao Luis,MA,2021-10-19 01:49:00
CUST-03778,Juliana Nascimento,juliana.nascimento_3778@email.com,Parintins,AM,2022-06-22 19:40:00
CUST-03779,Ana Araujo,ana.araujo_3779@email.com,Salvador,BA,2023-01-28 21:38:00
CUST-03780,Camila Costa,,Campinas,SP,2022-04-28 17:55:00
CUST-03781,Camila Carvalho,camila.carvalho_3781@email.com,Ananindeua,PA,2024-05-16 02:52:00
CUST-03782,Rafael Ferreira,rafael.ferreira_3782@email.com,Vila Velha,ES,2020-06-22 11:59:00
CUST-03783,Marcos Lima,,Joinville,SC,2024-06-24 10:38:00
CUST-03784,Pedro Silva,pedro.silva_3784@email.com,Brasilia,DF,2021-12-15 23:40:00
CUST-03785,Larissa Melo,,Cuiaba,MT,2022-01-05 09:33:00
CUST-03786,Pedro Silva,pedro.silva_3786@email.com,Belem,PA,2022-01-04 08:39:00
CUST-03787,Gabriela Almeida,gabriela.almeida_3787@email.com,Vila Velha,ES,2020-02-08 09:57:00
CUST-03788,Rafael Martins,rafael.martins_3788@email.com,Cuiaba,MT,2020-03-21 22:30:00
CUST-03789,Maria Oliveira,maria.oliveira_3789@email.com,Taguatinga,DF,2021-12-23 05:43:00
CUST-03790,Thiago Souza,thiago.souza_3790@email.com,Goiania,GO,2020-02-14 14:55:00
CUST-03791,Beatriz Oliveira,beatriz.oliveira_3791@email.com,Contagem,MG,2024-01-18 21:24:00
CUST-03792,Pedro Pereira,pedro.pereira_3792@email.com,Recife,PE,2020-04-28 05:23:00
CUST-03793,Joao Carvalho,joao.carvalho_3793@email.com,Imperatriz,MA,2024-04-07 20:32:00
CUST-03794,Beatriz Gomes,beatriz.gomes_3794@email.com,Brasilia,DF,2020-06-29 07:55:00
CUST-03795,Juliana Lima,juliana.lima_3795@email.com,Serra,ES,2023-12-25 05:49:00
CUST-03796,Camila Nascimento,camila.nascimento_3796@email.com,Parnaiba,PI,2023-03-24 09:01:00
CUST-03797,Rafael Martins,rafael.martins_3797@email.com,Osasco,SP,2024-06-17 18:09:00
CUST-03798,Thiago Silva,thiago.silva_3798@email.com,Imperatriz,MA,2022-09-04 13:51:00
CUST-03799,Marcos Almeida,marcos.almeida_3799@email.com,Santarem,PA,2023-02-26 03:54:00
CUST-03800,Joao Carvalho,joao.carvalho_3800@email.com,Varzea Grande,MT,2022-06-04 13:44:00
CUST-03801,Roberto Oliveira,roberto.oliveira_3801@email.com,Joao Pessoa,PB,2020-09-15 10:36:00
CUST-03802,Joao Araujo,joao.araujo_3802@email.com,Brasilia,DF,2021-12-28 13:48:00
CUST-03803,Amanda Souza,,Vila Velha,ES,2024-02-11 18:41:00
CUST-03804,Pedro Gomes,pedro.gomes_3804@email.com,Parintins,AM,2020-08-15 08:02:00
CUST-03805,Patricia Santos,patricia.santos_3805@email.com,,GO,2022-01-24 09:16:00
CUST-03806,Pedro Moura,pedro.moura_3806@email.com,Taguatinga,DF,2022-03-08 20:13:00
CUST-03807,Beatriz Cardoso,beatriz.cardoso_3807@email.com,Mossoro,RN,2024-03-21 21:26:00
CUST-03808,,camila.lima_3808@email.com,Jaboatao,PE,2021-11-30 06:49:00
CUST-03809,Carlos Melo,carlos.melo_3809@email.com,Guarulhos,SP,2022-08-30 12:36:00
CUST-03810,Gabriela Cardoso,gabriela.cardoso_3810@email.com,Blumenau,SC,2020-11-18 23:56:00
CUST-03811,Ana Pereira,ana.pereira_3811@email.com,Parintins,AM,2024-05-12 14:27:00
CUST-03812,Thiago Ferreira,thiago.ferreira_3812@email.com,Imperatriz,MA,2023-11-18 11:02:00
CUST-03813,Roberto Martins,roberto.martins_3813@email.com,Volta Redonda,RJ,2023-10-26 16:16:00
CUST-03814,Marcos Souza,marcos.souza_3814@email.com,Pelotas,RS,2023-10-25 13:37:00
CUST-03815,Marcos Ferreira,marcos.ferreira_3815@email.com,Florianopolis,SC,2022-05-24 19:30:00
CUST-03816,Marcos Moura,marcos.moura_3816@email.com,Maceio,AL,2021-02-06 06:48:00
CUST-03817,Juliana Almeida,juliana.almeida_3817@email.com,Sao Luis,MA,2024-01-06 05:48:00
CUST-03818,Rafael Souza,rafael.souza_3818@email.com,Santarem,PA,2023-06-04 19:07:00
CUST-03819,Carlos Nascimento,carlos.nascimento_3819@email.com,Vitoria da Conquista,BA,2023-01-15 04:35:00
CUST-03820,Joao Lima,joao.lima_3820@email.com,Serra,ES,2020-02-26 06:52:00
CUST-03821,Pedro Ribeiro,pedro.ribeiro_3821@email.com,Juazeiro do Norte,CE,2020-11-11 06:36:00
CUST-03822,Thiago Almeida,thiago.almeida_3822@email.com,Sao Luis,MA,2020-11-21 16:32:00
CUST-03823,Lucas Melo,lucas.melo_3823@email.com,Imperatriz,MA,2024-02-14 07:00:00
CUST-03824,Marcos Rodrigues,marcos.rodrigues_3824@email.com,Ponta Grossa,PR,2020-11-20 11:02:00
CUST-03825,Fernanda Ferreira,fernanda.ferreira_3825@email.com,Joinville,SC,2021-09-17 21:49:00
CUST-03826,Patricia Rodrigues,patricia.rodrigues_3826@email.com,Maceio,AL,2021-05-07 23:32:00
CUST-03827,Roberto Oliveira,roberto.oliveira_3827@email.com,Arapiraca,AL,2022-09-10 08:31:00
CUST-03828,,roberto.oliveira_3828@email.com,Varzea Grande,MT,2023-05-07 12:55:00
CUST-03829,Camila Ferreira,camila.ferreira_3829@email.com,Taguatinga,DF,2022-11-18 01:09:00
CUST-03830,Ana Lima,ana.lima_3830@email.com,Santos,SP,2023-05-03 08:15:00
CUST-03831,Pedro Ferreira,pedro.ferreira_3831@email.com,Caucaia,CE,2024-06-27 11:20:00
CUST-03832,Amanda Almeida,amanda.almeida_3832@email.com,Sao Paulo,SP,2021-10-24 16:19:00
CUST-03833,Patricia Pereira,patricia.pereira_3833@email.com,Aparecida de Goiania,GO,2023-11-29 22:04:00
CUST-03834,Amanda Almeida,amanda.almeida_3834@email.com,Vila Velha,ES,2021-04-22 00:11:00
CUST-03835,Patricia Almeida,patricia.almeida_3835@email.com,Vitoria da Conquista,BA,2020-06-19 00:06:00
CUST-03836,Diego Ferreira,diego.ferreira_3836@email.com,Sao Luis,MA,2020-11-22 23:43:00
CUST-03837,Ana Carvalho,ana.carvalho_3837@email.com,Belem,PA,2022-04-05 01:10:00
CUST-03838,Beatriz Pereira,beatriz.pereira_3838@email.com,Florianopolis,SC,2023-02-14 22:54:00
CUST-03839,Rafael Costa,rafael.costa_3839@email.com,Sao Paulo,SP,2023-03-17 10:39:00
CUST-03840,Juliana Melo,juliana.melo_3840@email.com,Manaus,AM,2024-03-29 15:31:00
CUST-03841,Diego Santos,diego.santos_3841@email.com,Taguatinga,DF,2021-10-10 15:22:00
CUST-03842,Carlos Ferreira,carlos.ferreira_3842@email.com,Santos,SP,2023-09-19 23:44:00
CUST-03843,Joao Melo,joao.melo_3843@email.com,Arapiraca,AL,2022-10-18 03:50:00
CUST-03844,Thiago Cardoso,thiago.cardoso_3844@email.com,Feira de Santana,BA,2020-06-03 18:31:00
CUST-03845,Marcos Santos,marcos.santos_3845@email.com,Joinville,SC,2020-04-05 08:17:00
CUST-03846,Rafael Lima,rafael.lima_3846@email.com,Sao Luis,MA,2022-10-08 20:01:00
CUST-03847,Bruno Santos,bruno.santos_3847@email.com,Maceio,AL,2024-04-27 05:26:00
CUST-03848,Roberto Araujo,roberto.araujo_3848@email.com,Arapiraca,AL,2020-08-26 09:09:00
CUST-03849,Larissa Cardoso,larissa.cardoso_3849@email.com,Guarulhos,SP,2021-03-26 13:23:00
CUST-03850,Juliana Pereira,juliana.pereira_3850@email.com,Parnaiba,PI,2020-04-07 10:16:00
CUST-03851,Maria Costa,maria.costa_3851@email.com,Feira de Santana,BA,2022-07-25 11:48:00
CUST-03852,Thiago Silva,,Vitoria da Conquista,BA,2022-01-23 11:29:00
CUST-03853,Gabriela Carvalho,gabriela.carvalho_3853@email.com,Manaus,AM,2020-07-08 19:46:00
CUST-03854,Thiago Pereira,thiago.pereira_3854@email.com,,PR,2024-06-17 04:07:00
CUST-03855,Patricia Ferreira,patricia.ferreira_3855@email.com,Goiania,GO,2022-08-07 08:50:00
CUST-03856,Carlos Santos,carlos.santos_3856@email.com,Rio de Janeiro,RJ,2024-05-02 12:37:00
CUST-03857,Maria Ferreira,maria.ferreira_3857@email.com,Cuiaba,MT,2021-03-18 13:06:00
CUST-03858,Thiago Santos,thiago.santos_3858@email.com,Osasco,SP,2023-08-22 05:45:00
CUST-03859,Lucas Araujo,lucas.araujo_3859@email.com,Volta Redonda,RJ,2023-06-29 03:20:00
CUST-03860,Patricia Martins,patricia.martins_3860@email.com,Feira de Santana,BA,2021-12-12 17:55:00
CUST-03861,Larissa Santos,larissa.santos_3861@email.com,Joao Pessoa,PB,2020-10-22 01:39:00
CUST-03862,Camila Lima,camila.lima_3862@email.com,Caxias do Sul,RS,2021-07-03 00:39:00
CUST-03863,Patricia Almeida,patricia.almeida_3863@email.com,Serra,ES,2023-01-02 06:40:00
CUST-03864,Pedro Santos,pedro.santos_3864@email.com,Sao Luis,MA,2021-05-08 22:48:00
CUST-03865,Ana Silva,ana.silva_3865@email.com,Teresina,PI,2022-04-28 00:45:00
CUST-03866,Pedro Martins,pedro.martins_3866@email.com,Varzea Grande,MT,2020-01-11 09:18:00
CUST-03867,Pedro Costa,pedro.costa_3867@email.com,Serra,ES,2023-09-03 16:36:00
CUST-03868,Patricia Carvalho,patricia.carvalho_3868@email.com,Campinas,SP,2021-10-18 20:50:00
CUST-03869,Roberto Cardoso,roberto.cardoso_3869@email.com,Rio de Janeiro,RJ,2023-01-15 16:49:00
CUST-03870,Rafael Ferreira,rafael.ferreira_3870@email.com,Osasco,SP,2020-01-06 14:10:00
CUST-03871,Lucas Ferreira,,Aparecida de Goiania,GO,2022-01-27 01:07:00
CUST-03872,Carlos Lima,carlos.lima_3872@email.com,Olinda,PE,2024-05-05 11:00:00
CUST-03873,Fernanda Moura,fernanda.moura_3873@email.com,Goiania,GO,2022-01-04 23:05:00
CUST-03874,Juliana Silva,juliana.silva_3874@email.com,Sao Luis,??,2021-07-16 23:23:00
CUST-03875,Diego Nascimento,diego.nascimento_3875@email.com,Juiz de Fora,MG,2023-12-04 19:09:00
CUST-03876,Patricia Pereira,patricia.pereira_3876@email.com,Campina Grande,PB,2022-01-27 05:54:00
CUST-03877,Larissa Santos,larissa.santos_3877@email.com,Recife,PE,2020-09-09 06:30:00
CUST-03878,Roberto Oliveira,roberto.oliveira_3878@email.com,Olinda,PE,2022-05-31 12:37:00
CUST-03879,Diego Gomes,diego.gomes_3879@email.com,Sao Luis,MA,2024-02-22 10:44:00
CUST-03880,Bruno Carvalho,bruno.carvalho_3880@email.com,Taguatinga,DF,2020-08-10 09:24:00
CUST-03881,Joao Cardoso,joao.cardoso_3881@email.com,Juazeiro do Norte,CE,2023-10-11 01:08:00
CUST-03882,Beatriz Rodrigues,beatriz.rodrigues_3882@email.com,Recife,PE,2024-04-03 07:06:00
CUST-03883,Ana Rodrigues,ana.rodrigues_3883@email.com,Parnaiba,PI,2020-01-12 00:49:00
CUST-03884,Thiago Carvalho,thiago.carvalho_3884@email.com,Sao Luis,MA,2020-11-08 12:02:00
CUST-03885,Camila Melo,camila.melo_3885@email.com,Ponta Grossa,PR,2021-12-31 06:31:00
CUST-03886,Thiago Barbosa,thiago.barbosa_3886@email.com,Recife,PE,2020-03-01 02:38:00
CUST-03887,Rafael Araujo,rafael.araujo_3887@email.com,Teresina,PI,2022-03-22 04:06:00
CUST-03888,Gabriela Carvalho,gabriela.carvalho_3888@email.com,Osasco,SP,2023-08-21 20:04:00
CUST-03889,Ana Silva,ana.silva_3889@email.com,Parintins,AM,2022-12-08 02:56:00
CUST-03890,Amanda Santos,amanda.santos_3890@email.com,Ponta Grossa,PR,2021-10-22 16:59:00
CUST-03891,Thiago Oliveira,thiago.oliveira_3891@email.com,Guarulhos,SP,2023-06-02 14:38:00
CUST-02237,Lucas Pereira,lucas.pereira_2237@email.com,Uberlandia,MG,2023-09-07 06:43:00
CUST-03893,Beatriz Barbosa,beatriz.barbosa_3893@email.com,Aparecida de Goiania,GO,2022-12-29 07:12:00
CUST-03894,Camila Cardoso,camila.cardoso_3894@email.com,Ananindeua,PA,2021-01-09 03:13:00
CUST-03895,Diego Carvalho,diego.carvalho_3895@email.com,Belo Horizonte,MG,2023-03-29 15:40:00
CUST-03896,Ana Barbosa,ana.barbosa_3896@email.com,Sao Luis,MA,2023-08-08 10:45:00
CUST-03897,Joao Rodrigues,joao.rodrigues_3897@email.com,Caucaia,CE,2020-06-13 10:50:00
CUST-03898,Thiago Souza,thiago.souza_3898@email.com,Joinville,SC,2020-09-01 15:42:00
CUST-03899,Juliana Lima,juliana.lima_3899@email.com,Joinville,SC,2020-08-15 15:34:00
CUST-03900,Lucas Santos,lucas.santos_3900@email.com,Ponta Grossa,PR,2021-09-24 00:58:00
CUST-03901,,beatriz.martins_3901@email.com,Serra,ES,2022-03-01 04:07:00
CUST-03902,Gabriela Costa,gabriela.costa_3902@email.com,Taguatinga,DF,2021-09-07 04:16:00
CUST-03903,Diego Martins,diego.martins_3903@email.com,Blumenau,SC,2020-10-04 22:26:00
CUST-03904,Pedro Carvalho,pedro.carvalho_3904@email.com,Mossoro,RN,2020-12-01 14:45:00
CUST-03905,Diego Cardoso,diego.cardoso_3905@email.com,Juazeiro do Norte,CE,2023-09-26 19:33:00
CUST-03906,Juliana Ribeiro,juliana.ribeiro_3906@email.com,Joao Pessoa,PB,2022-04-24 13:05:00
CUST-03907,Bruno Martins,bruno.martins_3907@email.com,Niteroi,RJ,2022-10-01 20:59:00
CUST-03908,Amanda Ferreira,amanda.ferreira_3908@email.com,,MG,2020-04-17 23:04:00
CUST-03909,Diego Gomes,diego.gomes_3909@email.com,Canoas,RS,2023-05-23 01:36:00
CUST-03910,Pedro Moura,pedro.moura_3910@email.com,Belo Horizonte,MG,2021-11-26 09:59:00
CUST-03911,Pedro Souza,pedro.souza_3911@email.com,Fortaleza,CE,2022-10-02 23:19:00
CUST-03912,Camila Ferreira,camila.ferreira_3912@email.com,Curitiba,PR,2022-07-26 21:59:00
CUST-03913,Marcos Almeida,marcos.almeida_3913@email.com,Recife,PE,2023-03-12 03:02:00
CUST-03914,Thiago Martins,thiago.martins_3914@email.com,Vitoria,ES,2021-06-01 00:40:00
CUST-03915,Pedro Silva,pedro.silva_3915@email.com,Pelotas,RS,2021-06-10 07:19:00
CUST-03916,Diego Costa,diego.costa_3916@email.com,Parnaiba,PI,2021-01-29 09:31:00
CUST-03917,,maria.oliveira_3917@email.com,Mossoro,RN,2021-01-28 22:53:00
CUST-03918,Camila Ribeiro,camila.ribeiro_3918@email.com,Varzea Grande,MT,2021-01-18 01:16:00
CUST-03919,Camila Ferreira,camila.ferreira_3919@email.com,Juiz de Fora,MG,2021-04-12 01:51:00
CUST-03920,Beatriz Pereira,,Feira de Santana,BA,2022-10-10 14:45:00
CUST-03921,Rafael Pereira,rafael.pereira_3921@email.com,Ananindeua,PA,2022-07-24 16:27:00
CUST-03922,Pedro Gomes,pedro.gomes_3922@email.com,Mossoro,RN,2024-04-14 12:46:00
CUST-03923,Marcos Rodrigues,marcos.rodrigues_3923@email.com,Santarem,PA,2020-07-29 18:50:00
CUST-03924,Patricia Oliveira,,Guarulhos,SP,2023-06-10 16:10:00
CUST-03925,Maria Martins,maria.martins_3925@email.com,Teresina,PI,2021-12-15 19:30:00
CUST-03926,,rafael.barbosa_3926@email.com,Niteroi,RJ,2020-06-30 11:49:00
CUST-03927,Lucas Lima,lucas.lima_3927@email.com,Arapiraca,AL,2024-04-27 07:18:00
CUST-03928,Beatriz Santos,beatriz.santos_3928@email.com,Olinda,PE,2023-08-28 06:04:00
CUST-03929,Camila Moura,camila.moura_3929@email.com,Juazeiro do Norte,CE,2021-07-05 10:39:00
CUST-03930,Fernanda Souza,fernanda.souza_3930@email.com,Guarulhos,SP,2021-09-23 20:09:00
CUST-03931,Gabriela Oliveira,gabriela.oliveira_3931@email.com,Vitoria da Conquista,BA,2024-04-20 14:40:00
CUST-03932,Marcos Santos,marcos.santos_3932@email.com,Vitoria,ES,2020-02-10 20:25:00
CUST-03933,Fernanda Ferreira,fernanda.ferreira_3933@email.com,Canoas,RS,2021-02-18 04:27:00
CUST-03934,Juliana Silva,juliana.silva_3934@email.com,Joinville,SC,2022-09-12 16:39:00
CUST-03935,Roberto Barbosa,roberto.barbosa_3935@email.com,Caucaia,CE,2023-04-21 19:27:00
CUST-03936,Amanda Souza,amanda.souza_3936@email.com,Caruaru,PE,2023-04-15 17:43:00
CUST-03937,Bruno Araujo,bruno.araujo_3937@email.com,Juazeiro do Norte,CE,2024-02-29 19:01:00
CUST-03938,Bruno Souza,bruno.souza_3938@email.com,Feira de Santana,BA,2024-06-28 17:53:00
CUST-03939,Bruno Costa,bruno.costa_3939@email.com,Natal,RN,2024-05-04 07:04:00
CUST-03940,Marcos Costa,marcos.costa_3940@email.com,Olinda,PE,2022-08-09 12:23:00
CUST-03941,Joao Silva,joao.silva_3941@email.com,Niteroi,RJ,2023-06-04 18:22:00
CUST-03942,Pedro Silva,pedro.silva_3942@email.com,Arapiraca,AL,2020-04-19 20:50:00
CUST-03943,Joao Moura,joao.moura_3943@email.com,Manaus,AM,2023-05-09 06:10:00
CUST-03944,Amanda Ferreira,amanda.ferreira_3944@email.com,Varzea Grande,MT,2024-05-05 05:11:00
CUST-03945,Camila Almeida,camila.almeida_3945@email.com,Campina Grande,PB,2021-02-26 17:31:00
CUST-03946,Patricia Costa,patricia.costa_3946@email.com,Porto Alegre,RS,2023-09-01 19:17:00
CUST-03947,Amanda Martins,amanda.martins_3947@email.com,Vitoria da Conquista,BA,2023-08-27 12:11:00
CUST-03948,Fernanda Cardoso,fernanda.cardoso_3948@email.com,Santarem,PA,2022-10-06 14:42:00
CUST-03949,Patricia Pereira,patricia.pereira_3949@email.com,Juiz de Fora,MG,2023-10-12 03:57:00
CUST-03950,Bruno Oliveira,bruno.oliveira_3950@email.com,Cuiaba,MT,2022-06-08 14:08:00
CUST-03951,Bruno Nascimento,bruno.nascimento_3951@email.com,Guarulhos,SP,2020-06-07 19:26:00
CUST-03952,Larissa Silva,larissa.silva_3952@email.com,Campina Grande,PB,2020-01-04 02:00:00
CUST-03953,Bruno Costa,bruno.costa_3953@email.com,Ponta Grossa,PR,2024-04-25 12:23:00
CUST-03954,Juliana Nascimento,juliana.nascimento_3954@email.com,Vitoria,ES,2022-06-06 16:20:00
CUST-03955,Juliana Pereira,juliana.pereira_3955@email.com,Brasilia,DF,2021-01-15 03:19:00
CUST-03956,Diego Souza,diego.souza_3956@email.com,Natal,RN,2021-03-26 00:20:00
CUST-03957,Carlos Cardoso,carlos.cardoso_3957@email.com,Olinda,PE,2022-05-05 04:37:00
CUST-03958,Amanda Martins,amanda.martins_3958@email.com,Recife,PE,2022-03-26 03:25:00
CUST-03959,Lucas Carvalho,lucas.carvalho_3959@email.com,Brasilia,DF,2022-07-31 21:53:00
CUST-03960,Patricia Moura,patricia.moura_3960@email.com,Parnaiba,PI,2020-03-07 18:59:00
CUST-03961,Pedro Cardoso,pedro.cardoso_3961@email.com,Taguatinga,DF,2022-11-13 07:01:00
CUST-03962,Thiago Barbosa,thiago.barbosa_3962@email.com,Arapiraca,AL,2020-11-09 08:49:00
CUST-03963,Bruno Moura,bruno.moura_3963@email.com,Caruaru,PE,2022-07-04 08:58:00
CUST-03964,Lucas Silva,lucas.silva_3964@email.com,Maceio,AL,2021-06-11 15:52:00
CUST-03965,Bruno Silva,bruno.silva_3965@email.com,Blumenau,SC,2022-07-15 04:46:00
CUST-03966,Camila Martins,camila.martins_3966@email.com,Belo Horizonte,MG,2022-12-31 05:18:00
CUST-03967,Roberto Souza,roberto.souza_3967@email.com,Campina Grande,PB,2023-10-04 20:10:00
CUST-03968,Bruno Nascimento,bruno.nascimento_3968@email.com,Recife,PE,2023-08-31 19:04:00
CUST-03969,Gabriela Oliveira,gabriela.oliveira_3969@email.com,Goiania,GO,2022-06-20 19:03:00
CUST-03970,Rafael Gomes,rafael.gomes_3970@email.com,Imperatriz,MA,2020-07-20 19:48:00
CUST-03971,Beatriz Rodrigues,beatriz.rodrigues_3971@email.com,Juazeiro do Norte,CE,2020-05-28 19:43:00
CUST-03972,Thiago Moura,thiago.moura_3972@email.com,Ponta Grossa,PR,2023-08-04 13:52:00
CUST-03973,Rafael Gomes,rafael.gomes_3973@email.com,Maceio,AL,2020-07-29 15:48:00
CUST-03974,Juliana Moura,juliana.moura_3974@email.com,Serra,ES,2020-03-02 10:47:00
CUST-03975,Thiago Rodrigues,thiago.rodrigues_3975@email.com,Arapiraca,AL,2023-11-02 18:44:00
CUST-03976,,marcos.ferreira_3976@email.com,Blumenau,SC,2024-03-08 16:55:00
CUST-03977,Patricia Ribeiro,patricia.ribeiro_3977@email.com,Manaus,AM,2021-09-14 20:59:00
CUST-03978,Beatriz Souza,beatriz.souza_3978@email.com,Vila Velha,ES,2021-01-05 11:04:00
CUST-03979,Maria Silva,maria.silva_3979@email.com,Brasilia,DF,2020-10-01 04:28:00
CUST-03980,Pedro Cardoso,pedro.cardoso_3980@email.com,Mossoro,RN,2023-06-17 21:47:00
CUST-03981,Beatriz Almeida,beatriz.almeida_3981@email.com,Aparecida de Goiania,GO,2020-01-09 03:07:00
CUST-03982,Camila Melo,camila.melo_3982@email.com,Blumenau,SC,2020-07-29 06:39:00
CUST-03983,Bruno Pereira,bruno.pereira_3983@email.com,,MT,2023-06-02 15:15:00
CUST-03984,Camila Ferreira,camila.ferreira_3984@email.com,Feira de Santana,BA,2021-05-29 22:09:00
CUST-03985,Fernanda Nascimento,fernanda.nascimento_3985@email.com,Vitoria da Conquista,BA,2022-06-14 05:35:00
CUST-03986,,fernanda.pereira_3986@email.com,Guarulhos,SP,2021-10-29 23:33:00
CUST-03987,Gabriela Ferreira,gabriela.ferreira_3987@email.com,Petropolis,RJ,2022-02-15 05:23:00
CUST-03988,Carlos Nascimento,carlos.nascimento_3988@email.com,Aparecida de Goiania,GO,2020-11-18 20:40:00
CUST-03989,Fernanda Martins,,Aparecida de Goiania,GO,2022-05-06 04:48:00
CUST-03990,Diego Araujo,diego.araujo_3990@email.com,Recife,PE,2022-07-09 23:01:00
CUST-03991,Joao Gomes,joao.gomes_3991@email.com,Olinda,PE,2023-01-20 16:44:00
CUST-00128,Bruno Gomes,bruno.gomes_128@email.com,Uberlandia,MG,2021-09-26 17:24:00
CUST-03993,Gabriela Ferreira,gabriela.ferreira_3993@email.com,Florianopolis,SC,2020-11-03 20:50:00
CUST-03994,Roberto Martins,roberto.martins_3994@email.com,Juazeiro do Norte,CE,2023-08-14 15:50:00
CUST-03995,Rafael Costa,rafael.costa_3995@email.com,Campina Grande,PB,2020-01-25 17:56:00
CUST-03996,Diego Lima,diego.lima_3996@email.com,Olinda,PE,2020-09-06 06:33:00
CUST-03997,Maria Cardoso,maria.cardoso_3997@email.com,Volta Redonda,RJ,2024-06-21 20:12:00
CUST-03998,Camila Oliveira,camila.oliveira_3998@email.com,Taguatinga,DF,2023-06-16 04:04:00
CUST-03999,Amanda Barbosa,amanda.barbosa_3999@email.com,Joao Pessoa,PB,2023-12-06 15:50:00
CUST-04000,Lucas Carvalho,lucas.carvalho_4000@email.com,Salvador,BA,2023-08-25 13:58:00
CUST-04001,Pedro Nascimento,pedro.nascimento_4001@email.com,Maringa,PR,2023-01-23 19:37:00
CUST-04002,Gabriela Barbosa,gabriela.barbosa_4002@email.com,Osasco,SP,2022-07-31 03:18:00
CUST-04003,Fernanda Martins,,Brasilia,DF,2023-02-17 21:32:00
CUST-04004,Beatriz Almeida,beatriz.almeida_4004@email.com,Imperatriz,MA,2024-06-06 22:45:00
CUST-04005,Diego Almeida,diego.almeida_4005@email.com,Mossoro,RN,2020-06-04 21:59:00
CUST-04006,Rafael Pereira,rafael.pereira_4006@email.com,Maceio,AL,2023-03-13 15:21:00
CUST-04007,Carlos Souza,carlos.souza_4007@email.com,Campina Grande,PB,2024-03-09 15:17:00
CUST-04008,Roberto Oliveira,roberto.oliveira_4008@email.com,Vitoria,ES,2021-12-31 19:44:00
CUST-04009,Larissa Silva,larissa.silva_4009@email.com,Vila Velha,ES,2020-08-20 14:50:00
CUST-04010,Carlos Pereira,carlos.pereira_4010@email.com,Santos,SP,2020-06-11 17:20:00
CUST-04011,Ana Carvalho,ana.carvalho_4011@email.com,Brasilia,DF,2020-12-08 12:05:00
CUST-04012,Ana Nascimento,ana.nascimento_4012@email.com,Cuiaba,MT,2022-07-30 19:42:00
CUST-04013,Maria Pereira,maria.pereira_4013@email.com,Maringa,PR,2021-03-16 21:28:00
CUST-04014,Ana Nascimento,ana.nascimento_4014@email.com,Niteroi,RJ,2020-06-02 08:24:00
CUST-04015,Maria Pereira,maria.pereira_4015@email.com,Taguatinga,DF,2020-03-15 20:47:00
CUST-04016,,pedro.nascimento_4016@email.com,Imperatriz,MA,2021-12-19 07:15:00
CUST-04017,Ana Souza,ana.souza_4017@email.com,Olinda,PE,2021-10-01 18:17:00
CUST-04018,Marcos Pereira,marcos.pereira_4018@email.com,Joao Pessoa,PB,2020-07-24 06:14:00
CUST-04019,Amanda Martins,amanda.martins_4019@email.com,Porto Alegre,RS,2024-06-11 04:18:00
CUST-04020,Rafael Oliveira,rafael.oliveira_4020@email.com,Guarulhos,SP,2021-05-04 07:36:00
CUST-04021,Larissa Pereira,larissa.pereira_4021@email.com,Niteroi,RJ,2023-05-24 03:37:00
CUST-04022,Ana Silva,,Blumenau,SC,2022-01-08 01:05:00
CUST-04023,Gabriela Pereira,gabriela.pereira_4023@email.com,Imperatriz,MA,2021-04-06 18:16:00
CUST-04024,Gabriela Gomes,gabriela.gomes_4024@email.com,Aparecida de Goiania,GO,2024-04-11 20:58:00
CUST-04025,Juliana Almeida,juliana.almeida_4025@email.com,Brasilia,DF,2023-05-21 00:25:00
CUST-04026,Joao Melo,joao.melo_4026@email.com,Osasco,SP,2023-03-30 05:24:00
CUST-04027,Bruno Silva,bruno.silva_4027@email.com,Vila Velha,ES,2023-07-29 16:40:00
CUST-04028,Roberto Carvalho,roberto.carvalho_4028@email.com,Sao Luis,MA,2023-08-01 15:50:00
CUST-04029,Juliana Silva,juliana.silva_4029@email.com,Curitiba,PR,2021-04-10 12:50:00
CUST-04030,Rafael Melo,rafael.melo_4030@email.com,Florianopolis,SC,2023-12-26 23:30:00
CUST-04031,Amanda Araujo,amanda.araujo_4031@email.com,Vitoria da Conquista,BA,2021-12-28 00:35:00
CUST-04032,Juliana Moura,juliana.moura_4032@email.com,Rio de Janeiro,RJ,2021-10-07 13:58:00
CUST-04033,Patricia Rodrigues,patricia.rodrigues_4033@email.com,Belem,PA,2020-02-20 18:33:00
CUST-04034,Camila Santos,camila.santos_4034@email.com,Maringa,PR,2020-11-04 06:26:00
CUST-04035,Rafael Souza,rafael.souza_4035@email.com,Guarulhos,ZZ,2021-02-18 21:42:00
CUST-04036,Beatriz Oliveira,beatriz.oliveira_4036@email.com,Uberlandia,MG,2021-09-04 02:31:00
CUST-04037,Pedro Souza,pedro.souza_4037@email.com,Aparecida de Goiania,GO,2021-07-03 17:10:00
CUST-04038,Patricia Almeida,patricia.almeida_4038@email.com,Cuiaba,MT,2020-07-30 00:48:00
CUST-04039,Amanda Carvalho,amanda.carvalho_4039@email.com,Cuiaba,MT,2024-05-19 12:18:00
CUST-04040,Diego Melo,diego.melo_4040@email.com,Campina Grande,PB,2020-04-07 17:16:00
CUST-04041,Maria Gomes,maria.gomes_4041@email.com,Goiania,GO,2022-08-17 00:56:00
CUST-04042,Gabriela Carvalho,gabriela.carvalho_4042@email.com,Teresina,PI,2021-05-28 07:33:00
CUST-04043,Camila Rodrigues,,Pelotas,RS,2022-04-18 10:53:00
CUST-04044,Thiago Souza,thiago.souza_4044@email.com,Teresina,PI,2022-12-21 06:51:00
CUST-04045,Camila Almeida,,,DF,2021-04-05 01:14:00
CUST-04046,Ana Souza,ana.souza_4046@email.com,Varzea Grande,MT,2023-11-11 02:37:00
CUST-04047,Ana Costa,,Vitoria da Conquista,BA,2022-09-20 09:58:00
CUST-04048,Beatriz Silva,beatriz.silva_4048@email.com,Imperatriz,MA,2022-11-10 14:51:00
CUST-04049,Fernanda Cardoso,fernanda.cardoso_4049@email.com,Parintins,AM,2024-06-28 11:26:00
CUST-04050,Roberto Costa,roberto.costa_4050@email.com,Mossoro,RN,2021-04-09 05:45:00
CUST-04051,Carlos Lima,carlos.lima_4051@email.com,Natal,RN,2020-06-10 18:42:00
CUST-04052,Diego Martins,diego.martins_4052@email.com,Petropolis,RJ,2023-11-04 07:19:00
CUST-04053,Patricia Martins,patricia.martins_4053@email.com,Recife,PE,2022-02-26 22:35:00
CUST-02789,Maria Rodrigues,maria.rodrigues_2789@email.com,Parnaiba,PI,2021-06-21 04:35:00
CUST-04055,Lucas Carvalho,lucas.carvalho_4055@email.com,Belem,PA,2020-04-02 02:13:00
CUST-04056,Fernanda Gomes,fernanda.gomes_4056@email.com,Juiz de Fora,MG,2024-03-15 17:09:00
CUST-04057,Maria Souza,maria.souza_4057@email.com,Manaus,AM,2021-02-23 08:29:00
CUST-04058,Lucas Ribeiro,lucas.ribeiro_4058@email.com,Varzea Grande,MT,2022-05-05 09:28:00
CUST-04059,Joao Martins,joao.martins_4059@email.com,Recife,PE,2024-01-27 00:00:00
CUST-04060,Lucas Cardoso,lucas.cardoso_4060@email.com,Varzea Grande,MT,2020-08-01 12:23:00
CUST-04061,Gabriela Barbosa,gabriela.barbosa_4061@email.com,Manaus,AM,2023-11-01 19:02:00
CUST-04062,Rafael Martins,rafael.martins_4062@email.com,Pelotas,RS,2021-02-24 08:44:00
CUST-04063,Thiago Araujo,thiago.araujo_4063@email.com,Joao Pessoa,PB,2023-11-13 02:33:00
CUST-01391,Patricia Lima,patricia.lima_1391@email.com,Teresina,PI,2021-06-04 12:16:00
CUST-04065,Ana Barbosa,ana.barbosa_4065@email.com,Campinas,SP,2022-09-30 13:16:00
CUST-04066,Marcos Almeida,marcos.almeida_4066@email.com,Teresina,PI,2024-01-31 15:41:00
CUST-04067,Marcos Cardoso,marcos.cardoso_4067@email.com,Caxias do Sul,RS,2022-01-17 22:32:00
CUST-04068,Pedro Ferreira,pedro.ferreira_4068@email.com,Cuiaba,MT,2022-10-28 09:04:00
CUST-04069,Larissa Silva,larissa.silva_4069@email.com,,RN,2023-11-16 21:16:00
CUST-04070,Ana Costa,ana.costa_4070@email.com,Maceio,AL,2022-12-23 16:42:00
CUST-04071,Roberto Pereira,roberto.pereira_4071@email.com,Caucaia,CE,2020-04-28 17:57:00
CUST-04072,Patricia Barbosa,patricia.barbosa_4072@email.com,Caxias do Sul,RS,2024-05-04 13:37:00
CUST-04073,Lucas Ferreira,lucas.ferreira_4073@email.com,Maceio,AL,2023-10-22 02:21:00
CUST-04074,Lucas Santos,lucas.santos_4074@email.com,Manaus,AM,2022-02-28 15:02:00
CUST-04075,Maria Rodrigues,maria.rodrigues_4075@email.com,Juiz de Fora,MG,2020-11-20 01:35:00
CUST-04076,Juliana Gomes,juliana.gomes_4076@email.com,Caruaru,PE,2023-01-20 20:35:00
CUST-04077,Marcos Pereira,marcos.pereira_4077@email.com,Manaus,AM,2022-05-01 06:39:00
CUST-04078,Maria Pereira,maria.pereira_4078@email.com,Blumenau,SC,2021-08-20 02:44:00
CUST-04079,Lucas Carvalho,lucas.carvalho_4079@email.com,Parintins,AM,2022-01-30 13:49:00
CUST-04080,Bruno Pereira,bruno.pereira_4080@email.com,Juiz de Fora,MG,2020-10-09 22:39:00
CUST-04081,Gabriela Pereira,gabriela.pereira_4081@email.com,Ananindeua,PA,2021-01-27 14:18:00
CUST-04082,Fernanda Moura,fernanda.moura_4082@email.com,Sao Luis,MA,2021-01-08 11:53:00
CUST-04083,Pedro Rodrigues,pedro.rodrigues_4083@email.com,Campina Grande,PB,2023-04-18 17:34:00
CUST-04084,Joao Silva,joao.silva_4084@email.com,Contagem,MG,2020-01-06 07:53:00
CUST-04085,Rafael Almeida,rafael.almeida_4085@email.com,Maceio,AL,2020-01-20 16:46:00
CUST-04086,Camila Souza,,Campina Grande,PB,2020-01-07 15:54:00
CUST-04087,Roberto Almeida,roberto.almeida_4087@email.com,Maceio,AL,2024-06-14 11:37:00
CUST-04088,Bruno Santos,bruno.santos_4088@email.com,Sao Luis,MA,2021-09-09 16:24:00
CUST-04089,Thiago Oliveira,thiago.oliveira_4089@email.com,Jaboatao,PE,2024-05-25 10:25:00
CUST-04090,Camila Melo,camila.melo_4090@email.com,Petropolis,RJ,2023-03-17 12:00:00
CUST-04091,Larissa Souza,larissa.souza_4091@email.com,Guarulhos,SP,2020-06-11 14:24:00
CUST-04092,Carlos Gomes,carlos.gomes_4092@email.com,Joao Pessoa,PB,2020-06-22 09:13:00
CUST-04093,Larissa Moura,larissa.moura_4093@email.com,Juazeiro do Norte,CE,2024-05-27 00:24:00
CUST-04094,Beatriz Ferreira,beatriz.ferreira_4094@email.com,Cuiaba,MT,2023-07-13 09:38:00
CUST-04095,Amanda Martins,amanda.martins_4095@email.com,Parnaiba,PI,2023-11-04 03:32:00
CUST-04096,Gabriela Cardoso,gabriela.cardoso_4096@email.com,Vila Velha,ES,2021-09-18 16:28:00
CUST-04097,Joao Rodrigues,joao.rodrigues_4097@email.com,Ananindeua,PA,2023-06-08 01:55:00
CUST-04098,Roberto Almeida,roberto.almeida_4098@email.com,Londrina,PR,2020-05-23 21:10:00
CUST-04099,Beatriz Costa,beatriz.costa_4099@email.com,Uberlandia,MG,2021-01-14 10:25:00
CUST-04100,Juliana Pereira,juliana.pereira_4100@email.com,Campina Grande,PB,2021-02-09 14:44:00
CUST-04101,Joao Santos,joao.santos_4101@email.com,Juiz de Fora,MG,2022-09-23 19:23:00
CUST-04102,Juliana Rodrigues,juliana.rodrigues_4102@email.com,Teresina,PI,2022-08-23 10:21:00
CUST-04103,Joao Rodrigues,joao.rodrigues_4103@email.com,Serra,ES,2023-01-07 22:39:00
CUST-04104,Fernanda Cardoso,fernanda.cardoso_4104@email.com,Ananindeua,PA,2021-07-25 03:15:00
CUST-04105,Marcos Lima,marcos.lima_4105@email.com,Campina Grande,PB,2023-05-18 00:33:00
CUST-04106,Lucas Nascimento,lucas.nascimento_4106@email.com,Mossoro,RN,2023-04-11 01:47:00
CUST-04107,Roberto Santos,roberto.santos_4107@email.com,Taguatinga,DF,2022-07-16 04:23:00
CUST-04108,Camila Rodrigues,camila.rodrigues_4108@email.com,Imperatriz,MA,2023-08-22 05:35:00
CUST-04109,Pedro Araujo,pedro.araujo_4109@email.com,Mossoro,RN,2022-02-20 00:15:00
CUST-04110,Carlos Cardoso,carlos.cardoso_4110@email.com,Serra,ES,2023-11-12 03:43:00
CUST-04111,Bruno Cardoso,bruno.cardoso_4111@email.com,Osasco,SP,2021-01-26 18:41:00
CUST-04112,Roberto Ferreira,roberto.ferreira_4112@email.com,Brasilia,DF,2022-09-06 22:49:00
CUST-04113,Lucas Oliveira,lucas.oliveira_4113@email.com,Imperatriz,MA,2022-04-12 23:28:00
CUST-04114,Maria Martins,maria.martins_4114@email.com,Arapiraca,AL,2020-09-01 07:00:00
CUST-04115,Diego Rodrigues,diego.rodrigues_4115@email.com,Jaboatao,PE,2022-04-04 12:23:00
CUST-04116,Marcos Araujo,marcos.araujo_4116@email.com,Santarem,PA,2021-05-23 08:36:00
CUST-04117,Joao Rodrigues,joao.rodrigues_4117@email.com,Joinville,SC,2020-06-05 22:11:00
CUST-04118,,beatriz.barbosa_4118@email.com,Maceio,AL,2020-02-08 11:15:00
CUST-04119,Ana Gomes,ana.gomes_4119@email.com,Campina Grande,PB,2020-06-12 19:10:00
CUST-04120,Maria Costa,maria.costa_4120@email.com,Jaboatao,PE,2021-10-03 20:29:00
CUST-04121,Beatriz Rodrigues,beatriz.rodrigues_4121@email.com,Blumenau,SC,2022-09-10 14:52:00
CUST-04122,Lucas Pereira,lucas.pereira_4122@email.com,Teresina,PI,2020-02-10 02:35:00
CUST-04123,Camila Araujo,camila.araujo_4123@email.com,Ananindeua,PA,2020-12-24 18:53:00
CUST-04124,Diego Gomes,diego.gomes_4124@email.com,Goiania,GO,2022-09-24 07:42:00
CUST-04125,Bruno Rodrigues,bruno.rodrigues_4125@email.com,Ponta Grossa,PR,2021-07-30 13:47:00
CUST-04126,Pedro Pereira,pedro.pereira_4126@email.com,Uberlandia,MG,2022-06-11 08:19:00
CUST-04127,Roberto Barbosa,roberto.barbosa_4127@email.com,Rio de Janeiro,RJ,2023-10-23 06:52:00
CUST-04128,Camila Lima,camila.lima_4128@email.com,Florianopolis,SC,2022-12-27 21:55:00
CUST-04129,Marcos Barbosa,marcos.barbosa_4129@email.com,Manaus,AM,2023-12-28 14:50:00
CUST-04130,Lucas Lima,lucas.lima_4130@email.com,Florianopolis,SC,2021-10-11 00:23:00
CUST-04131,Beatriz Santos,beatriz.santos_4131@email.com,Cuiaba,MT,2020-06-08 04:03:00
CUST-04132,Diego Souza,diego.souza_4132@email.com,Joao Pessoa,PB,2023-08-02 14:09:00
CUST-04133,Ana Pereira,ana.pereira_4133@email.com,Florianopolis,SC,2024-05-21 08:17:00
CUST-04134,Camila Lima,camila.lima_4134@email.com,Porto Alegre,RS,2021-03-07 03:36:00
CUST-04135,,marcos.cardoso_4135@email.com,Goiania,GO,2020-03-18 07:48:00
CUST-04136,Fernanda Ferreira,fernanda.ferreira_4136@email.com,Santarem,PA,2022-01-16 22:23:00
CUST-04137,Juliana Barbosa,juliana.barbosa_4137@email.com,Aparecida de Goiania,GO,2023-01-23 22:14:00
CUST-04138,Lucas Moura,lucas.moura_4138@email.com,Juazeiro do Norte,CE,2023-01-09 16:32:00
CUST-04139,Thiago Araujo,thiago.araujo_4139@email.com,Aparecida de Goiania,GO,2023-03-04 10:30:00
CUST-04140,,roberto.araujo_4140@email.com,Londrina,PR,2022-01-10 20:41:00
CUST-04141,Larissa Silva,larissa.silva_4141@email.com,Parnaiba,PI,2023-10-22 23:24:00
CUST-04142,Fernanda Ferreira,fernanda.ferreira_4142@email.com,Vitoria,ES,2022-07-14 10:03:00
CUST-04143,Juliana Santos,juliana.santos_4143@email.com,Teresina,PI,2024-06-12 18:58:00
CUST-04144,Rafael Almeida,rafael.almeida_4144@email.com,Volta Redonda,RJ,2022-10-10 06:39:00
CUST-04145,Juliana Gomes,juliana.gomes_4145@email.com,Curitiba,PR,2021-04-27 20:06:00
CUST-04146,Maria Cardoso,maria.cardoso_4146@email.com,Parnaiba,XX,2024-03-30 12:31:00
CUST-04147,Larissa Moura,larissa.moura_4147@email.com,Curitiba,PR,2024-05-09 12:26:00
CUST-04148,Marcos Oliveira,marcos.oliveira_4148@email.com,Parintins,AM,2022-05-10 11:08:00
CUST-04149,Lucas Souza,lucas.souza_4149@email.com,Osasco,SP,2020-06-03 23:24:00
CUST-04150,Carlos Oliveira,carlos.oliveira_4150@email.com,Uberlandia,MG,2021-08-27 02:51:00
CUST-04151,Beatriz Almeida,beatriz.almeida_4151@email.com,Campina Grande,PB,2023-09-20 07:06:00
CUST-04152,Juliana Almeida,juliana.almeida_4152@email.com,Campina Grande,PB,2022-08-29 03:02:00
CUST-04153,Larissa Santos,larissa.santos_4153@email.com,Joao Pessoa,PB,2023-06-20 05:04:00
CUST-04154,Thiago Souza,thiago.souza_4154@email.com,Belem,PA,2022-08-22 19:51:00
CUST-04155,Joao Souza,joao.souza_4155@email.com,Cuiaba,MT,2023-10-20 13:47:00
CUST-04156,Bruno Araujo,bruno.araujo_4156@email.com,Blumenau,SC,2022-03-27 20:29:00
CUST-04157,Amanda Lima,amanda.lima_4157@email.com,Blumenau,SC,2023-04-09 19:45:00
CUST-04158,Marcos Barbosa,marcos.barbosa_4158@email.com,Brasilia,DF,2023-01-06 00:18:00
CUST-04159,Fernanda Lima,fernanda.lima_4159@email.com,Florianopolis,SC,2022-08-06 01:00:00
CUST-04160,Larissa Araujo,larissa.araujo_4160@email.com,Campinas,SP,2022-06-08 09:50:00
CUST-04161,Fernanda Barbosa,fernanda.barbosa_4161@email.com,Contagem,MG,2023-07-23 06:03:00
CUST-04162,Gabriela Ferreira,gabriela.ferreira_4162@email.com,Olinda,PE,2021-05-23 00:34:00
CUST-04163,Thiago Silva,thiago.silva_4163@email.com,Petropolis,RJ,2020-12-06 11:32:00
CUST-04164,Rafael Pereira,rafael.pereira_4164@email.com,Santos,SP,2020-09-16 02:06:00
CUST-04165,,joao.martins_4165@email.com,Canoas,RS,2023-09-12 14:26:00
CUST-04166,Bruno Rodrigues,bruno.rodrigues_4166@email.com,Manaus,AM,2020-08-22 02:00:00
CUST-04167,Larissa Cardoso,larissa.cardoso_4167@email.com,Vitoria,ES,2020-07-25 09:30:00
CUST-04168,Roberto Gomes,roberto.gomes_4168@email.com,Caucaia,CE,2021-12-03 05:20:00
CUST-04169,Larissa Cardoso,larissa.cardoso_4169@email.com,Vila Velha,ES,2021-03-28 21:53:00
CUST-04170,Maria Martins,maria.martins_4170@email.com,Parnaiba,PI,2021-05-25 21:30:00
CUST-04171,Beatriz Silva,beatriz.silva_4171@email.com,Sao Paulo,SP,2023-08-16 02:22:00
CUST-04172,Roberto Martins,roberto.martins_4172@email.com,Vitoria da Conquista,BA,2022-09-25 15:09:00
CUST-04173,Amanda Carvalho,amanda.carvalho_4173@email.com,Blumenau,SC,2021-12-06 21:43:00
CUST-04174,Gabriela Gomes,gabriela.gomes_4174@email.com,Fortaleza,CE,2024-05-04 00:27:00
CUST-04175,Camila Carvalho,camila.carvalho_4175@email.com,Curitiba,PR,2023-03-25 17:03:00
CUST-04176,Gabriela Almeida,gabriela.almeida_4176@email.com,Goiania,GO,2022-06-10 16:03:00
CUST-04177,Patricia Moura,patricia.moura_4177@email.com,Arapiraca,AL,2023-12-07 08:06:00
CUST-04178,Larissa Rodrigues,larissa.rodrigues_4178@email.com,Parintins,AM,2021-08-08 15:19:00
CUST-04179,Juliana Martins,juliana.martins_4179@email.com,Caxias do Sul,RS,2023-07-31 05:37:00
CUST-04180,Diego Ferreira,diego.ferreira_4180@email.com,Florianopolis,SC,2020-11-12 12:08:00
CUST-04181,Fernanda Pereira,fernanda.pereira_4181@email.com,Vila Velha,ES,2023-02-21 14:25:00
CUST-04182,Beatriz Silva,beatriz.silva_4182@email.com,Joao Pessoa,PB,2022-08-15 13:21:00
CUST-04183,Rafael Martins,rafael.martins_4183@email.com,Londrina,PR,2023-04-28 05:04:00
CUST-04184,Maria Araujo,maria.araujo_4184@email.com,Mossoro,RN,2021-06-17 20:29:00
CUST-04185,Ana Silva,ana.silva_4185@email.com,Santos,SP,2020-03-30 15:26:00
CUST-04186,Thiago Araujo,thiago.araujo_4186@email.com,Parintins,AM,2022-06-11 01:31:00
CUST-04187,Fernanda Ribeiro,fernanda.ribeiro_4187@email.com,Cuiaba,MT,2021-06-08 11:08:00
CUST-04188,Larissa Silva,larissa.silva_4188@email.com,Sao Luis,MA,2023-12-04 11:19:00
CUST-04189,Beatriz Souza,beatriz.souza_4189@email.com,Manaus,AM,2023-10-11 14:55:00
CUST-04190,Maria Ferreira,maria.ferreira_4190@email.com,Juazeiro do Norte,CE,2021-05-27 09:35:00
CUST-04191,Juliana Araujo,juliana.araujo_4191@email.com,Sao Paulo,SP,2021-10-20 12:41:00
CUST-04192,Fernanda Moura,,Arapiraca,AL,2021-05-31 00:58:00
CUST-04193,Fernanda Silva,fernanda.silva_4193@email.com,Maceio,AL,2023-03-05 20:02:00
CUST-04194,Joao Moura,joao.moura_4194@email.com,Campina Grande,PB,2023-03-03 07:29:00
CUST-04195,Camila Rodrigues,camila.rodrigues_4195@email.com,Parintins,AM,2020-12-11 07:35:00
CUST-04196,Diego Ferreira,diego.ferreira_4196@email.com,Campina Grande,XX,2023-10-02 03:55:00
CUST-04197,Ana Pereira,,Maceio,AL,2022-03-24 16:47:00
CUST-04198,Juliana Santos,juliana.santos_4198@email.com,Natal,XX,2020-05-08 13:36:00
CUST-04199,Fernanda Nascimento,fernanda.nascimento_4199@email.com,Londrina,PR,2021-12-14 22:04:00
CUST-04200,Patricia Silva,patricia.silva_4200@email.com,Teresina,PI,2020-12-07 22:38:00
CUST-04201,Thiago Carvalho,thiago.carvalho_4201@email.com,Sao Luis,MA,2022-03-10 06:35:00
CUST-04202,Beatriz Moura,beatriz.moura_4202@email.com,Parnaiba,PI,2021-04-15 07:23:00
CUST-04203,Patricia Rodrigues,patricia.rodrigues_4203@email.com,Aparecida de Goiania,GO,2023-06-01 03:56:00
CUST-04204,Roberto Silva,roberto.silva_4204@email.com,Manaus,AM,2023-07-27 04:37:00
CUST-04205,Beatriz Nascimento,beatriz.nascimento_4205@email.com,Manaus,AM,2023-06-02 09:04:00
CUST-04206,Amanda Costa,amanda.costa_4206@email.com,Parintins,AM,2022-11-06 19:43:00
CUST-04207,Camila Lima,camila.lima_4207@email.com,Feira de Santana,BA,2022-08-27 20:10:00
CUST-04208,Camila Barbosa,camila.barbosa_4208@email.com,Arapiraca,AL,2023-03-26 05:26:00
CUST-04209,Bruno Cardoso,bruno.cardoso_4209@email.com,Ponta Grossa,PR,2020-04-24 17:40:00
CUST-04210,Patricia Silva,patricia.silva_4210@email.com,Santos,SP,2023-09-22 10:28:00
CUST-04211,Juliana Moura,juliana.moura_4211@email.com,Blumenau,SC,2023-07-27 13:32:00
CUST-04212,Beatriz Carvalho,beatriz.carvalho_4212@email.com,Osasco,??,2020-09-18 06:24:00
CUST-04213,Carlos Gomes,carlos.gomes_4213@email.com,Pelotas,RS,2020-10-04 11:07:00
CUST-04214,Larissa Araujo,larissa.araujo_4214@email.com,Teresina,PI,2022-01-06 15:44:00
CUST-04215,Rafael Cardoso,rafael.cardoso_4215@email.com,Natal,RN,2023-11-06 17:13:00
CUST-04216,Juliana Cardoso,juliana.cardoso_4216@email.com,Joinville,SC,2024-01-06 22:53:00
CUST-04217,Beatriz Araujo,beatriz.araujo_4217@email.com,,AM,2024-05-05 04:02:00
CUST-04218,Fernanda Silva,fernanda.silva_4218@email.com,Caxias do Sul,RS,2024-05-10 13:35:00
CUST-04219,Larissa Ribeiro,larissa.ribeiro_4219@email.com,Ponta Grossa,PR,2023-02-15 10:24:00
CUST-04220,Ana Carvalho,ana.carvalho_4220@email.com,Varzea Grande,MT,2022-03-31 09:55:00
CUST-04221,Joao Pereira,joao.pereira_4221@email.com,Arapiraca,AL,2021-11-28 07:15:00
CUST-04222,Roberto Barbosa,roberto.barbosa_4222@email.com,Imperatriz,MA,2022-07-21 00:18:00
CUST-04223,Rafael Ribeiro,rafael.ribeiro_4223@email.com,Vitoria da Conquista,BA,2022-05-25 19:58:00
CUST-04224,Joao Oliveira,joao.oliveira_4224@email.com,Blumenau,SC,2022-01-15 20:39:00
CUST-04225,Amanda Lima,amanda.lima_4225@email.com,Aparecida de Goiania,GO,2023-08-19 04:18:00
CUST-04226,,patricia.oliveira_4226@email.com,Contagem,MG,2024-05-24 14:18:00
CUST-04227,Pedro Lima,pedro.lima_4227@email.com,Caruaru,PE,2022-06-17 03:16:00
CUST-04228,Diego Nascimento,diego.nascimento_4228@email.com,Juazeiro do Norte,CE,2024-05-07 15:24:00
CUST-04229,Gabriela Carvalho,gabriela.carvalho_4229@email.com,Maceio,AL,2022-07-29 12:19:00
CUST-04230,Pedro Cardoso,pedro.cardoso_4230@email.com,Blumenau,SC,2020-05-17 22:28:00
CUST-04231,Ana Costa,ana.costa_4231@email.com,,PI,2022-09-30 09:03:00
CUST-04232,Camila Moura,camila.moura_4232@email.com,Pelotas,RS,2023-03-03 03:40:00
CUST-04233,Gabriela Oliveira,gabriela.oliveira_4233@email.com,Ponta Grossa,PR,2022-12-01 22:44:00
CUST-04234,Amanda Gomes,amanda.gomes_4234@email.com,Caucaia,CE,2024-01-08 05:12:00
CUST-04235,Gabriela Santos,gabriela.santos_4235@email.com,Maringa,PR,2020-07-27 12:11:00
CUST-04236,Fernanda Costa,fernanda.costa_4236@email.com,Vila Velha,ES,2020-10-01 15:44:00
CUST-04237,Fernanda Souza,fernanda.souza_4237@email.com,Niteroi,RJ,2020-04-01 12:00:00
CUST-04238,Lucas Gomes,lucas.gomes_4238@email.com,,RN,2024-03-10 12:13:00
CUST-04239,Bruno Martins,bruno.martins_4239@email.com,Juazeiro do Norte,CE,2022-10-11 01:51:00
CUST-04240,Juliana Souza,juliana.souza_4240@email.com,Maringa,PR,2021-04-11 11:54:00
CUST-04241,Juliana Almeida,juliana.almeida_4241@email.com,Feira de Santana,BA,2023-09-11 09:34:00
CUST-04242,Larissa Santos,larissa.santos_4242@email.com,Goiania,GO,2023-09-03 15:09:00
CUST-04243,Pedro Costa,pedro.costa_4243@email.com,Maringa,PR,2022-04-10 02:07:00
CUST-04244,Ana Silva,ana.silva_4244@email.com,Juazeiro do Norte,CE,2023-07-23 05:12:00
CUST-04245,Gabriela Melo,gabriela.melo_4245@email.com,Belem,PA,2021-04-06 07:21:00
CUST-04246,Larissa Pereira,larissa.pereira_4246@email.com,Aparecida de Goiania,GO,2021-03-05 19:36:00
CUST-04247,Gabriela Martins,gabriela.martins_4247@email.com,Vila Velha,ES,2021-03-03 06:58:00
CUST-04248,Patricia Moura,patricia.moura_4248@email.com,Maceio,AL,2021-08-14 00:19:00
CUST-04249,Bruno Silva,bruno.silva_4249@email.com,Ananindeua,PA,2021-12-11 10:33:00
CUST-04250,Larissa Costa,larissa.costa_4250@email.com,Brasilia,DF,2023-12-30 04:10:00
CUST-04251,Rafael Ferreira,rafael.ferreira_4251@email.com,Jaboatao,PE,2020-08-03 01:52:00
CUST-04252,Joao Pereira,joao.pereira_4252@email.com,Parintins,AM,2020-07-05 09:45:00
CUST-04253,Juliana Cardoso,juliana.cardoso_4253@email.com,Porto Alegre,RS,2024-04-06 03:17:00
CUST-04254,Rafael Costa,rafael.costa_4254@email.com,Campinas,SP,2020-02-15 04:14:00
CUST-04255,Ana Silva,ana.silva_4255@email.com,Porto Alegre,RS,2023-10-08 05:16:00
CUST-04256,Pedro Nascimento,pedro.nascimento_4256@email.com,Caucaia,CE,2020-11-27 19:20:00
CUST-04257,Marcos Carvalho,marcos.carvalho_4257@email.com,Joao Pessoa,PB,2022-09-26 12:18:00
CUST-04258,Patricia Nascimento,patricia.nascimento_4258@email.com,Volta Redonda,RJ,2020-01-01 20:29:00
CUST-04259,Larissa Pereira,larissa.pereira_4259@email.com,Rio de Janeiro,RJ,2020-09-06 23:21:00
CUST-04260,Carlos Carvalho,carlos.carvalho_4260@email.com,Parintins,AM,2020-10-25 09:20:00
CUST-04261,Patricia Araujo,patricia.araujo_4261@email.com,Taguatinga,DF,2020-11-15 02:17:00
CUST-04262,Roberto Ferreira,roberto.ferreira_4262@email.com,Manaus,AM,2024-01-16 02:12:00
CUST-04263,Carlos Ferreira,carlos.ferreira_4263@email.com,Arapiraca,AL,2024-04-28 18:55:00
CUST-04264,Joao Lima,joao.lima_4264@email.com,Sao Luis,MA,2020-11-13 08:51:00
CUST-04265,Patricia Silva,patricia.silva_4265@email.com,Aparecida de Goiania,GO,2023-11-29 20:22:00
CUST-04266,Diego Ferreira,diego.ferreira_4266@email.com,Petropolis,RJ,2020-08-19 11:59:00
CUST-04267,Thiago Pereira,thiago.pereira_4267@email.com,Olinda,PE,2023-07-02 02:46:00
CUST-04268,Camila Pereira,camila.pereira_4268@email.com,Brasilia,DF,2023-03-14 11:03:00
CUST-00037,Diego Oliveira,diego.oliveira_37@email.com,Olinda,PE,2021-09-07 16:19:00
CUST-04270,Maria Cardoso,maria.cardoso_4270@email.com,Varzea Grande,MT,2021-08-06 14:46:00
CUST-04271,Roberto Souza,roberto.souza_4271@email.com,Goiania,GO,2020-03-25 17:40:00
CUST-04272,Juliana Araujo,juliana.araujo_4272@email.com,Joao Pessoa,PB,2020-09-23 21:43:00
CUST-04273,Joao Souza,joao.souza_4273@email.com,Aparecida de Goiania,GO,2020-12-30 20:19:00
CUST-04274,Diego Carvalho,diego.carvalho_4274@email.com,Uberlandia,MG,2021-06-27 01:47:00
CUST-04275,Larissa Gomes,larissa.gomes_4275@email.com,Blumenau,SC,2024-04-17 10:48:00
CUST-04276,Ana Carvalho,ana.carvalho_4276@email.com,Jaboatao,PE,2020-05-17 09:14:00
CUST-04277,Fernanda Melo,fernanda.melo_4277@email.com,Sao Luis,MA,2020-03-29 19:04:00
CUST-04278,Diego Cardoso,diego.cardoso_4278@email.com,Blumenau,SC,2024-01-28 02:47:00
CUST-04279,Bruno Ferreira,bruno.ferreira_4279@email.com,Londrina,PR,2022-08-07 01:27:00
CUST-04280,Larissa Gomes,larissa.gomes_4280@email.com,Serra,ES,2023-09-11 23:01:00
CUST-04281,Maria Santos,maria.santos_4281@email.com,Serra,ES,2021-08-16 16:49:00
CUST-04282,Larissa Moura,larissa.moura_4282@email.com,Santos,SP,2024-01-07 18:41:00
CUST-04283,Beatriz Lima,beatriz.lima_4283@email.com,Sao Paulo,SP,2020-12-13 22:12:00
CUST-04284,Amanda Ferreira,amanda.ferreira_4284@email.com,,MG,2021-08-15 01:56:00
CUST-04285,Juliana Oliveira,juliana.oliveira_4285@email.com,Belem,PA,2020-02-29 11:23:00
CUST-04286,Maria Ribeiro,maria.ribeiro_4286@email.com,Campinas,SP,2024-04-27 13:28:00
CUST-04287,Beatriz Souza,beatriz.souza_4287@email.com,Goiania,GO,2021-12-20 03:17:00
CUST-04288,Marcos Santos,marcos.santos_4288@email.com,Canoas,RS,2021-11-16 03:07:00
CUST-04289,Carlos Melo,carlos.melo_4289@email.com,Contagem,MG,2020-03-14 12:06:00
CUST-04290,Ana Lima,ana.lima_4290@email.com,Parintins,AM,2023-12-02 01:31:00
CUST-04291,Maria Ferreira,maria.ferreira_4291@email.com,Caruaru,PE,2021-09-19 10:52:00
CUST-04292,Ana Cardoso,ana.cardoso_4292@email.com,Maringa,PR,2020-09-19 10:49:00
CUST-04293,,diego.santos_4293@email.com,Fortaleza,CE,2021-05-01 02:53:00
CUST-04294,Beatriz Santos,,Teresina,PI,2023-07-02 14:45:00
CUST-04295,Juliana Ferreira,juliana.ferreira_4295@email.com,Vitoria da Conquista,BA,2023-04-25 08:39:00
CUST-04296,Beatriz Almeida,beatriz.almeida_4296@email.com,Pelotas,RS,2020-12-21 15:15:00
CUST-04297,Roberto Martins,roberto.martins_4297@email.com,Varzea Grande,MT,2020-05-23 05:36:00
CUST-04298,Juliana Lima,juliana.lima_4298@email.com,Canoas,RS,2023-09-20 12:29:00
CUST-04299,Maria Silva,maria.silva_4299@email.com,Serra,ES,2023-06-02 07:40:00
CUST-04300,Lucas Almeida,lucas.almeida_4300@email.com,Goiania,GO,2021-01-04 21:15:00
CUST-04301,,maria.martins_4301@email.com,Parintins,AM,2021-10-28 23:07:00
CUST-04302,Larissa Santos,larissa.santos_4302@email.com,Canoas,RS,2020-08-14 02:54:00
CUST-04303,Beatriz Silva,beatriz.silva_4303@email.com,Osasco,SP,2022-09-04 12:57:00
CUST-04304,Diego Silva,diego.silva_4304@email.com,Natal,RN,2023-05-04 20:22:00
CUST-04305,Larissa Martins,larissa.martins_4305@email.com,Volta Redonda,??,2020-02-24 20:02:00
CUST-04306,Roberto Santos,roberto.santos_4306@email.com,Florianopolis,SC,2023-12-24 18:48:00
CUST-04307,Bruno Ribeiro,bruno.ribeiro_4307@email.com,Maceio,AL,2021-08-12 02:54:00
CUST-04308,Fernanda Carvalho,fernanda.carvalho_4308@email.com,Pelotas,ZZ,2023-04-11 19:02:00
CUST-04309,Maria Nascimento,maria.nascimento_4309@email.com,Vila Velha,ES,2023-01-03 06:26:00
CUST-04310,Roberto Silva,roberto.silva_4310@email.com,Mossoro,RN,2023-11-25 02:07:00
CUST-04311,Patricia Costa,patricia.costa_4311@email.com,Mossoro,RN,2022-10-08 10:41:00
CUST-04312,Camila Araujo,camila.araujo_4312@email.com,Recife,PE,2020-04-17 22:34:00
CUST-04313,Larissa Santos,larissa.santos_4313@email.com,Juazeiro do Norte,CE,2022-05-29 14:54:00
CUST-04314,Marcos Ribeiro,marcos.ribeiro_4314@email.com,Aparecida de Goiania,GO,2021-06-13 21:44:00
CUST-04315,Fernanda Moura,fernanda.moura_4315@email.com,Mossoro,RN,2020-04-01 22:01:00
CUST-04316,Thiago Oliveira,thiago.oliveira_4316@email.com,Caruaru,PE,2022-10-26 04:54:00
CUST-04317,Joao Martins,,Caucaia,CE,2022-12-01 17:51:00
CUST-04318,,larissa.martins_4318@email.com,Goiania,GO,2023-05-12 01:17:00
CUST-04319,Rafael Martins,rafael.martins_4319@email.com,Juazeiro do Norte,CE,2022-08-12 22:53:00
CUST-04320,Diego Souza,,Vitoria,ES,2024-01-23 12:01:00
CUST-04321,Diego Ribeiro,diego.ribeiro_4321@email.com,Maringa,PR,2022-02-23 17:32:00
CUST-04322,Roberto Nascimento,roberto.nascimento_4322@email.com,Campina Grande,PB,2021-01-24 19:04:00
CUST-04323,Carlos Pereira,carlos.pereira_4323@email.com,Cuiaba,MT,2021-06-06 07:46:00
CUST-04324,Patricia Pereira,patricia.pereira_4324@email.com,Juazeiro do Norte,CE,2021-11-05 14:21:00
CUST-04325,Patricia Moura,patricia.moura_4325@email.com,Juazeiro do Norte,CE,2021-06-06 05:45:00
CUST-04326,Ana Ferreira,ana.ferreira_4326@email.com,Teresina,PI,2020-11-17 06:18:00
CUST-04327,Camila Oliveira,camila.oliveira_4327@email.com,Joao Pessoa,PB,2022-04-05 23:00:00
CUST-04328,Pedro Oliveira,,Arapiraca,AL,2022-07-01 16:43:00
CUST-04329,Juliana Ribeiro,juliana.ribeiro_4329@email.com,Maringa,PR,2021-11-06 08:44:00
CUST-04330,Rafael Costa,,Petropolis,RJ,2021-02-10 23:16:00
CUST-04331,Roberto Silva,roberto.silva_4331@email.com,Campina Grande,PB,2020-10-08 19:45:00
CUST-04332,Lucas Ferreira,lucas.ferreira_4332@email.com,Campina Grande,PB,2021-02-16 00:30:00
CUST-04333,Roberto Souza,roberto.souza_4333@email.com,Guarulhos,SP,2020-02-16 02:22:00
CUST-04334,Lucas Lima,lucas.lima_4334@email.com,Niteroi,RJ,2024-03-03 08:22:00
CUST-04335,Gabriela Almeida,gabriela.almeida_4335@email.com,Belem,PA,2023-12-21 09:09:00
CUST-04336,Patricia Gomes,patricia.gomes_4336@email.com,Goiania,GO,2023-10-10 01:41:00
CUST-04337,Gabriela Carvalho,gabriela.carvalho_4337@email.com,Volta Redonda,RJ,2024-03-15 10:30:00
CUST-04338,Lucas Martins,lucas.martins_4338@email.com,Joao Pessoa,PB,2021-06-02 15:17:00
CUST-04339,Maria Carvalho,maria.carvalho_4339@email.com,Juiz de Fora,MG,2021-07-17 16:56:00
CUST-04340,Lucas Carvalho,lucas.carvalho_4340@email.com,Maringa,PR,2022-01-10 23:31:00
CUST-04341,Pedro Martins,pedro.martins_4341@email.com,Natal,RN,2024-04-17 02:38:00
CUST-04342,Ana Santos,ana.santos_4342@email.com,Campina Grande,PB,2021-02-18 21:21:00
CUST-04343,Juliana Araujo,juliana.araujo_4343@email.com,Taguatinga,DF,2021-11-03 08:00:00
CUST-04344,Rafael Melo,rafael.melo_4344@email.com,Caxias do Sul,RS,2020-01-14 04:34:00
CUST-04345,Bruno Carvalho,bruno.carvalho_4345@email.com,Ponta Grossa,PR,2022-03-06 05:29:00
CUST-04346,Camila Lima,,Aparecida de Goiania,GO,2023-03-18 07:38:00
CUST-04347,Roberto Ribeiro,roberto.ribeiro_4347@email.com,Vila Velha,ES,2020-04-10 18:16:00
CUST-04348,Camila Lima,camila.lima_4348@email.com,Vitoria,ES,2021-02-15 19:42:00
CUST-04349,Thiago Araujo,thiago.araujo_4349@email.com,Sao Paulo,SP,2021-05-06 16:34:00
CUST-04350,Juliana Barbosa,juliana.barbosa_4350@email.com,Blumenau,SC,2023-08-27 20:49:00
CUST-04351,Ana Rodrigues,ana.rodrigues_4351@email.com,Belem,PA,2021-10-13 09:17:00
CUST-04352,Pedro Rodrigues,pedro.rodrigues_4352@email.com,Maringa,PR,2021-09-09 22:27:00
CUST-04353,Roberto Cardoso,roberto.cardoso_4353@email.com,Arapiraca,AL,2021-06-06 21:11:00
CUST-04354,Rafael Araujo,rafael.araujo_4354@email.com,Natal,RN,2024-05-20 17:05:00
CUST-04355,Joao Martins,joao.martins_4355@email.com,Joinville,SC,2021-04-25 23:33:00
CUST-04356,Maria Gomes,,Natal,RN,2020-08-28 12:27:00
CUST-04357,Diego Ferreira,diego.ferreira_4357@email.com,Manaus,AM,2023-03-28 20:46:00
CUST-04358,Larissa Ferreira,larissa.ferreira_4358@email.com,Parintins,AM,2023-07-12 20:11:00
CUST-04359,Marcos Martins,marcos.martins_4359@email.com,Pelotas,RS,2022-07-22 03:25:00
CUST-04360,Beatriz Barbosa,beatriz.barbosa_4360@email.com,Vitoria,ES,2023-11-17 05:12:00
CUST-04361,Roberto Barbosa,roberto.barbosa_4361@email.com,Florianopolis,SC,2021-04-01 14:15:00
CUST-04362,Beatriz Rodrigues,beatriz.rodrigues_4362@email.com,Ananindeua,PA,2021-12-09 10:33:00
CUST-04363,Maria Cardoso,maria.cardoso_4363@email.com,Londrina,PR,2020-01-04 14:52:00
CUST-04364,Patricia Melo,patricia.melo_4364@email.com,Guarulhos,SP,2020-07-18 12:57:00
CUST-04365,Lucas Cardoso,lucas.cardoso_4365@email.com,Imperatriz,MA,2021-04-01 11:15:00
CUST-04366,Carlos Oliveira,carlos.oliveira_4366@email.com,Juazeiro do Norte,CE,2024-04-24 19:04:00
CUST-04367,Amanda Araujo,amanda.araujo_4367@email.com,Imperatriz,MA,2022-12-27 21:46:00
CUST-04368,Thiago Almeida,thiago.almeida_4368@email.com,Pelotas,RS,2022-01-29 12:51:00
CUST-04369,Marcos Moura,marcos.moura_4369@email.com,Caruaru,PE,2021-04-26 13:40:00
CUST-04370,Rafael Nascimento,rafael.nascimento_4370@email.com,Imperatriz,MA,2020-09-27 13:55:00
CUST-04371,Amanda Rodrigues,amanda.rodrigues_4371@email.com,Vitoria,ES,2023-04-03 09:09:00
CUST-04372,Maria Oliveira,maria.oliveira_4372@email.com,Brasilia,DF,2024-06-09 20:21:00
CUST-04373,Roberto Melo,roberto.melo_4373@email.com,Volta Redonda,RJ,2020-10-02 03:06:00
CUST-04374,Fernanda Barbosa,fernanda.barbosa_4374@email.com,Porto Alegre,RS,2023-05-05 01:06:00
CUST-04375,Bruno Moura,bruno.moura_4375@email.com,Goiania,GO,2024-03-20 01:46:00
CUST-04376,Lucas Santos,lucas.santos_4376@email.com,Joao Pessoa,PB,2023-11-28 08:55:00
CUST-04377,Maria Almeida,maria.almeida_4377@email.com,Manaus,AM,2022-01-02 15:16:00
CUST-04378,Joao Souza,joao.souza_4378@email.com,Jaboatao,PE,2023-09-04 20:39:00
CUST-04379,Marcos Moura,marcos.moura_4379@email.com,Porto Alegre,RS,2024-06-25 21:03:00
CUST-04380,Lucas Martins,lucas.martins_4380@email.com,Brasilia,DF,2020-02-07 11:36:00
CUST-04381,Larissa Silva,larissa.silva_4381@email.com,Sao Luis,MA,2022-11-30 00:06:00
CUST-04382,Fernanda Carvalho,,Juiz de Fora,MG,2021-02-04 20:17:00
CUST-04383,Fernanda Rodrigues,fernanda.rodrigues_4383@email.com,Taguatinga,DF,2021-11-16 06:51:00
CUST-04384,Lucas Ferreira,lucas.ferreira_4384@email.com,Santos,SP,2023-02-22 17:47:00
CUST-04385,Rafael Moura,rafael.moura_4385@email.com,Cuiaba,MT,2021-12-30 03:43:00
CUST-04386,Carlos Gomes,carlos.gomes_4386@email.com,Joao Pessoa,PB,2023-10-08 09:06:00
CUST-04387,Bruno Almeida,bruno.almeida_4387@email.com,Uberlandia,MG,2023-11-21 12:52:00
CUST-04388,Patricia Silva,patricia.silva_4388@email.com,Campina Grande,PB,2021-11-11 21:32:00
CUST-04389,Beatriz Almeida,beatriz.almeida_4389@email.com,Joao Pessoa,ZZ,2023-01-10 20:20:00
CUST-04390,Roberto Cardoso,roberto.cardoso_4390@email.com,Natal,RN,2020-11-10 01:23:00
CUST-04391,Amanda Gomes,amanda.gomes_4391@email.com,Varzea Grande,MT,2023-02-02 02:51:00
CUST-04392,Ana Nascimento,ana.nascimento_4392@email.com,,PE,2020-05-27 17:06:00
CUST-04393,Larissa Oliveira,larissa.oliveira_4393@email.com,Juazeiro do Norte,CE,2021-09-15 23:42:00
CUST-04394,Juliana Almeida,juliana.almeida_4394@email.com,Vitoria da Conquista,BA,2023-10-21 10:10:00
CUST-04395,Lucas Nascimento,lucas.nascimento_4395@email.com,Joinville,SC,2020-11-14 21:45:00
CUST-04396,Pedro Oliveira,pedro.oliveira_4396@email.com,Parnaiba,PI,2023-04-20 08:06:00
CUST-04397,Joao Souza,joao.souza_4397@email.com,Mossoro,RN,2023-12-11 01:38:00
CUST-04398,Juliana Carvalho,juliana.carvalho_4398@email.com,Campina Grande,PB,2023-02-28 09:33:00
CUST-04399,Ana Oliveira,ana.oliveira_4399@email.com,Belo Horizonte,MG,2022-07-20 18:52:00
CUST-04400,Bruno Martins,bruno.martins_4400@email.com,Campina Grande,PB,2021-01-28 12:32:00
CUST-04401,Rafael Pereira,rafael.pereira_4401@email.com,Sao Luis,MA,2022-09-23 08:42:00
CUST-04402,Camila Almeida,camila.almeida_4402@email.com,Brasilia,DF,2024-02-04 19:23:00
CUST-04403,Beatriz Ferreira,beatriz.ferreira_4403@email.com,Osasco,SP,2022-07-01 15:11:00
CUST-04404,Gabriela Melo,gabriela.melo_4404@email.com,Belo Horizonte,MG,2022-02-02 18:05:00
CUST-04405,Amanda Barbosa,amanda.barbosa_4405@email.com,Aparecida de Goiania,GO,2021-09-30 18:22:00
CUST-04406,Roberto Carvalho,roberto.carvalho_4406@email.com,Goiania,GO,2023-02-03 09:09:00
CUST-04407,Marcos Ferreira,marcos.ferreira_4407@email.com,Santarem,PA,2023-08-10 14:11:00
CUST-04408,Joao Pereira,joao.pereira_4408@email.com,Campina Grande,PB,2024-03-23 03:15:00
CUST-04409,Bruno Martins,bruno.martins_4409@email.com,Feira de Santana,BA,2020-05-13 07:01:00
CUST-04410,Joao Almeida,joao.almeida_4410@email.com,Sao Paulo,SP,2022-08-10 20:30:00
CUST-04411,Bruno Costa,bruno.costa_4411@email.com,Maceio,AL,2020-02-18 21:08:00
CUST-04412,Rafael Nascimento,rafael.nascimento_4412@email.com,Manaus,AM,2022-11-27 14:44:00
CUST-04413,Larissa Nascimento,larissa.nascimento_4413@email.com,Maringa,PR,2022-07-06 22:27:00
CUST-04414,Patricia Ferreira,patricia.ferreira_4414@email.com,Imperatriz,MA,2020-03-23 14:07:00
CUST-04415,Rafael Melo,rafael.melo_4415@email.com,Vitoria da Conquista,BA,2020-07-13 02:09:00
CUST-04416,Rafael Rodrigues,rafael.rodrigues_4416@email.com,Natal,RN,2024-01-09 04:13:00
CUST-04417,Rafael Pereira,rafael.pereira_4417@email.com,Cuiaba,MT,2024-02-21 19:56:00
CUST-04418,Rafael Carvalho,rafael.carvalho_4418@email.com,Mossoro,RN,2024-01-09 18:21:00
CUST-04419,Joao Ribeiro,joao.ribeiro_4419@email.com,Belo Horizonte,MG,2022-10-10 03:20:00
CUST-04420,Ana Ferreira,ana.ferreira_4420@email.com,Aparecida de Goiania,GO,2021-11-25 16:34:00
CUST-04421,Amanda Almeida,amanda.almeida_4421@email.com,Imperatriz,MA,2020-02-22 16:42:00
CUST-04422,Patricia Oliveira,patricia.oliveira_4422@email.com,Santos,SP,2021-07-25 01:03:00
CUST-04423,Beatriz Barbosa,beatriz.barbosa_4423@email.com,Canoas,RS,2021-02-23 12:24:00
CUST-04424,Rafael Gomes,rafael.gomes_4424@email.com,Manaus,AM,2022-12-09 02:26:00
CUST-04425,Marcos Araujo,marcos.araujo_4425@email.com,Uberlandia,MG,2022-11-26 23:18:00
CUST-04426,Patricia Pereira,patricia.pereira_4426@email.com,Goiania,GO,2022-11-30 03:20:00
CUST-04427,Camila Gomes,camila.gomes_4427@email.com,Parintins,AM,2021-12-21 10:42:00
CUST-04428,Patricia Silva,patricia.silva_4428@email.com,Serra,ES,2020-04-23 09:40:00
CUST-04429,Fernanda Silva,fernanda.silva_4429@email.com,Aparecida de Goiania,GO,2020-11-05 15:11:00
CUST-04430,Joao Ferreira,joao.ferreira_4430@email.com,Goiania,GO,2022-01-21 11:21:00
CUST-04431,Joao Melo,joao.melo_4431@email.com,Maringa,PR,2022-04-06 09:58:00
CUST-04432,Fernanda Araujo,fernanda.araujo_4432@email.com,Pelotas,RS,2020-04-15 08:04:00
CUST-04433,Rafael Nascimento,rafael.nascimento_4433@email.com,Guarulhos,SP,2023-11-07 03:46:00
CUST-04434,Patricia Carvalho,patricia.carvalho_4434@email.com,Santarem,PA,2020-04-22 18:15:00
CUST-04435,Amanda Costa,amanda.costa_4435@email.com,Curitiba,PR,2024-02-09 00:27:00
CUST-04436,Larissa Nascimento,larissa.nascimento_4436@email.com,Goiania,GO,2023-01-12 16:16:00
CUST-04437,Bruno Rodrigues,bruno.rodrigues_4437@email.com,Santarem,PA,2020-02-25 01:50:00
CUST-04438,Thiago Nascimento,thiago.nascimento_4438@email.com,Curitiba,PR,2020-10-21 07:11:00
CUST-04439,Joao Araujo,joao.araujo_4439@email.com,Feira de Santana,BA,2022-04-15 00:21:00
CUST-04440,Bruno Pereira,bruno.pereira_4440@email.com,Arapiraca,AL,2020-03-08 15:52:00
CUST-04441,Fernanda Oliveira,fernanda.oliveira_4441@email.com,Petropolis,RJ,2022-08-13 08:39:00
CUST-04442,Gabriela Nascimento,gabriela.nascimento_4442@email.com,Taguatinga,DF,2020-03-08 02:31:00
CUST-04443,Gabriela Araujo,gabriela.araujo_4443@email.com,Campina Grande,PB,2020-05-10 06:02:00
CUST-04444,Amanda Rodrigues,amanda.rodrigues_4444@email.com,Goiania,GO,2022-08-11 15:21:00
CUST-04445,Rafael Barbosa,rafael.barbosa_4445@email.com,Petropolis,RJ,2023-10-27 19:25:00
CUST-04446,Diego Santos,diego.santos_4446@email.com,Varzea Grande,MT,2024-01-22 23:23:00
CUST-04447,Rafael Rodrigues,rafael.rodrigues_4447@email.com,Blumenau,SC,2020-09-04 09:42:00
CUST-04448,Larissa Moura,larissa.moura_4448@email.com,Joao Pessoa,PB,2020-10-31 19:54:00
CUST-04449,Beatriz Gomes,beatriz.gomes_4449@email.com,Parintins,AM,2020-03-08 05:39:00
CUST-04450,Pedro Costa,,Parintins,AM,2022-07-12 05:48:00
CUST-04451,Beatriz Costa,beatriz.costa_4451@email.com,Ananindeua,??,2023-04-29 01:58:00
CUST-04452,Larissa Pereira,larissa.pereira_4452@email.com,Campina Grande,PB,2020-06-06 15:32:00
CUST-04453,Carlos Ribeiro,carlos.ribeiro_4453@email.com,Florianopolis,SC,2022-04-10 19:18:00
CUST-04454,Juliana Moura,juliana.moura_4454@email.com,Caxias do Sul,RS,2024-06-07 15:59:00
CUST-04455,Marcos Martins,marcos.martins_4455@email.com,Joao Pessoa,PB,2022-01-15 16:57:00
CUST-04456,Diego Carvalho,,Maceio,AL,2022-11-18 06:46:00
CUST-04457,Gabriela Almeida,gabriela.almeida_4457@email.com,Caruaru,PE,2022-03-07 13:33:00
CUST-04458,Gabriela Silva,gabriela.silva_4458@email.com,Campina Grande,PB,2020-02-21 01:11:00
CUST-04459,Bruno Silva,bruno.silva_4459@email.com,,RS,2020-01-12 19:09:00
CUST-04460,Lucas Pereira,lucas.pereira_4460@email.com,Cuiaba,MT,2021-08-14 14:52:00
CUST-04461,Amanda Pereira,amanda.pereira_4461@email.com,Ponta Grossa,PR,2023-06-28 08:55:00
CUST-04462,Beatriz Ferreira,beatriz.ferreira_4462@email.com,Parnaiba,PI,2024-04-07 07:25:00
CUST-04463,Juliana Gomes,,Teresina,PI,2023-06-17 11:39:00
CUST-04464,Diego Oliveira,diego.oliveira_4464@email.com,Maceio,AL,2022-12-30 17:46:00
CUST-04465,Ana Moura,ana.moura_4465@email.com,Petropolis,RJ,2021-09-10 10:53:00
CUST-04466,Marcos Ribeiro,marcos.ribeiro_4466@email.com,Caxias do Sul,RS,2023-12-26 22:30:00
CUST-04467,Juliana Souza,juliana.souza_4467@email.com,Londrina,PR,2022-03-14 19:55:00
CUST-04468,Carlos Nascimento,carlos.nascimento_4468@email.com,Teresina,PI,2021-11-23 22:49:00
CUST-04469,Ana Cardoso,ana.cardoso_4469@email.com,Contagem,MG,2020-08-05 07:12:00
CUST-04470,Diego Silva,diego.silva_4470@email.com,Parnaiba,PI,2023-03-23 12:25:00
CUST-04471,Maria Oliveira,maria.oliveira_4471@email.com,Imperatriz,MA,2021-01-30 23:36:00
CUST-04472,Maria Cardoso,maria.cardoso_4472@email.com,Vitoria da Conquista,BA,2021-03-21 13:37:00
CUST-04473,Maria Martins,maria.martins_4473@email.com,Arapiraca,AL,2023-06-21 18:04:00
CUST-04474,Diego Nascimento,diego.nascimento_4474@email.com,Taguatinga,DF,2021-09-19 18:45:00
CUST-04475,Joao Gomes,joao.gomes_4475@email.com,Parnaiba,PI,2020-11-13 09:38:00
CUST-04476,Juliana Carvalho,juliana.carvalho_4476@email.com,Feira de Santana,BA,2020-10-29 05:09:00
CUST-04477,Rafael Rodrigues,rafael.rodrigues_4477@email.com,Salvador,BA,2022-11-17 02:42:00
CUST-04478,Lucas Lima,lucas.lima_4478@email.com,Teresina,PI,2022-01-18 17:15:00
CUST-04479,Ana Barbosa,ana.barbosa_4479@email.com,Varzea Grande,MT,2024-02-16 10:05:00
CUST-04480,Diego Almeida,diego.almeida_4480@email.com,Olinda,PE,2020-06-08 19:43:00
CUST-04481,Lucas Almeida,lucas.almeida_4481@email.com,Contagem,MG,2021-03-08 07:59:00
CUST-04482,Camila Gomes,camila.gomes_4482@email.com,Maceio,AL,2020-10-28 01:25:00
CUST-04483,Amanda Nascimento,amanda.nascimento_4483@email.com,Cuiaba,MT,2022-11-15 09:22:00
CUST-04484,Thiago Carvalho,thiago.carvalho_4484@email.com,Vitoria,ES,2020-06-23 13:47:00
CUST-04485,Rafael Moura,rafael.moura_4485@email.com,Maringa,PR,2020-07-23 06:13:00
CUST-04486,Joao Pereira,joao.pereira_4486@email.com,Arapiraca,AL,2020-01-23 10:17:00
CUST-04487,Patricia Silva,patricia.silva_4487@email.com,Fortaleza,CE,2020-09-17 15:44:00
CUST-04488,Ana Carvalho,ana.carvalho_4488@email.com,Ananindeua,PA,2020-08-09 14:50:00
CUST-04489,Ana Martins,ana.martins_4489@email.com,Arapiraca,AL,2020-04-17 08:05:00
CUST-04490,Carlos Moura,carlos.moura_4490@email.com,Varzea Grande,MT,2023-02-04 20:28:00
CUST-04491,Thiago Martins,thiago.martins_4491@email.com,Blumenau,SC,2023-05-29 04:40:00
CUST-04492,Lucas Souza,lucas.souza_4492@email.com,Aparecida de Goiania,GO,2022-06-08 03:18:00
CUST-04493,Beatriz Santos,beatriz.santos_4493@email.com,Juazeiro do Norte,CE,2021-12-08 14:26:00
CUST-04494,Amanda Gomes,amanda.gomes_4494@email.com,Teresina,PI,2022-03-14 06:26:00
CUST-04495,Gabriela Costa,gabriela.costa_4495@email.com,Niteroi,RJ,2021-03-06 04:39:00
CUST-04496,Marcos Barbosa,marcos.barbosa_4496@email.com,Taguatinga,DF,2023-10-31 21:23:00
CUST-04497,Roberto Araujo,roberto.araujo_4497@email.com,Brasilia,DF,2023-12-11 21:36:00
CUST-04498,Camila Lima,camila.lima_4498@email.com,Caxias do Sul,RS,2020-07-17 02:29:00
CUST-04499,Bruno Almeida,bruno.almeida_4499@email.com,Feira de Santana,BA,2021-07-05 11:51:00
CUST-04500,Amanda Barbosa,amanda.barbosa_4500@email.com,Volta Redonda,RJ,2021-04-27 01:38:00
CUST-04501,Juliana Barbosa,juliana.barbosa_4501@email.com,Parnaiba,PI,2024-04-23 19:19:00
CUST-04502,Rafael Nascimento,rafael.nascimento_4502@email.com,Fortaleza,CE,2020-03-08 18:25:00
CUST-04503,Juliana Gomes,juliana.gomes_4503@email.com,Vila Velha,ES,2020-02-16 11:10:00
CUST-04504,Ana Almeida,ana.almeida_4504@email.com,Mossoro,RN,2021-04-19 01:28:00
CUST-04505,Roberto Melo,roberto.melo_4505@email.com,Serra,XX,2024-04-18 03:39:00
CUST-04506,Marcos Ferreira,marcos.ferreira_4506@email.com,Sao Luis,MA,2024-01-27 01:17:00
CUST-04507,Maria Melo,maria.melo_4507@email.com,Vitoria da Conquista,BA,2021-10-12 02:48:00
CUST-04508,Ana Ferreira,ana.ferreira_4508@email.com,Recife,PE,2021-06-09 21:53:00
CUST-04509,Roberto Nascimento,roberto.nascimento_4509@email.com,Vitoria,ES,2021-01-19 22:39:00
CUST-04510,Roberto Melo,roberto.melo_4510@email.com,Santos,SP,2021-08-03 04:52:00
CUST-04511,Fernanda Almeida,fernanda.almeida_4511@email.com,Joao Pessoa,PB,2021-09-21 23:55:00
CUST-04512,Maria Nascimento,maria.nascimento_4512@email.com,Parintins,AM,2020-10-09 09:05:00
CUST-04513,Joao Carvalho,joao.carvalho_4513@email.com,Recife,PE,2021-06-22 18:02:00
CUST-04514,Amanda Pereira,amanda.pereira_4514@email.com,Olinda,PE,2024-02-23 20:12:00
CUST-04515,Lucas Santos,lucas.santos_4515@email.com,Olinda,PE,2020-11-07 03:40:00
CUST-04516,Maria Martins,maria.martins_4516@email.com,Cuiaba,MT,2020-05-17 16:59:00
CUST-04517,Gabriela Souza,gabriela.souza_4517@email.com,Campina Grande,PB,2020-05-04 04:59:00
CUST-04518,Thiago Pereira,thiago.pereira_4518@email.com,Juazeiro do Norte,CE,2020-10-14 21:50:00
CUST-04519,Roberto Costa,roberto.costa_4519@email.com,Aparecida de Goiania,GO,2023-05-25 20:43:00
CUST-04520,Rafael Araujo,rafael.araujo_4520@email.com,Olinda,PE,2020-11-28 09:51:00
CUST-04521,Lucas Barbosa,lucas.barbosa_4521@email.com,Campinas,SP,2021-12-07 19:04:00
CUST-04522,Ana Moura,ana.moura_4522@email.com,Ananindeua,PA,2022-09-08 04:33:00
CUST-04523,Roberto Costa,roberto.costa_4523@email.com,Joao Pessoa,PB,2022-02-23 22:30:00
CUST-04524,Fernanda Barbosa,fernanda.barbosa_4524@email.com,Fortaleza,CE,2021-08-28 17:42:00
CUST-04525,Rafael Nascimento,rafael.nascimento_4525@email.com,Niteroi,RJ,2022-01-11 17:22:00
CUST-04526,Carlos Silva,carlos.silva_4526@email.com,Blumenau,SC,2023-11-19 21:23:00
CUST-04527,Rafael Cardoso,rafael.cardoso_4527@email.com,Imperatriz,MA,2020-08-02 23:52:00
CUST-04528,Ana Almeida,ana.almeida_4528@email.com,Varzea Grande,MT,2023-06-07 01:08:00
CUST-02248,Marcos Gomes,marcos.gomes_2248@email.com,Belo Horizonte,MG,2021-08-09 05:15:00
CUST-04530,Pedro Pereira,pedro.pereira_4530@email.com,Vitoria da Conquista,BA,2024-03-20 19:29:00
CUST-04531,Patricia Costa,patricia.costa_4531@email.com,Maringa,PR,2023-08-11 01:31:00
CUST-04532,Fernanda Almeida,fernanda.almeida_4532@email.com,Taguatinga,DF,2022-06-13 17:39:00
CUST-04533,Joao Ferreira,joao.ferreira_4533@email.com,Brasilia,DF,2023-03-27 22:22:00
CUST-04534,Roberto Ribeiro,roberto.ribeiro_4534@email.com,Cuiaba,MT,2023-05-09 23:20:00
CUST-04535,Amanda Nascimento,amanda.nascimento_4535@email.com,Brasilia,DF,2024-04-07 14:27:00
CUST-04536,Thiago Ferreira,thiago.ferreira_4536@email.com,Caruaru,PE,2021-09-30 15:27:00
CUST-04537,,camila.melo_4537@email.com,Parintins,AM,2020-04-17 12:29:00
CUST-04538,Beatriz Costa,beatriz.costa_4538@email.com,Taguatinga,DF,2021-11-09 13:32:00
CUST-04539,Rafael Ferreira,rafael.ferreira_4539@email.com,Vitoria,ES,2024-02-02 17:03:00
CUST-04540,Diego Silva,diego.silva_4540@email.com,Imperatriz,MA,2021-01-10 16:23:00
CUST-04541,Joao Carvalho,joao.carvalho_4541@email.com,Petropolis,ZZ,2021-01-04 10:11:00
CUST-04542,Lucas Cardoso,,Salvador,BA,2022-02-21 04:57:00
CUST-04543,Lucas Costa,lucas.costa_4543@email.com,Mossoro,RN,2022-08-23 20:05:00
CUST-04544,Joao Rodrigues,joao.rodrigues_4544@email.com,Blumenau,SC,2021-05-07 23:34:00
CUST-04545,Lucas Costa,lucas.costa_4545@email.com,Florianopolis,SC,2023-06-11 02:27:00
CUST-04546,Lucas Ribeiro,lucas.ribeiro_4546@email.com,Parnaiba,PI,2024-01-05 15:41:00
CUST-04547,Juliana Silva,juliana.silva_4547@email.com,Florianopolis,SC,2023-03-23 14:15:00
CUST-04548,Maria Gomes,maria.gomes_4548@email.com,Belo Horizonte,MG,2023-06-03 22:06:00
CUST-04549,Ana Gomes,ana.gomes_4549@email.com,Petropolis,RJ,2023-06-20 20:28:00
CUST-04550,Ana Ribeiro,ana.ribeiro_4550@email.com,Belem,PA,2021-08-18 11:38:00
CUST-04551,Maria Silva,maria.silva_4551@email.com,Belem,PA,2022-11-18 05:34:00
CUST-04552,Beatriz Nascimento,beatriz.nascimento_4552@email.com,Parintins,AM,2022-02-03 09:07:00
CUST-04553,Roberto Santos,roberto.santos_4553@email.com,Florianopolis,SC,2022-06-25 18:24:00
CUST-04554,Maria Carvalho,maria.carvalho_4554@email.com,Guarulhos,SP,2023-01-14 08:50:00
CUST-04555,Larissa Moura,larissa.moura_4555@email.com,Cuiaba,MT,2020-11-23 15:29:00
CUST-04556,Amanda Moura,amanda.moura_4556@email.com,Volta Redonda,RJ,2022-02-06 12:36:00
CUST-04557,Ana Carvalho,ana.carvalho_4557@email.com,Santarem,PA,2020-01-23 05:45:00
CUST-04558,Maria Rodrigues,,Caucaia,CE,2024-05-11 12:37:00
CUST-04559,Marcos Almeida,marcos.almeida_4559@email.com,Feira de Santana,BA,2023-09-14 13:12:00
CUST-04560,Bruno Nascimento,bruno.nascimento_4560@email.com,Caruaru,PE,2023-01-12 23:30:00
CUST-04561,Ana Souza,ana.souza_4561@email.com,Arapiraca,AL,2020-06-28 03:46:00
CUST-04562,Marcos Moura,marcos.moura_4562@email.com,Fortaleza,CE,2020-12-06 08:05:00
CUST-04563,Patricia Souza,patricia.souza_4563@email.com,Vitoria,ES,2022-11-10 15:48:00
CUST-04564,Gabriela Oliveira,gabriela.oliveira_4564@email.com,Brasilia,DF,2020-10-17 05:56:00
CUST-04565,Rafael Barbosa,rafael.barbosa_4565@email.com,Petropolis,RJ,2022-11-20 17:06:00
CUST-04566,Amanda Ribeiro,amanda.ribeiro_4566@email.com,Parintins,AM,2021-11-28 19:37:00
CUST-04567,Carlos Barbosa,carlos.barbosa_4567@email.com,Sao Paulo,SP,2023-01-09 20:53:00
CUST-04568,Joao Pereira,joao.pereira_4568@email.com,Juazeiro do Norte,CE,2020-05-01 10:47:00
CUST-04569,Camila Oliveira,camila.oliveira_4569@email.com,Natal,RN,2022-10-22 05:48:00
CUST-04570,Maria Costa,maria.costa_4570@email.com,Curitiba,PR,2022-01-23 09:25:00
CUST-04571,,maria.martins_4571@email.com,Curitiba,PR,2020-08-04 04:17:00
CUST-04572,Larissa Carvalho,larissa.carvalho_4572@email.com,Guarulhos,SP,2023-03-23 04:07:00
CUST-04573,Camila Santos,camila.santos_4573@email.com,Juazeiro do Norte,CE,2023-01-14 22:56:00
CUST-04574,Ana Nascimento,ana.nascimento_4574@email.com,Parnaiba,PI,2023-04-14 18:16:00
CUST-04575,Amanda Lima,amanda.lima_4575@email.com,Aparecida de Goiania,GO,2024-04-12 01:18:00
CUST-04576,Rafael Rodrigues,rafael.rodrigues_4576@email.com,Mossoro,RN,2020-01-04 08:52:00
CUST-04577,Joao Gomes,joao.gomes_4577@email.com,Campina Grande,PB,2020-05-19 09:47:00
CUST-04578,Camila Rodrigues,camila.rodrigues_4578@email.com,Florianopolis,SC,2022-02-15 10:55:00
CUST-04579,Roberto Pereira,roberto.pereira_4579@email.com,Osasco,SP,2020-11-13 02:15:00
CUST-04580,Lucas Carvalho,lucas.carvalho_4580@email.com,Brasilia,DF,2021-03-15 15:31:00
CUST-04581,Patricia Souza,patricia.souza_4581@email.com,Natal,RN,2021-10-11 00:45:00
CUST-04582,Beatriz Souza,beatriz.souza_4582@email.com,Jaboatao,PE,2020-10-26 01:28:00
CUST-04583,Roberto Melo,roberto.melo_4583@email.com,Sao Luis,MA,2021-04-28 05:15:00
CUST-04584,Patricia Almeida,patricia.almeida_4584@email.com,,DF,2022-12-20 06:40:00
CUST-04585,Bruno Cardoso,bruno.cardoso_4585@email.com,Vila Velha,ES,2020-06-28 16:38:00
CUST-04586,Joao Santos,joao.santos_4586@email.com,Ananindeua,PA,2023-12-25 21:05:00
CUST-04587,Joao Moura,joao.moura_4587@email.com,Maceio,AL,2021-04-26 09:08:00
CUST-04588,Beatriz Almeida,beatriz.almeida_4588@email.com,Guarulhos,SP,2021-01-20 09:12:00
CUST-04589,Amanda Araujo,amanda.araujo_4589@email.com,Olinda,PE,2023-03-03 21:13:00
CUST-04590,Juliana Lima,juliana.lima_4590@email.com,Maringa,PR,2020-02-20 19:41:00
CUST-04591,Lucas Souza,lucas.souza_4591@email.com,Contagem,MG,2023-09-04 21:31:00
CUST-04592,Beatriz Melo,beatriz.melo_4592@email.com,Maringa,PR,2020-10-04 02:58:00
CUST-04593,Marcos Moura,marcos.moura_4593@email.com,Maringa,PR,2020-10-27 09:54:00
CUST-04594,Gabriela Ferreira,gabriela.ferreira_4594@email.com,Vitoria da Conquista,BA,2020-03-17 14:24:00
CUST-04595,Bruno Rodrigues,bruno.rodrigues_4595@email.com,Teresina,PI,2022-10-06 16:36:00
CUST-04596,Diego Martins,diego.martins_4596@email.com,Goiania,GO,2022-02-01 08:18:00
CUST-04597,Patricia Araujo,patricia.araujo_4597@email.com,Campinas,SP,2021-11-26 15:23:00
CUST-04598,Pedro Silva,pedro.silva_4598@email.com,Belo Horizonte,MG,2021-05-04 18:49:00
CUST-04599,Thiago Lima,thiago.lima_4599@email.com,Natal,RN,2023-01-24 08:51:00
CUST-04600,Larissa Pereira,larissa.pereira_4600@email.com,Goiania,GO,2020-11-21 06:26:00
CUST-04601,Juliana Costa,juliana.costa_4601@email.com,Caruaru,PE,2021-02-25 23:05:00
CUST-04602,Larissa Rodrigues,larissa.rodrigues_4602@email.com,Niteroi,RJ,2023-02-14 23:59:00
CUST-04603,Carlos Rodrigues,carlos.rodrigues_4603@email.com,Maringa,PR,2024-03-27 22:43:00
CUST-04604,Larissa Pereira,larissa.pereira_4604@email.com,Ananindeua,PA,2020-04-19 06:24:00
CUST-04605,Bruno Gomes,bruno.gomes_4605@email.com,Florianopolis,SC,2022-05-18 14:55:00
CUST-04606,Carlos Carvalho,carlos.carvalho_4606@email.com,Joao Pessoa,PB,2020-01-25 08:51:00
CUST-04607,Carlos Rodrigues,carlos.rodrigues_4607@email.com,Aparecida de Goiania,GO,2021-06-17 04:23:00
CUST-04608,Thiago Santos,thiago.santos_4608@email.com,Imperatriz,MA,2022-03-26 01:44:00
CUST-04609,Gabriela Moura,gabriela.moura_4609@email.com,Olinda,PE,2022-02-17 10:15:00
CUST-04610,Carlos Oliveira,carlos.oliveira_4610@email.com,Parnaiba,PI,2021-01-10 08:00:00
CUST-04611,Ana Lima,ana.lima_4611@email.com,Juiz de Fora,MG,2022-05-01 17:01:00
CUST-04612,Camila Barbosa,camila.barbosa_4612@email.com,Maceio,AL,2021-04-04 13:16:00
CUST-04613,Thiago Araujo,thiago.araujo_4613@email.com,Joinville,SC,2021-06-16 04:22:00
CUST-04614,Amanda Santos,amanda.santos_4614@email.com,Sao Luis,MA,2021-10-30 12:32:00
CUST-04615,Marcos Barbosa,marcos.barbosa_4615@email.com,Santarem,PA,2022-06-01 15:59:00
CUST-04616,Lucas Santos,lucas.santos_4616@email.com,Maringa,PR,2022-06-18 16:43:00
CUST-04617,Bruno Souza,bruno.souza_4617@email.com,Taguatinga,DF,2020-11-21 09:26:00
CUST-04618,Amanda Moura,amanda.moura_4618@email.com,Natal,RN,2020-01-18 23:09:00
CUST-04619,Roberto Martins,roberto.martins_4619@email.com,Taguatinga,DF,2020-04-23 11:13:00
CUST-04620,Amanda Pereira,amanda.pereira_4620@email.com,Curitiba,PR,2022-04-14 08:50:00
CUST-04621,Marcos Ferreira,marcos.ferreira_4621@email.com,Vitoria da Conquista,BA,2022-05-25 15:20:00
CUST-04622,Larissa Nascimento,larissa.nascimento_4622@email.com,Maceio,AL,2023-04-26 08:02:00
CUST-04623,Patricia Oliveira,patricia.oliveira_4623@email.com,Belo Horizonte,MG,2023-06-21 14:06:00
CUST-04624,Diego Araujo,diego.araujo_4624@email.com,Arapiraca,AL,2023-07-28 03:26:00
CUST-04625,Patricia Ribeiro,patricia.ribeiro_4625@email.com,Teresina,PI,2022-03-29 20:38:00
CUST-04626,Rafael Santos,,Vila Velha,ES,2023-07-13 21:44:00
CUST-04627,Maria Cardoso,,Campina Grande,PB,2022-07-18 01:00:00
CUST-04628,Ana Souza,,Natal,RN,2022-03-21 17:53:00
CUST-04629,Camila Souza,camila.souza_4629@email.com,Recife,PE,2023-01-23 02:46:00
CUST-04630,Beatriz Nascimento,beatriz.nascimento_4630@email.com,Joao Pessoa,PB,2022-09-03 02:02:00
CUST-04631,Roberto Gomes,roberto.gomes_4631@email.com,Feira de Santana,BA,2021-01-02 17:09:00
CUST-04632,Joao Nascimento,joao.nascimento_4632@email.com,Pelotas,RS,2022-11-04 20:24:00
CUST-04633,Patricia Rodrigues,patricia.rodrigues_4633@email.com,Feira de Santana,BA,2021-10-31 08:54:00
CUST-04634,Camila Costa,camila.costa_4634@email.com,Imperatriz,MA,2020-06-20 16:42:00
CUST-04635,Beatriz Barbosa,beatriz.barbosa_4635@email.com,Pelotas,RS,2020-01-05 05:18:00
CUST-04636,Juliana Carvalho,juliana.carvalho_4636@email.com,Pelotas,RS,2021-10-18 09:32:00
CUST-04637,Joao Almeida,joao.almeida_4637@email.com,Vila Velha,ES,2023-07-29 04:00:00
CUST-04638,Gabriela Carvalho,gabriela.carvalho_4638@email.com,Fortaleza,CE,2020-12-08 05:32:00
CUST-04639,Marcos Almeida,marcos.almeida_4639@email.com,Natal,RN,2020-03-05 22:37:00
CUST-04640,Larissa Araujo,larissa.araujo_4640@email.com,Campina Grande,PB,2024-06-10 22:38:00
CUST-04641,Roberto Moura,roberto.moura_4641@email.com,Parintins,AM,2022-04-29 09:52:00
CUST-04642,Beatriz Costa,beatriz.costa_4642@email.com,Taguatinga,DF,2022-08-03 22:07:00
CUST-04643,Patricia Souza,patricia.souza_4643@email.com,Juazeiro do Norte,CE,2020-12-23 16:58:00
CUST-04644,Juliana Ferreira,juliana.ferreira_4644@email.com,Vitoria,ES,2022-12-30 20:18:00
CUST-04645,Rafael Moura,rafael.moura_4645@email.com,Canoas,RS,2023-08-19 01:12:00
CUST-04646,Juliana Souza,juliana.souza_4646@email.com,Sao Paulo,SP,2023-02-27 09:22:00
CUST-04647,Fernanda Rodrigues,fernanda.rodrigues_4647@email.com,Jaboatao,PE,2022-03-04 13:32:00
CUST-04648,Gabriela Moura,gabriela.moura_4648@email.com,Londrina,PR,2021-09-13 19:57:00
CUST-04649,Lucas Moura,lucas.moura_4649@email.com,Porto Alegre,RS,2020-05-29 19:04:00
CUST-04650,Marcos Silva,marcos.silva_4650@email.com,Aparecida de Goiania,GO,2024-04-30 16:06:00
CUST-04651,Fernanda Oliveira,fernanda.oliveira_4651@email.com,Joao Pessoa,PB,2022-08-05 23:58:00
CUST-04652,Pedro Nascimento,pedro.nascimento_4652@email.com,Campina Grande,PB,2020-02-16 11:56:00
CUST-04653,Roberto Rodrigues,roberto.rodrigues_4653@email.com,Serra,ES,2020-07-08 01:01:00
CUST-04654,Rafael Pereira,,Parnaiba,PI,2022-02-07 10:25:00
CUST-04655,Juliana Araujo,juliana.araujo_4655@email.com,Parnaiba,PI,2022-02-22 06:59:00
CUST-04656,Patricia Carvalho,patricia.carvalho_4656@email.com,Ponta Grossa,PR,2020-05-05 14:21:00
CUST-04657,Gabriela Melo,gabriela.melo_4657@email.com,Juazeiro do Norte,CE,2024-01-17 09:08:00
CUST-04658,Ana Martins,ana.martins_4658@email.com,Teresina,PI,2021-02-11 16:46:00
CUST-04659,Diego Melo,diego.melo_4659@email.com,Recife,PE,2021-09-28 01:22:00
CUST-04660,Marcos Lima,marcos.lima_4660@email.com,Varzea Grande,MT,2022-11-06 18:30:00
CUST-04661,Camila Moura,camila.moura_4661@email.com,Maringa,PR,2024-06-21 09:21:00
CUST-04662,Ana Lima,ana.lima_4662@email.com,Aparecida de Goiania,GO,2020-08-30 03:48:00
CUST-04663,Gabriela Costa,gabriela.costa_4663@email.com,Mossoro,RN,2021-12-10 14:45:00
CUST-04664,Larissa Rodrigues,larissa.rodrigues_4664@email.com,Taguatinga,DF,2021-11-24 07:59:00
CUST-04665,Juliana Ribeiro,juliana.ribeiro_4665@email.com,Sao Paulo,SP,2023-08-02 11:25:00
CUST-04666,Marcos Almeida,marcos.almeida_4666@email.com,Caruaru,PE,2022-09-29 01:07:00
CUST-04667,Joao Oliveira,joao.oliveira_4667@email.com,Fortaleza,CE,2022-04-22 04:57:00
CUST-04668,Joao Costa,joao.costa_4668@email.com,Sao Luis,MA,2023-01-26 15:04:00
CUST-04669,Lucas Costa,lucas.costa_4669@email.com,Vitoria,ES,2023-10-26 18:05:00
CUST-04670,Beatriz Cardoso,beatriz.cardoso_4670@email.com,Petropolis,RJ,2022-09-18 06:39:00
CUST-04671,Fernanda Almeida,fernanda.almeida_4671@email.com,,AM,2020-10-16 17:26:00
CUST-04672,Thiago Gomes,thiago.gomes_4672@email.com,Varzea Grande,MT,2023-09-08 14:50:00
CUST-04673,Amanda Araujo,amanda.araujo_4673@email.com,Porto Alegre,RS,2023-04-29 03:43:00
CUST-04674,Larissa Barbosa,larissa.barbosa_4674@email.com,Pelotas,RS,2021-04-29 06:06:00
CUST-04675,Camila Martins,camila.martins_4675@email.com,Belo Horizonte,MG,2024-03-12 04:06:00
CUST-04676,Larissa Silva,larissa.silva_4676@email.com,Maceio,AL,2024-02-23 03:35:00
CUST-04677,Juliana Moura,juliana.moura_4677@email.com,Florianopolis,SC,2020-05-06 14:47:00
CUST-04678,Gabriela Araujo,gabriela.araujo_4678@email.com,Juazeiro do Norte,CE,2021-09-22 06:01:00
CUST-04679,Rafael Costa,rafael.costa_4679@email.com,Guarulhos,SP,2021-08-18 03:41:00
CUST-04680,Bruno Souza,bruno.souza_4680@email.com,Imperatriz,MA,2021-03-30 07:45:00
CUST-04681,Pedro Costa,pedro.costa_4681@email.com,Manaus,AM,2020-04-24 14:03:00
CUST-04682,Ana Araujo,ana.araujo_4682@email.com,Maringa,PR,2023-10-11 11:01:00
CUST-04683,Juliana Carvalho,juliana.carvalho_4683@email.com,Arapiraca,AL,2024-02-14 06:08:00
CUST-04684,Marcos Lima,marcos.lima_4684@email.com,Campina Grande,PB,2023-10-13 08:12:00
CUST-04685,Gabriela Gomes,gabriela.gomes_4685@email.com,Parnaiba,PI,2020-01-11 02:35:00
CUST-04686,Gabriela Melo,gabriela.melo_4686@email.com,Porto Alegre,RS,2023-12-26 21:37:00
CUST-04687,Maria Nascimento,maria.nascimento_4687@email.com,Canoas,RS,2023-06-04 17:30:00
CUST-04688,Joao Carvalho,joao.carvalho_4688@email.com,Brasilia,DF,2022-07-24 13:47:00
CUST-04689,Gabriela Santos,gabriela.santos_4689@email.com,Sao Paulo,SP,2020-09-15 13:08:00
CUST-04690,Camila Rodrigues,camila.rodrigues_4690@email.com,Sao Luis,MA,2022-04-06 13:21:00
CUST-04691,Marcos Almeida,marcos.almeida_4691@email.com,Contagem,MG,2023-03-12 07:07:00
CUST-04692,Juliana Melo,juliana.melo_4692@email.com,Caucaia,CE,2021-05-20 15:27:00
CUST-04693,Maria Barbosa,maria.barbosa_4693@email.com,Goiania,GO,2020-08-13 12:13:00
CUST-04694,Patricia Ferreira,patricia.ferreira_4694@email.com,Brasilia,DF,2022-12-31 02:55:00
CUST-04695,Joao Pereira,joao.pereira_4695@email.com,Olinda,PE,2021-09-29 18:26:00
CUST-04696,Camila Araujo,camila.araujo_4696@email.com,Arapiraca,AL,2023-01-08 04:07:00
CUST-04697,Fernanda Moura,fernanda.moura_4697@email.com,Arapiraca,AL,2021-10-29 16:34:00
CUST-04698,Beatriz Santos,beatriz.santos_4698@email.com,Mossoro,RN,2021-09-27 21:24:00
CUST-04699,Thiago Carvalho,thiago.carvalho_4699@email.com,Goiania,GO,2023-01-22 15:50:00
CUST-04700,Marcos Melo,marcos.melo_4700@email.com,Ananindeua,PA,2022-11-28 22:59:00
CUST-04701,Maria Silva,maria.silva_4701@email.com,Caucaia,CE,2023-06-25 14:26:00
CUST-04702,Diego Ferreira,diego.ferreira_4702@email.com,Campina Grande,PB,2021-04-28 19:14:00
CUST-04703,Patricia Melo,patricia.melo_4703@email.com,Caruaru,PE,2023-11-01 17:16:00
CUST-04704,Joao Souza,joao.souza_4704@email.com,,PE,2021-07-17 01:39:00
CUST-04705,Gabriela Ferreira,gabriela.ferreira_4705@email.com,Caucaia,CE,2020-10-03 01:13:00
CUST-04706,Diego Martins,diego.martins_4706@email.com,Belo Horizonte,MG,2021-06-30 15:32:00
CUST-04707,Roberto Araujo,roberto.araujo_4707@email.com,Arapiraca,AL,2024-01-25 15:39:00
CUST-04708,Amanda Melo,amanda.melo_4708@email.com,Aparecida de Goiania,GO,2021-08-24 13:04:00
CUST-04709,Larissa Nascimento,larissa.nascimento_4709@email.com,Brasilia,DF,2021-12-26 03:01:00
CUST-04710,Juliana Melo,juliana.melo_4710@email.com,Cuiaba,MT,2023-09-14 19:36:00
CUST-04711,Juliana Silva,,Arapiraca,AL,2021-04-12 01:56:00
CUST-04712,Beatriz Souza,beatriz.souza_4712@email.com,Florianopolis,SC,2020-07-13 07:13:00
CUST-04713,Amanda Gomes,amanda.gomes_4713@email.com,Florianopolis,SC,2023-03-12 13:55:00
CUST-04714,Thiago Lima,thiago.lima_4714@email.com,Belo Horizonte,MG,2022-09-05 01:19:00
CUST-04715,Gabriela Carvalho,gabriela.carvalho_4715@email.com,Florianopolis,SC,2022-10-02 12:09:00
CUST-04716,Fernanda Costa,fernanda.costa_4716@email.com,Vitoria da Conquista,BA,2020-09-03 11:47:00
CUST-04717,Rafael Cardoso,rafael.cardoso_4717@email.com,Jaboatao,PE,2020-05-15 05:55:00
CUST-04718,Gabriela Costa,gabriela.costa_4718@email.com,Rio de Janeiro,RJ,2021-07-26 03:43:00
CUST-04719,Fernanda Martins,fernanda.martins_4719@email.com,Vitoria,ES,2020-06-07 06:19:00
CUST-04720,Maria Gomes,maria.gomes_4720@email.com,Pelotas,RS,2022-03-16 05:54:00
CUST-04721,Marcos Moura,marcos.moura_4721@email.com,Contagem,MG,2023-08-07 19:11:00
CUST-04722,Joao Melo,joao.melo_4722@email.com,Salvador,BA,2020-06-26 15:49:00
CUST-04723,Marcos Nascimento,marcos.nascimento_4723@email.com,Florianopolis,SC,2024-01-28 08:37:00
CUST-04724,Roberto Carvalho,roberto.carvalho_4724@email.com,Joao Pessoa,PB,2022-09-12 02:17:00
CUST-04725,Pedro Carvalho,pedro.carvalho_4725@email.com,Aparecida de Goiania,GO,2020-11-29 06:28:00
CUST-04726,Patricia Araujo,patricia.araujo_4726@email.com,Arapiraca,AL,2023-03-14 06:54:00
CUST-04727,Marcos Martins,marcos.martins_4727@email.com,Brasilia,DF,2020-01-24 00:08:00
CUST-04728,Amanda Carvalho,amanda.carvalho_4728@email.com,Ponta Grossa,PR,2021-08-17 06:00:00
CUST-04729,Roberto Cardoso,roberto.cardoso_4729@email.com,Campinas,SP,2022-05-17 10:53:00
CUST-04730,Roberto Oliveira,roberto.oliveira_4730@email.com,Parnaiba,PI,2021-09-14 19:41:00
CUST-04731,Beatriz Moura,beatriz.moura_4731@email.com,Arapiraca,ZZ,2022-04-04 16:30:00
CUST-04732,Marcos Ribeiro,marcos.ribeiro_4732@email.com,Campinas,SP,2021-08-10 10:30:00
CUST-04733,Fernanda Silva,fernanda.silva_4733@email.com,Campina Grande,PB,2022-10-31 03:14:00
CUST-04734,Carlos Ribeiro,carlos.ribeiro_4734@email.com,Caxias do Sul,RS,2021-09-18 07:44:00
CUST-04735,Amanda Lima,amanda.lima_4735@email.com,Goiania,GO,2020-07-19 09:49:00
CUST-04551,Maria Silva,maria.silva_4551@email.com,Belem,PA,2022-11-18 05:34:00
CUST-04737,Marcos Oliveira,marcos.oliveira_4737@email.com,Porto Alegre,RS,2023-10-18 13:17:00
CUST-04738,Patricia Nascimento,patricia.nascimento_4738@email.com,Vitoria da Conquista,BA,2024-03-29 20:14:00
CUST-04739,Lucas Barbosa,lucas.barbosa_4739@email.com,Brasilia,DF,2023-02-03 23:50:00
CUST-04740,Bruno Barbosa,bruno.barbosa_4740@email.com,Joao Pessoa,PB,2020-07-28 12:22:00
CUST-04741,Lucas Costa,lucas.costa_4741@email.com,Londrina,PR,2021-04-27 15:34:00
CUST-04742,Bruno Rodrigues,bruno.rodrigues_4742@email.com,Natal,RN,2023-05-07 12:01:00
CUST-04743,Rafael Ferreira,rafael.ferreira_4743@email.com,Jaboatao,PE,2022-08-07 04:46:00
CUST-04744,Diego Ferreira,diego.ferreira_4744@email.com,Canoas,RS,2022-06-28 17:54:00
CUST-04745,Lucas Moura,lucas.moura_4745@email.com,Parintins,AM,2023-03-26 14:16:00
CUST-04746,Fernanda Santos,fernanda.santos_4746@email.com,Manaus,AM,2021-06-08 04:24:00
CUST-04747,Lucas Pereira,lucas.pereira_4747@email.com,Salvador,BA,2020-08-10 16:34:00
CUST-04748,Joao Moura,joao.moura_4748@email.com,Santarem,PA,2020-02-13 12:15:00
CUST-04749,Carlos Lima,carlos.lima_4749@email.com,Aparecida de Goiania,GO,2022-03-23 21:44:00
CUST-04750,Pedro Silva,pedro.silva_4750@email.com,Arapiraca,AL,2023-08-20 22:44:00
CUST-04751,Ana Nascimento,ana.nascimento_4751@email.com,Goiania,GO,2023-12-04 18:10:00
CUST-04752,Camila Silva,camila.silva_4752@email.com,Santarem,PA,2022-08-14 23:14:00
CUST-04753,Bruno Lima,bruno.lima_4753@email.com,Aparecida de Goiania,GO,2021-08-24 19:36:00
CUST-04754,Pedro Melo,pedro.melo_4754@email.com,Joao Pessoa,PB,2020-11-25 04:44:00
CUST-04755,Larissa Oliveira,larissa.oliveira_4755@email.com,Parintins,AM,2022-10-14 00:08:00
CUST-04756,Pedro Melo,pedro.melo_4756@email.com,Vila Velha,ES,2023-11-20 13:44:00
CUST-04757,Thiago Santos,thiago.santos_4757@email.com,Teresina,PI,2023-05-02 21:00:00
CUST-00208,Carlos Ribeiro,carlos.ribeiro_208@email.com,Mossoro,RN,2023-08-07 01:33:00
CUST-04759,Bruno Ribeiro,bruno.ribeiro_4759@email.com,Joao Pessoa,PB,2023-09-17 05:55:00
CUST-04760,Beatriz Costa,beatriz.costa_4760@email.com,Pelotas,RS,2024-03-01 17:39:00
CUST-04761,Maria Almeida,maria.almeida_4761@email.com,Imperatriz,MA,2022-04-03 18:38:00
CUST-04762,Pedro Pereira,pedro.pereira_4762@email.com,Jaboatao,PE,2020-01-28 11:47:00
CUST-04763,Maria Silva,maria.silva_4763@email.com,Parintins,AM,2020-05-10 04:33:00
CUST-04764,Pedro Barbosa,pedro.barbosa_4764@email.com,Mossoro,RN,2023-03-29 19:14:00
CUST-04765,Maria Lima,maria.lima_4765@email.com,Maceio,AL,2024-03-31 18:56:00
CUST-04766,Juliana Barbosa,juliana.barbosa_4766@email.com,Parnaiba,ZZ,2020-10-22 02:32:00
CUST-04767,Camila Martins,camila.martins_4767@email.com,Goiania,GO,2023-08-29 13:03:00
CUST-04768,Thiago Ribeiro,thiago.ribeiro_4768@email.com,Santarem,PA,2020-05-19 17:17:00
CUST-04769,Roberto Pereira,roberto.pereira_4769@email.com,Belem,PA,2023-06-28 05:57:00
CUST-04770,Bruno Lima,bruno.lima_4770@email.com,Natal,RN,2021-04-05 00:54:00
CUST-04771,Larissa Silva,larissa.silva_4771@email.com,Petropolis,RJ,2020-01-22 03:08:00
CUST-04772,Pedro Carvalho,pedro.carvalho_4772@email.com,Caucaia,CE,2022-01-07 00:22:00
CUST-04773,Gabriela Ribeiro,gabriela.ribeiro_4773@email.com,Brasilia,DF,2021-03-11 15:36:00
CUST-04774,Joao Moura,joao.moura_4774@email.com,Juazeiro do Norte,CE,2020-03-26 22:12:00
CUST-04775,Maria Nascimento,maria.nascimento_4775@email.com,,SC,2020-10-09 14:27:00
CUST-04776,Maria Gomes,maria.gomes_4776@email.com,Ananindeua,PA,2023-07-19 18:03:00
CUST-04777,Diego Rodrigues,diego.rodrigues_4777@email.com,Canoas,RS,2021-03-24 07:00:00
CUST-04778,Joao Lima,joao.lima_4778@email.com,Brasilia,DF,2021-02-28 09:24:00
CUST-04779,Carlos Barbosa,carlos.barbosa_4779@email.com,Jaboatao,PE,2023-02-05 12:26:00
CUST-04780,Camila Cardoso,camila.cardoso_4780@email.com,Cuiaba,MT,2023-12-03 06:34:00
CUST-04781,Marcos Ribeiro,marcos.ribeiro_4781@email.com,Feira de Santana,BA,2023-01-18 22:47:00
CUST-04782,Thiago Souza,thiago.souza_4782@email.com,Joinville,SC,2024-06-26 08:39:00
CUST-04783,Gabriela Barbosa,gabriela.barbosa_4783@email.com,Feira de Santana,BA,2020-08-21 09:17:00
CUST-03332,Roberto Costa,roberto.costa_3332@email.com,Arapiraca,AL,2023-01-11 07:44:00
CUST-04785,Juliana Martins,juliana.martins_4785@email.com,Aparecida de Goiania,GO,2021-11-12 07:49:00
CUST-04786,Marcos Melo,marcos.melo_4786@email.com,Joao Pessoa,PB,2020-12-11 21:14:00
CUST-04787,Juliana Pereira,juliana.pereira_4787@email.com,Ananindeua,PA,2021-07-05 16:54:00
CUST-04788,Gabriela Martins,gabriela.martins_4788@email.com,Sao Luis,MA,2023-12-29 10:34:00
CUST-04789,Fernanda Almeida,fernanda.almeida_4789@email.com,Petropolis,RJ,2021-12-08 13:07:00
CUST-04790,Ana Ferreira,ana.ferreira_4790@email.com,Feira de Santana,BA,2023-03-29 06:28:00
CUST-04791,Lucas Moura,lucas.moura_4791@email.com,Londrina,PR,2022-04-14 17:10:00
CUST-04792,Gabriela Cardoso,gabriela.cardoso_4792@email.com,Maringa,PR,2021-02-07 03:13:00
CUST-04793,Marcos Gomes,,Blumenau,SC,2023-06-03 15:09:00
CUST-04794,Joao Melo,joao.melo_4794@email.com,Parnaiba,PI,2022-02-27 03:32:00
CUST-04795,Rafael Lima,rafael.lima_4795@email.com,Juazeiro do Norte,CE,2021-10-03 02:37:00
CUST-04796,Joao Ribeiro,joao.ribeiro_4796@email.com,Pelotas,RS,2020-05-16 13:54:00
CUST-04797,Pedro Martins,pedro.martins_4797@email.com,Contagem,MG,2022-10-05 22:22:00
CUST-04798,Joao Ribeiro,joao.ribeiro_4798@email.com,Curitiba,PR,2021-09-03 02:22:00
CUST-04799,Fernanda Melo,fernanda.melo_4799@email.com,Natal,RN,2021-07-01 02:40:00
CUST-04800,Ana Moura,,Natal,RN,2021-09-04 11:06:00
CUST-04801,Joao Lima,joao.lima_4801@email.com,Imperatriz,MA,2022-09-23 06:24:00
CUST-04802,Patricia Ferreira,patricia.ferreira_4802@email.com,Cuiaba,MT,2021-06-10 07:57:00
CUST-04803,Larissa Cardoso,larissa.cardoso_4803@email.com,Maceio,AL,2020-02-17 19:38:00
CUST-04804,Ana Gomes,ana.gomes_4804@email.com,,RJ,2020-01-15 12:42:00
CUST-04805,Bruno Souza,bruno.souza_4805@email.com,Santos,SP,2021-03-08 01:01:00
CUST-04806,Larissa Pereira,larissa.pereira_4806@email.com,Ponta Grossa,PR,2022-10-13 07:53:00
CUST-04807,Pedro Lima,pedro.lima_4807@email.com,Parintins,AM,2020-04-08 08:29:00
CUST-04808,Fernanda Costa,fernanda.costa_4808@email.com,Caucaia,CE,2023-04-22 06:03:00
CUST-04809,Amanda Araujo,amanda.araujo_4809@email.com,Goiania,GO,2021-12-11 19:37:00
CUST-04810,Juliana Carvalho,juliana.carvalho_4810@email.com,Parintins,AM,2023-12-18 14:10:00
CUST-04811,Ana Costa,ana.costa_4811@email.com,Vila Velha,ES,2020-07-05 02:38:00
CUST-04812,Fernanda Carvalho,fernanda.carvalho_4812@email.com,Brasilia,DF,2023-11-30 11:59:00
CUST-04813,Diego Santos,diego.santos_4813@email.com,Sao Luis,MA,2021-01-22 16:16:00
CUST-04814,Patricia Moura,patricia.moura_4814@email.com,Olinda,PE,2022-01-22 17:36:00
CUST-04815,Camila Oliveira,camila.oliveira_4815@email.com,Londrina,PR,2022-06-30 14:22:00
CUST-04816,Camila Souza,camila.souza_4816@email.com,Campina Grande,PB,2021-11-13 13:12:00
CUST-04817,Diego Melo,diego.melo_4817@email.com,Cuiaba,MT,2020-06-09 05:08:00
CUST-04818,Lucas Barbosa,lucas.barbosa_4818@email.com,Uberlandia,MG,2020-05-30 09:18:00
CUST-04819,Camila Gomes,camila.gomes_4819@email.com,Maceio,AL,2022-12-14 22:40:00
CUST-04820,Diego Barbosa,diego.barbosa_4820@email.com,Juazeiro do Norte,CE,2021-03-16 01:39:00
CUST-04821,Lucas Costa,lucas.costa_4821@email.com,Olinda,PE,2024-06-05 12:26:00
CUST-04822,Thiago Nascimento,thiago.nascimento_4822@email.com,Guarulhos,SP,2022-08-21 03:22:00
CUST-04823,Diego Souza,,Mossoro,RN,2020-02-11 05:11:00
CUST-04824,Juliana Almeida,juliana.almeida_4824@email.com,Vitoria da Conquista,BA,2023-05-06 16:14:00
CUST-04825,Juliana Cardoso,juliana.cardoso_4825@email.com,Caxias do Sul,RS,2021-04-17 20:08:00
CUST-04826,Joao Gomes,joao.gomes_4826@email.com,Manaus,AM,2021-10-21 03:53:00
CUST-04827,Marcos Cardoso,marcos.cardoso_4827@email.com,Taguatinga,DF,2020-06-09 21:07:00
CUST-04828,Fernanda Ferreira,fernanda.ferreira_4828@email.com,Goiania,GO,2021-01-24 10:22:00
CUST-04829,Roberto Santos,roberto.santos_4829@email.com,Ananindeua,PA,2020-03-12 10:28:00
CUST-04830,Lucas Ferreira,lucas.ferreira_4830@email.com,Contagem,MG,2023-02-19 23:30:00
CUST-04831,Larissa Silva,larissa.silva_4831@email.com,Manaus,AM,2023-04-09 07:00:00
CUST-04832,Gabriela Moura,gabriela.moura_4832@email.com,Taguatinga,DF,2022-10-11 18:25:00
CUST-04833,Gabriela Souza,gabriela.souza_4833@email.com,Teresina,PI,2023-02-24 21:29:00
CUST-04834,Joao Ferreira,joao.ferreira_4834@email.com,Ananindeua,PA,2021-08-15 02:23:00
CUST-04835,Marcos Costa,marcos.costa_4835@email.com,Florianopolis,SC,2021-11-13 06:12:00
CUST-04836,Pedro Rodrigues,pedro.rodrigues_4836@email.com,Ponta Grossa,PR,2022-06-05 17:23:00
CUST-04837,Fernanda Oliveira,fernanda.oliveira_4837@email.com,Varzea Grande,MT,2021-12-27 02:19:00
CUST-04838,Patricia Almeida,patricia.almeida_4838@email.com,Taguatinga,DF,2021-02-15 02:01:00
CUST-04839,Patricia Melo,patricia.melo_4839@email.com,Joinville,SC,2020-10-21 14:21:00
CUST-04840,Pedro Cardoso,pedro.cardoso_4840@email.com,Parnaiba,PI,2022-07-13 19:12:00
CUST-04841,Rafael Almeida,rafael.almeida_4841@email.com,Blumenau,SC,2020-12-08 23:06:00
CUST-04842,Thiago Carvalho,thiago.carvalho_4842@email.com,,PR,2022-11-14 03:35:00
CUST-04843,Pedro Nascimento,pedro.nascimento_4843@email.com,Petropolis,RJ,2020-09-11 09:47:00
CUST-04844,Ana Ribeiro,ana.ribeiro_4844@email.com,Feira de Santana,XX,2022-09-08 20:17:00
CUST-04845,Lucas Carvalho,lucas.carvalho_4845@email.com,Ponta Grossa,PR,2021-10-17 22:17:00
CUST-04846,Amanda Ferreira,amanda.ferreira_4846@email.com,Juazeiro do Norte,CE,2020-09-16 08:01:00
CUST-04847,Patricia Gomes,patricia.gomes_4847@email.com,Cuiaba,MT,2023-12-08 23:51:00
CUST-04848,Carlos Araujo,carlos.araujo_4848@email.com,Campina Grande,PB,2020-07-19 17:41:00
CUST-04849,Carlos Rodrigues,carlos.rodrigues_4849@email.com,Cuiaba,MT,2020-11-22 17:02:00
CUST-04850,Ana Ferreira,,Taguatinga,DF,2023-10-12 07:22:00
CUST-04851,Camila Moura,camila.moura_4851@email.com,Vitoria da Conquista,BA,2020-10-04 21:54:00
CUST-04852,,lucas.melo_4852@email.com,Goiania,GO,2022-08-15 15:58:00
CUST-04853,Carlos Ribeiro,carlos.ribeiro_4853@email.com,Aparecida de Goiania,GO,2021-05-06 07:01:00
CUST-04854,Carlos Costa,carlos.costa_4854@email.com,Campinas,SP,2020-05-17 06:59:00
CUST-04855,Joao Ribeiro,joao.ribeiro_4855@email.com,Fortaleza,CE,2024-06-05 22:19:00
CUST-04856,Diego Carvalho,diego.carvalho_4856@email.com,,PR,2023-06-13 00:13:00
CUST-04857,Lucas Oliveira,lucas.oliveira_4857@email.com,Sao Luis,MA,2022-06-03 15:05:00
CUST-04858,Rafael Carvalho,rafael.carvalho_4858@email.com,Caruaru,PE,2020-12-11 05:32:00
CUST-04859,Juliana Costa,juliana.costa_4859@email.com,Caxias do Sul,RS,2024-01-07 19:28:00
CUST-04860,Beatriz Moura,beatriz.moura_4860@email.com,Brasilia,DF,2023-08-06 07:22:00
CUST-04861,Roberto Melo,,Curitiba,PR,2020-10-21 06:59:00
CUST-04862,Beatriz Santos,beatriz.santos_4862@email.com,Juiz de Fora,MG,2022-07-15 10:00:00
CUST-04863,Fernanda Rodrigues,fernanda.rodrigues_4863@email.com,Feira de Santana,BA,2020-07-28 00:43:00
CUST-04864,Larissa Moura,larissa.moura_4864@email.com,Goiania,GO,2020-11-08 23:04:00
CUST-04865,Beatriz Costa,beatriz.costa_4865@email.com,Ponta Grossa,PR,2022-09-12 19:27:00
CUST-04866,Larissa Melo,larissa.melo_4866@email.com,Mossoro,RN,2020-01-10 02:44:00
CUST-04867,Lucas Rodrigues,lucas.rodrigues_4867@email.com,Fortaleza,CE,2020-10-03 03:53:00
CUST-04868,Carlos Carvalho,carlos.carvalho_4868@email.com,Vitoria,ES,2023-05-19 09:39:00
CUST-04869,Bruno Souza,bruno.souza_4869@email.com,Vitoria da Conquista,BA,2020-03-26 06:34:00
CUST-04870,Juliana Martins,,Imperatriz,MA,2022-07-27 18:20:00
CUST-04871,Rafael Oliveira,rafael.oliveira_4871@email.com,Joao Pessoa,PB,2023-06-13 05:39:00
CUST-04872,Camila Araujo,camila.araujo_4872@email.com,Jaboatao,PE,2022-05-17 18:00:00
CUST-04873,Lucas Gomes,lucas.gomes_4873@email.com,Recife,PE,2024-02-13 02:05:00
CUST-04874,Juliana Melo,juliana.melo_4874@email.com,Curitiba,PR,2023-07-04 11:40:00
CUST-04875,Joao Rodrigues,joao.rodrigues_4875@email.com,Parnaiba,PI,2020-04-03 06:15:00
CUST-04876,Lucas Pereira,lucas.pereira_4876@email.com,Goiania,GO,2021-05-08 20:48:00
CUST-04877,Marcos Pereira,marcos.pereira_4877@email.com,Taguatinga,DF,2022-03-09 14:34:00
CUST-04878,Larissa Silva,larissa.silva_4878@email.com,Londrina,PR,2024-04-01 13:21:00
CUST-04879,Beatriz Lima,beatriz.lima_4879@email.com,Feira de Santana,BA,2020-11-13 00:24:00
CUST-04880,Rafael Cardoso,rafael.cardoso_4880@email.com,Maceio,AL,2022-06-18 04:03:00
CUST-04881,,,Curitiba,PR,2020-09-02 09:57:00
CUST-04882,Maria Araujo,maria.araujo_4882@email.com,Belo Horizonte,MG,2022-07-19 08:36:00
CUST-04883,Rafael Gomes,rafael.gomes_4883@email.com,Florianopolis,SC,2023-03-14 17:56:00
CUST-04884,Gabriela Lima,gabriela.lima_4884@email.com,Campinas,SP,2020-06-26 21:24:00
CUST-04885,Diego Ferreira,diego.ferreira_4885@email.com,Teresina,PI,2020-08-22 20:41:00
CUST-04886,Juliana Pereira,juliana.pereira_4886@email.com,Manaus,??,2020-06-05 01:15:00
CUST-04887,Carlos Ferreira,carlos.ferreira_4887@email.com,Mossoro,RN,2022-01-07 17:13:00
CUST-04888,Maria Carvalho,maria.carvalho_4888@email.com,Arapiraca,AL,2024-05-31 08:45:00
CUST-04889,Gabriela Lima,gabriela.lima_4889@email.com,Parintins,AM,2024-06-10 03:49:00
CUST-04890,Roberto Souza,roberto.souza_4890@email.com,Niteroi,RJ,2023-11-04 03:53:00
CUST-04891,Bruno Barbosa,bruno.barbosa_4891@email.com,Vitoria da Conquista,BA,2020-09-26 06:49:00
CUST-04892,Camila Nascimento,camila.nascimento_4892@email.com,,GO,2020-04-08 17:07:00
CUST-04893,Camila Carvalho,camila.carvalho_4893@email.com,Caxias do Sul,RS,2022-07-16 03:25:00
CUST-04894,Patricia Barbosa,patricia.barbosa_4894@email.com,Cuiaba,MT,2024-06-06 14:05:00
CUST-04895,Roberto Almeida,roberto.almeida_4895@email.com,Cuiaba,MT,2020-04-03 11:05:00
CUST-04896,Marcos Pereira,marcos.pereira_4896@email.com,Santos,SP,2020-07-12 06:07:00
CUST-04897,Gabriela Ferreira,gabriela.ferreira_4897@email.com,Juiz de Fora,MG,2020-02-12 08:48:00
CUST-04898,Larissa Nascimento,larissa.nascimento_4898@email.com,Imperatriz,MA,2021-03-28 09:37:00
CUST-04899,Maria Nascimento,maria.nascimento_4899@email.com,Sao Paulo,SP,2020-01-15 01:16:00
CUST-04900,Bruno Oliveira,bruno.oliveira_4900@email.com,Vitoria da Conquista,BA,2022-03-10 02:30:00
CUST-04901,Joao Martins,joao.martins_4901@email.com,Guarulhos,SP,2023-11-14 17:43:00
CUST-04902,Roberto Barbosa,roberto.barbosa_4902@email.com,Porto Alegre,RS,2022-11-14 03:34:00
CUST-04903,Roberto Rodrigues,roberto.rodrigues_4903@email.com,Campina Grande,PB,2020-10-18 09:31:00
CUST-04904,Maria Pereira,maria.pereira_4904@email.com,Vitoria,ES,2023-12-19 18:04:00
CUST-04905,Beatriz Nascimento,beatriz.nascimento_4905@email.com,Manaus,AM,2021-01-31 02:57:00
CUST-04906,Maria Araujo,maria.araujo_4906@email.com,Brasilia,DF,2021-05-12 14:08:00
CUST-04907,Thiago Ribeiro,thiago.ribeiro_4907@email.com,Vitoria da Conquista,BA,2024-01-13 20:03:00
CUST-04908,Pedro Ribeiro,pedro.ribeiro_4908@email.com,Imperatriz,MA,2022-03-06 11:24:00
CUST-04909,Diego Costa,diego.costa_4909@email.com,Belem,PA,2020-08-17 02:52:00
CUST-04910,Pedro Melo,,Salvador,BA,2024-04-21 18:12:00
CUST-04911,Marcos Nascimento,marcos.nascimento_4911@email.com,Aparecida de Goiania,GO,2021-11-25 04:22:00
CUST-04912,Maria Ribeiro,,Vila Velha,ES,2023-05-28 20:32:00
CUST-04913,Pedro Barbosa,pedro.barbosa_4913@email.com,Santarem,PA,2024-02-25 06:48:00
CUST-04914,Fernanda Lima,fernanda.lima_4914@email.com,Santos,SP,2022-02-04 06:08:00
CUST-04915,Ana Oliveira,ana.oliveira_4915@email.com,Vitoria da Conquista,BA,2023-03-03 00:17:00
CUST-04916,Lucas Melo,lucas.melo_4916@email.com,Sao Paulo,SP,2023-09-06 18:42:00
CUST-04917,Rafael Santos,rafael.santos_4917@email.com,Sao Paulo,SP,2023-01-27 15:02:00
CUST-04918,Roberto Costa,roberto.costa_4918@email.com,Brasilia,DF,2021-07-09 12:12:00
CUST-04919,Roberto Nascimento,roberto.nascimento_4919@email.com,Joao Pessoa,PB,2022-12-22 17:12:00
CUST-04920,Diego Nascimento,diego.nascimento_4920@email.com,Joao Pessoa,PB,2023-10-07 15:56:00
CUST-04921,Patricia Costa,patricia.costa_4921@email.com,Contagem,MG,2023-10-10 05:44:00
CUST-04922,Bruno Lima,bruno.lima_4922@email.com,Joao Pessoa,PB,2023-10-07 20:16:00
CUST-04923,Juliana Lima,juliana.lima_4923@email.com,Vitoria da Conquista,BA,2020-03-19 17:51:00
CUST-04924,Camila Santos,camila.santos_4924@email.com,Mossoro,RN,2024-03-01 23:55:00
CUST-04925,Patricia Barbosa,patricia.barbosa_4925@email.com,Varzea Grande,MT,2020-08-19 18:12:00
CUST-04926,Pedro Araujo,pedro.araujo_4926@email.com,Arapiraca,AL,2021-05-08 08:53:00
CUST-04927,Fernanda Cardoso,fernanda.cardoso_4927@email.com,Taguatinga,DF,2021-09-28 00:18:00
CUST-04928,Rafael Melo,rafael.melo_4928@email.com,Joao Pessoa,PB,2024-03-21 05:13:00
CUST-04929,Marcos Pereira,marcos.pereira_4929@email.com,Manaus,AM,2021-08-30 09:25:00
CUST-04930,Lucas Ferreira,lucas.ferreira_4930@email.com,Arapiraca,AL,2021-10-21 09:38:00
CUST-04931,Joao Melo,joao.melo_4931@email.com,Campina Grande,PB,2020-01-07 18:39:00
CUST-04932,Larissa Araujo,larissa.araujo_4932@email.com,Juiz de Fora,MG,2020-03-22 06:45:00
CUST-04933,Carlos Costa,carlos.costa_4933@email.com,Aparecida de Goiania,GO,2023-05-03 01:09:00
CUST-04934,Bruno Araujo,bruno.araujo_4934@email.com,Maceio,AL,2020-04-22 08:19:00
CUST-04935,Bruno Carvalho,bruno.carvalho_4935@email.com,Belem,PA,2022-02-05 23:28:00
CUST-04936,Bruno Carvalho,bruno.carvalho_4936@email.com,Ponta Grossa,PR,2021-10-15 17:36:00
CUST-04937,Amanda Silva,amanda.silva_4937@email.com,Londrina,PR,2022-03-14 22:47:00
CUST-04938,Carlos Silva,carlos.silva_4938@email.com,Guarulhos,SP,2021-01-30 04:14:00
CUST-04939,Bruno Carvalho,bruno.carvalho_4939@email.com,Vila Velha,ES,2021-10-27 06:53:00
CUST-04940,Joao Gomes,joao.gomes_4940@email.com,Maringa,PR,2023-02-01 23:02:00
CUST-04941,Bruno Melo,bruno.melo_4941@email.com,Mossoro,RN,2024-03-15 14:35:00
CUST-04942,Rafael Ribeiro,rafael.ribeiro_4942@email.com,Aparecida de Goiania,GO,2021-06-27 12:34:00
CUST-04943,Maria Martins,maria.martins_4943@email.com,Pelotas,RS,2020-08-08 02:35:00
CUST-04944,Gabriela Martins,gabriela.martins_4944@email.com,Vila Velha,ES,2023-09-24 15:28:00
CUST-04945,Diego Almeida,diego.almeida_4945@email.com,Imperatriz,MA,2020-05-17 16:34:00
CUST-04946,Marcos Melo,marcos.melo_4946@email.com,Vitoria,ES,2022-11-01 16:42:00
CUST-04947,Rafael Ferreira,rafael.ferreira_4947@email.com,Campina Grande,PB,2022-08-21 17:18:00
CUST-04948,Juliana Oliveira,juliana.oliveira_4948@email.com,Joao Pessoa,PB,2021-10-13 03:22:00
CUST-04949,Juliana Oliveira,juliana.oliveira_4949@email.com,Fortaleza,CE,2023-06-15 16:41:00
CUST-04950,Thiago Carvalho,thiago.carvalho_4950@email.com,Natal,RN,2022-04-19 01:50:00
CUST-04951,Ana Ribeiro,ana.ribeiro_4951@email.com,Feira de Santana,BA,2023-11-09 10:23:00
CUST-04952,Larissa Gomes,larissa.gomes_4952@email.com,Londrina,PR,2020-11-11 22:42:00
CUST-04953,Marcos Cardoso,marcos.cardoso_4953@email.com,Taguatinga,DF,2023-01-17 07:08:00
CUST-04954,Carlos Araujo,carlos.araujo_4954@email.com,Campinas,SP,2020-06-17 23:17:00
CUST-04955,Pedro Cardoso,pedro.cardoso_4955@email.com,Brasilia,DF,2023-11-02 15:15:00
CUST-04956,Juliana Cardoso,juliana.cardoso_4956@email.com,Sao Luis,MA,2020-05-15 17:50:00
CUST-04957,Larissa Nascimento,larissa.nascimento_4957@email.com,Caucaia,CE,2023-08-06 00:33:00
CUST-04958,Roberto Barbosa,roberto.barbosa_4958@email.com,Ananindeua,PA,2021-10-08 16:17:00
CUST-04959,Juliana Melo,juliana.melo_4959@email.com,Joinville,SC,2021-09-04 12:54:00
CUST-04960,Bruno Nascimento,bruno.nascimento_4960@email.com,Taguatinga,DF,2020-02-27 18:19:00
CUST-04961,Fernanda Santos,fernanda.santos_4961@email.com,Serra,ES,2021-11-10 16:57:00
CUST-04962,Carlos Lima,carlos.lima_4962@email.com,Varzea Grande,MT,2024-01-30 16:43:00
CUST-04963,Pedro Nascimento,pedro.nascimento_4963@email.com,Belem,PA,2023-04-21 16:05:00
CUST-04964,Juliana Santos,juliana.santos_4964@email.com,Uberlandia,MG,2023-11-03 16:22:00
CUST-04965,Larissa Barbosa,larissa.barbosa_4965@email.com,Uberlandia,MG,2020-12-04 07:31:00
CUST-04966,Thiago Araujo,thiago.araujo_4966@email.com,Sao Paulo,SP,2020-11-20 23:27:00
CUST-04967,Lucas Gomes,lucas.gomes_4967@email.com,Guarulhos,SP,2021-06-09 17:19:00
CUST-04968,Lucas Oliveira,lucas.oliveira_4968@email.com,Parintins,AM,2023-01-20 21:51:00
CUST-04969,Lucas Araujo,lucas.araujo_4969@email.com,Aparecida de Goiania,GO,2021-12-03 17:11:00
CUST-04970,Beatriz Costa,beatriz.costa_4970@email.com,Contagem,MG,2020-10-05 21:42:00
CUST-04971,Bruno Ribeiro,bruno.ribeiro_4971@email.com,Uberlandia,MG,2021-02-25 00:30:00
CUST-04972,Beatriz Souza,beatriz.souza_4972@email.com,Cuiaba,MT,2020-04-29 14:31:00
CUST-04973,Rafael Lima,rafael.lima_4973@email.com,Brasilia,DF,2023-09-01 19:28:00
CUST-04974,Lucas Souza,lucas.souza_4974@email.com,Belo Horizonte,MG,2021-03-07 03:43:00
CUST-04975,Rafael Ferreira,rafael.ferreira_4975@email.com,Niteroi,RJ,2023-03-17 08:27:00
CUST-04976,Bruno Barbosa,bruno.barbosa_4976@email.com,Arapiraca,XX,2023-10-23 11:32:00
CUST-04977,Larissa Almeida,larissa.almeida_4977@email.com,Natal,RN,2023-07-22 02:38:00
CUST-04978,,rafael.ferreira_4978@email.com,Canoas,RS,2022-11-23 17:01:00
CUST-04979,Diego Carvalho,diego.carvalho_4979@email.com,Natal,RN,2020-03-26 12:41:00
CUST-04980,Amanda Moura,,Taguatinga,DF,2023-07-15 08:14:00
CUST-04981,Diego Rodrigues,diego.rodrigues_4981@email.com,Caucaia,CE,2020-09-04 16:30:00
CUST-04982,Ana Santos,ana.santos_4982@email.com,Sao Paulo,SP,2024-03-15 05:02:00
CUST-04983,Amanda Ribeiro,amanda.ribeiro_4983@email.com,Cuiaba,MT,2022-02-23 02:54:00
CUST-04984,Ana Oliveira,ana.oliveira_4984@email.com,Vitoria,ES,2023-03-03 19:46:00
CUST-04985,Marcos Almeida,marcos.almeida_4985@email.com,Salvador,BA,2022-12-23 20:46:00
CUST-04986,Patricia Carvalho,patricia.carvalho_4986@email.com,Arapiraca,AL,2021-05-03 11:03:00
CUST-04987,Camila Silva,camila.silva_4987@email.com,Pelotas,RS,2020-05-04 22:44:00
CUST-04988,Beatriz Oliveira,beatriz.oliveira_4988@email.com,Goiania,GO,2024-03-02 10:27:00
CUST-04989,Thiago Carvalho,thiago.carvalho_4989@email.com,Imperatriz,MA,2022-04-23 19:54:00
CUST-04990,,carlos.barbosa_4990@email.com,Feira de Santana,BA,2020-08-12 06:48:00
CUST-04991,Fernanda Araujo,fernanda.araujo_4991@email.com,Vila Velha,ES,2020-12-31 06:11:00
CUST-04992,Thiago Pereira,thiago.pereira_4992@email.com,Pelotas,RS,2021-03-04 23:15:00
CUST-04993,Pedro Souza,pedro.souza_4993@email.com,Ananindeua,PA,2022-05-13 13:05:00
CUST-04994,Pedro Silva,pedro.silva_4994@email.com,Rio de Janeiro,RJ,2020-11-29 20:46:00
CUST-04995,Roberto Pereira,roberto.pereira_4995@email.com,Ananindeua,PA,2020-06-23 09:03:00
CUST-04996,Amanda Martins,amanda.martins_4996@email.com,Canoas,RS,2023-07-21 11:43:00
CUST-04997,Ana Barbosa,ana.barbosa_4997@email.com,Maceio,AL,2021-03-10 03:32:00
CUST-04998,Thiago Rodrigues,thiago.rodrigues_4998@email.com,Juazeiro do Norte,CE,2022-03-05 17:59:00
CUST-04999,Joao Almeida,joao.almeida_4999@email.com,Florianopolis,SC,2021-09-02 03:35:00
CUST-05000,Roberto Pereira,roberto.pereira_5000@email.com,Sao Luis,MA,2022-08-20 14:15:00
