payment_id,order_id,payment_type,installments,amount
PAY-000001,ORD-001318,credit_card,8,268.57
PAY-000002,ORD-006300,boleto,1,1107.96
PAY-000003,ORD-005054,voucher,1,1997.09
PAY-000004,ORD-009522,credit_card,3,1576.39
PAY-000005,ORD-013999,credit_card,5,3245.74
PAY-000006,ORD-007664,credit_card,3,7307.78
PAY-000007,ORD-000791,voucher,1,6404.07
PAY-000008,ORD-005002,voucher,1,5279.69
PAY-000009,ORD-008164,voucher,1,614.94
PAY-000010,ORD-006787,debit_card,1,5786.81
PAY-000011,ORD-000425,credit_card,2,4257.48
PAY-000012,ORD-000494,voucher,1,6808.59
PAY-000013,ORD-012873,voucher,1,7853.45
PAY-000014,ORD-010547,boleto,1,6843.99
PAY-000015,ORD-011100,boleto,1,4993.84
PAY-000016,ORD-003925,credit_card,7,1829.77
PAY-000017,ORD-004287,credit_card,2,6565.82
PAY-000018,ORD-008988,,9,7315.04
PAY-000019,ORD-014746,boleto,1,4504.55
PAY-000020,ORD-014811,debit_card,1,4796.27
PAY-000021,ORD-014083,voucher,1,7380.66
PAY-000022,ORD-004290,debit_card,1,2783.97
PAY-000023,ORD-000769,voucher,1,296.95
PAY-000024,ORD-000543,boleto,1,7361.58
PAY-000025,ORD-007349,voucher,1,4990.41
PAY-000026,ORD-008052,voucher,1,7437.76
PAY-000027,ORD-014584,credit_card,4,7599.47
PAY-000028,ORD-010621,credit_card,8,6512.62
PAY-000029,ORD-013169,debit_card,1,1049.15
PAY-000030,ORD-006313,debit_card,1,5359.36
PAY-000031,ORD-003534,voucher,1,1730.76
PAY-000032,ORD-007901,debit_card,1,7257.81
PAY-000033,ORD-007981,boleto,1,3399.97
PAY-000034,ORD-002895,voucher,1,6975.83
PAY-000035,ORD-010341,debit_card,1,2530.94
PAY-000036,ORD-009135,boleto,1,6329.46
PAY-000037,ORD-010291,voucher,1,818.99
PAY-000038,ORD-001571,debit_card,1,1022.05
PAY-000039,ORD-014209,voucher,1,3622.7
PAY-000040,ORD-013429,boleto,1,1689.05
PAY-000041,ORD-006479,debit_card,1,6434.14
PAY-000042,ORD-006572,boleto,1,1157.67
PAY-000043,ORD-003644,voucher,1,1478.11
PAY-000044,ORD-011954,boleto,1,1725.16
PAY-000045,ORD-006738,voucher,1,7142.5
PAY-000046,ORD-000224,debit_card,1,1853.6
PAY-000047,ORD-007784,voucher,,1462.43
PAY-000048,ORD-005476,debit_card,1,215.79
PAY-000049,ORD-013009,credit_card,5,934.2
PAY-000050,ORD-003902,voucher,1,3587.98
PAY-000051,ORD-008646,boleto,1,7984.71
PAY-000052,ORD-003025,boleto,1,291.18
PAY-000053,ORD-006189,cash,1,3669.04
PAY-000054,ORD-012294,voucher,1,6681.26
PAY-000055,ORD-002651,voucher,1,1041.63
PAY-000056,ORD-008503,boleto,1,1155.17
PAY-000057,ORD-008521,debit_card,1,4127.81
PAY-000058,ORD-003125,debit_card,1,6993.2
PAY-000059,ORD-002061,debit_card,1,3734.41
PAY-000060,ORD-012022,debit_card,1,7898.52
PAY-000061,ORD-011231,credit_card,12,3794.15
PAY-000062,ORD-003062,credit_card,1,5141.09
PAY-000063,ORD-006655,voucher,1,3709.47
PAY-000064,ORD-008669,debit_card,1,5676.04
PAY-000065,ORD-003427,credit_card,11,7144.92
PAY-000066,ORD-007805,boleto,1,-359.22
PAY-000067,ORD-013241,credit_card,10,6017.99
PAY-000068,ORD-008630,debit_card,1,3677.77
PAY-000069,ORD-004685,debit_card,1,5267.07
PAY-000070,ORD-013251,debit_card,1,1229.4
PAY-000071,ORD-001164,debit_card,1,6743.52
PAY-000072,ORD-001177,debit_card,1,2013.34
PAY-000073,ORD-006106,debit_card,1,1143.5
PAY-000074,ORD-010325,voucher,1,510.11
PAY-000075,ORD-009261,voucher,1,670.3
PAY-000076,ORD-014180,credit_card,8,885.16
PAY-000077,ORD-010956,credit_card,4,6087.05
PAY-000078,ORD-004549,voucher,1,2404.09
PAY-000079,ORD-008226,credit_card,2,1012.62
PAY-000080,ORD-009155,boleto,1,6878.11
PAY-000081,ORD-010247,voucher,1,1426.17
PAY-000082,ORD-010991,boleto,1,2738.48
PAY-000083,ORD-012946,voucher,1,1385.66
PAY-000084,ORD-000198,boleto,1,2840.7
PAY-000085,ORD-014332,debit_card,1,988.78
PAY-000086,ORD-013709,debit_card,1,6055.11
PAY-000087,ORD-003452,boleto,1,1985.17
PAY-000088,ORD-009906,boleto,1,1237.25
PAY-000089,ORD-004924,voucher,1,4182.27
PAY-000090,ORD-007610,debit_card,1,3040.91
PAY-000091,ORD-013936,debit_card,1,6380.79
PAY-000092,ORD-004772,credit_card,2,4424.04
PAY-000093,ORD-000023,boleto,1,3399.51
PAY-000094,ORD-012478,debit_card,1,5875.52
PAY-000095,ORD-010306,credit_card,11,5292.29
PAY-000096,ORD-005212,boleto,1,6729.17
PAY-000097,ORD-013161,credit_card,10,3945.25
PAY-000098,ORD-007108,boleto,1,7258.82
PAY-000099,ORD-006706,credit_card,12,7794.46
PAY-000100,ORD-005637,boleto,1,2526.38
PAY-000101,ORD-010944,credit_card,5,403.9
PAY-000102,ORD-014512,debit_card,1,7988.92
PAY-000103,ORD-006967,voucher,1,4126.31
PAY-000104,ORD-007041,voucher,1,166.33
PAY-000105,ORD-008739,credit_card,5,3239.63
PAY-000106,ORD-014005,debit_card,1,6659.55
PAY-000107,ORD-011960,credit_card,7,4427.29
PAY-000108,ORD-009840,voucher,1,5454.07
PAY-000109,ORD-005168,boleto,1,5846.42
PAY-000110,ORD-005286,voucher,1,3990.76
PAY-000111,ORD-006919,credit_card,7,5548.81
PAY-000112,ORD-003568,boleto,1,3766.91
PAY-000113,ORD-008358,voucher,1,7243.66
PAY-000114,ORD-012747,boleto,1,5725.79
PAY-000115,ORD-000401,credit_card,12,3216.29
PAY-000116,ORD-003110,boleto,1,2329.52
PAY-000117,ORD-010927,voucher,1,1241.85
PAY-000118,ORD-005941,debit_card,1,6394.77
PAY-000119,ORD-014429,boleto,1,4245.21
PAY-000120,ORD-005552,voucher,1,87.77
PAY-000121,ORD-014588,credit_card,8,4513.39
PAY-000122,ORD-003156,cash,1,1556.47
PAY-000123,ORD-000506,voucher,1,3705.32
PAY-000124,ORD-001347,voucher,1,439.44
PAY-000125,ORD-014932,boleto,1,3324.22
PAY-000126,ORD-009570,credit_card,2,528.02
PAY-000127,ORD-008116,boleto,1,6253.02
PAY-000128,ORD-002589,credit_card,2,6761.58
PAY-000129,ORD-002568,voucher,1,3213.42
PAY-000130,ORD-008994,voucher,1,4420.95
PAY-000131,ORD-014607,boleto,1,815.39
PAY-000132,ORD-001556,boleto,1,4743.13
PAY-000133,ORD-013727,debit_card,1,3681.35
PAY-000134,ORD-003719,voucher,1,5764.65
PAY-000135,ORD-005294,debit_card,1,4730.57
PAY-000136,ORD-007204,boleto,1,4004.28
PAY-000137,ORD-010326,boleto,1,1059.29
PAY-000138,ORD-012220,voucher,1,2506.07
PAY-000139,ORD-013998,voucher,1,31.78
PAY-000140,ORD-006445,boleto,1,4530.66
PAY-000141,ORD-006891,boleto,1,5077.76
PAY-000142,ORD-007051,debit_card,1,2866.96
PAY-000143,ORD-003757,credit_card,3,7522.37
PAY-000144,ORD-002785,debit_card,1,7406.4
PAY-000145,ORD-007647,voucher,1,5555.04
PAY-000146,ORD-004527,credit_card,6,7638.2
PAY-000147,ORD-001157,credit_card,9,5236.64
PAY-000148,ORD-001102,voucher,1,4751.67
PAY-000149,ORD-008833,voucher,1,1167.48
PAY-000150,ORD-001763,boleto,1,6087.93
PAY-000151,ORD-003617,credit_card,4,3406.46
PAY-000152,ORD-003620,voucher,1,4026.8
PAY-000153,ORD-001013,credit_card,3,649.54
PAY-000154,ORD-010721,credit_card,2,6872.83
PAY-000155,ORD-011236,credit_card,7,4940.94
PAY-000156,ORD-002051,boleto,1,6738.49
PAY-000157,ORD-011584,boleto,1,7024.27
PAY-000158,ORD-003756,debit_card,1,112.5
PAY-000159,ORD-006394,credit_card,3,5808.31
PAY-000160,ORD-005319,voucher,1,7656.35
PAY-000161,ORD-012381,debit_card,1,3541.69
PAY-000162,ORD-012043,credit_card,12,-180.98
PAY-000163,ORD-002581,credit_card,2,4150.23
PAY-000164,ORD-009603,boleto,1,2012.18
PAY-000165,ORD-012633,debit_card,1,-462.03
PAY-000166,ORD-004187,credit_card,3,3250.42
PAY-000167,ORD-003576,bitcoin,11,3133.44
PAY-000168,ORD-011716,boleto,1,6258.65
PAY-000169,ORD-011048,credit_card,4,943.2
PAY-000170,ORD-011866,credit_card,5,1530.42
PAY-000171,ORD-012454,credit_card,10,6374.49
PAY-000172,ORD-000827,boleto,1,2872.98
PAY-000173,ORD-008334,credit_card,3,2128.11
PAY-000174,ORD-005642,debit_card,1,5073.5
PAY-000175,ORD-012287,debit_card,1,844.34
PAY-000176,ORD-004583,debit_card,1,7723.22
PAY-000177,ORD-014926,credit_card,4,1064.83
PAY-000178,ORD-002864,debit_card,1,6979.09
PAY-000179,ORD-014117,debit_card,1,7240.42
PAY-000180,ORD-006841,boleto,1,919.05
PAY-000181,ORD-006260,credit_card,12,5972.29
PAY-000182,ORD-006010,boleto,1,6957.83
PAY-000183,ORD-007303,voucher,1,4766.96
PAY-000184,ORD-005533,boleto,1,3478.23
PAY-000185,ORD-003014,debit_card,1,2941.55
PAY-000186,ORD-008776,boleto,1,1119.86
PAY-000187,ORD-003363,credit_card,6,3312.65
PAY-000188,ORD-000784,debit_card,1,4880.27
PAY-000189,ORD-009975,voucher,1,663.84
PAY-000190,ORD-005441,boleto,1,3356.81
PAY-000191,ORD-013119,boleto,1,7524.3
PAY-000192,ORD-004590,boleto,1,7898.41
PAY-000193,ORD-002368,debit_card,1,853.72
PAY-000194,ORD-003206,credit_card,1,5545.74
PAY-000195,ORD-000567,voucher,1,4178.74
PAY-000196,ORD-003622,debit_card,1,6982.27
PAY-000197,ORD-012864,debit_card,1,324.66
PAY-000198,ORD-009393,voucher,1,2597.12
PAY-000199,ORD-010757,voucher,1,7354.76
PAY-000200,ORD-004203,boleto,1,1645.66
PAY-000201,ORD-011231,debit_card,1,4668.95
PAY-000202,ORD-014017,credit_card,2,4888.76
PAY-000203,ORD-006972,boleto,1,2049.56
PAY-000204,ORD-013064,credit_card,7,2808.06
PAY-000205,ORD-012331,boleto,1,-497.38
PAY-000206,ORD-002088,debit_card,1,578.79
PAY-000207,ORD-002347,voucher,1,2222.42
PAY-000208,ORD-002366,debit_card,,4655.27
PAY-000209,ORD-005629,boleto,1,2064.17
PAY-000210,ORD-006495,voucher,1,4636.63
PAY-000211,ORD-003401,voucher,1,1745.13
PAY-000212,ORD-009681,debit_card,1,6207.1
PAY-000213,ORD-014235,boleto,1,7706.77
PAY-000214,ORD-005979,debit_card,1,4411.64
PAY-000215,ORD-009361,boleto,1,6892.06
PAY-000216,ORD-002588,credit_card,12,6263.56
PAY-000217,ORD-000001,debit_card,1,3021.26
PAY-000218,ORD-003065,voucher,1,3383.39
PAY-000219,ORD-010106,boleto,1,2219.54
PAY-000220,ORD-003311,boleto,1,6768.76
PAY-000221,ORD-013679,boleto,1,7947.15
PAY-000222,ORD-012520,credit_card,1,4540.44
PAY-000223,ORD-002444,credit_card,10,3250.4
PAY-000224,ORD-008583,boleto,1,5410.71
PAY-000225,ORD-001189,boleto,1,7070.4
PAY-000226,ORD-006151,debit_card,1,3046.61
PAY-000227,ORD-011492,credit_card,7,2911.97
PAY-000228,ORD-001638,boleto,1,1383.4
PAY-000229,ORD-013135,debit_card,1,602.43
PAY-000230,ORD-009198,boleto,1,6905.85
PAY-000231,ORD-002108,boleto,1,7283.97
PAY-000232,ORD-008353,boleto,1,1169.66
PAY-000233,ORD-010147,voucher,1,197.6
PAY-000234,ORD-004755,debit_card,1,4373.13
PAY-000235,ORD-011359,debit_card,1,5366.27
PAY-000236,ORD-013365,debit_card,1,4011.85
PAY-000237,ORD-010210,voucher,1,1292.58
PAY-000238,ORD-008192,voucher,1,1801.13
PAY-000239,ORD-008369,boleto,1,2769.98
PAY-000240,ORD-013207,debit_card,1,3662.65
PAY-000241,ORD-000375,boleto,1,5717.45
PAY-000242,ORD-010925,credit_card,4,4370.19
PAY-000243,ORD-008983,debit_card,1,1200.36
PAY-000244,ORD-012957,credit_card,6,3278.05
PAY-000245,ORD-007009,boleto,1,888.25
PAY-000246,ORD-006644,debit_card,1,759.53
PAY-000247,ORD-006590,voucher,1,6637.9
PAY-000248,ORD-003588,boleto,1,2828.87
PAY-000249,ORD-005561,boleto,1,636.3
PAY-000250,ORD-004782,debit_card,1,4439.31
PAY-000251,ORD-001382,boleto,1,673.2
PAY-000252,ORD-008695,voucher,1,1212.54
PAY-000253,ORD-010553,credit_card,3,4174.0
PAY-000254,ORD-014686,voucher,1,7964.18
PAY-000255,ORD-008580,voucher,1,1727.09
PAY-000256,ORD-010657,credit_card,2,5697.27
PAY-000257,ORD-003561,boleto,1,5231.88
PAY-000258,ORD-014153,debit_card,1,7571.08
PAY-000259,ORD-014159,boleto,1,6578.88
PAY-000260,ORD-011626,boleto,1,4450.95
PAY-000261,ORD-003064,boleto,1,6842.75
PAY-000262,ORD-000516,boleto,1,357.77
PAY-000263,ORD-000586,voucher,1,1549.65
PAY-000264,ORD-005728,debit_card,1,7341.71
PAY-000265,ORD-012173,debit_card,1,5652.19
PAY-000266,ORD-000923,voucher,1,812.22
PAY-000267,ORD-005497,boleto,1,6668.21
PAY-000268,ORD-010402,debit_card,1,4902.77
PAY-000269,ORD-010477,debit_card,1,6169.63
PAY-000270,ORD-007511,credit_card,12,812.58
PAY-000271,ORD-005045,debit_card,1,1577.24
PAY-000272,ORD-000720,debit_card,1,5275.91
PAY-000273,ORD-009419,voucher,1,7318.2
PAY-000274,ORD-014313,credit_card,6,7751.52
PAY-000275,ORD-004350,debit_card,1,3390.98
PAY-000276,ORD-010165,debit_card,1,401.71
PAY-000277,ORD-004174,boleto,1,6501.17
PAY-000278,ORD-011418,credit_card,7,1755.71
PAY-000279,ORD-002943,voucher,1,1165.24
PAY-000280,ORD-011266,credit_card,4,4626.47
PAY-000281,ORD-014051,debit_card,1,4266.84
PAY-000282,ORD-003329,voucher,1,-363.07
PAY-000283,ORD-011100,boleto,1,7049.94
PAY-000284,ORD-007199,boleto,1,5941.06
PAY-000285,ORD-012915,boleto,1,2212.87
PAY-000286,ORD-013995,credit_card,4,5534.37
PAY-000287,ORD-006902,debit_card,1,7407.54
PAY-000288,ORD-001605,voucher,1,5836.51
PAY-000289,ORD-001620,debit_card,1,37.14
PAY-000290,ORD-003531,debit_card,1,5634.35
PAY-000291,ORD-008176,credit_card,3,6854.49
PAY-000292,ORD-003831,debit_card,1,-1.71
PAY-000293,ORD-008523,boleto,1,1711.89
PAY-000294,ORD-011078,voucher,1,5850.72
PAY-000295,ORD-008002,credit_card,1,419.0
PAY-000296,ORD-013352,voucher,1,1688.0
PAY-000297,ORD-010189,voucher,1,1591.74
PAY-000298,ORD-002541,boleto,1,972.05
PAY-000299,ORD-011407,credit_card,11,594.54
PAY-000300,ORD-004420,boleto,1,212.49
PAY-000301,ORD-012359,boleto,1,4485.16
PAY-000302,ORD-013075,voucher,1,148.52
PAY-000303,ORD-013938,credit_card,4,1570.98
PAY-000304,ORD-014270,boleto,1,3092.29
PAY-000305,ORD-009693,debit_card,1,1408.44
PAY-000306,ORD-009770,credit_card,4,2957.72
PAY-000307,ORD-014795,debit_card,1,432.53
PAY-000308,ORD-001642,boleto,1,1021.71
PAY-000309,ORD-007622,boleto,1,5927.07
PAY-000310,ORD-004943,voucher,1,383.24
PAY-000311,ORD-008715,voucher,1,2519.27
PAY-000312,ORD-004176,credit_card,3,7387.01
PAY-000313,ORD-003558,voucher,1,6205.74
PAY-000314,ORD-002800,voucher,1,3919.99
PAY-000315,ORD-006546,credit_card,2,1737.12
PAY-000316,ORD-002124,credit_card,5,1396.52
PAY-000317,ORD-006405,credit_card,1,7154.51
PAY-000318,ORD-003328,boleto,1,3021.96
PAY-000319,ORD-009942,debit_card,1,2742.55
PAY-000320,ORD-001255,debit_card,1,4234.69
PAY-000321,ORD-002519,boleto,1,2831.29
PAY-000322,ORD-008734,voucher,1,7007.45
PAY-000323,ORD-001820,voucher,1,2108.97
PAY-000324,ORD-004746,boleto,1,3077.06
PAY-000325,ORD-006721,debit_card,1,4476.76
PAY-000326,ORD-013095,debit_card,1,4370.31
PAY-000327,ORD-003354,credit_card,1,7610.04
PAY-000328,ORD-012329,credit_card,4,5112.22
PAY-000329,ORD-006191,debit_card,1,304.71
PAY-000330,ORD-006940,credit_card,10,6337.27
PAY-000331,ORD-011877,credit_card,7,6565.66
PAY-000332,ORD-010609,boleto,1,976.86
PAY-000333,ORD-008913,credit_card,1,784.93
PAY-000334,ORD-009584,boleto,1,1308.55
PAY-000335,ORD-009761,boleto,1,2930.16
PAY-000336,ORD-003074,credit_card,8,3291.65
PAY-000337,ORD-010613,boleto,1,6222.14
PAY-000338,ORD-005626,credit_card,10,385.44
PAY-000339,ORD-008997,voucher,1,7351.82
PAY-000340,ORD-006795,debit_card,1,3433.46
PAY-000341,ORD-000520,credit_card,9,1810.92
PAY-000342,ORD-013196,voucher,1,6446.93
PAY-000343,ORD-006550,boleto,1,1867.8
PAY-000344,ORD-011425,debit_card,1,1255.76
PAY-000345,ORD-005074,boleto,1,3869.22
PAY-000346,ORD-004540,boleto,1,4824.05
PAY-000347,ORD-004189,credit_card,7,1863.38
PAY-000348,ORD-013131,voucher,1,-346.54
PAY-000349,ORD-000513,voucher,1,897.74
PAY-000350,ORD-001252,credit_card,2,2492.78
PAY-000351,ORD-010445,credit_card,7,5728.01
PAY-000352,ORD-006927,credit_card,5,2495.31
PAY-000353,ORD-005097,credit_card,3,2963.55
PAY-000354,ORD-002906,credit_card,7,4538.29
PAY-000355,ORD-010935,debit_card,1,5462.31
PAY-000356,ORD-006171,voucher,1,7214.3
PAY-000357,ORD-003801,debit_card,1,6388.49
PAY-000358,ORD-001001,credit_card,10,4113.46
PAY-000359,ORD-007989,credit_card,4,5397.56
PAY-000360,ORD-012320,credit_card,10,7486.88
PAY-000361,ORD-003880,boleto,1,7471.64
PAY-000362,ORD-012553,boleto,1,6368.31
PAY-000363,ORD-000229,boleto,1,7361.88
PAY-000364,ORD-008604,credit_card,11,4535.72
PAY-000365,ORD-004304,debit_card,1,2521.9
PAY-000366,ORD-001529,debit_card,1,7404.53
PAY-000367,ORD-012966,boleto,1,5818.28
PAY-000368,ORD-013064,voucher,1,3286.01
PAY-000369,ORD-013532,credit_card,3,7011.05
PAY-000370,ORD-011745,boleto,1,2925.1
PAY-000371,ORD-008067,voucher,1,3101.97
PAY-000372,ORD-003038,credit_card,3,3153.06
PAY-000373,ORD-013175,voucher,1,5816.72
PAY-000374,ORD-011756,debit_card,1,2262.79
PAY-000375,ORD-004017,debit_card,1,7833.54
PAY-000376,ORD-011308,boleto,1,229.05
PAY-000377,ORD-013543,debit_card,1,7910.92
PAY-000378,ORD-014881,boleto,1,642.4
PAY-000379,ORD-004783,voucher,1,6287.91
PAY-000380,ORD-004461,credit_card,1,2866.53
PAY-000381,ORD-004259,debit_card,1,-378.38
PAY-000382,ORD-012436,voucher,1,3803.35
PAY-000383,ORD-001426,voucher,1,714.79
PAY-000384,ORD-008049,voucher,1,4878.86
PAY-000385,ORD-011755,voucher,1,5130.0
PAY-000386,ORD-004311,voucher,1,3055.43
PAY-000387,ORD-003596,debit_card,1,76.49
PAY-000388,ORD-014480,voucher,1,7599.73
PAY-000389,ORD-009703,voucher,1,6576.23
PAY-000390,ORD-005943,debit_card,1,2530.18
PAY-000391,ORD-010646,credit_card,2,260.24
PAY-000392,ORD-003286,credit_card,1,7656.03
PAY-000393,ORD-012003,voucher,1,6622.34
PAY-000394,ORD-011120,voucher,1,7838.75
PAY-000395,ORD-008130,boleto,1,4288.24
PAY-000396,ORD-012812,debit_card,1,2409.76
PAY-000397,ORD-003760,boleto,1,7488.13
PAY-000398,ORD-013844,voucher,1,2096.84
PAY-000399,ORD-004277,voucher,1,6639.25
PAY-000400,ORD-014336,boleto,1,3864.0
PAY-000401,ORD-005586,,1,2262.73
PAY-000402,ORD-005851,boleto,1,492.07
PAY-000403,ORD-005164,credit_card,12,1523.54
PAY-000404,ORD-001223,credit_card,1,4672.08
PAY-000405,ORD-009719,debit_card,1,6434.33
PAY-000406,ORD-013749,debit_card,1,5687.14
PAY-000407,ORD-010432,credit_card,2,3818.84
PAY-000408,ORD-002715,boleto,1,1672.75
PAY-000409,ORD-004172,credit_card,4,3191.01
PAY-000410,ORD-006931,debit_card,1,1538.46
PAY-000411,ORD-004923,voucher,1,3964.28
PAY-000412,ORD-011846,voucher,1,2975.18
PAY-000413,ORD-002719,credit_card,8,3776.66
PAY-000414,ORD-011796,debit_card,1,7020.53
PAY-000415,ORD-001425,debit_card,1,1817.72
PAY-000416,ORD-012182,voucher,1,658.46
PAY-000417,ORD-002544,voucher,1,5871.05
PAY-000418,ORD-002668,voucher,1,7235.03
PAY-000419,ORD-003228,boleto,1,7189.29
PAY-000420,ORD-001450,voucher,1,1318.84
PAY-000421,ORD-011209,voucher,1,3328.59
PAY-000422,ORD-012003,voucher,1,3109.83
PAY-000423,ORD-008910,voucher,1,2494.63
PAY-000424,ORD-010490,credit_card,7,4466.45
PAY-000425,ORD-003718,boleto,1,6027.9
PAY-000426,ORD-013767,boleto,1,5766.57
PAY-000427,ORD-010167,voucher,1,1223.96
PAY-000428,ORD-014208,debit_card,1,1312.04
PAY-000429,ORD-007237,credit_card,7,3657.6
PAY-000430,ORD-003625,debit_card,1,3484.28
PAY-000431,ORD-013893,credit_card,12,1778.13
PAY-000432,ORD-002748,credit_card,6,-413.16
PAY-000433,ORD-002081,voucher,1,2984.29
PAY-000434,ORD-000916,voucher,1,1280.78
PAY-000435,ORD-010278,credit_card,5,5894.61
PAY-000436,ORD-006368,boleto,1,5462.04
PAY-000437,ORD-003914,credit_card,7,-61.07
PAY-000438,ORD-012112,boleto,1,4867.5
PAY-000439,ORD-006142,debit_card,1,7503.05
PAY-000440,ORD-006257,boleto,1,1656.86
PAY-000441,ORD-002612,boleto,1,2994.29
PAY-000442,ORD-013723,debit_card,1,2314.72
PAY-000443,ORD-011238,credit_card,7,766.65
PAY-000444,ORD-010474,boleto,1,705.31
PAY-000445,ORD-007211,debit_card,1,2675.47
PAY-000446,ORD-004277,voucher,1,3958.34
PAY-000447,ORD-006678,credit_card,10,5556.28
PAY-000448,ORD-012419,boleto,1,5777.98
PAY-000449,ORD-014965,voucher,1,252.76
PAY-000450,ORD-011516,debit_card,1,2670.59
PAY-000451,ORD-001825,voucher,1,1098.16
PAY-000452,ORD-006651,credit_card,8,262.76
PAY-000453,ORD-004545,debit_card,1,2924.18
PAY-000454,ORD-012504,voucher,1,5046.91
PAY-000455,ORD-009946,boleto,1,2937.71
PAY-000456,ORD-000056,credit_card,11,6904.1
PAY-000457,ORD-010280,credit_card,11,7688.86
PAY-000458,ORD-004392,credit_card,5,-407.24
PAY-000459,ORD-013627,credit_card,8,1317.32
PAY-000460,ORD-008194,voucher,1,4028.28
PAY-000461,ORD-000882,boleto,1,6086.36
PAY-000462,ORD-012843,boleto,1,2925.52
PAY-000463,ORD-010938,boleto,1,1361.37
PAY-000464,ORD-013767,credit_card,9,2462.38
PAY-000465,ORD-002587,debit_card,1,1244.63
PAY-000466,ORD-004828,voucher,1,4442.59
PAY-000467,ORD-009376,boleto,1,4577.5
PAY-000468,ORD-002350,credit_card,6,6237.12
PAY-000469,ORD-005096,credit_card,1,1450.87
PAY-000470,ORD-007643,boleto,1,3024.44
PAY-000471,ORD-002001,voucher,1,3663.43
PAY-000472,ORD-012207,boleto,1,3995.2
PAY-000473,ORD-010323,boleto,1,6793.38
PAY-000474,ORD-007961,boleto,1,3092.24
PAY-000475,ORD-010240,voucher,1,1726.05
PAY-000476,ORD-001930,debit_card,1,5645.0
PAY-000477,ORD-001059,voucher,1,3346.76
PAY-000478,ORD-004430,debit_card,1,1916.72
PAY-000479,ORD-000003,debit_card,1,7438.64
PAY-000480,ORD-009113,debit_card,1,7947.07
PAY-000481,ORD-003676,credit_card,3,4488.36
PAY-000482,ORD-013158,credit_card,7,3012.79
PAY-000483,ORD-014479,voucher,1,1076.03
PAY-000484,ORD-012358,voucher,1,6852.45
PAY-000485,ORD-003900,credit_card,5,1465.98
PAY-000486,ORD-014352,credit_card,6,5353.37
PAY-000487,ORD-010428,credit_card,8,4266.79
PAY-000488,ORD-008925,voucher,1,6697.32
PAY-000489,ORD-001890,debit_card,1,2772.78
PAY-000490,ORD-010859,credit_card,6,4906.52
PAY-000491,ORD-004155,boleto,1,-73.24
PAY-000492,ORD-008647,debit_card,1,4895.63
PAY-000493,ORD-008322,voucher,1,5312.99
PAY-000494,ORD-013300,voucher,1,900.67
PAY-000495,ORD-004022,voucher,1,5889.36
PAY-000496,ORD-009172,voucher,1,4009.85
PAY-000497,ORD-008167,voucher,1,4805.75
PAY-000498,ORD-003146,voucher,1,7974.97
PAY-000499,ORD-001947,voucher,1,6348.01
PAY-000500,ORD-007633,voucher,1,7360.17
PAY-000501,ORD-013090,boleto,1,3505.88
PAY-000502,ORD-013801,boleto,1,4707.19
PAY-000503,ORD-004018,boleto,1,2278.38
PAY-000504,ORD-006053,boleto,1,4851.12
PAY-000505,ORD-004610,credit_card,11,4010.57
PAY-000506,ORD-009687,debit_card,1,2521.08
PAY-000507,ORD-014008,boleto,1,4449.9
PAY-000508,ORD-008748,credit_card,9,6880.09
PAY-000509,ORD-003644,voucher,1,6960.43
PAY-000510,ORD-005117,voucher,1,1580.2
PAY-000511,ORD-010803,boleto,1,5441.67
PAY-000512,ORD-008115,credit_card,9,5763.9
PAY-000513,ORD-003803,credit_card,12,4877.68
PAY-000514,ORD-004225,voucher,1,6111.6
PAY-000515,ORD-008538,debit_card,1,1839.61
PAY-000516,ORD-010965,credit_card,9,6815.39
PAY-000517,ORD-011926,boleto,1,7112.58
PAY-000518,ORD-005464,debit_card,1,4866.53
PAY-000519,ORD-014171,boleto,1,5908.84
PAY-000520,ORD-011174,debit_card,1,5705.65
PAY-000521,ORD-011096,debit_card,1,6169.47
PAY-000522,ORD-002783,boleto,1,2861.54
PAY-000523,ORD-007042,boleto,1,670.03
PAY-000524,ORD-014136,credit_card,12,2106.61
PAY-000525,ORD-008120,voucher,1,5397.97
PAY-000526,ORD-002513,voucher,1,1685.19
PAY-000527,ORD-003772,credit_card,3,7586.92
PAY-000528,ORD-003782,voucher,1,-23.45
PAY-000529,ORD-005418,credit_card,10,4545.48
PAY-000530,ORD-009995,voucher,1,5312.9
PAY-000531,ORD-013913,credit_card,12,4428.47
PAY-000532,ORD-013851,voucher,1,7711.68
PAY-000533,ORD-010602,voucher,1,1021.2
PAY-000534,ORD-004589,voucher,1,1170.69
PAY-000535,ORD-014580,credit_card,4,4377.67
PAY-000536,ORD-002465,debit_card,1,2644.26
PAY-000537,ORD-014771,credit_card,,4161.0
PAY-000538,ORD-014581,cash,1,217.2
PAY-000539,ORD-000261,voucher,1,6504.68
PAY-000540,ORD-007259,boleto,1,4573.07
PAY-000541,ORD-013724,voucher,1,4126.97
PAY-000542,ORD-001029,debit_card,1,7592.87
PAY-000543,ORD-010356,boleto,1,6029.51
PAY-000544,ORD-001126,voucher,1,7637.48
PAY-000545,ORD-006351,voucher,1,6568.07
PAY-000546,ORD-004558,voucher,1,2734.93
PAY-000547,ORD-003805,credit_card,3,3977.56
PAY-000548,ORD-003583,voucher,,4580.73
PAY-000549,ORD-013214,debit_card,1,692.46
PAY-000550,ORD-004137,voucher,1,7108.4
PAY-000551,ORD-001507,boleto,1,3323.99
PAY-000552,ORD-001524,credit_card,5,-452.76
PAY-000553,ORD-010616,voucher,1,5210.86
PAY-000554,ORD-001770,voucher,1,7879.48
PAY-000555,ORD-002857,credit_card,11,2140.8
PAY-000556,ORD-010373,credit_card,4,6908.98
PAY-000557,ORD-008759,bitcoin,6,2255.89
PAY-000558,ORD-001892,boleto,1,735.94
PAY-000559,ORD-001177,debit_card,1,1402.93
PAY-000560,ORD-009966,boleto,1,2430.67
PAY-000561,ORD-005265,voucher,1,4941.74
PAY-000562,ORD-014270,voucher,1,3163.22
PAY-000563,ORD-009575,debit_card,1,3167.01
PAY-000564,ORD-007495,voucher,1,4719.95
PAY-000565,ORD-006613,voucher,1,17.61
PAY-000566,ORD-007261,debit_card,1,2962.85
PAY-000567,ORD-010642,boleto,1,5231.52
PAY-000568,ORD-007070,voucher,1,2688.45
PAY-000569,ORD-003449,credit_card,4,5654.56
PAY-000570,ORD-000043,voucher,1,3515.01
PAY-000571,ORD-010720,debit_card,1,4864.06
PAY-000572,ORD-004170,credit_card,3,7758.5
PAY-000573,ORD-008994,boleto,1,5280.72
PAY-000574,ORD-007837,boleto,1,689.52
PAY-000575,ORD-006263,boleto,1,787.59
PAY-000576,ORD-002101,credit_card,2,6526.55
PAY-000577,ORD-008364,credit_card,12,2927.23
PAY-000578,ORD-006011,debit_card,1,2051.08
PAY-000579,ORD-005083,credit_card,12,25.19
PAY-000580,ORD-005902,debit_card,1,2252.64
PAY-000581,ORD-010717,debit_card,1,1080.74
PAY-000582,ORD-013137,voucher,1,4929.3
PAY-000583,ORD-014072,voucher,1,3930.71
PAY-000584,ORD-005550,voucher,1,1611.18
PAY-000585,ORD-007050,credit_card,,6647.82
PAY-000586,ORD-008832,debit_card,1,4627.43
PAY-000587,ORD-009291,debit_card,1,6976.19
PAY-000588,ORD-014096,voucher,1,7140.75
PAY-000589,ORD-010222,credit_card,3,2790.17
PAY-000590,ORD-004076,voucher,1,4301.62
PAY-000591,ORD-011918,voucher,1,1001.89
PAY-000592,ORD-013150,boleto,1,5271.15
PAY-000593,ORD-012387,voucher,1,777.0
PAY-000594,ORD-012377,debit_card,1,5842.53
PAY-000595,ORD-005218,voucher,1,2751.31
PAY-000596,ORD-008402,boleto,1,7356.35
PAY-000597,ORD-000977,boleto,1,7723.62
PAY-000598,ORD-004711,boleto,1,5116.81
PAY-000599,ORD-011173,credit_card,4,6475.01
PAY-000600,ORD-004864,debit_card,1,7697.3
PAY-000601,ORD-002614,voucher,1,4749.78
PAY-000602,ORD-005793,credit_card,10,4611.63
PAY-000603,ORD-006969,credit_card,7,742.05
PAY-000604,ORD-001002,boleto,1,7588.52
PAY-000605,ORD-004780,voucher,1,4570.42
PAY-000606,ORD-000009,debit_card,1,6634.23
PAY-000607,ORD-002336,credit_card,2,6801.74
PAY-000608,ORD-014038,voucher,1,6272.25
PAY-000609,ORD-005530,debit_card,1,2048.37
PAY-000610,ORD-009098,voucher,1,5240.86
PAY-000611,ORD-005002,credit_card,8,1275.99
PAY-000612,ORD-002664,boleto,1,6010.81
PAY-000613,ORD-003747,credit_card,8,1615.55
PAY-000614,ORD-005625,voucher,1,6622.49
PAY-000615,ORD-012288,credit_card,3,6819.42
PAY-000616,ORD-007728,credit_card,9,6107.93
PAY-000617,ORD-003269,voucher,1,4064.39
PAY-000618,ORD-006549,voucher,1,1894.29
PAY-000619,ORD-012229,debit_card,1,-132.91
PAY-000620,ORD-009071,debit_card,1,7073.43
PAY-000621,ORD-000934,credit_card,8,1563.2
PAY-000622,ORD-009667,boleto,1,5845.46
PAY-000623,ORD-008414,voucher,1,1385.02
PAY-000624,ORD-007357,voucher,1,6386.12
PAY-000625,ORD-014530,debit_card,1,1847.62
PAY-000626,ORD-012913,credit_card,4,4155.48
PAY-000627,ORD-008684,credit_card,12,748.59
PAY-000628,ORD-011165,debit_card,1,1371.61
PAY-000629,ORD-009801,voucher,1,327.49
PAY-000630,ORD-000434,boleto,1,3736.99
PAY-000631,ORD-012945,credit_card,3,3223.72
PAY-000632,ORD-010470,credit_card,3,3998.7
PAY-000633,ORD-001527,voucher,1,-136.49
PAY-000634,ORD-000296,credit_card,9,3852.93
PAY-000635,ORD-009644,debit_card,1,6736.76
PAY-000636,ORD-009022,voucher,1,2631.28
PAY-000637,ORD-011143,debit_card,1,6618.1
PAY-000638,ORD-010465,boleto,1,4098.36
PAY-000639,ORD-010288,debit_card,1,6345.49
PAY-000640,ORD-010999,voucher,1,4840.96
PAY-000641,ORD-001565,debit_card,1,3139.76
PAY-000642,ORD-012835,credit_card,7,413.98
PAY-000643,ORD-009800,debit_card,1,2803.94
PAY-000644,ORD-003281,credit_card,2,7284.44
PAY-000645,ORD-014760,credit_card,11,942.33
PAY-000646,ORD-004878,boleto,1,3955.44
PAY-000647,ORD-007600,bitcoin,1,4777.55
PAY-000648,ORD-004322,boleto,1,4448.52
PAY-000649,ORD-009759,boleto,1,948.83
PAY-000650,ORD-013675,credit_card,4,3423.72
PAY-000651,ORD-007380,debit_card,1,1094.38
PAY-000652,ORD-013512,debit_card,1,5064.45
PAY-000653,ORD-009122,boleto,1,1496.73
PAY-000654,ORD-011568,voucher,,7704.06
PAY-000655,ORD-012114,credit_card,1,6580.65
PAY-000656,ORD-005178,debit_card,1,7816.22
PAY-000657,ORD-003928,voucher,1,3742.74
PAY-000658,ORD-001768,debit_card,1,6117.36
PAY-000659,ORD-003873,credit_card,,7822.2
PAY-000660,ORD-008527,debit_card,1,2565.07
PAY-000661,ORD-007688,credit_card,9,4408.5
PAY-000662,ORD-006520,voucher,1,2352.03
PAY-000663,ORD-014934,boleto,1,4416.78
PAY-000664,ORD-002145,debit_card,1,5202.67
PAY-000665,ORD-009320,credit_card,9,7792.93
PAY-000666,ORD-010390,boleto,1,51.94
PAY-000667,ORD-008107,voucher,1,1829.87
PAY-000668,ORD-001466,voucher,1,7218.69
PAY-000669,ORD-001716,debit_card,1,6574.56
PAY-000670,ORD-008691,voucher,1,3779.64
PAY-000671,ORD-002226,debit_card,1,916.09
PAY-000672,ORD-005193,voucher,1,5064.0
PAY-000673,ORD-012009,boleto,1,4765.93
PAY-000674,ORD-002796,credit_card,12,5050.6
PAY-000675,ORD-011465,voucher,1,3776.73
PAY-000676,ORD-012142,debit_card,1,6799.56
PAY-000677,ORD-011572,debit_card,1,4329.72
PAY-000678,ORD-014008,voucher,1,1664.91
PAY-000679,ORD-009098,voucher,1,3430.97
PAY-000680,ORD-005205,voucher,1,1290.07
PAY-000681,ORD-012605,voucher,1,2674.19
PAY-000682,ORD-002701,debit_card,1,3208.67
PAY-000683,ORD-006874,boleto,1,2291.48
PAY-000684,ORD-004664,credit_card,8,1202.55
PAY-000685,ORD-003005,credit_card,5,7581.21
PAY-000686,ORD-001034,debit_card,1,6489.97
PAY-000687,ORD-001705,debit_card,,6060.22
PAY-000688,ORD-004373,credit_card,10,3906.88
PAY-000689,ORD-008610,debit_card,1,5252.32
PAY-000690,ORD-005759,credit_card,8,5397.9
PAY-000691,ORD-014580,debit_card,1,2792.09
PAY-000692,ORD-011202,boleto,1,7034.92
PAY-000693,ORD-007724,credit_card,9,2340.08
PAY-000694,ORD-013501,credit_card,4,323.13
PAY-000695,ORD-004632,debit_card,1,3197.08
PAY-000696,ORD-010899,debit_card,1,3325.79
PAY-000697,ORD-002963,debit_card,1,209.82
PAY-000698,ORD-003737,boleto,1,2563.29
PAY-000699,ORD-008449,boleto,1,5931.96
PAY-000700,ORD-014441,boleto,1,6071.18
PAY-000701,ORD-001633,debit_card,1,2238.74
PAY-000702,ORD-014584,credit_card,7,4041.77
PAY-000703,ORD-002750,credit_card,7,2540.55
PAY-000704,ORD-013870,credit_card,2,3159.3
PAY-000705,ORD-007465,boleto,1,2578.86
PAY-000706,ORD-013102,credit_card,5,2007.08
PAY-000707,ORD-000877,bitcoin,1,1710.32
PAY-000708,ORD-013752,credit_card,4,4071.86
PAY-000709,ORD-004420,voucher,1,6061.35
PAY-000710,ORD-007059,debit_card,1,3494.14
PAY-000711,ORD-002634,credit_card,9,1527.0
PAY-000712,ORD-011323,PIX,1,5104.06
PAY-000713,ORD-006846,boleto,1,2052.62
PAY-000714,ORD-004502,,6,2597.71
PAY-000715,ORD-010375,debit_card,1,1863.51
PAY-000716,ORD-003362,debit_card,1,7726.95
PAY-000717,ORD-014248,debit_card,1,5787.3
PAY-000718,ORD-008110,boleto,1,4534.17
PAY-000719,ORD-005395,boleto,1,5755.02
PAY-000720,ORD-002434,boleto,1,2732.4
PAY-000721,ORD-011883,voucher,1,2899.56
PAY-000722,ORD-008514,boleto,1,2464.7
PAY-000723,ORD-009387,debit_card,1,411.13
PAY-000724,ORD-009120,debit_card,1,6931.65
PAY-000725,ORD-014349,credit_card,4,4056.63
PAY-000726,ORD-005227,voucher,1,188.97
PAY-000727,ORD-001562,voucher,1,4633.71
PAY-000728,ORD-001450,debit_card,1,6297.67
PAY-000729,ORD-014962,voucher,1,2929.96
PAY-000730,ORD-013687,debit_card,1,7869.28
PAY-000731,ORD-008196,debit_card,1,3954.68
PAY-000732,ORD-011395,voucher,1,5336.02
PAY-000733,ORD-006956,debit_card,1,1183.39
PAY-000734,ORD-000180,credit_card,10,552.95
PAY-000735,ORD-002882,boleto,1,7451.32
PAY-000736,ORD-002834,debit_card,1,4771.27
PAY-000737,ORD-000780,debit_card,1,6442.12
PAY-000738,ORD-000502,voucher,1,779.07
PAY-000739,ORD-014689,debit_card,1,5492.85
PAY-000740,ORD-008234,boleto,1,264.85
PAY-000741,ORD-008160,debit_card,1,172.21
PAY-000742,ORD-008315,credit_card,10,1122.73
PAY-000743,ORD-004987,,12,5471.63
PAY-000744,ORD-000384,voucher,1,937.7
PAY-000745,ORD-013841,debit_card,1,4936.64
PAY-000746,ORD-000288,boleto,1,6281.69
PAY-000747,ORD-003853,voucher,1,5671.4
PAY-000748,ORD-001140,boleto,1,2033.76
PAY-000749,ORD-012540,voucher,1,53.59
PAY-000750,ORD-013008,debit_card,1,792.72
PAY-000751,ORD-006421,voucher,1,962.06
PAY-000752,ORD-006953,boleto,1,1841.72
PAY-000753,ORD-008337,credit_card,10,6671.86
PAY-000754,ORD-007612,credit_card,12,7058.25
PAY-000755,ORD-002363,debit_card,1,6304.84
PAY-000756,ORD-004734,voucher,1,2286.44
PAY-000757,ORD-001929,boleto,1,3731.12
PAY-000758,ORD-014013,boleto,1,742.34
PAY-000759,ORD-008210,debit_card,1,1807.69
PAY-000760,ORD-012412,credit_card,5,2236.63
PAY-000761,ORD-011270,boleto,1,3828.63
PAY-000762,ORD-014150,debit_card,1,4615.62
PAY-000763,ORD-000747,voucher,1,4037.26
PAY-000764,ORD-012281,debit_card,1,2269.32
PAY-000765,ORD-008947,voucher,1,-407.97
PAY-000766,ORD-004121,debit_card,1,4479.13
PAY-000767,ORD-001047,credit_card,4,7234.92
PAY-000768,ORD-001511,boleto,1,5274.43
PAY-000769,ORD-012526,voucher,,2586.15
PAY-000770,ORD-008052,voucher,1,7981.9
PAY-000771,ORD-006064,debit_card,1,2697.03
PAY-000772,ORD-008736,credit_card,7,4791.48
PAY-000773,ORD-008002,voucher,1,1716.82
PAY-000774,ORD-000836,credit_card,9,457.96
PAY-000775,ORD-010414,debit_card,1,4094.55
PAY-000776,ORD-008134,boleto,1,5611.35
PAY-000777,ORD-014821,credit_card,1,3921.97
PAY-000778,ORD-009295,debit_card,1,6037.48
PAY-000779,ORD-004838,boleto,1,2495.16
PAY-000780,ORD-005155,voucher,1,4285.11
PAY-000781,ORD-007893,voucher,1,1142.48
PAY-000782,ORD-006340,boleto,1,1761.37
PAY-000783,ORD-009161,bitcoin,,7036.78
PAY-000784,ORD-002149,credit_card,3,1845.32
PAY-000785,ORD-000221,debit_card,1,4897.47
PAY-000786,ORD-007575,boleto,1,5828.36
PAY-000787,ORD-000674,voucher,1,3740.77
PAY-000788,ORD-006418,credit_card,7,5524.75
PAY-000789,ORD-000109,credit_card,8,681.1
PAY-000790,ORD-010628,debit_card,1,4300.33
PAY-000791,ORD-010878,voucher,1,6762.84
PAY-000792,ORD-014512,credit_card,2,3818.59
PAY-000793,ORD-007749,debit_card,1,3420.14
PAY-000794,ORD-011017,debit_card,1,5297.96
PAY-000795,ORD-006472,boleto,1,4119.37
PAY-000796,ORD-007180,voucher,1,6592.59
PAY-000797,ORD-012801,debit_card,1,3323.03
PAY-000798,ORD-005581,voucher,1,7365.3
PAY-000799,ORD-000500,voucher,1,775.16
PAY-000800,ORD-001679,credit_card,6,1484.78
PAY-000801,ORD-002370,voucher,1,5474.33
PAY-000802,ORD-012276,debit_card,1,845.23
PAY-000803,ORD-012244,credit_card,5,530.32
PAY-000804,ORD-013016,voucher,1,1164.94
PAY-000805,ORD-008836,boleto,1,1665.14
PAY-000806,ORD-014540,debit_card,1,616.42
PAY-000807,ORD-010643,boleto,1,7951.76
PAY-000808,ORD-004682,debit_card,1,7993.66
PAY-000809,ORD-009996,debit_card,1,7381.53
PAY-000810,ORD-009372,boleto,1,1725.43
PAY-000811,ORD-010852,boleto,1,1601.27
PAY-000812,ORD-006646,boleto,1,6128.39
PAY-000813,ORD-003052,credit_card,8,2814.1
PAY-000814,ORD-002074,boleto,1,1464.21
PAY-000815,ORD-013989,debit_card,1,3082.93
PAY-000816,ORD-013004,voucher,1,799.91
PAY-000817,ORD-013003,voucher,1,3207.15
PAY-000818,ORD-014335,boleto,1,1333.09
PAY-000819,ORD-002718,voucher,1,4571.63
PAY-000820,ORD-009864,debit_card,1,4838.59
PAY-000821,ORD-005247,voucher,1,4326.09
PAY-000822,ORD-005262,boleto,1,3445.68
PAY-000823,ORD-008362,voucher,1,4858.74
PAY-000824,ORD-008322,voucher,1,1293.02
PAY-000825,ORD-013402,credit_card,4,4256.58
PAY-000826,ORD-003098,debit_card,1,5706.21
PAY-000827,ORD-014864,boleto,1,7057.5
PAY-000828,ORD-004987,credit_card,1,4656.0
PAY-000829,ORD-002090,boleto,1,6281.97
PAY-000830,ORD-014995,credit_card,4,713.73
PAY-000831,ORD-010088,boleto,1,2708.68
PAY-000832,ORD-013373,boleto,1,4420.18
PAY-000833,ORD-010415,credit_card,11,5815.22
PAY-000834,ORD-010167,debit_card,1,3143.16
PAY-000835,ORD-001889,boleto,1,2717.04
PAY-000836,ORD-006614,boleto,1,3622.3
PAY-000837,ORD-005501,voucher,1,905.96
PAY-000838,ORD-002768,debit_card,1,3480.53
PAY-000839,ORD-002032,debit_card,1,5840.33
PAY-000840,ORD-003393,voucher,1,4998.25
PAY-000841,ORD-007512,credit_card,1,2309.57
PAY-000842,ORD-005638,credit_card,4,6377.65
PAY-000843,ORD-013847,voucher,1,1431.75
PAY-000844,ORD-009522,credit_card,9,5643.97
PAY-000845,ORD-009762,debit_card,1,3617.49
PAY-000846,ORD-008076,voucher,1,7750.18
PAY-000847,ORD-000636,credit_card,8,1120.17
PAY-000848,ORD-007908,credit_card,12,519.54
PAY-000849,ORD-014542,debit_card,1,4775.64
PAY-000850,ORD-012208,voucher,1,3658.34
PAY-000851,ORD-008684,debit_card,1,3535.56
PAY-000852,ORD-013605,credit_card,12,216.1
PAY-000853,ORD-011088,boleto,1,2035.19
PAY-000854,ORD-005619,voucher,1,166.72
PAY-000855,ORD-002927,credit_card,11,1856.05
PAY-000856,ORD-000459,credit_card,8,2984.97
PAY-000857,ORD-010369,voucher,1,3624.1
PAY-000858,ORD-010695,debit_card,1,4792.83
PAY-000859,ORD-010588,credit_card,1,7130.3
PAY-000860,ORD-009470,voucher,1,6749.59
PAY-000861,ORD-010918,boleto,1,1988.2
PAY-000862,ORD-007465,debit_card,1,-471.91
PAY-000863,ORD-009542,debit_card,1,3452.22
PAY-000864,ORD-013140,credit_card,3,7968.14
PAY-000865,ORD-014480,debit_card,1,858.3
PAY-000866,ORD-004576,voucher,1,2409.54
PAY-000867,ORD-000893,credit_card,7,6365.49
PAY-000868,ORD-011344,credit_card,7,3598.79
PAY-000869,ORD-004137,boleto,1,7274.39
PAY-000870,ORD-002048,boleto,1,1992.41
PAY-000871,ORD-005829,debit_card,1,514.69
PAY-000872,ORD-006612,voucher,1,7721.9
PAY-000873,ORD-005050,boleto,1,3091.85
PAY-000874,ORD-000916,debit_card,1,2387.51
PAY-000875,ORD-010124,debit_card,1,1104.1
PAY-000876,ORD-006957,boleto,1,3048.15
PAY-000877,ORD-009516,voucher,1,7354.7
PAY-000878,ORD-002644,credit_card,9,7935.8
PAY-000879,ORD-014182,credit_card,8,1336.09
PAY-000880,ORD-004550,voucher,1,2788.54
PAY-000881,ORD-010712,credit_card,2,1123.89
PAY-000882,ORD-005887,boleto,1,4977.14
PAY-000883,ORD-001791,credit_card,9,2850.79
PAY-000884,ORD-013308,debit_card,1,1699.86
PAY-000885,ORD-010785,debit_card,1,5084.65
PAY-000886,ORD-000685,boleto,1,973.37
PAY-000887,ORD-013496,voucher,1,5435.46
PAY-000888,ORD-003942,credit_card,5,1983.42
PAY-000889,ORD-002688,debit_card,1,6583.52
PAY-000890,ORD-013042,boleto,1,2467.1
PAY-000891,ORD-010986,credit_card,4,5500.83
PAY-000892,ORD-002518,,1,7348.56
PAY-000893,ORD-011743,credit_card,12,1671.14
PAY-000894,ORD-010412,voucher,1,4483.34
PAY-000895,ORD-011576,boleto,1,2531.84
PAY-000896,ORD-000741,voucher,1,2508.0
PAY-000897,ORD-009676,debit_card,1,5135.31
PAY-000898,ORD-001829,voucher,1,2165.99
PAY-000899,ORD-004942,boleto,1,4671.74
PAY-000900,ORD-004800,debit_card,1,3091.64
PAY-000901,ORD-007314,debit_card,1,7150.64
PAY-000902,ORD-009765,voucher,1,6495.82
PAY-000903,ORD-014897,boleto,1,2045.08
PAY-000904,ORD-011168,boleto,1,1220.2
PAY-000905,ORD-010978,boleto,1,3783.87
PAY-000906,ORD-013094,debit_card,1,6457.65
PAY-000907,ORD-001705,voucher,1,-421.13
PAY-000908,ORD-003732,voucher,1,5996.57
PAY-000909,ORD-009189,credit_card,2,5010.81
PAY-000910,ORD-011343,credit_card,8,4973.59
PAY-000911,ORD-002347,voucher,1,6296.97
PAY-000912,ORD-012800,voucher,1,3734.77
PAY-000913,ORD-009959,credit_card,10,2246.0
PAY-000914,ORD-000584,boleto,1,7740.32
PAY-000915,ORD-005968,debit_card,1,2758.97
PAY-000916,ORD-001814,credit_card,4,-403.21
PAY-000917,ORD-014897,boleto,1,1573.16
PAY-000918,ORD-005279,boleto,1,2102.12
PAY-000919,ORD-004405,credit_card,10,2554.36
PAY-000920,ORD-001314,debit_card,1,3396.61
PAY-000921,ORD-003567,boleto,1,7594.54
PAY-000922,ORD-004211,debit_card,1,4212.85
PAY-000923,ORD-000912,credit_card,8,2914.23
PAY-000924,ORD-009364,boleto,1,1122.28
PAY-000925,ORD-009411,voucher,1,6799.93
PAY-000926,ORD-008717,credit_card,4,3527.95
PAY-000927,ORD-008453,boleto,1,5736.28
PAY-000928,ORD-014402,voucher,,2326.64
PAY-000929,ORD-008665,boleto,1,6724.64
PAY-000930,ORD-006787,voucher,1,4608.22
PAY-000931,ORD-007654,voucher,1,4673.28
PAY-000932,ORD-012930,voucher,1,816.78
PAY-000933,ORD-000513,boleto,1,5471.87
PAY-000934,ORD-004757,voucher,1,5376.47
PAY-000935,ORD-010458,boleto,1,2074.42
PAY-000936,ORD-011276,boleto,1,5503.88
PAY-000937,ORD-014422,credit_card,5,715.96
PAY-000938,ORD-005893,credit_card,11,7993.73
PAY-000939,ORD-004978,voucher,1,5468.67
PAY-000940,ORD-000605,credit_card,11,3749.15
PAY-000941,ORD-006113,debit_card,1,3245.03
PAY-000942,ORD-013888,voucher,1,1507.16
PAY-000943,ORD-012973,debit_card,1,351.82
PAY-000944,ORD-004403,credit_card,6,2231.64
PAY-000945,ORD-000880,voucher,1,3078.53
PAY-000946,ORD-005670,boleto,1,6021.57
PAY-000947,ORD-003912,boleto,1,1795.56
PAY-000948,ORD-012886,debit_card,1,2216.77
PAY-000949,ORD-000692,credit_card,10,5857.57
PAY-000950,ORD-014885,boleto,1,2336.33
PAY-000951,ORD-008545,debit_card,1,144.57
PAY-000952,ORD-009688,debit_card,1,4012.89
PAY-000953,ORD-002912,debit_card,1,6723.89
PAY-000954,ORD-005031,credit_card,3,3217.59
PAY-000955,ORD-004113,credit_card,2,2826.29
PAY-000956,ORD-008999,voucher,1,7696.17
PAY-000957,ORD-010267,debit_card,1,1382.85
PAY-000958,ORD-011256,voucher,1,6011.96
PAY-000959,ORD-013325,credit_card,8,7725.37
PAY-000960,ORD-013193,voucher,1,7525.65
PAY-000961,ORD-008432,credit_card,5,4785.67
PAY-000962,ORD-009853,debit_card,1,915.71
PAY-000963,ORD-005003,boleto,1,5489.56
PAY-000964,ORD-007272,boleto,1,2169.1
PAY-000965,ORD-010443,credit_card,11,5608.13
PAY-000966,ORD-005077,boleto,1,3429.74
PAY-000967,ORD-009368,voucher,1,4461.27
PAY-000968,ORD-011350,credit_card,4,1650.42
PAY-000969,ORD-011620,voucher,1,5858.79
PAY-000970,ORD-014636,credit_card,11,2251.68
PAY-000971,ORD-009996,credit_card,8,248.89
PAY-000972,ORD-014759,debit_card,1,7061.24
PAY-000973,ORD-005916,voucher,1,4937.1
PAY-000974,ORD-004300,credit_card,3,3192.08
PAY-000975,ORD-011062,voucher,1,-404.08
PAY-000976,ORD-012273,credit_card,2,842.22
PAY-000977,ORD-005957,boleto,1,6369.53
PAY-000978,ORD-014507,boleto,1,3788.41
PAY-000979,ORD-002593,voucher,1,4613.05
PAY-000980,ORD-014045,voucher,1,2917.42
PAY-000981,ORD-005014,debit_card,1,4103.58
PAY-000982,ORD-003922,credit_card,5,-20.21
PAY-000983,ORD-003221,debit_card,1,4539.4
PAY-000984,ORD-009360,credit_card,8,3884.4
PAY-000985,ORD-008728,voucher,1,5892.86
PAY-000986,ORD-012117,boleto,1,1816.91
PAY-000987,ORD-002684,debit_card,1,7480.38
PAY-000988,ORD-007960,credit_card,2,1446.61
PAY-000989,ORD-011033,debit_card,1,5692.45
PAY-000990,ORD-000998,voucher,1,2167.58
PAY-000991,ORD-004159,boleto,1,1429.73
PAY-000992,ORD-004134,debit_card,1,1542.43
PAY-000993,ORD-002839,boleto,1,2120.84
PAY-000994,ORD-013706,debit_card,1,933.68
PAY-000995,ORD-000983,voucher,1,360.49
PAY-000996,ORD-004285,credit_card,2,4489.7
PAY-000997,ORD-001252,boleto,1,683.17
PAY-000998,ORD-014133,voucher,1,1938.45
PAY-000999,ORD-005170,credit_card,4,4721.94
PAY-001000,ORD-014600,debit_card,1,1626.93
PAY-001001,ORD-004108,credit_card,6,3633.0
PAY-001002,ORD-009889,boleto,1,1818.91
PAY-001003,ORD-008737,credit_card,1,6043.46
PAY-001004,ORD-005581,credit_card,11,3020.18
PAY-001005,ORD-003081,debit_card,1,5702.93
PAY-001006,ORD-013633,voucher,1,956.95
PAY-001007,ORD-009517,credit_card,7,1886.12
PAY-001008,ORD-008443,boleto,1,7376.52
PAY-001009,ORD-008835,boleto,1,4109.53
PAY-001010,ORD-007941,voucher,1,5350.23
PAY-001011,ORD-002392,boleto,1,2914.33
PAY-001012,ORD-005236,credit_card,4,6057.55
PAY-001013,ORD-001944,credit_card,6,5574.39
PAY-001014,ORD-006425,debit_card,1,5696.66
PAY-001015,ORD-004556,debit_card,1,6870.58
PAY-001016,ORD-013265,debit_card,1,2021.34
PAY-001017,ORD-007771,debit_card,1,6403.72
PAY-001018,ORD-008395,debit_card,1,497.52
PAY-001019,ORD-013112,boleto,1,5159.25
PAY-001020,ORD-011136,voucher,1,454.0
PAY-001021,ORD-004257,debit_card,1,3596.04
PAY-001022,ORD-003262,debit_card,1,7960.55
PAY-001023,ORD-008595,credit_card,6,16.7
PAY-001024,ORD-010977,debit_card,,4126.5
PAY-001025,ORD-009483,debit_card,1,5763.53
PAY-001026,ORD-002267,debit_card,1,2013.62
PAY-001027,ORD-002266,voucher,1,2275.23
PAY-001028,ORD-009351,voucher,1,1765.64
PAY-001029,ORD-014623,credit_card,5,916.47
PAY-001030,ORD-005638,voucher,1,5473.29
PAY-001031,ORD-007257,voucher,1,3714.7
PAY-001032,ORD-001482,credit_card,4,2181.98
PAY-001033,ORD-010900,credit_card,3,2364.4
PAY-001034,ORD-009619,credit_card,11,306.96
PAY-001035,ORD-009211,debit_card,1,470.69
PAY-001036,ORD-006222,debit_card,1,4454.11
PAY-001037,ORD-003473,credit_card,1,4687.96
PAY-001038,ORD-002108,voucher,1,840.03
PAY-001039,ORD-011686,voucher,1,1386.84
PAY-001040,ORD-000006,voucher,1,7742.66
PAY-001041,ORD-002610,boleto,1,2462.96
PAY-001042,ORD-009478,debit_card,1,-411.29
PAY-001043,ORD-011852,voucher,1,2396.56
PAY-001044,ORD-008470,voucher,1,6329.65
PAY-001045,ORD-009422,voucher,1,1727.83
PAY-001046,ORD-014236,credit_card,4,5907.71
PAY-001047,ORD-003363,voucher,1,937.07
PAY-001048,ORD-012961,debit_card,1,7930.34
PAY-001049,ORD-004101,debit_card,1,717.23
PAY-001050,ORD-008764,credit_card,9,1080.69
PAY-001051,ORD-004839,boleto,1,7705.12
PAY-001052,ORD-002180,boleto,1,5340.2
PAY-001053,ORD-004003,debit_card,1,1692.23
PAY-001054,ORD-010431,boleto,1,3581.21
PAY-001055,ORD-009216,voucher,1,305.26
PAY-001056,ORD-007958,debit_card,1,3349.97
PAY-001057,ORD-002933,voucher,1,2352.96
PAY-001058,ORD-010228,debit_card,1,4533.58
PAY-001059,ORD-003625,debit_card,1,5349.87
PAY-001060,ORD-001395,voucher,1,387.37
PAY-001061,ORD-002134,debit_card,1,7712.78
PAY-001062,ORD-008191,debit_card,1,6173.86
PAY-001063,ORD-010850,boleto,1,3600.56
PAY-001064,ORD-000077,PIX,1,5919.7
PAY-001065,ORD-006375,boleto,1,4026.11
PAY-001066,ORD-001490,voucher,1,3408.1
PAY-001067,ORD-011886,debit_card,1,6225.43
PAY-001068,ORD-013873,credit_card,6,6789.36
PAY-001069,ORD-002930,voucher,1,394.84
PAY-001070,ORD-003870,voucher,1,4726.32
PAY-001071,ORD-003089,boleto,1,7748.38
PAY-001072,ORD-014917,PIX,1,6524.19
PAY-001073,ORD-005975,voucher,1,3660.92
PAY-001074,ORD-012018,boleto,1,1661.92
PAY-001075,ORD-003104,boleto,1,6744.21
PAY-001076,ORD-011356,debit_card,1,617.36
PAY-001077,ORD-011695,boleto,1,3869.44
PAY-001078,ORD-000735,debit_card,1,6003.73
PAY-001079,ORD-006907,credit_card,8,2427.76
PAY-001080,ORD-002807,voucher,1,6156.56
PAY-001081,ORD-010750,boleto,1,-464.19
PAY-001082,ORD-014047,voucher,1,4279.08
PAY-001083,ORD-011416,cash,5,2865.39
PAY-001084,ORD-014249,boleto,1,411.58
PAY-001085,ORD-002082,voucher,1,5500.81
PAY-001086,ORD-006849,voucher,1,7245.12
PAY-001087,ORD-011028,credit_card,10,2962.83
PAY-001088,ORD-005961,boleto,1,7555.56
PAY-001089,ORD-011474,credit_card,9,-99.88
PAY-001090,ORD-001442,debit_card,1,3949.16
PAY-001091,ORD-012245,credit_card,12,6326.55
PAY-001092,ORD-003420,credit_card,3,1350.36
PAY-001093,ORD-010978,boleto,1,5589.01
PAY-001094,ORD-009077,credit_card,6,1173.33
PAY-001095,ORD-011844,boleto,1,6694.52
PAY-001096,ORD-006186,boleto,1,7662.05
PAY-001097,ORD-009042,credit_card,6,5265.96
PAY-001098,ORD-007727,boleto,1,5554.56
PAY-001099,ORD-004197,credit_card,8,2423.44
PAY-001100,ORD-001363,credit_card,9,7573.56
PAY-001101,ORD-013150,debit_card,1,7171.43
PAY-001102,ORD-005092,voucher,1,3318.24
PAY-001103,ORD-011840,debit_card,1,-397.11
PAY-001104,ORD-002713,credit_card,11,594.3
PAY-001105,ORD-007243,debit_card,1,5394.99
PAY-001106,ORD-005720,credit_card,1,5543.09
PAY-001107,ORD-001214,boleto,1,7844.82
PAY-001108,ORD-014524,boleto,1,4864.61
PAY-001109,ORD-013208,voucher,1,2400.37
PAY-001110,ORD-010710,debit_card,1,4762.5
PAY-001111,ORD-011200,boleto,1,3348.06
PAY-001112,ORD-010801,voucher,1,7117.41
PAY-001113,ORD-000864,boleto,1,395.66
PAY-001114,ORD-002331,debit_card,1,3848.45
PAY-001115,ORD-007599,credit_card,4,1816.04
PAY-001116,ORD-000249,voucher,1,119.28
PAY-001117,ORD-012252,boleto,1,-245.38
PAY-001118,ORD-004606,debit_card,1,2676.26
PAY-001119,ORD-009985,boleto,1,6242.17
PAY-001120,ORD-002474,boleto,1,7790.59
PAY-001121,ORD-000569,debit_card,1,7553.7
PAY-001122,ORD-004734,voucher,1,7363.95
PAY-001123,ORD-008704,voucher,1,727.87
PAY-001124,ORD-014362,voucher,1,2276.1
PAY-001125,ORD-014628,debit_card,1,6587.6
PAY-001126,ORD-012416,debit_card,1,7611.62
PAY-001127,ORD-001468,credit_card,10,7443.53
PAY-001128,ORD-008470,credit_card,4,7225.2
PAY-001129,ORD-007709,boleto,1,6647.17
PAY-001130,ORD-013452,boleto,1,5889.29
PAY-001131,ORD-011151,voucher,1,2789.92
PAY-001132,ORD-014084,voucher,1,5221.24
PAY-001133,ORD-009721,credit_card,7,4251.55
PAY-001134,ORD-013173,credit_card,3,3008.44
PAY-001135,ORD-009718,credit_card,7,4488.97
PAY-001136,ORD-007746,credit_card,5,7756.86
PAY-001137,ORD-005869,credit_card,6,892.82
PAY-001138,ORD-006834,boleto,1,646.87
PAY-001139,ORD-000195,credit_card,7,4874.12
PAY-001140,ORD-000345,credit_card,7,2889.84
PAY-001141,ORD-013041,credit_card,1,5234.95
PAY-001142,ORD-012982,boleto,1,1639.57
PAY-001143,ORD-012281,debit_card,1,2600.43
PAY-001144,ORD-006038,boleto,1,367.55
PAY-001145,ORD-002532,voucher,1,300.66
PAY-001146,ORD-006174,debit_card,1,3571.02
PAY-001147,ORD-007365,credit_card,7,7895.42
PAY-001148,ORD-010775,voucher,1,1463.46
PAY-001149,ORD-006220,credit_card,11,6519.62
PAY-001150,ORD-007070,voucher,1,4216.03
PAY-001151,ORD-012419,credit_card,7,7656.33
PAY-001152,ORD-006785,voucher,1,6283.52
PAY-001153,ORD-009297,voucher,1,7045.4
PAY-001154,ORD-014618,boleto,1,4966.86
PAY-001155,ORD-006233,boleto,1,6238.23
PAY-001156,ORD-008316,voucher,1,7380.12
PAY-001157,ORD-007412,boleto,1,6608.93
PAY-001158,ORD-006955,voucher,1,547.69
PAY-001159,ORD-008793,boleto,1,158.57
PAY-001160,ORD-009128,voucher,1,5841.16
PAY-001161,ORD-001560,boleto,1,4141.73
PAY-001162,ORD-008563,debit_card,1,4602.04
PAY-001163,ORD-008684,voucher,,6837.26
PAY-001164,ORD-001744,debit_card,1,7361.27
PAY-001165,ORD-008977,voucher,1,3824.89
PAY-001166,ORD-007272,voucher,1,5218.49
PAY-001167,ORD-006701,debit_card,1,2639.89
PAY-001168,ORD-003755,voucher,1,4773.52
PAY-001169,ORD-014011,credit_card,11,4352.13
PAY-001170,ORD-010187,voucher,1,5977.33
PAY-001171,ORD-009818,boleto,1,944.57
PAY-001172,ORD-001752,debit_card,1,5477.27
PAY-001173,ORD-011544,boleto,1,1212.07
PAY-001174,ORD-002717,boleto,1,3952.55
PAY-001175,ORD-007447,debit_card,1,6006.41
PAY-001176,ORD-011567,voucher,1,669.66
PAY-001177,ORD-008475,boleto,1,1906.57
PAY-001178,ORD-004217,boleto,1,2394.94
PAY-001179,ORD-005042,voucher,1,2337.75
PAY-001180,ORD-010116,voucher,1,5121.5
PAY-001181,ORD-009380,voucher,1,5346.93
PAY-001182,ORD-002700,boleto,1,941.42
PAY-001183,ORD-004389,credit_card,5,5650.81
PAY-001184,ORD-001069,credit_card,11,7348.06
PAY-001185,ORD-014455,debit_card,1,6866.86
PAY-001186,ORD-006023,credit_card,7,-167.28
PAY-001187,ORD-001123,debit_card,1,211.37
PAY-001188,ORD-012047,debit_card,1,7497.34
PAY-001189,ORD-003870,boleto,1,6458.3
PAY-001190,ORD-006827,credit_card,5,193.54
PAY-001191,ORD-009577,boleto,1,1914.8
PAY-001192,ORD-003597,boleto,1,5436.76
PAY-001193,ORD-002806,voucher,1,-108.07
PAY-001194,ORD-013778,boleto,1,6442.14
PAY-001195,ORD-003319,boleto,1,5309.36
PAY-001196,ORD-011751,boleto,1,3133.62
PAY-001197,ORD-012414,voucher,1,3873.54
PAY-001198,ORD-001728,credit_card,6,3731.18
PAY-001199,ORD-005233,boleto,1,6492.08
PAY-001200,ORD-007537,voucher,1,7244.99
PAY-001201,ORD-002370,debit_card,1,2983.06
PAY-001202,ORD-009015,debit_card,1,2448.1
PAY-001203,ORD-010031,boleto,1,5825.49
PAY-001204,ORD-000742,credit_card,5,3502.92
PAY-001205,ORD-001420,boleto,1,6965.65
PAY-001206,ORD-007216,voucher,1,4599.8
PAY-001207,ORD-014881,boleto,1,6708.29
PAY-001208,ORD-008682,boleto,1,1200.57
PAY-001209,ORD-009534,credit_card,3,1268.58
PAY-001210,ORD-006590,voucher,1,7691.71
PAY-001211,ORD-012505,debit_card,1,3325.14
PAY-001212,ORD-007225,boleto,1,1759.42
PAY-001213,ORD-013240,debit_card,1,644.55
PAY-001214,ORD-003757,boleto,1,5214.12
PAY-001215,ORD-010083,boleto,1,5353.17
PAY-001216,ORD-001559,debit_card,1,7573.99
PAY-001217,ORD-004059,credit_card,9,4502.47
PAY-001218,ORD-004699,debit_card,1,2090.61
PAY-001219,ORD-008434,voucher,1,1399.94
PAY-001220,ORD-007495,voucher,1,6240.45
PAY-001221,ORD-005587,voucher,1,75.05
PAY-001222,ORD-008070,voucher,1,2493.54
PAY-001223,ORD-014108,credit_card,8,7924.92
PAY-001224,ORD-003109,credit_card,1,5661.48
PAY-001225,ORD-000588,debit_card,1,3101.93
PAY-001226,ORD-010427,boleto,1,290.44
PAY-001227,ORD-011085,boleto,1,3474.74
PAY-001228,ORD-008580,debit_card,1,907.25
PAY-001229,ORD-002977,credit_card,8,7050.54
PAY-001230,ORD-014912,boleto,1,3914.0
PAY-001231,ORD-000708,credit_card,2,4662.46
PAY-001232,ORD-001642,debit_card,1,5351.66
PAY-001233,ORD-005421,voucher,1,4594.46
PAY-001234,ORD-007404,boleto,1,7592.52
PAY-001235,ORD-014803,debit_card,1,4461.33
PAY-001236,ORD-010801,credit_card,4,5824.98
PAY-001237,ORD-011309,boleto,1,2381.27
PAY-001238,ORD-010258,boleto,,5899.66
PAY-001239,ORD-005704,debit_card,1,2979.74
PAY-001240,ORD-003236,voucher,1,5264.14
PAY-001241,ORD-011079,voucher,1,2054.64
PAY-001242,ORD-003611,boleto,1,3983.99
PAY-001243,ORD-008829,voucher,1,6057.91
PAY-001244,ORD-006580,debit_card,1,1931.49
PAY-001245,ORD-000742,credit_card,12,7363.31
PAY-001246,ORD-005471,,1,5802.05
PAY-001247,ORD-000630,voucher,1,4858.48
PAY-001248,ORD-001362,debit_card,1,1195.59
PAY-001249,ORD-011921,voucher,1,7136.35
PAY-001250,ORD-001200,debit_card,1,7988.84
PAY-001251,ORD-013740,debit_card,,3835.36
PAY-001252,ORD-007921,voucher,1,4240.06
PAY-001253,ORD-013912,voucher,1,7694.85
PAY-001254,ORD-005793,boleto,1,5866.68
PAY-001255,ORD-004668,debit_card,1,1012.88
PAY-001256,ORD-003958,voucher,1,6301.52
PAY-001257,ORD-010704,boleto,1,1626.52
PAY-001258,ORD-003088,credit_card,8,6618.66
PAY-001259,ORD-012366,boleto,1,4794.67
PAY-001260,ORD-007104,boleto,1,7318.79
PAY-001261,ORD-004442,debit_card,1,1112.82
PAY-001262,ORD-001502,boleto,1,2985.11
PAY-001263,ORD-004803,credit_card,2,7508.44
PAY-001264,ORD-002058,boleto,1,989.84
PAY-001265,ORD-013144,boleto,1,5379.36
PAY-001266,ORD-003858,voucher,1,5031.01
PAY-001267,ORD-004161,boleto,1,5929.47
PAY-001268,ORD-002119,voucher,1,4775.52
PAY-001269,ORD-013060,voucher,1,6429.1
PAY-001270,ORD-011914,boleto,1,1047.86
PAY-001271,ORD-012129,debit_card,1,5580.96
PAY-001272,ORD-001842,voucher,1,2503.46
PAY-001273,ORD-002799,credit_card,2,2855.22
PAY-001274,ORD-002777,boleto,1,2787.12
PAY-001275,ORD-003451,debit_card,1,3521.25
PAY-001276,ORD-011665,debit_card,1,493.19
PAY-001277,ORD-000492,boleto,1,6612.1
PAY-001278,ORD-000134,debit_card,1,3116.4
PAY-001279,ORD-008631,,1,4503.83
PAY-001280,ORD-004591,credit_card,10,2155.9
PAY-001281,ORD-003851,voucher,1,1074.71
PAY-001282,ORD-013915,voucher,1,5923.43
PAY-001283,ORD-000306,credit_card,9,1944.63
PAY-001284,ORD-007510,debit_card,1,7437.46
PAY-001285,ORD-013083,debit_card,1,7338.96
PAY-001286,ORD-000236,boleto,1,7269.01
PAY-001287,ORD-000120,debit_card,1,6238.25
PAY-001288,ORD-005139,credit_card,1,5669.53
PAY-001289,ORD-011569,credit_card,3,7881.44
PAY-001290,ORD-013444,debit_card,1,6861.16
PAY-001291,ORD-009182,credit_card,10,2584.57
PAY-001292,ORD-005519,voucher,1,525.83
PAY-001293,ORD-012998,credit_card,5,4150.44
PAY-001294,ORD-005245,debit_card,1,1764.98
PAY-001295,ORD-004096,boleto,1,2596.83
PAY-001296,ORD-000569,voucher,1,7648.48
PAY-001297,ORD-009662,debit_card,1,3629.4
PAY-001298,ORD-004111,debit_card,1,7673.21
PAY-001299,ORD-003404,credit_card,12,4018.57
PAY-001300,ORD-003792,boleto,1,2536.28
PAY-001301,ORD-013735,boleto,1,1929.88
PAY-001302,ORD-006210,credit_card,2,2072.15
PAY-001303,ORD-002346,debit_card,1,927.22
PAY-001304,ORD-006347,boleto,1,7716.68
PAY-001305,ORD-012940,debit_card,1,7180.65
PAY-001306,ORD-003450,boleto,1,2233.21
PAY-001307,ORD-001781,credit_card,7,3813.2
PAY-001308,ORD-004063,debit_card,1,550.45
PAY-001309,ORD-004885,voucher,1,5181.48
PAY-001310,ORD-005033,debit_card,1,2869.16
PAY-001311,ORD-013679,credit_card,5,2910.08
PAY-001312,ORD-000930,boleto,1,3540.48
PAY-001313,ORD-008092,debit_card,1,6386.04
PAY-001314,ORD-002008,credit_card,6,5669.73
PAY-001315,ORD-000029,voucher,1,1821.63
PAY-001316,ORD-014533,boleto,1,3573.54
PAY-001317,ORD-011939,boleto,,1867.56
PAY-001318,ORD-005380,credit_card,8,725.41
PAY-001319,ORD-014829,bitcoin,1,795.63
PAY-001320,ORD-001479,boleto,1,1231.37
PAY-001321,ORD-008434,credit_card,4,4775.3
PAY-001322,ORD-006525,voucher,1,2855.25
PAY-001323,ORD-014334,voucher,1,2310.84
PAY-001324,ORD-013084,debit_card,1,4616.45
PAY-001325,ORD-004141,debit_card,1,5291.62
PAY-001326,ORD-012170,debit_card,1,1691.46
PAY-001327,ORD-006518,voucher,1,4492.8
PAY-001328,ORD-008564,debit_card,1,6070.01
PAY-001329,ORD-005665,debit_card,1,6991.68
PAY-001330,ORD-001469,boleto,1,954.29
PAY-001331,ORD-005853,voucher,1,39.27
PAY-001332,ORD-014420,credit_card,7,5864.41
PAY-001333,ORD-009335,voucher,1,2507.82
PAY-001334,ORD-008332,credit_card,11,1098.25
PAY-001335,ORD-001626,voucher,1,660.5
PAY-001336,ORD-011895,debit_card,1,2746.93
PAY-001337,ORD-008241,voucher,1,7163.07
PAY-001338,ORD-012868,voucher,1,1489.77
PAY-001339,ORD-004845,boleto,1,2744.39
PAY-001340,ORD-001317,boleto,1,7817.46
PAY-001341,ORD-000561,debit_card,1,5594.18
PAY-001342,ORD-003450,debit_card,1,559.86
PAY-001343,ORD-003172,debit_card,1,1730.78
PAY-001344,ORD-001445,voucher,1,2239.61
PAY-001345,ORD-009026,credit_card,12,2910.22
PAY-001346,ORD-001415,credit_card,4,4242.45
PAY-001347,ORD-013818,debit_card,1,3268.97
PAY-001348,ORD-008444,debit_card,1,3097.06
PAY-001349,ORD-000917,credit_card,4,760.65
PAY-001350,ORD-007263,boleto,1,6485.01
PAY-001351,ORD-006941,boleto,1,4467.87
PAY-001352,ORD-006904,voucher,1,2302.0
PAY-001353,ORD-006482,debit_card,1,-152.4
PAY-001354,ORD-000343,debit_card,1,5720.65
PAY-001355,ORD-004945,debit_card,1,5763.28
PAY-001356,ORD-002155,voucher,1,4130.34
PAY-001357,ORD-005250,voucher,1,6810.92
PAY-001358,ORD-011963,credit_card,3,7289.66
PAY-001359,ORD-010970,credit_card,3,5912.92
PAY-001360,ORD-012411,voucher,1,414.6
PAY-001361,ORD-007787,debit_card,1,6019.86
PAY-001362,ORD-009463,credit_card,11,6490.79
PAY-001363,ORD-001196,debit_card,1,7005.72
PAY-001364,ORD-009611,voucher,1,6583.29
PAY-001365,ORD-003810,debit_card,1,2506.04
PAY-001366,ORD-007660,voucher,1,5053.46
PAY-001367,ORD-006847,debit_card,1,5138.06
PAY-001368,ORD-013691,credit_card,10,7870.12
PAY-001369,ORD-008650,debit_card,1,3900.11
PAY-001370,ORD-001560,voucher,1,5993.25
PAY-001371,ORD-013131,voucher,1,4931.68
PAY-001372,ORD-014178,voucher,1,3139.63
PAY-001373,ORD-004439,voucher,1,5590.55
PAY-001374,ORD-014195,credit_card,7,2974.59
PAY-001375,ORD-011772,boleto,1,2008.89
PAY-001376,ORD-003481,credit_card,9,2197.8
PAY-001377,ORD-008447,credit_card,2,6373.14
PAY-001378,ORD-001866,debit_card,1,7959.1
PAY-001379,ORD-000693,voucher,1,323.66
PAY-001380,ORD-010037,voucher,1,6471.05
PAY-001381,ORD-013851,debit_card,1,7247.42
PAY-001382,ORD-012100,debit_card,1,5169.01
PAY-001383,ORD-014400,credit_card,4,2732.2
PAY-001384,ORD-014765,voucher,1,895.34
PAY-001385,ORD-009625,voucher,1,3988.72
PAY-001386,ORD-008331,boleto,1,3097.11
PAY-001387,ORD-002204,boleto,1,6086.82
PAY-001388,ORD-009422,credit_card,9,6197.38
PAY-001389,ORD-005273,boleto,1,2037.01
PAY-001390,ORD-002594,voucher,1,5521.61
PAY-001391,ORD-000983,credit_card,9,915.81
PAY-001392,ORD-011595,boleto,1,4231.38
PAY-001393,ORD-013694,credit_card,7,2822.45
PAY-001394,ORD-010981,voucher,1,2192.17
PAY-001395,ORD-009519,voucher,1,6006.21
PAY-001396,ORD-003495,boleto,1,5990.73
PAY-001397,ORD-004463,boleto,1,7583.36
PAY-001398,ORD-010360,boleto,1,5212.78
PAY-001399,ORD-012546,boleto,1,6572.78
PAY-001400,ORD-009130,voucher,1,2689.01
PAY-001401,ORD-005273,credit_card,10,6841.21
PAY-001402,ORD-011970,voucher,1,3234.26
PAY-001403,ORD-003969,voucher,1,6149.03
PAY-001404,ORD-006793,voucher,1,1995.47
PAY-001405,ORD-007160,credit_card,5,6470.86
PAY-001406,ORD-001523,boleto,1,2634.55
PAY-001407,ORD-013468,debit_card,1,6581.35
PAY-001408,ORD-010660,boleto,1,5595.39
PAY-001409,ORD-011330,voucher,1,1287.69
PAY-001410,ORD-009221,credit_card,9,2586.08
PAY-001411,ORD-014976,boleto,1,552.38
PAY-001412,ORD-003496,boleto,1,3347.52
PAY-001413,ORD-008262,debit_card,1,1930.79
PAY-001414,ORD-007062,boleto,1,5198.57
PAY-001415,ORD-009335,boleto,1,2458.86
PAY-001416,ORD-012427,debit_card,1,6033.44
PAY-001417,ORD-001134,boleto,1,2163.57
PAY-001418,ORD-008818,credit_card,6,7725.71
PAY-001419,ORD-009886,boleto,1,1508.62
PAY-001420,ORD-014019,credit_card,11,5506.78
PAY-001421,ORD-005086,credit_card,9,7050.23
PAY-001422,ORD-006550,voucher,1,4989.96
PAY-001423,ORD-009626,boleto,1,5982.48
PAY-001424,ORD-010337,debit_card,1,358.25
PAY-001425,ORD-002233,voucher,1,7705.92
PAY-001426,ORD-005828,boleto,1,5982.91
PAY-001427,ORD-013099,credit_card,8,3992.5
PAY-001428,ORD-014080,boleto,1,2235.81
PAY-001429,ORD-010902,boleto,1,627.15
PAY-001430,ORD-012435,debit_card,1,4727.76
PAY-001431,ORD-007859,boleto,1,403.47
PAY-001432,ORD-013052,debit_card,1,1296.78
PAY-001433,ORD-012605,debit_card,1,6110.04
PAY-001434,ORD-008492,debit_card,1,6166.07
PAY-001435,ORD-014214,boleto,1,5825.17
PAY-001436,ORD-014997,voucher,1,5238.86
PAY-001437,ORD-007840,voucher,1,1748.46
PAY-001438,ORD-005884,credit_card,3,783.58
PAY-001439,ORD-000751,boleto,1,4252.52
PAY-001440,ORD-014414,voucher,1,6447.69
PAY-001441,ORD-002532,debit_card,1,7901.84
PAY-001442,ORD-010614,debit_card,1,6831.33
PAY-001443,ORD-000278,voucher,1,4676.08
PAY-001444,ORD-003960,credit_card,3,2902.18
PAY-001445,ORD-013391,boleto,1,1171.66
PAY-001446,ORD-006422,boleto,1,6877.88
PAY-001447,ORD-010959,bitcoin,1,3944.14
PAY-001448,ORD-011766,credit_card,12,2723.52
PAY-001449,ORD-013248,debit_card,1,5093.83
PAY-001450,ORD-004506,debit_card,1,1898.08
PAY-001451,ORD-005257,voucher,,5446.55
PAY-001452,ORD-013617,boleto,1,5733.46
PAY-001453,ORD-012431,boleto,1,848.21
PAY-001454,ORD-000664,debit_card,1,5321.2
PAY-001455,ORD-003891,boleto,1,4736.29
PAY-001456,ORD-001458,credit_card,11,7498.18
PAY-001457,ORD-004208,credit_card,7,6328.44
PAY-001458,ORD-005360,debit_card,1,2885.16
PAY-001459,ORD-012378,debit_card,1,3916.17
PAY-001460,ORD-012722,credit_card,8,5653.42
PAY-001461,ORD-006312,credit_card,8,4630.82
PAY-001462,ORD-012896,voucher,1,6200.27
PAY-001463,ORD-001918,boleto,1,6878.18
PAY-001464,ORD-012251,credit_card,9,5100.6
PAY-001465,ORD-013216,credit_card,10,6337.19
PAY-001466,ORD-014758,credit_card,11,1604.62
PAY-001467,ORD-006158,credit_card,8,795.82
PAY-001468,ORD-009570,debit_card,1,5264.18
PAY-001469,ORD-004556,voucher,1,6691.24
PAY-001470,ORD-008805,debit_card,1,7919.74
PAY-001471,ORD-012147,debit_card,1,2950.05
PAY-001472,ORD-005186,bitcoin,11,2294.47
PAY-001473,ORD-006444,credit_card,7,4546.06
PAY-001474,ORD-011220,debit_card,1,345.72
PAY-001475,ORD-005947,credit_card,3,1205.94
PAY-001476,ORD-001611,debit_card,1,166.32
PAY-001477,ORD-001578,voucher,1,2982.38
PAY-001478,ORD-010414,voucher,1,6747.13
PAY-001479,ORD-012008,voucher,1,1648.15
PAY-001480,ORD-007066,debit_card,1,4474.43
PAY-001481,ORD-006467,voucher,1,5868.06
PAY-001482,ORD-005511,credit_card,4,3025.56
PAY-001483,ORD-002503,credit_card,8,5528.27
PAY-001484,ORD-012555,voucher,1,29.9
PAY-001485,ORD-003065,boleto,1,4566.27
PAY-001486,ORD-002230,credit_card,9,1964.84
PAY-001487,ORD-009947,debit_card,1,5345.27
PAY-001488,ORD-000163,voucher,1,2963.02
PAY-001489,ORD-005066,credit_card,5,4030.88
PAY-001490,ORD-001552,boleto,1,7907.4
PAY-001491,ORD-011535,bitcoin,1,2855.35
PAY-001492,ORD-007954,voucher,1,7788.35
PAY-001493,ORD-002163,voucher,1,3506.16
PAY-001494,ORD-013283,debit_card,1,4229.26
PAY-001495,ORD-012783,boleto,1,2059.11
PAY-001496,ORD-013404,debit_card,1,1252.53
PAY-001497,ORD-010631,credit_card,,7259.79
PAY-001498,ORD-014589,credit_card,4,5163.3
PAY-001499,ORD-012448,voucher,1,2051.79
PAY-001500,ORD-001301,boleto,1,2242.51
PAY-001501,ORD-009237,credit_card,1,4077.2
PAY-001502,ORD-002342,debit_card,1,708.9
PAY-001503,ORD-011333,debit_card,1,7804.37
PAY-001504,ORD-003681,boleto,1,6425.3
PAY-001505,ORD-009368,credit_card,10,1529.18
PAY-001506,ORD-009643,voucher,1,7904.92
PAY-001507,ORD-012080,boleto,1,2079.8
PAY-001508,ORD-010445,boleto,1,6869.45
PAY-001509,ORD-013030,credit_card,7,7783.28
PAY-001510,ORD-007085,boleto,1,3547.1
PAY-001511,ORD-001701,credit_card,12,7433.7
PAY-001512,ORD-010001,debit_card,1,4707.99
PAY-001513,ORD-006171,voucher,1,5920.36
PAY-001514,ORD-013082,debit_card,1,7906.47
PAY-001515,ORD-004229,credit_card,8,5972.61
PAY-001516,ORD-007505,debit_card,1,-197.49
PAY-001517,ORD-009726,voucher,1,3627.86
PAY-001518,ORD-007532,credit_card,11,-492.54
PAY-001519,ORD-014196,boleto,1,1345.52
PAY-001520,ORD-002259,debit_card,1,2460.39
PAY-001521,ORD-011362,boleto,1,6966.23
PAY-001522,ORD-002205,boleto,1,6460.32
PAY-001523,ORD-001360,voucher,1,5046.25
PAY-001524,ORD-008642,boleto,1,2603.67
PAY-001525,ORD-007863,boleto,1,2004.4
PAY-001526,ORD-011795,debit_card,1,2150.3
PAY-001527,ORD-011460,voucher,1,3534.63
PAY-001528,ORD-012809,debit_card,1,2484.08
PAY-001529,ORD-009775,voucher,1,4857.2
PAY-001530,ORD-013373,boleto,1,6150.74
PAY-001531,ORD-006783,debit_card,1,318.42
PAY-001532,ORD-010606,boleto,1,5202.88
PAY-001533,ORD-002809,credit_card,11,6083.79
PAY-001534,ORD-011795,credit_card,12,6275.0
PAY-001535,ORD-006207,credit_card,1,1057.65
PAY-001536,ORD-011931,boleto,1,4867.1
PAY-001537,ORD-005076,boleto,1,1775.82
PAY-001538,ORD-010377,debit_card,1,6172.58
PAY-001539,ORD-006351,voucher,1,1589.52
PAY-001540,ORD-012496,boleto,1,1445.0
PAY-001541,ORD-002287,credit_card,2,7044.46
PAY-001542,ORD-001215,boleto,1,7991.84
PAY-001543,ORD-009557,boleto,1,5661.78
PAY-001544,ORD-002705,credit_card,5,3086.35
PAY-001545,ORD-012066,boleto,1,7183.33
PAY-001546,ORD-014906,voucher,1,742.48
PAY-001547,ORD-006685,credit_card,4,5036.03
PAY-001548,ORD-005219,debit_card,1,4099.96
PAY-001549,ORD-011572,boleto,1,1060.16
PAY-001550,ORD-008497,boleto,1,411.59
PAY-001551,ORD-010216,boleto,1,5502.3
PAY-001552,ORD-009870,voucher,1,5653.98
PAY-001553,ORD-003297,boleto,1,4203.65
PAY-001554,ORD-007493,debit_card,1,1066.46
PAY-001555,ORD-000078,debit_card,1,753.8
PAY-001556,ORD-012100,debit_card,1,302.96
PAY-001557,ORD-005240,boleto,1,3453.16
PAY-001558,ORD-014227,credit_card,7,1118.86
PAY-001559,ORD-002293,voucher,1,41.07
PAY-001560,ORD-004768,debit_card,1,1327.11
PAY-001561,ORD-013763,credit_card,10,1475.16
PAY-001562,ORD-010439,debit_card,1,233.45
PAY-001563,ORD-007295,boleto,1,2386.39
PAY-001564,ORD-012280,PIX,1,5895.55
PAY-001565,ORD-009239,debit_card,1,6235.89
PAY-001566,ORD-001877,debit_card,1,4201.8
PAY-001567,ORD-011156,credit_card,9,704.4
PAY-001568,ORD-014717,credit_card,10,4473.21
PAY-001569,ORD-004755,credit_card,6,1388.23
PAY-001570,ORD-011693,debit_card,1,6356.89
PAY-001571,ORD-006494,debit_card,1,3484.38
PAY-001572,ORD-014147,bitcoin,1,1399.91
PAY-001573,ORD-002727,debit_card,1,7979.29
PAY-001574,ORD-007567,credit_card,10,2464.8
PAY-001575,ORD-003159,debit_card,1,1675.87
PAY-001576,ORD-014966,boleto,1,2951.45
PAY-001577,ORD-004002,credit_card,5,6212.41
PAY-001578,ORD-008699,debit_card,1,5462.78
PAY-001579,ORD-004528,voucher,1,2973.33
PAY-001580,ORD-011890,boleto,1,5921.35
PAY-001581,ORD-000041,debit_card,1,2819.94
PAY-001582,ORD-011887,voucher,1,407.02
PAY-001583,ORD-007474,debit_card,1,1010.21
PAY-001584,ORD-003628,debit_card,1,413.7
PAY-001585,ORD-007955,boleto,1,5527.74
PAY-001586,ORD-009502,credit_card,10,7801.47
PAY-001587,ORD-001991,debit_card,1,1614.66
PAY-001588,ORD-007171,voucher,1,1011.52
PAY-001589,ORD-005332,voucher,1,3877.79
PAY-001590,ORD-013830,voucher,1,3163.63
PAY-001591,ORD-008155,voucher,1,762.92
PAY-001592,ORD-010604,debit_card,1,1641.18
PAY-001593,ORD-008128,debit_card,1,1146.96
PAY-001594,ORD-000347,credit_card,6,3219.99
PAY-001595,ORD-011777,boleto,1,3949.39
PAY-001596,ORD-009552,boleto,1,3942.32
PAY-001597,ORD-006893,boleto,1,1807.97
PAY-001598,ORD-014078,boleto,1,3685.96
PAY-001599,ORD-014665,credit_card,4,1556.35
PAY-001600,ORD-001394,credit_card,11,727.51
PAY-001601,ORD-004481,debit_card,1,2297.5
PAY-001602,ORD-004688,voucher,1,867.07
PAY-001603,ORD-009479,voucher,1,3918.07
PAY-001604,ORD-005910,voucher,1,2675.31
PAY-001605,ORD-013468,boleto,1,6211.09
PAY-001606,ORD-013868,boleto,1,5847.67
PAY-001607,ORD-012876,boleto,1,1955.11
PAY-001608,ORD-012215,debit_card,1,1399.0
PAY-001609,ORD-011520,debit_card,1,7801.41
PAY-001610,ORD-012947,voucher,1,4742.51
PAY-001611,ORD-001011,boleto,1,1333.96
PAY-001612,ORD-001408,boleto,1,4184.49
PAY-001613,ORD-013088,voucher,1,7877.0
PAY-001614,ORD-010072,credit_card,2,3175.8
PAY-001615,ORD-005539,debit_card,1,4884.4
PAY-001616,ORD-003836,debit_card,1,2207.84
PAY-001617,ORD-009201,debit_card,1,1902.19
PAY-001618,ORD-013048,voucher,1,2686.32
PAY-001619,ORD-004600,boleto,,2145.22
PAY-001620,ORD-001419,credit_card,5,2427.14
PAY-001621,ORD-000758,boleto,1,5809.44
PAY-001622,ORD-001446,credit_card,6,2610.83
PAY-001623,ORD-000334,debit_card,1,634.12
PAY-001624,ORD-006272,credit_card,1,4417.43
PAY-001625,ORD-010251,bitcoin,4,2395.44
PAY-001626,ORD-010511,debit_card,1,7119.99
PAY-001627,ORD-000144,debit_card,1,4922.48
PAY-001628,ORD-001983,debit_card,1,3856.04
PAY-001629,ORD-011486,boleto,1,5448.86
PAY-001630,ORD-004739,debit_card,1,5251.39
PAY-001631,ORD-004468,debit_card,1,4202.73
PAY-001632,ORD-001747,credit_card,3,3191.99
PAY-001633,ORD-008838,voucher,1,1876.73
PAY-001634,ORD-000146,credit_card,3,5034.83
PAY-001635,ORD-003821,voucher,1,4947.81
PAY-001636,ORD-013391,boleto,1,149.27
PAY-001637,ORD-010694,credit_card,9,1036.21
PAY-001638,ORD-005518,credit_card,2,7239.48
PAY-001639,ORD-000485,debit_card,1,5977.93
PAY-001640,ORD-006009,boleto,1,2331.73
PAY-001641,ORD-012932,credit_card,6,5901.89
PAY-001642,ORD-004743,voucher,1,5583.33
PAY-001643,ORD-002187,voucher,1,2374.27
PAY-001644,ORD-002278,debit_card,1,6847.19
PAY-001645,ORD-000734,debit_card,1,-66.58
PAY-001646,ORD-002447,boleto,1,7006.81
PAY-001647,ORD-009726,boleto,1,1708.55
PAY-001648,ORD-008840,debit_card,1,4901.76
PAY-001649,ORD-009099,boleto,1,6939.15
PAY-001650,ORD-009524,boleto,1,118.87
PAY-001651,ORD-013202,voucher,1,401.46
PAY-001652,ORD-007301,credit_card,9,1830.42
PAY-001653,ORD-013158,debit_card,1,1230.94
PAY-001654,ORD-012502,credit_card,7,3246.46
PAY-001655,ORD-014954,credit_card,6,7146.28
PAY-001656,ORD-008962,voucher,1,5428.16
PAY-001657,ORD-004027,debit_card,1,3246.49
PAY-001658,ORD-002680,voucher,1,2322.04
PAY-001659,ORD-011444,boleto,1,4177.57
PAY-001660,ORD-000949,debit_card,1,3043.26
PAY-001661,ORD-004828,debit_card,1,-338.27
PAY-001662,ORD-001798,voucher,1,2482.43
PAY-001663,ORD-005167,credit_card,10,6260.27
PAY-001664,ORD-010282,debit_card,1,4608.14
PAY-001665,ORD-008502,boleto,1,1796.03
PAY-001666,ORD-000836,debit_card,1,3260.52
PAY-001667,ORD-014852,credit_card,6,204.41
PAY-001668,ORD-003308,voucher,1,6809.66
PAY-001669,ORD-006643,voucher,1,4098.01
PAY-001670,ORD-002967,voucher,1,721.98
PAY-001671,ORD-010863,voucher,1,7868.69
PAY-001672,ORD-011363,voucher,1,5505.78
PAY-001673,ORD-014123,voucher,1,7244.23
PAY-001674,ORD-005201,credit_card,2,3851.46
PAY-001675,ORD-013567,voucher,1,3735.47
PAY-001676,ORD-005719,credit_card,12,4711.27
PAY-001677,ORD-004702,credit_card,7,2354.11
PAY-001678,ORD-004346,voucher,1,4050.51
PAY-001679,ORD-004957,boleto,1,2613.42
PAY-001680,ORD-008465,credit_card,6,3791.44
PAY-001681,ORD-010625,voucher,1,5741.1
PAY-001682,ORD-012752,credit_card,12,3573.25
PAY-001683,ORD-008093,credit_card,4,3066.94
PAY-001684,ORD-010406,voucher,1,6561.02
PAY-001685,ORD-001413,boleto,1,6566.02
PAY-001686,ORD-005150,debit_card,1,2408.2
PAY-001687,ORD-011180,credit_card,10,2657.06
PAY-001688,ORD-013856,voucher,1,3107.92
PAY-001689,ORD-001911,credit_card,8,2218.46
PAY-001690,ORD-008669,credit_card,8,5465.97
PAY-001691,ORD-004991,credit_card,9,4103.48
PAY-001692,ORD-010296,debit_card,1,3029.02
PAY-001693,ORD-013158,credit_card,11,3437.25
PAY-001694,ORD-009560,credit_card,5,4068.79
PAY-001695,ORD-011124,debit_card,1,7301.38
PAY-001696,ORD-007604,boleto,1,3395.3
PAY-001697,ORD-005867,voucher,1,823.78
PAY-001698,ORD-003309,voucher,1,-376.69
PAY-001699,ORD-003555,voucher,1,4038.71
PAY-001700,ORD-008113,boleto,1,3481.3
PAY-001701,ORD-001447,credit_card,11,2678.0
PAY-001702,ORD-005012,boleto,1,7362.9
PAY-001703,ORD-011745,credit_card,3,4245.66
PAY-001704,ORD-009517,credit_card,5,2818.89
PAY-001705,ORD-010958,voucher,1,1325.19
PAY-001706,ORD-011602,credit_card,12,7711.49
PAY-001707,ORD-003150,voucher,1,4072.82
PAY-001708,ORD-005488,voucher,,4043.26
PAY-001709,ORD-014201,credit_card,6,5728.58
PAY-001710,ORD-001248,debit_card,1,1804.29
PAY-001711,ORD-011849,voucher,1,3636.61
PAY-001712,ORD-010129,voucher,1,-457.11
PAY-001713,ORD-005776,voucher,1,4938.34
PAY-001714,ORD-003555,voucher,1,7989.23
PAY-001715,ORD-011316,voucher,1,7883.47
PAY-001716,ORD-004016,debit_card,1,2151.06
PAY-001717,ORD-007751,debit_card,1,6241.6
PAY-001718,ORD-010464,PIX,1,741.47
PAY-001719,ORD-010139,voucher,1,1898.14
PAY-001720,ORD-004052,debit_card,1,5255.9
PAY-001721,ORD-001777,boleto,1,785.73
PAY-001722,ORD-000932,cash,1,847.38
PAY-001723,ORD-003965,credit_card,3,7318.97
PAY-001724,ORD-014190,boleto,1,1167.09
PAY-001725,ORD-004387,voucher,1,845.83
PAY-001726,ORD-010096,voucher,1,7132.12
PAY-001727,ORD-000547,credit_card,11,6842.71
PAY-001728,ORD-013135,credit_card,5,6072.56
PAY-001729,ORD-009135,boleto,1,7385.68
PAY-001730,ORD-006592,debit_card,1,6946.7
PAY-001731,ORD-010520,voucher,1,1686.23
PAY-001732,ORD-000928,boleto,1,5990.69
PAY-001733,ORD-010153,credit_card,7,2520.61
PAY-001734,ORD-010069,debit_card,1,7682.66
PAY-001735,ORD-003801,voucher,1,7498.46
PAY-001736,ORD-006774,credit_card,3,7167.72
PAY-001737,ORD-014123,credit_card,7,4553.03
PAY-001738,ORD-003973,debit_card,1,-228.38
PAY-001739,ORD-001943,voucher,1,4065.72
PAY-001740,ORD-000470,credit_card,12,2823.49
PAY-001741,ORD-011657,debit_card,1,1564.66
PAY-001742,ORD-010092,voucher,1,2688.47
PAY-001743,ORD-009340,credit_card,6,6958.51
PAY-001744,ORD-000155,debit_card,1,7720.35
PAY-001745,ORD-001501,boleto,1,6165.77
PAY-001746,ORD-007750,boleto,1,4602.03
PAY-001747,ORD-010004,debit_card,1,3119.78
PAY-001748,ORD-001289,boleto,1,5116.45
PAY-001749,ORD-001919,credit_card,6,7017.48
PAY-001750,ORD-005026,voucher,1,6403.02
PAY-001751,ORD-003943,debit_card,1,2877.25
PAY-001752,ORD-011025,credit_card,12,5660.38
PAY-001753,ORD-014335,debit_card,1,7665.13
PAY-001754,ORD-002775,debit_card,1,6673.06
PAY-001755,ORD-005258,credit_card,6,7345.68
PAY-001756,ORD-014327,boleto,1,7903.43
PAY-001757,ORD-007839,debit_card,1,6741.1
PAY-001758,ORD-011873,bitcoin,1,7916.59
PAY-001759,ORD-014164,credit_card,5,1257.09
PAY-001760,ORD-003206,credit_card,1,3092.89
PAY-001761,ORD-005526,voucher,1,2384.46
PAY-001762,ORD-007622,debit_card,1,807.56
PAY-001763,ORD-009201,boleto,1,6751.34
PAY-001764,ORD-006682,boleto,1,5755.46
PAY-001765,ORD-007842,credit_card,2,3365.01
PAY-001766,ORD-006859,boleto,1,1498.36
PAY-001767,ORD-014064,credit_card,9,6465.22
PAY-001768,ORD-008186,debit_card,1,6846.66
PAY-001769,ORD-014251,debit_card,1,5216.09
PAY-001770,ORD-007514,credit_card,12,-302.91
PAY-001771,ORD-002627,voucher,1,1168.25
PAY-001772,ORD-001744,voucher,1,7884.23
PAY-001773,ORD-004602,voucher,1,3460.25
PAY-001774,ORD-005053,credit_card,1,6668.95
PAY-001775,ORD-012187,voucher,1,7902.9
PAY-001776,ORD-007318,boleto,1,2669.84
PAY-001777,ORD-002169,voucher,1,4998.33
PAY-001778,ORD-009517,debit_card,1,5025.85
PAY-001779,ORD-008588,credit_card,12,3227.2
PAY-001780,ORD-012828,boleto,1,5948.58
PAY-001781,ORD-008075,voucher,1,1419.28
PAY-001782,ORD-005430,credit_card,5,4965.37
PAY-001783,ORD-011533,debit_card,1,3961.14
PAY-001784,ORD-008731,debit_card,1,1715.53
PAY-001785,ORD-013291,boleto,1,4821.43
PAY-001786,ORD-002724,debit_card,1,3186.66
PAY-001787,ORD-003877,credit_card,10,2101.47
PAY-001788,ORD-009437,boleto,1,1973.33
PAY-001789,ORD-000358,credit_card,2,6731.47
PAY-001790,ORD-004771,credit_card,9,5647.49
PAY-001791,ORD-007160,voucher,1,5441.11
PAY-001792,ORD-011628,voucher,1,5554.29
PAY-001793,ORD-008420,voucher,1,873.46
PAY-001794,ORD-013949,boleto,1,2299.19
PAY-001795,ORD-014623,debit_card,,5232.87
PAY-001796,ORD-014933,boleto,1,5489.88
PAY-001797,ORD-004771,boleto,1,7747.28
PAY-001798,ORD-006812,debit_card,1,2782.45
PAY-001799,ORD-003901,boleto,1,2814.13
PAY-001800,ORD-011869,boleto,1,3726.3
PAY-001801,ORD-012731,boleto,1,751.23
PAY-001802,ORD-006458,credit_card,1,1414.19
PAY-001803,ORD-008148,debit_card,1,2508.75
PAY-001804,ORD-003298,debit_card,1,4443.81
PAY-001805,ORD-009569,debit_card,1,1655.09
PAY-001806,ORD-013844,voucher,1,3772.58
PAY-001807,ORD-000575,debit_card,1,5724.94
PAY-001808,ORD-002059,boleto,1,6617.5
PAY-001809,ORD-014717,credit_card,3,5221.47
PAY-001810,ORD-007297,voucher,1,3250.83
PAY-001811,ORD-012516,voucher,1,4196.56
PAY-001812,ORD-001521,credit_card,6,7271.35
PAY-001813,ORD-012790,voucher,1,614.44
PAY-001814,ORD-007923,voucher,1,1649.58
PAY-001815,ORD-014690,boleto,1,528.48
PAY-001816,ORD-010942,credit_card,,5501.22
PAY-001817,ORD-009897,debit_card,1,7258.96
PAY-001818,ORD-010496,voucher,1,5085.02
PAY-001819,ORD-002823,debit_card,1,3468.35
PAY-001820,ORD-012657,boleto,1,1801.42
PAY-001821,ORD-007601,debit_card,1,1666.85
PAY-001822,ORD-000655,credit_card,10,1221.23
PAY-001823,ORD-006095,credit_card,12,7793.56
PAY-001824,ORD-010060,boleto,1,677.43
PAY-001825,ORD-001369,voucher,1,2303.95
PAY-001826,ORD-001110,boleto,1,1351.21
PAY-001827,ORD-005042,debit_card,1,1447.81
PAY-001828,ORD-004079,debit_card,1,1792.62
PAY-001829,ORD-010662,voucher,1,5449.59
PAY-001830,ORD-012174,debit_card,1,4577.39
PAY-001831,ORD-014896,boleto,1,6417.74
PAY-001832,ORD-008078,voucher,1,5908.82
PAY-001833,ORD-006798,debit_card,1,1348.19
PAY-001834,ORD-007320,boleto,,4015.18
PAY-001835,ORD-014629,voucher,1,1709.32
PAY-001836,ORD-009763,debit_card,1,1607.7
PAY-001837,ORD-012460,debit_card,1,3495.81
PAY-001838,ORD-012034,credit_card,9,3162.32
PAY-001839,ORD-004431,credit_card,12,5678.9
PAY-001840,ORD-000340,debit_card,,5845.99
PAY-001841,ORD-002590,debit_card,1,5249.96
PAY-001842,ORD-005721,voucher,1,3973.21
PAY-001843,ORD-001262,debit_card,1,2836.44
PAY-001844,ORD-010519,debit_card,1,2625.22
PAY-001845,ORD-009165,debit_card,1,3215.45
PAY-001846,ORD-004302,boleto,1,1794.82
PAY-001847,ORD-002525,debit_card,,4877.59
PAY-001848,ORD-012362,credit_card,1,891.25
PAY-001849,ORD-014302,debit_card,1,6084.43
PAY-001850,ORD-010757,voucher,1,3348.73
PAY-001851,ORD-013249,debit_card,1,5125.93
PAY-001852,ORD-011948,boleto,1,1755.95
PAY-001853,ORD-001221,boleto,1,671.71
PAY-001854,ORD-013841,voucher,1,7362.95
PAY-001855,ORD-002883,boleto,1,5553.29
PAY-001856,ORD-000772,debit_card,1,2224.55
PAY-001857,ORD-003946,debit_card,1,904.7
PAY-001858,ORD-010566,voucher,1,4888.72
PAY-001859,ORD-002817,debit_card,1,2611.56
PAY-001860,ORD-009808,debit_card,1,2392.2
PAY-001861,ORD-002878,boleto,1,1858.87
PAY-001862,ORD-013504,boleto,1,1903.11
PAY-001863,ORD-013148,debit_card,1,1209.79
PAY-001864,ORD-000484,credit_card,8,4968.12
PAY-001865,ORD-005009,boleto,1,1996.4
PAY-001866,ORD-004984,credit_card,1,5354.54
PAY-001867,ORD-012724,debit_card,1,1718.93
PAY-001868,ORD-013124,debit_card,1,3193.12
PAY-001869,ORD-006043,credit_card,10,-59.07
PAY-001870,ORD-009443,voucher,1,7653.74
PAY-001871,ORD-000392,voucher,1,5468.86
PAY-001872,ORD-012550,debit_card,1,1700.05
PAY-001873,ORD-011703,boleto,1,1476.3
PAY-001874,ORD-013395,voucher,1,5452.19
PAY-001875,ORD-014751,debit_card,1,-444.85
PAY-001876,ORD-007034,debit_card,1,4640.98
PAY-001877,ORD-013038,debit_card,1,5689.18
PAY-001878,ORD-003281,boleto,1,4621.44
PAY-001879,ORD-006420,credit_card,2,6149.15
PAY-001880,ORD-000258,boleto,1,1845.02
PAY-001881,ORD-008089,credit_card,11,4424.46
PAY-001882,ORD-008370,credit_card,9,5881.48
PAY-001883,ORD-003057,debit_card,1,624.59
PAY-001884,ORD-013811,debit_card,1,1867.22
PAY-001885,ORD-009904,voucher,1,4014.29
PAY-001886,ORD-003817,voucher,1,1764.96
PAY-001887,ORD-011368,boleto,1,5698.13
PAY-001888,ORD-014224,boleto,1,3282.55
PAY-001889,ORD-007832,boleto,1,4389.24
PAY-001890,ORD-014651,debit_card,1,3624.08
PAY-001891,ORD-004184,credit_card,2,7042.87
PAY-001892,ORD-002025,credit_card,2,1506.43
PAY-001893,ORD-007923,voucher,1,1720.07
PAY-001894,ORD-003606,debit_card,1,536.3
PAY-001895,ORD-008524,debit_card,1,-95.8
PAY-001896,ORD-012419,credit_card,10,1583.14
PAY-001897,ORD-007831,boleto,1,2001.51
PAY-001898,ORD-000654,credit_card,3,2754.95
PAY-001899,ORD-002652,voucher,1,5737.07
PAY-001900,ORD-007795,credit_card,7,210.59
PAY-001901,ORD-004668,debit_card,1,2653.86
PAY-001902,ORD-005500,credit_card,3,7307.22
PAY-001903,ORD-012332,boleto,1,5116.4
PAY-001904,ORD-000786,credit_card,1,6144.88
PAY-001905,ORD-006664,voucher,1,3338.79
PAY-001906,ORD-013088,credit_card,6,5660.27
PAY-001907,ORD-000949,debit_card,1,7165.77
PAY-001908,ORD-012012,debit_card,1,4929.93
PAY-001909,ORD-013460,voucher,1,3260.76
PAY-001910,ORD-004904,boleto,1,5363.7
PAY-001911,ORD-007498,credit_card,4,389.72
PAY-001912,ORD-014901,credit_card,9,15.89
PAY-001913,ORD-014744,cash,1,3422.12
PAY-001914,ORD-013755,voucher,1,5002.83
PAY-001915,ORD-004107,voucher,1,7896.29
PAY-001916,ORD-010783,credit_card,9,6588.12
PAY-001917,ORD-001332,credit_card,9,3481.41
PAY-001918,ORD-005518,voucher,1,6617.35
PAY-001919,ORD-009918,boleto,1,5544.23
PAY-001920,ORD-013672,voucher,1,5822.17
PAY-001921,ORD-000111,credit_card,8,7921.15
PAY-001922,ORD-008340,credit_card,11,4411.02
PAY-001923,ORD-012842,boleto,1,6071.56
PAY-001924,ORD-009033,voucher,1,806.63
PAY-001925,ORD-013009,credit_card,8,6077.84
PAY-001926,ORD-006764,boleto,1,7590.28
PAY-001927,ORD-011791,credit_card,12,1837.84
PAY-001928,ORD-013121,credit_card,3,6191.89
PAY-001929,ORD-004102,boleto,1,4217.41
PAY-001930,ORD-006206,boleto,1,5994.73
PAY-001931,ORD-002416,boleto,1,7343.2
PAY-001932,ORD-006264,boleto,1,4659.98
PAY-001933,ORD-012691,debit_card,1,475.98
PAY-001934,ORD-005208,debit_card,1,2486.86
PAY-001935,ORD-005476,credit_card,9,2473.47
PAY-001936,ORD-008151,debit_card,1,4770.5
PAY-001937,ORD-008942,boleto,1,6636.29
PAY-001938,ORD-012621,voucher,1,2893.06
PAY-001939,ORD-001669,debit_card,1,7137.34
PAY-001940,ORD-014805,boleto,1,5116.83
PAY-001941,ORD-003060,boleto,1,6645.59
PAY-001942,ORD-000215,credit_card,3,3146.79
PAY-001943,ORD-005277,voucher,1,5227.83
PAY-001944,ORD-010589,boleto,1,1108.86
PAY-001945,ORD-002390,voucher,1,2151.33
PAY-001946,ORD-004844,debit_card,1,2410.12
PAY-001947,ORD-010100,voucher,1,5707.83
PAY-001948,ORD-011868,voucher,1,3015.12
PAY-001949,ORD-008437,debit_card,1,6483.77
PAY-001950,ORD-005002,credit_card,12,-127.17
PAY-001951,ORD-007805,boleto,1,5408.3
PAY-001952,ORD-010493,boleto,1,5389.57
PAY-001953,ORD-004598,debit_card,1,1175.07
PAY-001954,ORD-014011,boleto,1,7348.1
PAY-001955,ORD-011484,boleto,1,1988.72
PAY-001956,ORD-013448,credit_card,9,55.2
PAY-001957,ORD-012320,debit_card,1,7985.34
PAY-001958,ORD-006112,debit_card,,1866.34
PAY-001959,ORD-011597,credit_card,11,4999.13
PAY-001960,ORD-003637,debit_card,1,1060.33
PAY-001961,ORD-002031,debit_card,1,7247.38
PAY-001962,ORD-008379,voucher,1,7183.03
PAY-001963,ORD-002327,debit_card,1,1842.82
PAY-001964,ORD-008146,credit_card,2,6330.96
PAY-001965,ORD-007302,boleto,1,5156.56
PAY-001966,ORD-012556,voucher,1,1240.26
PAY-001967,ORD-004814,debit_card,1,418.26
PAY-001968,ORD-003595,voucher,1,4732.05
PAY-001969,ORD-012823,boleto,1,5515.62
PAY-001970,ORD-004017,debit_card,1,982.39
PAY-001971,ORD-011177,voucher,1,7897.99
PAY-001972,ORD-003909,credit_card,8,2057.25
PAY-001973,ORD-013248,boleto,1,6658.07
PAY-001974,ORD-010215,boleto,1,5770.81
PAY-001975,ORD-006179,credit_card,11,5738.33
PAY-001976,ORD-014234,boleto,1,1564.11
PAY-001977,ORD-012958,debit_card,1,3359.13
PAY-001978,ORD-005859,voucher,1,5768.39
PAY-001979,ORD-004001,boleto,1,3916.05
PAY-001980,ORD-006233,credit_card,9,3787.9
PAY-001981,ORD-005576,credit_card,4,2893.58
PAY-001982,ORD-007054,boleto,1,5731.6
PAY-001983,ORD-011461,voucher,1,7256.93
PAY-001984,ORD-010836,credit_card,6,5354.82
PAY-001985,ORD-011464,voucher,1,1096.22
PAY-001986,ORD-003072,debit_card,1,5883.49
PAY-001987,ORD-004979,boleto,1,4210.31
PAY-001988,ORD-002619,boleto,1,4822.65
PAY-001989,ORD-009212,debit_card,1,5464.21
PAY-001990,ORD-009055,cash,1,2725.64
PAY-001991,ORD-006396,credit_card,8,3081.1
PAY-001992,ORD-011886,boleto,1,7445.57
PAY-001993,ORD-007345,voucher,1,2873.22
PAY-001994,ORD-007596,,1,7766.79
PAY-001995,ORD-002323,boleto,1,7049.49
PAY-001996,ORD-013528,voucher,1,4601.73
PAY-001997,ORD-011244,credit_card,7,6879.39
PAY-001998,ORD-007187,debit_card,1,5389.84
PAY-001999,ORD-014311,boleto,1,7992.69
PAY-002000,ORD-001875,boleto,1,5832.53
PAY-002001,ORD-010580,voucher,1,5034.85
PAY-002002,ORD-013605,voucher,1,3706.93
PAY-002003,ORD-014022,boleto,1,424.46
PAY-002004,ORD-013593,credit_card,9,7553.64
PAY-002005,ORD-002045,debit_card,1,3001.01
PAY-002006,ORD-011505,voucher,1,5107.82
PAY-002007,ORD-002693,boleto,1,2700.11
PAY-002008,ORD-004413,voucher,1,6211.17
PAY-002009,ORD-003627,cash,1,678.79
PAY-002010,ORD-008223,voucher,1,7320.03
PAY-002011,ORD-014570,debit_card,1,3605.2
PAY-002012,ORD-007233,credit_card,11,6929.75
PAY-002013,ORD-014093,voucher,1,1737.27
PAY-002014,ORD-007096,voucher,1,4662.9
PAY-002015,ORD-013355,boleto,1,2748.42
PAY-002016,ORD-004156,debit_card,1,3310.98
PAY-002017,ORD-009297,credit_card,12,1281.46
PAY-002018,ORD-014227,boleto,1,506.45
PAY-002019,ORD-012091,boleto,1,5627.53
PAY-002020,ORD-012873,boleto,1,1894.52
PAY-002021,ORD-002107,voucher,1,2106.14
PAY-002022,ORD-003198,debit_card,1,5188.44
PAY-002023,ORD-013173,boleto,1,4979.08
PAY-002024,ORD-001746,voucher,1,5198.09
PAY-002025,ORD-011160,boleto,1,3391.65
PAY-002026,ORD-005011,debit_card,1,6638.47
PAY-002027,ORD-005485,voucher,1,2982.6
PAY-002028,ORD-009331,boleto,1,5413.72
PAY-002029,ORD-005411,boleto,1,1281.74
PAY-002030,ORD-009493,boleto,1,1387.32
PAY-002031,ORD-011423,voucher,1,6618.11
PAY-002032,ORD-011451,boleto,1,6714.68
PAY-002033,ORD-003601,credit_card,12,1638.45
PAY-002034,ORD-002444,voucher,1,4022.37
PAY-002035,ORD-012611,voucher,1,1455.53
PAY-002036,ORD-014272,credit_card,5,3793.07
PAY-002037,ORD-006887,debit_card,1,4126.78
PAY-002038,ORD-008953,boleto,1,4114.23
PAY-002039,ORD-000548,boleto,1,7463.97
PAY-002040,ORD-011089,boleto,1,3934.25
PAY-002041,ORD-013024,credit_card,1,3963.12
PAY-002042,ORD-004497,boleto,1,3300.21
PAY-002043,ORD-007119,voucher,1,3754.01
PAY-002044,ORD-014977,debit_card,1,5180.88
PAY-002045,ORD-010216,voucher,1,4265.66
PAY-002046,ORD-005456,debit_card,1,1560.24
PAY-002047,ORD-003084,debit_card,1,1570.93
PAY-002048,ORD-004640,debit_card,1,4818.93
PAY-002049,ORD-001787,credit_card,9,810.4
PAY-002050,ORD-005543,debit_card,1,6657.68
PAY-002051,ORD-012592,credit_card,8,2403.82
PAY-002052,ORD-005446,credit_card,9,2273.09
PAY-002053,ORD-004457,credit_card,7,7590.8
PAY-002054,ORD-001082,credit_card,8,7045.68
PAY-002055,ORD-001831,voucher,1,4706.17
PAY-002056,ORD-005366,debit_card,1,1657.74
PAY-002057,ORD-004154,boleto,1,3377.95
PAY-002058,ORD-003843,boleto,1,4529.24
PAY-002059,ORD-013571,credit_card,2,938.85
PAY-002060,ORD-010998,credit_card,8,7043.67
PAY-002061,ORD-006514,boleto,1,5669.57
PAY-002062,ORD-001146,voucher,1,2810.43
PAY-002063,ORD-010722,debit_card,1,6604.47
PAY-002064,ORD-007958,credit_card,10,7304.36
PAY-002065,ORD-001341,boleto,1,3696.51
PAY-002066,ORD-011862,voucher,1,2011.01
PAY-002067,ORD-007569,boleto,1,2741.39
PAY-002068,ORD-011823,debit_card,1,4942.25
PAY-002069,ORD-014452,voucher,1,3846.42
PAY-002070,ORD-009332,boleto,1,7667.02
PAY-002071,ORD-009505,debit_card,1,7969.0
PAY-002072,ORD-000490,debit_card,1,1691.67
PAY-002073,ORD-009604,debit_card,1,5011.85
PAY-002074,ORD-010593,debit_card,1,2324.25
PAY-002075,ORD-005801,debit_card,1,6270.2
PAY-002076,ORD-009699,voucher,1,7636.09
PAY-002077,ORD-006790,boleto,1,7951.79
PAY-002078,ORD-002849,boleto,1,6917.02
PAY-002079,ORD-002439,credit_card,1,1568.17
PAY-002080,ORD-013465,PIX,12,385.06
PAY-002081,ORD-012966,boleto,1,6066.28
PAY-002082,ORD-014068,credit_card,10,288.73
PAY-002083,ORD-003840,debit_card,1,1763.24
PAY-002084,ORD-008128,debit_card,1,6014.8
PAY-002085,ORD-003592,credit_card,5,3246.77
PAY-002086,ORD-009796,voucher,1,4479.2
PAY-002087,ORD-010046,debit_card,1,2762.0
PAY-002088,ORD-011589,credit_card,2,1329.85
PAY-002089,ORD-013701,voucher,1,526.79
PAY-002090,ORD-014710,credit_card,3,1445.68
PAY-002091,ORD-001771,boleto,1,5027.64
PAY-002092,ORD-004203,debit_card,1,5364.85
PAY-002093,ORD-008284,credit_card,11,2012.73
PAY-002094,ORD-008563,voucher,1,7133.79
PAY-002095,ORD-013488,voucher,1,7630.08
PAY-002096,ORD-011355,debit_card,1,6839.27
PAY-002097,ORD-002515,debit_card,1,779.32
PAY-002098,ORD-005074,debit_card,1,1719.83
PAY-002099,ORD-014332,voucher,1,232.16
PAY-002100,ORD-001110,debit_card,1,5097.69
PAY-002101,ORD-004955,voucher,1,6631.89
PAY-002102,ORD-008828,debit_card,1,5455.57
PAY-002103,ORD-004041,boleto,1,6196.73
PAY-002104,ORD-014444,credit_card,4,1411.7
PAY-002105,ORD-014437,boleto,1,5336.39
PAY-002106,ORD-014593,voucher,1,5033.83
PAY-002107,ORD-014706,credit_card,12,7665.07
PAY-002108,ORD-000277,boleto,1,5362.19
PAY-002109,ORD-001546,credit_card,8,6236.2
PAY-002110,ORD-000477,credit_card,8,3691.32
PAY-002111,ORD-008427,debit_card,1,128.05
PAY-002112,ORD-005251,voucher,1,5258.25
PAY-002113,ORD-012999,credit_card,3,6362.04
PAY-002114,ORD-012560,voucher,1,20.54
PAY-002115,ORD-011307,credit_card,7,4126.29
PAY-002116,ORD-003722,debit_card,1,4295.78
PAY-002117,ORD-006381,voucher,1,7142.61
PAY-002118,ORD-012013,boleto,1,1254.06
PAY-002119,ORD-003339,debit_card,1,1713.0
PAY-002120,ORD-012258,debit_card,1,2333.42
PAY-002121,ORD-003245,debit_card,1,5985.32
PAY-002122,ORD-013583,voucher,1,1139.22
PAY-002123,ORD-010828,debit_card,1,6106.31
PAY-002124,ORD-008010,voucher,1,7536.56
PAY-002125,ORD-007687,boleto,1,6534.07
PAY-002126,ORD-011319,voucher,1,1049.25
PAY-002127,ORD-004204,boleto,1,3733.26
PAY-002128,ORD-014881,voucher,1,1864.64
PAY-002129,ORD-014882,credit_card,4,5495.11
PAY-002130,ORD-014391,debit_card,1,1619.94
PAY-002131,ORD-006608,credit_card,1,1953.16
PAY-002132,ORD-002910,voucher,1,1609.95
PAY-002133,ORD-005576,debit_card,1,4984.37
PAY-002134,ORD-003184,credit_card,5,759.63
PAY-002135,ORD-000141,credit_card,3,4520.88
PAY-002136,ORD-001654,voucher,1,1608.3
PAY-002137,ORD-008027,credit_card,3,2294.33
PAY-002138,ORD-007515,voucher,1,1312.26
PAY-002139,ORD-014107,debit_card,1,6946.32
PAY-002140,ORD-010140,debit_card,1,3872.34
PAY-002141,ORD-000250,boleto,1,4963.35
PAY-002142,ORD-003772,debit_card,1,5737.9
PAY-002143,ORD-001618,boleto,1,6733.18
PAY-002144,ORD-006224,boleto,1,3874.8
PAY-002145,ORD-005262,boleto,1,1436.31
PAY-002146,ORD-008610,credit_card,12,7805.95
PAY-002147,ORD-009473,boleto,1,2063.05
PAY-002148,ORD-001777,credit_card,12,6647.27
PAY-002149,ORD-013137,credit_card,9,34.62
PAY-002150,ORD-004911,debit_card,1,647.96
PAY-002151,ORD-005995,boleto,1,-64.49
PAY-002152,ORD-010647,credit_card,3,2954.17
PAY-002153,ORD-007557,debit_card,1,3650.81
PAY-002154,ORD-001008,,4,1970.65
PAY-002155,ORD-005419,boleto,1,4479.28
PAY-002156,ORD-001554,credit_card,1,556.36
PAY-002157,ORD-005991,credit_card,2,3693.58
PAY-002158,ORD-004373,voucher,1,7809.08
PAY-002159,ORD-005835,credit_card,2,3385.91
PAY-002160,ORD-002188,voucher,1,843.88
PAY-002161,ORD-013365,debit_card,1,2417.42
PAY-002162,ORD-004601,boleto,1,103.87
PAY-002163,ORD-002255,boleto,1,6106.23
PAY-002164,ORD-002617,boleto,1,5302.78
PAY-002165,ORD-002641,debit_card,1,3115.74
PAY-002166,ORD-012657,credit_card,4,5056.92
PAY-002167,ORD-011456,voucher,1,6097.59
PAY-002168,ORD-011971,boleto,1,2336.96
PAY-002169,ORD-005583,debit_card,1,3661.31
PAY-002170,ORD-014133,voucher,1,2173.05
PAY-002171,ORD-004288,boleto,1,-216.97
PAY-002172,ORD-001816,credit_card,7,893.89
PAY-002173,ORD-014425,boleto,1,1392.29
PAY-002174,ORD-001933,voucher,1,6997.11
PAY-002175,ORD-013279,debit_card,1,738.05
PAY-002176,ORD-006491,debit_card,1,4329.12
PAY-002177,ORD-003928,credit_card,1,6925.25
PAY-002178,ORD-012113,boleto,1,670.91
PAY-002179,ORD-000254,boleto,1,2709.36
PAY-002180,ORD-013220,credit_card,8,7170.59
PAY-002181,ORD-004927,bitcoin,1,7156.78
PAY-002182,ORD-011821,voucher,1,3783.76
PAY-002183,ORD-003700,boleto,1,56.86
PAY-002184,ORD-014922,debit_card,1,1916.12
PAY-002185,ORD-011466,boleto,1,6724.46
PAY-002186,ORD-003664,credit_card,3,2028.51
PAY-002187,ORD-006635,debit_card,1,679.45
PAY-002188,ORD-000082,debit_card,1,7616.35
PAY-002189,ORD-013275,credit_card,8,7451.11
PAY-002190,ORD-011568,debit_card,1,1650.44
PAY-002191,ORD-010592,credit_card,11,1901.29
PAY-002192,ORD-010878,credit_card,2,4280.57
PAY-002193,ORD-010529,boleto,1,1918.32
PAY-002194,ORD-013082,boleto,1,5470.86
PAY-002195,ORD-012425,credit_card,10,6575.11
PAY-002196,ORD-003487,debit_card,1,1387.92
PAY-002197,ORD-000055,credit_card,8,7339.92
PAY-002198,ORD-005194,debit_card,1,923.04
PAY-002199,ORD-013795,voucher,1,6508.54
PAY-002200,ORD-008735,voucher,1,5392.34
PAY-002201,ORD-008220,voucher,1,1568.63
PAY-002202,ORD-005950,credit_card,6,3981.64
PAY-002203,ORD-003081,voucher,1,2308.47
PAY-002204,ORD-012541,boleto,1,231.48
PAY-002205,ORD-003579,boleto,1,5225.83
PAY-002206,ORD-007075,debit_card,1,128.31
PAY-002207,ORD-010738,boleto,1,2898.64
PAY-002208,ORD-013179,,1,3963.13
PAY-002209,ORD-011189,voucher,1,7824.08
PAY-002210,ORD-011799,voucher,1,1615.45
PAY-002211,ORD-004787,boleto,1,4354.5
PAY-002212,ORD-006757,voucher,1,7828.74
PAY-002213,ORD-011043,credit_card,5,4473.64
PAY-002214,ORD-002230,boleto,1,4517.49
PAY-002215,ORD-009196,boleto,1,3055.61
PAY-002216,ORD-004438,boleto,1,7032.51
PAY-002217,ORD-008807,boleto,1,5750.17
PAY-002218,ORD-011475,cash,6,1241.74
PAY-002219,ORD-004519,debit_card,1,2592.82
PAY-002220,ORD-004958,credit_card,1,5686.78
PAY-002221,ORD-010133,credit_card,5,2257.49
PAY-002222,ORD-003014,credit_card,6,6121.03
PAY-002223,ORD-009594,debit_card,1,2303.54
PAY-002224,ORD-013359,boleto,1,7687.1
PAY-002225,ORD-005389,debit_card,1,2965.54
PAY-002226,ORD-004127,debit_card,1,4375.89
PAY-002227,ORD-010215,debit_card,1,-412.98
PAY-002228,ORD-007317,boleto,1,2172.75
PAY-002229,ORD-004015,credit_card,6,1916.14
PAY-002230,ORD-001590,boleto,1,5754.75
PAY-002231,ORD-001661,debit_card,1,3079.75
PAY-002232,ORD-014097,voucher,1,2323.15
PAY-002233,ORD-000352,credit_card,2,3688.58
PAY-002234,ORD-014818,debit_card,1,7865.04
PAY-002235,ORD-011601,credit_card,11,1471.91
PAY-002236,ORD-006811,credit_card,4,-432.27
PAY-002237,ORD-001941,voucher,1,6450.31
PAY-002238,ORD-014448,credit_card,2,1076.71
PAY-002239,ORD-008286,credit_card,1,1173.89
PAY-002240,ORD-003838,debit_card,1,6989.99
PAY-002241,ORD-007160,voucher,1,4773.19
PAY-002242,ORD-007975,debit_card,1,5514.53
PAY-002243,ORD-002667,voucher,1,2400.4
PAY-002244,ORD-001717,voucher,1,320.73
PAY-002245,ORD-003334,debit_card,1,4009.49
PAY-002246,ORD-006795,credit_card,2,1765.66
PAY-002247,ORD-009045,credit_card,5,3957.51
PAY-002248,ORD-004269,credit_card,7,6586.16
PAY-002249,ORD-009394,credit_card,3,4095.92
PAY-002250,ORD-011200,debit_card,1,6157.52
PAY-002251,ORD-000785,boleto,1,6303.67
PAY-002252,ORD-005351,boleto,1,2721.25
PAY-002253,ORD-010962,boleto,1,3720.68
PAY-002254,ORD-007035,voucher,1,4227.94
PAY-002255,ORD-002717,credit_card,2,2188.11
PAY-002256,ORD-007675,debit_card,1,5859.03
PAY-002257,ORD-000361,credit_card,2,7799.89
PAY-002258,ORD-006188,boleto,1,1125.72
PAY-002259,ORD-002125,boleto,1,1934.92
PAY-002260,ORD-012207,boleto,1,3056.43
PAY-002261,ORD-007595,debit_card,1,7411.58
PAY-002262,ORD-014572,boleto,1,4843.42
PAY-002263,ORD-013774,debit_card,1,2775.24
PAY-002264,ORD-004348,debit_card,1,4213.31
PAY-002265,ORD-009115,boleto,1,2129.09
PAY-002266,ORD-004256,voucher,1,6989.62
PAY-002267,ORD-011833,boleto,1,625.45
PAY-002268,ORD-007009,debit_card,1,353.75
PAY-002269,ORD-011442,credit_card,4,7413.35
PAY-002270,ORD-002108,boleto,1,6330.05
PAY-002271,ORD-000493,debit_card,1,4493.39
PAY-002272,ORD-005299,credit_card,5,2007.36
PAY-002273,ORD-008792,credit_card,7,1739.74
PAY-002274,ORD-014535,debit_card,1,3571.64
PAY-002275,ORD-000083,voucher,1,494.4
PAY-002276,ORD-004629,credit_card,8,1645.62
PAY-002277,ORD-000938,debit_card,1,6186.33
PAY-002278,ORD-010719,debit_card,1,2652.91
PAY-002279,ORD-007365,voucher,1,2406.2
PAY-002280,ORD-012641,debit_card,1,2826.38
PAY-002281,ORD-004276,voucher,1,767.85
PAY-002282,ORD-001168,credit_card,1,732.09
PAY-002283,ORD-007126,debit_card,1,4784.51
PAY-002284,ORD-014482,credit_card,10,2132.2
PAY-002285,ORD-001403,credit_card,2,7085.15
PAY-002286,ORD-012705,boleto,1,3315.35
PAY-002287,ORD-000468,credit_card,11,2869.66
PAY-002288,ORD-003662,voucher,1,6583.9
PAY-002289,ORD-014414,voucher,1,2039.06
PAY-002290,ORD-013962,credit_card,5,2765.67
PAY-002291,ORD-000667,debit_card,1,3694.72
PAY-002292,ORD-009190,boleto,1,7608.96
PAY-002293,ORD-003581,credit_card,6,5305.04
PAY-002294,ORD-013831,boleto,1,7976.37
PAY-002295,ORD-013090,voucher,1,4820.68
PAY-002296,ORD-014145,boleto,1,5125.85
PAY-002297,ORD-010337,boleto,1,7000.46
PAY-002298,ORD-002291,boleto,1,4112.52
PAY-002299,ORD-010999,boleto,1,7300.93
PAY-002300,ORD-002795,credit_card,4,7980.69
PAY-002301,ORD-003068,boleto,1,3120.68
PAY-002302,ORD-011422,debit_card,,5446.82
PAY-002303,ORD-001128,credit_card,8,5156.04
PAY-002304,ORD-009302,credit_card,3,2519.84
PAY-002305,ORD-009678,boleto,1,3774.82
PAY-002306,ORD-004379,debit_card,1,6710.93
PAY-002307,ORD-008765,boleto,1,1260.37
PAY-002308,ORD-013798,debit_card,1,5007.73
PAY-002309,ORD-001200,credit_card,11,7622.3
PAY-002310,ORD-002519,credit_card,1,2935.19
PAY-002311,ORD-013317,credit_card,9,6140.73
PAY-002312,ORD-003147,credit_card,1,1062.33
PAY-002313,ORD-007896,voucher,1,5854.56
PAY-002314,ORD-011411,voucher,1,7504.92
PAY-002315,ORD-003377,credit_card,2,2080.21
PAY-002316,ORD-002697,voucher,1,3304.27
PAY-002317,ORD-009784,credit_card,2,25.71
PAY-002318,ORD-008369,voucher,1,996.62
PAY-002319,ORD-003721,debit_card,1,395.52
PAY-002320,ORD-014401,credit_card,2,6476.71
PAY-002321,ORD-006721,boleto,1,4654.25
PAY-002322,ORD-006038,credit_card,9,335.37
PAY-002323,ORD-002424,credit_card,11,7980.52
PAY-002324,ORD-011579,boleto,1,6336.78
PAY-002325,ORD-004925,credit_card,6,6611.87
PAY-002326,ORD-011045,credit_card,11,7129.32
PAY-002327,ORD-012778,debit_card,1,2313.91
PAY-002328,ORD-008664,voucher,1,7497.42
PAY-002329,ORD-014291,credit_card,2,238.43
PAY-002330,ORD-012033,credit_card,4,7025.54
PAY-002331,ORD-004745,boleto,1,3074.26
PAY-002332,ORD-001201,debit_card,1,6374.96
PAY-002333,ORD-002075,voucher,1,3792.1
PAY-002334,ORD-006591,boleto,1,375.82
PAY-002335,ORD-013469,credit_card,12,3889.15
PAY-002336,ORD-013079,voucher,1,4395.87
PAY-002337,ORD-007118,debit_card,1,305.09
PAY-002338,ORD-005995,voucher,1,1200.47
PAY-002339,ORD-013544,credit_card,11,6323.08
PAY-002340,ORD-008023,boleto,1,5621.18
PAY-002341,ORD-005033,debit_card,1,496.26
PAY-002342,ORD-002184,credit_card,8,5719.8
PAY-002343,ORD-005096,boleto,1,4567.35
PAY-002344,ORD-007863,credit_card,12,4618.27
PAY-002345,ORD-006193,credit_card,9,7259.78
PAY-002346,ORD-003953,debit_card,1,469.11
PAY-002347,ORD-005225,credit_card,6,4960.48
PAY-002348,ORD-000752,debit_card,1,4662.12
PAY-002349,ORD-013337,voucher,1,7486.19
PAY-002350,ORD-014066,debit_card,1,5132.34
PAY-002351,ORD-011558,credit_card,2,2335.67
PAY-002352,ORD-008469,credit_card,5,1816.01
PAY-002353,ORD-012521,debit_card,1,153.46
PAY-002354,ORD-004080,credit_card,9,3665.8
PAY-002355,ORD-012061,voucher,1,3266.71
PAY-002356,ORD-000957,voucher,1,2276.02
PAY-002357,ORD-009193,boleto,1,6636.23
PAY-002358,ORD-003310,voucher,1,7500.6
PAY-002359,ORD-010071,debit_card,1,5722.23
PAY-002360,ORD-007920,boleto,1,2555.42
PAY-002361,ORD-014010,debit_card,1,5717.01
PAY-002362,ORD-000835,credit_card,1,986.14
PAY-002363,ORD-007275,voucher,1,4038.47
PAY-002364,ORD-010116,debit_card,1,3567.78
PAY-002365,ORD-009441,credit_card,9,440.7
PAY-002366,ORD-009952,,1,6972.37
PAY-002367,ORD-009111,boleto,1,3653.14
PAY-002368,ORD-009448,boleto,1,-174.65
PAY-002369,ORD-006506,credit_card,11,7212.17
PAY-002370,ORD-013600,voucher,1,222.26
PAY-002371,ORD-001811,credit_card,6,141.49
PAY-002372,ORD-001509,voucher,1,3564.57
PAY-002373,ORD-001109,debit_card,1,7498.2
PAY-002374,ORD-007537,boleto,1,221.1
PAY-002375,ORD-013351,boleto,1,5484.71
PAY-002376,ORD-006232,voucher,1,7616.07
PAY-002377,ORD-011242,credit_card,2,5467.61
PAY-002378,ORD-005535,boleto,1,1791.62
PAY-002379,ORD-008693,debit_card,1,986.76
PAY-002380,ORD-011477,credit_card,9,7276.52
PAY-002381,ORD-001441,debit_card,1,6233.02
PAY-002382,ORD-007953,debit_card,1,6819.38
PAY-002383,ORD-005559,debit_card,1,3769.83
PAY-002384,ORD-006154,credit_card,3,2300.65
PAY-002385,ORD-011324,credit_card,9,6021.21
PAY-002386,ORD-006908,voucher,1,60.11
PAY-002387,ORD-013372,credit_card,3,6635.7
PAY-002388,ORD-000821,debit_card,1,3927.43
PAY-002389,ORD-008538,debit_card,1,5935.34
PAY-002390,ORD-005297,boleto,1,2114.49
PAY-002391,ORD-012327,boleto,1,2417.14
PAY-002392,ORD-010133,voucher,1,3739.67
PAY-002393,ORD-004693,boleto,1,2101.65
PAY-002394,ORD-014728,debit_card,1,3933.04
PAY-002395,ORD-012566,credit_card,3,6620.09
PAY-002396,ORD-003273,debit_card,1,5363.09
PAY-002397,ORD-013627,credit_card,3,7734.26
PAY-002398,ORD-013828,voucher,1,7253.1
PAY-002399,ORD-013008,boleto,1,534.92
PAY-002400,ORD-013464,debit_card,1,3550.42
PAY-002401,ORD-007203,credit_card,5,7615.24
PAY-002402,ORD-007665,debit_card,1,1456.56
PAY-002403,ORD-009088,voucher,1,6914.81
PAY-002404,ORD-005456,debit_card,1,7765.96
PAY-002405,ORD-014218,voucher,1,2489.32
PAY-002406,ORD-007672,PIX,1,3389.96
PAY-002407,ORD-014115,debit_card,1,235.5
PAY-002408,ORD-001799,credit_card,8,272.13
PAY-002409,ORD-006218,debit_card,1,484.3
PAY-002410,ORD-014376,debit_card,1,800.81
PAY-002411,ORD-013932,credit_card,12,7355.13
PAY-002412,ORD-004871,voucher,1,7395.79
PAY-002413,ORD-011895,debit_card,1,6622.05
PAY-002414,ORD-004309,voucher,1,2545.97
PAY-002415,ORD-004036,voucher,1,672.71
PAY-002416,ORD-002967,credit_card,9,5032.44
PAY-002417,ORD-010448,boleto,1,5234.88
PAY-002418,ORD-013620,boleto,1,6042.42
PAY-002419,ORD-005374,debit_card,1,374.91
PAY-002420,ORD-006530,voucher,1,6463.62
PAY-002421,ORD-005113,credit_card,1,6773.68
PAY-002422,ORD-006706,credit_card,3,2059.06
PAY-002423,ORD-008776,voucher,1,6399.09
PAY-002424,ORD-005485,voucher,1,1032.83
PAY-002425,ORD-008044,voucher,1,7840.69
PAY-002426,ORD-006213,credit_card,11,2369.75
PAY-002427,ORD-005984,credit_card,12,7891.4
PAY-002428,ORD-009022,debit_card,1,671.77
PAY-002429,ORD-007840,credit_card,3,829.87
PAY-002430,ORD-003034,voucher,1,84.34
PAY-002431,ORD-014620,credit_card,6,5674.97
PAY-002432,ORD-010812,boleto,1,1293.64
PAY-002433,ORD-002990,boleto,1,6339.98
PAY-002434,ORD-000932,credit_card,10,4147.77
PAY-002435,ORD-002633,boleto,1,5134.08
PAY-002436,ORD-013770,boleto,1,2678.74
PAY-002437,ORD-000627,voucher,1,876.18
PAY-002438,ORD-003700,boleto,1,2498.88
PAY-002439,ORD-005190,boleto,1,6607.46
PAY-002440,ORD-012593,boleto,1,802.8
PAY-002441,ORD-006711,credit_card,3,6358.56
PAY-002442,ORD-000021,debit_card,1,-174.43
PAY-002443,ORD-001167,voucher,1,6765.01
PAY-002444,ORD-012271,credit_card,10,4565.82
PAY-002445,ORD-000937,credit_card,5,3712.19
PAY-002446,ORD-014677,boleto,1,4462.91
PAY-002447,ORD-005188,credit_card,1,1620.2
PAY-002448,ORD-011720,debit_card,1,7907.18
PAY-002449,ORD-008068,credit_card,9,4813.35
PAY-002450,ORD-004771,credit_card,1,3798.24
PAY-002451,ORD-011220,boleto,1,-291.05
PAY-002452,ORD-004657,boleto,1,4930.65
PAY-002453,ORD-005724,boleto,1,997.61
PAY-002454,ORD-002853,debit_card,1,4896.26
PAY-002455,ORD-001681,debit_card,1,7135.52
PAY-002456,ORD-013164,debit_card,1,835.4
PAY-002457,ORD-010188,voucher,1,2514.25
PAY-002458,ORD-000544,boleto,1,613.4
PAY-002459,ORD-007958,credit_card,10,1722.33
PAY-002460,ORD-013365,credit_card,7,162.59
PAY-002461,ORD-008554,credit_card,3,2468.22
PAY-002462,ORD-001623,debit_card,1,5043.18
PAY-002463,ORD-001632,credit_card,10,7747.91
PAY-002464,ORD-010221,debit_card,1,4402.68
PAY-002465,ORD-009835,credit_card,10,4164.54
PAY-002466,ORD-007028,boleto,1,3499.03
PAY-002467,ORD-013703,boleto,1,2746.85
PAY-002468,ORD-011054,voucher,1,736.27
PAY-002469,ORD-010939,boleto,1,3104.81
PAY-002470,ORD-000424,credit_card,11,3477.59
PAY-002471,ORD-013185,boleto,1,5685.64
PAY-002472,ORD-008658,boleto,1,2751.89
PAY-002473,ORD-008770,credit_card,4,530.64
PAY-002474,ORD-006837,credit_card,11,3303.35
PAY-002475,ORD-000133,debit_card,1,582.78
PAY-002476,ORD-011410,credit_card,6,6917.67
PAY-002477,ORD-002025,debit_card,1,3755.78
PAY-002478,ORD-013232,credit_card,12,5976.33
PAY-002479,ORD-004080,credit_card,5,4534.07
PAY-002480,ORD-003760,debit_card,1,1213.73
PAY-002481,ORD-008802,debit_card,1,5735.29
PAY-002482,ORD-008252,credit_card,4,6923.83
PAY-002483,ORD-013398,boleto,1,7780.78
PAY-002484,ORD-008685,credit_card,1,7729.83
PAY-002485,ORD-012145,voucher,1,7953.9
PAY-002486,ORD-006808,debit_card,1,5652.43
PAY-002487,ORD-001721,debit_card,1,5206.76
PAY-002488,ORD-003522,boleto,1,1226.71
PAY-002489,ORD-002572,voucher,1,5326.97
PAY-002490,ORD-005261,boleto,1,5486.22
PAY-002491,ORD-013720,debit_card,1,2602.6
PAY-002492,ORD-010073,credit_card,2,3116.1
PAY-002493,ORD-000511,credit_card,6,5672.22
PAY-002494,ORD-009693,debit_card,1,167.43
PAY-002495,ORD-001982,boleto,1,3651.01
PAY-002496,ORD-005794,boleto,1,2740.86
PAY-002497,ORD-007060,voucher,1,1274.28
PAY-002498,ORD-010884,debit_card,1,5863.35
PAY-002499,ORD-005584,boleto,1,2348.69
PAY-002500,ORD-009229,voucher,1,2727.62
PAY-002501,ORD-004771,boleto,1,-245.68
PAY-002502,ORD-005096,boleto,1,2287.54
PAY-002503,ORD-009938,credit_card,4,1098.93
PAY-002504,ORD-011449,boleto,1,1839.78
PAY-002505,ORD-013303,debit_card,1,6410.32
PAY-002506,ORD-001531,boleto,1,6300.43
PAY-002507,ORD-010757,voucher,1,2180.39
PAY-002508,ORD-004790,boleto,1,5315.61
PAY-002509,ORD-001042,boleto,1,1098.83
PAY-002510,ORD-002387,credit_card,3,-287.16
PAY-002511,ORD-002448,credit_card,12,4752.58
PAY-002512,ORD-003789,debit_card,1,3854.62
PAY-002513,ORD-000077,voucher,1,5666.1
PAY-002514,ORD-010376,voucher,1,48.96
PAY-002515,ORD-000557,debit_card,1,7078.74
PAY-002516,ORD-004551,credit_card,3,2074.98
PAY-002517,ORD-014874,boleto,1,5532.73
PAY-002518,ORD-011644,debit_card,1,5282.78
PAY-002519,ORD-009035,boleto,1,699.14
PAY-002520,ORD-000257,voucher,1,6307.84
PAY-002521,ORD-010074,voucher,1,1328.42
PAY-002522,ORD-013778,boleto,1,4222.7
PAY-002523,ORD-007633,boleto,1,5036.75
PAY-002524,ORD-006636,debit_card,1,3271.15
PAY-002525,ORD-014388,voucher,1,1722.85
PAY-002526,ORD-007363,voucher,1,1932.53
PAY-002527,ORD-006586,voucher,1,3535.66
PAY-002528,ORD-002407,credit_card,,7775.33
PAY-002529,ORD-006061,boleto,1,-327.26
PAY-002530,ORD-001350,boleto,1,3620.99
PAY-002531,ORD-010740,boleto,1,5728.71
PAY-002532,ORD-001902,debit_card,1,835.97
PAY-002533,ORD-004228,debit_card,1,3806.33
PAY-002534,ORD-001785,boleto,1,1141.37
PAY-002535,ORD-001853,debit_card,1,2747.83
PAY-002536,ORD-012015,debit_card,1,4734.93
PAY-002537,ORD-014228,boleto,1,6743.49
PAY-002538,ORD-004407,voucher,1,2455.32
PAY-002539,ORD-008962,credit_card,11,387.23
PAY-002540,ORD-011785,credit_card,2,7150.15
PAY-002541,ORD-009955,boleto,1,2338.73
PAY-002542,ORD-014623,boleto,1,521.18
PAY-002543,ORD-013787,voucher,1,1555.65
PAY-002544,ORD-000584,credit_card,5,866.86
PAY-002545,ORD-006654,voucher,1,7061.8
PAY-002546,ORD-007200,bitcoin,1,6848.31
PAY-002547,ORD-005262,boleto,1,2132.17
PAY-002548,ORD-002602,voucher,1,6916.48
PAY-002549,ORD-004572,debit_card,1,3592.69
PAY-002550,ORD-004916,debit_card,1,4914.34
PAY-002551,ORD-012913,credit_card,7,4065.28
PAY-002552,ORD-010962,voucher,1,4636.37
PAY-002553,ORD-004666,voucher,1,1601.25
PAY-002554,ORD-013328,credit_card,9,7210.32
PAY-002555,ORD-002554,voucher,1,7793.82
PAY-002556,ORD-012547,credit_card,11,3373.09
PAY-002557,ORD-014842,voucher,1,5019.09
PAY-002558,ORD-010240,credit_card,6,3336.96
PAY-002559,ORD-014878,boleto,1,4966.9
PAY-002560,ORD-006475,boleto,1,4983.07
PAY-002561,ORD-014855,voucher,1,3867.94
PAY-002562,ORD-002184,voucher,1,1950.26
PAY-002563,ORD-006858,credit_card,12,7013.63
PAY-002564,ORD-002868,boleto,1,4513.11
PAY-002565,ORD-012064,boleto,1,7965.57
PAY-002566,ORD-009067,voucher,1,98.34
PAY-002567,ORD-009749,boleto,1,7709.67
PAY-002568,ORD-006207,voucher,1,1947.47
PAY-002569,ORD-000022,boleto,1,580.72
PAY-002570,ORD-000789,voucher,1,1465.81
PAY-002571,ORD-005209,credit_card,6,101.27
PAY-002572,ORD-007211,debit_card,1,1819.96
PAY-002573,ORD-012837,credit_card,8,4374.64
PAY-002574,ORD-013528,boleto,1,4275.83
PAY-002575,ORD-013609,credit_card,8,7876.71
PAY-002576,ORD-007029,boleto,1,5843.73
PAY-002577,ORD-008945,voucher,1,1066.55
PAY-002578,ORD-006941,debit_card,1,1859.2
PAY-002579,ORD-000056,voucher,1,6144.19
PAY-002580,ORD-004863,boleto,1,4526.02
PAY-002581,ORD-001858,voucher,1,668.18
PAY-002582,ORD-014868,voucher,1,6286.18
PAY-002583,ORD-004202,debit_card,1,5478.12
PAY-002584,ORD-014505,debit_card,1,835.72
PAY-002585,ORD-002957,debit_card,1,5799.02
PAY-002586,ORD-009647,boleto,1,3806.37
PAY-002587,ORD-009074,debit_card,1,872.38
PAY-002588,ORD-012673,credit_card,9,2833.28
PAY-002589,ORD-009106,credit_card,3,7690.5
PAY-002590,ORD-003857,debit_card,1,2862.56
PAY-002591,ORD-010046,credit_card,10,6335.23
PAY-002592,ORD-014014,debit_card,1,3102.88
PAY-002593,ORD-002512,boleto,1,3216.0
PAY-002594,ORD-004746,credit_card,10,4153.28
PAY-002595,ORD-009182,boleto,1,4553.87
PAY-002596,ORD-014485,boleto,1,1275.22
PAY-002597,ORD-009078,credit_card,10,3831.91
PAY-002598,ORD-000081,credit_card,5,502.42
PAY-002599,ORD-014027,voucher,1,6866.47
PAY-002600,ORD-000855,boleto,1,3272.53
PAY-002601,ORD-009148,boleto,1,5628.76
PAY-002602,ORD-009649,boleto,1,7247.77
PAY-002603,ORD-001252,credit_card,9,66.12
PAY-002604,ORD-012575,boleto,1,2536.6
PAY-002605,ORD-001949,voucher,1,3400.22
PAY-002606,ORD-013069,debit_card,1,36.04
PAY-002607,ORD-003674,voucher,1,4910.54
PAY-002608,ORD-003620,debit_card,1,3976.13
PAY-002609,ORD-004790,boleto,1,823.24
PAY-002610,ORD-005630,credit_card,9,3790.55
PAY-002611,ORD-013765,credit_card,12,7505.68
PAY-002612,ORD-005484,voucher,1,2973.61
PAY-002613,ORD-008314,debit_card,1,6344.42
PAY-002614,ORD-010994,boleto,1,5990.23
PAY-002615,ORD-010276,voucher,1,4839.04
PAY-002616,ORD-012540,boleto,1,3663.32
PAY-002617,ORD-009848,credit_card,9,4677.03
PAY-002618,ORD-008459,boleto,1,3837.27
PAY-002619,ORD-006074,credit_card,2,4979.51
PAY-002620,ORD-009726,debit_card,,6793.2
PAY-002621,ORD-014552,credit_card,6,3781.55
PAY-002622,ORD-011968,credit_card,12,1630.42
PAY-002623,ORD-000157,credit_card,8,4619.05
PAY-002624,ORD-005522,debit_card,1,1370.5
PAY-002625,ORD-012769,voucher,1,4169.14
PAY-002626,ORD-010654,credit_card,1,6779.17
PAY-002627,ORD-004314,debit_card,1,3115.32
PAY-002628,ORD-014720,debit_card,1,677.2
PAY-002629,ORD-000805,voucher,1,42.9
PAY-002630,ORD-005228,credit_card,10,766.1
PAY-002631,ORD-005633,voucher,1,2194.33
PAY-002632,ORD-007936,boleto,1,7872.03
PAY-002633,ORD-011882,bitcoin,11,1460.33
PAY-002634,ORD-004132,debit_card,1,1712.4
PAY-002635,ORD-011373,debit_card,1,7451.66
PAY-002636,ORD-008172,boleto,1,1375.63
PAY-002637,ORD-004498,debit_card,1,228.39
PAY-002638,ORD-005396,boleto,1,1036.31
PAY-002639,ORD-011691,boleto,1,6599.4
PAY-002640,ORD-006397,credit_card,11,2183.68
PAY-002641,ORD-012980,credit_card,4,2864.08
PAY-002642,ORD-011106,voucher,,445.88
PAY-002643,ORD-010091,credit_card,1,5279.5
PAY-002644,ORD-007419,credit_card,1,4646.23
PAY-002645,ORD-009094,voucher,1,6488.29
PAY-002646,ORD-005442,boleto,1,794.73
PAY-002647,ORD-001233,voucher,1,3439.95
PAY-002648,ORD-003327,debit_card,1,3979.83
PAY-002649,ORD-004715,boleto,1,5463.37
PAY-002650,ORD-002667,boleto,1,1237.11
PAY-002651,ORD-014015,boleto,,3061.6
PAY-002652,ORD-002907,voucher,1,2959.03
PAY-002653,ORD-004100,debit_card,1,1034.52
PAY-002654,ORD-013592,boleto,1,5881.22
PAY-002655,ORD-002718,debit_card,1,3771.72
PAY-002656,ORD-002366,voucher,1,675.99
PAY-002657,ORD-010739,credit_card,6,318.54
PAY-002658,ORD-001601,credit_card,3,1051.18
PAY-002659,ORD-012668,voucher,1,4029.68
PAY-002660,ORD-003450,boleto,1,5558.39
PAY-002661,ORD-014716,boleto,1,3810.48
PAY-002662,ORD-001392,voucher,1,3483.54
PAY-002663,ORD-012136,debit_card,1,462.16
PAY-002664,ORD-003964,boleto,1,6239.99
PAY-002665,ORD-003374,credit_card,3,7565.54
PAY-002666,ORD-006674,debit_card,1,3774.14
PAY-002667,ORD-001614,credit_card,12,6693.1
PAY-002668,ORD-011107,credit_card,10,6848.49
PAY-002669,ORD-011296,debit_card,1,5288.55
PAY-002670,ORD-013882,boleto,1,5041.41
PAY-002671,ORD-000980,voucher,1,3864.28
PAY-002672,ORD-002981,boleto,1,6547.16
PAY-002673,ORD-004937,debit_card,1,2736.7
PAY-002674,ORD-012677,boleto,1,4457.25
PAY-002675,ORD-006098,debit_card,1,4362.33
PAY-002676,ORD-001514,debit_card,1,2407.71
PAY-002677,ORD-000530,credit_card,8,2798.54
PAY-002678,ORD-001025,voucher,1,1057.68
PAY-002679,ORD-001907,voucher,1,2567.37
PAY-002680,ORD-002139,credit_card,,637.26
PAY-002681,ORD-007809,voucher,1,1585.45
PAY-002682,ORD-014122,credit_card,10,137.73
PAY-002683,ORD-014629,debit_card,1,1211.87
PAY-002684,ORD-006436,debit_card,1,3017.28
PAY-002685,ORD-005402,boleto,1,5946.48
PAY-002686,ORD-013422,boleto,1,5066.26
PAY-002687,ORD-014985,voucher,1,701.89
PAY-002688,ORD-011103,debit_card,1,6537.94
PAY-002689,ORD-000588,boleto,1,3363.82
PAY-002690,ORD-001180,voucher,1,6687.39
PAY-002691,ORD-005272,boleto,1,5187.38
PAY-002692,ORD-005520,voucher,1,5284.25
PAY-002693,ORD-006115,voucher,1,6847.49
PAY-002694,ORD-008284,debit_card,1,7045.07
PAY-002695,ORD-003502,debit_card,1,7585.18
PAY-002696,ORD-014614,boleto,1,6420.14
PAY-002697,ORD-007128,debit_card,1,3801.49
PAY-002698,ORD-005988,boleto,1,5316.6
PAY-002699,ORD-008630,voucher,1,1939.95
PAY-002700,ORD-005988,cash,1,7456.07
PAY-002701,ORD-007611,boleto,1,127.85
PAY-002702,ORD-001508,credit_card,6,4222.76
PAY-002703,ORD-000610,credit_card,11,4340.52
PAY-002704,ORD-000080,voucher,1,820.29
PAY-002705,ORD-005719,voucher,1,5986.79
PAY-002706,ORD-011632,voucher,1,1679.98
PAY-002707,ORD-010765,credit_card,11,4296.74
PAY-002708,ORD-007933,voucher,1,3603.36
PAY-002709,ORD-011193,boleto,1,2192.14
PAY-002710,ORD-004977,boleto,1,796.03
PAY-002711,ORD-000746,credit_card,12,1351.14
PAY-002712,ORD-008542,credit_card,4,5717.69
PAY-002713,ORD-005951,credit_card,5,1414.55
PAY-002714,ORD-007399,voucher,1,1231.6
PAY-002715,ORD-007091,credit_card,3,1178.12
PAY-002716,ORD-013020,boleto,1,1865.03
PAY-002717,ORD-007851,boleto,1,-278.38
PAY-002718,ORD-002272,credit_card,6,299.87
PAY-002719,ORD-012424,credit_card,5,731.83
PAY-002720,ORD-005728,credit_card,4,1557.28
PAY-002721,ORD-003519,credit_card,2,2952.53
PAY-002722,ORD-009403,boleto,1,6991.45
PAY-002723,ORD-012092,voucher,,4431.89
PAY-002724,ORD-013002,boleto,1,2175.07
PAY-002725,ORD-005161,credit_card,4,2037.25
PAY-002726,ORD-007713,voucher,1,4871.99
PAY-002727,ORD-011631,voucher,1,4866.81
PAY-002728,ORD-002349,credit_card,7,5530.52
PAY-002729,ORD-007232,voucher,1,928.65
PAY-002730,ORD-013601,debit_card,1,4179.22
PAY-002731,ORD-014957,voucher,1,4712.81
PAY-002732,ORD-008546,credit_card,8,5477.57
PAY-002733,ORD-012303,voucher,1,1882.19
PAY-002734,ORD-012290,credit_card,9,3160.56
PAY-002735,ORD-009657,credit_card,8,7289.36
PAY-002736,ORD-008414,boleto,1,1106.97
PAY-002737,ORD-000307,debit_card,1,4342.08
PAY-002738,ORD-001234,debit_card,1,943.84
PAY-002739,ORD-003368,boleto,1,5359.83
PAY-002740,ORD-002688,credit_card,6,3208.25
PAY-002741,ORD-012134,voucher,1,7522.84
PAY-002742,ORD-006690,boleto,1,3762.38
PAY-002743,ORD-003006,debit_card,1,3009.19
PAY-002744,ORD-000219,boleto,1,5955.29
PAY-002745,ORD-000577,debit_card,1,4337.11
PAY-002746,ORD-004772,voucher,1,1438.19
PAY-002747,ORD-006303,boleto,1,4910.88
PAY-002748,ORD-010757,boleto,1,6653.15
PAY-002749,ORD-008493,credit_card,11,728.76
PAY-002750,ORD-011982,debit_card,1,1136.78
PAY-002751,ORD-014448,debit_card,1,6003.25
PAY-002752,ORD-014164,debit_card,1,1043.15
PAY-002753,ORD-003499,credit_card,11,6249.87
PAY-002754,ORD-003761,boleto,1,2047.94
PAY-002755,ORD-008794,boleto,1,6594.27
PAY-002756,ORD-008654,credit_card,10,5015.58
PAY-002757,ORD-002751,debit_card,1,3540.43
PAY-002758,ORD-001837,boleto,1,5332.78
PAY-002759,ORD-012235,credit_card,7,333.01
PAY-002760,ORD-010061,debit_card,1,626.39
PAY-002761,ORD-007196,voucher,1,5083.38
PAY-002762,ORD-012012,boleto,1,6468.75
PAY-002763,ORD-008890,debit_card,1,3915.32
PAY-002764,ORD-002603,debit_card,1,6581.5
PAY-002765,ORD-000736,debit_card,1,1405.11
PAY-002766,ORD-013353,boleto,1,4148.48
PAY-002767,ORD-011155,voucher,1,1565.04
PAY-002768,ORD-001466,credit_card,5,1985.46
PAY-002769,ORD-005536,credit_card,7,4123.43
PAY-002770,ORD-000511,boleto,1,7329.03
PAY-002771,ORD-004125,credit_card,3,5285.79
PAY-002772,ORD-011226,debit_card,1,4171.2
PAY-002773,ORD-006505,voucher,1,2823.06
PAY-002774,ORD-001935,debit_card,1,7512.21
PAY-002775,ORD-012343,boleto,1,1888.87
PAY-002776,ORD-010570,boleto,1,2869.88
PAY-002777,ORD-009312,debit_card,1,2796.84
PAY-002778,ORD-010736,voucher,1,836.17
PAY-002779,ORD-002142,debit_card,1,4178.13
PAY-002780,ORD-005200,credit_card,11,3680.02
PAY-002781,ORD-005273,debit_card,1,5762.38
PAY-002782,ORD-003906,debit_card,1,5646.15
PAY-002783,ORD-014068,voucher,1,5658.37
PAY-002784,ORD-014483,debit_card,1,2766.88
PAY-002785,ORD-003228,credit_card,4,1373.1
PAY-002786,ORD-011036,debit_card,1,4562.81
PAY-002787,ORD-009728,boleto,1,7176.12
PAY-002788,ORD-000174,boleto,1,4680.44
PAY-002789,ORD-011926,debit_card,1,1064.35
PAY-002790,ORD-014717,debit_card,1,3706.64
PAY-002791,ORD-012222,voucher,1,403.52
PAY-002792,ORD-004450,voucher,1,2679.33
PAY-002793,ORD-004276,debit_card,1,5791.66
PAY-002794,ORD-007542,credit_card,1,7511.32
PAY-002795,ORD-010769,voucher,1,5899.4
PAY-002796,ORD-008429,voucher,1,1513.45
PAY-002797,ORD-006735,credit_card,11,7169.84
PAY-002798,ORD-003846,boleto,1,5835.41
PAY-002799,ORD-012735,voucher,1,1685.97
PAY-002800,ORD-006047,boleto,1,6761.31
PAY-002801,ORD-011293,boleto,1,2308.01
PAY-002802,ORD-011447,,1,7965.87
PAY-002803,ORD-013918,boleto,1,6705.99
PAY-002804,ORD-014435,credit_card,12,3040.41
PAY-002805,ORD-006297,boleto,1,4993.36
PAY-002806,ORD-009730,debit_card,1,101.86
PAY-002807,ORD-005601,debit_card,1,620.36
PAY-002808,ORD-009255,boleto,1,5540.81
PAY-002809,ORD-014725,debit_card,1,7363.04
PAY-002810,ORD-009133,voucher,1,-106.39
PAY-002811,ORD-000003,boleto,1,2346.4
PAY-002812,ORD-014195,voucher,1,6659.08
PAY-002813,ORD-000458,voucher,1,7629.42
PAY-002814,ORD-004665,voucher,1,6255.07
PAY-002815,ORD-011043,debit_card,1,6422.11
PAY-002816,ORD-008297,credit_card,1,3789.13
PAY-002817,ORD-014192,debit_card,1,4293.53
PAY-002818,ORD-009429,credit_card,3,5421.75
PAY-002819,ORD-008938,credit_card,2,2231.18
PAY-002820,ORD-004790,voucher,1,6674.68
PAY-002821,ORD-014255,boleto,1,7159.38
PAY-002822,ORD-005155,debit_card,1,5747.48
PAY-002823,ORD-008664,voucher,1,6641.26
PAY-002824,ORD-014064,boleto,1,878.83
PAY-002825,ORD-000566,voucher,1,3661.92
PAY-002826,ORD-001467,voucher,1,2914.04
PAY-002827,ORD-014075,debit_card,1,642.66
PAY-002828,ORD-013006,voucher,1,7070.32
PAY-002829,ORD-003085,voucher,1,4719.01
PAY-002830,ORD-007927,voucher,1,852.75
PAY-002831,ORD-008727,debit_card,1,5309.55
PAY-002832,ORD-013529,credit_card,4,4011.57
PAY-002833,ORD-007679,debit_card,1,2249.87
PAY-002834,ORD-002852,voucher,1,2334.39
PAY-002835,ORD-006327,voucher,1,7653.44
PAY-002836,ORD-012888,voucher,1,6596.87
PAY-002837,ORD-013834,boleto,1,2188.66
PAY-002838,ORD-008369,boleto,1,6603.15
PAY-002839,ORD-014361,debit_card,1,6045.87
PAY-002840,ORD-000624,boleto,1,1148.67
PAY-002841,ORD-000808,boleto,1,3819.95
PAY-002842,ORD-004685,debit_card,1,5046.57
PAY-002843,ORD-001409,credit_card,12,4807.53
PAY-002844,ORD-010871,voucher,1,1869.24
PAY-002845,ORD-008987,debit_card,1,4672.51
PAY-002846,ORD-011392,voucher,,5227.49
PAY-002847,ORD-010515,credit_card,11,-290.23
PAY-002848,ORD-002649,boleto,1,3212.45
PAY-002849,ORD-008867,credit_card,12,3595.91
PAY-002850,ORD-011240,credit_card,8,4316.15
PAY-002851,ORD-009375,voucher,1,-104.69
PAY-002852,ORD-014761,debit_card,1,6280.32
PAY-002853,ORD-000430,boleto,1,1315.91
PAY-002854,ORD-008208,debit_card,1,7516.47
PAY-002855,ORD-014812,voucher,1,2428.38
PAY-002856,ORD-001975,debit_card,1,5181.17
PAY-002857,ORD-013657,voucher,1,927.6
PAY-002858,ORD-014197,voucher,1,1373.47
PAY-002859,ORD-006929,credit_card,2,1486.63
PAY-002860,ORD-009266,debit_card,1,1903.64
PAY-002861,ORD-010537,boleto,1,7436.84
PAY-002862,ORD-011299,boleto,1,2253.1
PAY-002863,ORD-013276,voucher,1,2369.68
PAY-002864,ORD-003012,voucher,1,6589.46
PAY-002865,ORD-007118,credit_card,12,-77.92
PAY-002866,ORD-005629,credit_card,11,3843.74
PAY-002867,ORD-005382,voucher,1,960.31
PAY-002868,ORD-007489,boleto,1,7260.46
PAY-002869,ORD-012270,boleto,1,2737.1
PAY-002870,ORD-012330,credit_card,4,4806.51
PAY-002871,ORD-001517,debit_card,1,3346.84
PAY-002872,ORD-006003,boleto,1,2303.22
PAY-002873,ORD-004169,debit_card,1,5422.1
PAY-002874,ORD-007487,voucher,1,6772.74
PAY-002875,ORD-012964,debit_card,1,6575.81
PAY-002876,ORD-009760,boleto,1,6512.13
PAY-002877,ORD-006940,voucher,1,7772.28
PAY-002878,ORD-007965,voucher,1,1310.72
PAY-002879,ORD-004213,voucher,1,6586.71
PAY-002880,ORD-012128,boleto,1,742.21
PAY-002881,ORD-002027,voucher,1,6026.2
PAY-002882,ORD-006417,credit_card,4,7573.5
PAY-002883,ORD-003302,voucher,1,3078.34
PAY-002884,ORD-013676,boleto,1,2994.63
PAY-002885,ORD-011951,voucher,1,3599.89
PAY-002886,ORD-002346,debit_card,1,5423.6
PAY-002887,ORD-003649,voucher,1,4040.47
PAY-002888,ORD-003238,credit_card,2,6893.76
PAY-002889,ORD-001227,boleto,1,420.51
PAY-002890,ORD-006147,credit_card,3,6595.48
PAY-002891,ORD-007635,voucher,1,2263.14
PAY-002892,ORD-004135,debit_card,1,4566.6
PAY-002893,ORD-002768,credit_card,11,308.57
PAY-002894,ORD-010096,debit_card,1,3736.85
PAY-002895,ORD-009891,voucher,1,6956.52
PAY-002896,ORD-005440,credit_card,8,1625.97
PAY-002897,ORD-007188,debit_card,1,4869.26
PAY-002898,ORD-001065,voucher,1,5751.17
PAY-002899,ORD-010892,voucher,1,4454.35
PAY-002900,ORD-006302,boleto,1,-306.68
PAY-002901,ORD-002214,voucher,1,1787.73
PAY-002902,ORD-013994,credit_card,10,4425.46
PAY-002903,ORD-012619,credit_card,4,7939.22
PAY-002904,ORD-012415,credit_card,10,111.03
PAY-002905,ORD-009853,debit_card,1,1208.52
PAY-002906,ORD-010458,debit_card,1,7842.79
PAY-002907,ORD-001813,credit_card,9,3966.7
PAY-002908,ORD-005525,debit_card,1,5076.01
PAY-002909,ORD-012747,voucher,1,3488.93
PAY-002910,ORD-011470,voucher,1,534.42
PAY-002911,ORD-011392,boleto,1,3891.64
PAY-002912,ORD-000634,voucher,1,2545.2
PAY-002913,ORD-000250,credit_card,12,78.4
PAY-002914,ORD-009468,boleto,1,2909.87
PAY-002915,ORD-009053,boleto,1,1946.8
PAY-002916,ORD-010606,boleto,1,2980.59
PAY-002917,ORD-002550,debit_card,1,5099.12
PAY-002918,ORD-008175,debit_card,1,6753.52
PAY-002919,ORD-009035,credit_card,10,6389.81
PAY-002920,ORD-005818,voucher,1,6398.46
PAY-002921,ORD-000683,credit_card,10,7368.98
PAY-002922,ORD-006823,voucher,1,1127.7
PAY-002923,ORD-010602,credit_card,11,1170.22
PAY-002924,ORD-002484,boleto,1,6576.74
PAY-002925,ORD-014307,voucher,1,6977.27
PAY-002926,ORD-000361,debit_card,1,7006.05
PAY-002927,ORD-003359,debit_card,1,1709.92
PAY-002928,ORD-007545,voucher,1,2309.86
PAY-002929,ORD-008503,debit_card,1,5720.71
PAY-002930,ORD-011727,voucher,1,5971.67
PAY-002931,ORD-003277,boleto,1,4933.63
PAY-002932,ORD-007001,boleto,1,2023.66
PAY-002933,ORD-012140,boleto,1,5243.04
PAY-002934,ORD-007807,debit_card,1,2413.75
PAY-002935,ORD-008362,voucher,1,4199.41
PAY-002936,ORD-014727,credit_card,1,1879.88
PAY-002937,ORD-012061,boleto,1,4860.59
PAY-002938,ORD-006625,boleto,1,3869.06
PAY-002939,ORD-004605,debit_card,1,3123.29
PAY-002940,ORD-013617,cash,1,3275.54
PAY-002941,ORD-008641,debit_card,1,7167.15
PAY-002942,ORD-004517,debit_card,1,1863.61
PAY-002943,ORD-007704,debit_card,1,7863.05
PAY-002944,ORD-011990,boleto,1,4183.67
PAY-002945,ORD-008407,debit_card,1,6141.57
PAY-002946,ORD-011851,debit_card,1,2490.95
PAY-002947,ORD-013923,credit_card,1,2503.14
PAY-002948,ORD-001313,boleto,1,3496.58
PAY-002949,ORD-001905,voucher,1,7098.33
PAY-002950,ORD-000441,boleto,1,3873.68
PAY-002951,ORD-005238,debit_card,1,4948.13
PAY-002952,ORD-009708,boleto,1,4623.93
PAY-002953,ORD-008460,boleto,1,2664.56
PAY-002954,ORD-009249,boleto,1,6980.27
PAY-002955,ORD-005332,boleto,1,2394.37
PAY-002956,ORD-004542,debit_card,1,7365.36
PAY-002957,ORD-011308,credit_card,1,815.26
PAY-002958,ORD-003220,voucher,1,6400.7
PAY-002959,ORD-013397,voucher,1,7607.82
PAY-002960,ORD-013740,boleto,1,4922.68
PAY-002961,ORD-004444,credit_card,5,1441.08
PAY-002962,ORD-001481,credit_card,11,2023.6
PAY-002963,ORD-012790,debit_card,1,3450.19
PAY-002964,ORD-012344,debit_card,1,6105.31
PAY-002965,ORD-001081,credit_card,8,4517.27
PAY-002966,ORD-008453,boleto,1,6507.14
PAY-002967,ORD-010784,credit_card,4,914.23
PAY-002968,ORD-001991,debit_card,1,6089.4
PAY-002969,ORD-011597,debit_card,1,3025.25
PAY-002970,ORD-001948,boleto,1,4520.28
PAY-002971,ORD-003952,voucher,1,6524.45
PAY-002972,ORD-009826,boleto,1,7054.55
PAY-002973,ORD-004738,debit_card,1,7872.1
PAY-002974,ORD-009779,voucher,1,1751.55
PAY-002975,ORD-011645,debit_card,1,2562.81
PAY-002976,ORD-014363,voucher,1,7125.11
PAY-002977,ORD-013238,voucher,1,6880.22
PAY-002978,ORD-009852,voucher,1,886.71
PAY-002979,ORD-004508,debit_card,1,4190.31
PAY-002980,ORD-006724,boleto,1,7445.73
PAY-002981,ORD-001997,boleto,,7216.95
PAY-002982,ORD-006262,debit_card,1,1103.81
PAY-002983,ORD-009551,boleto,1,6410.73
PAY-002984,ORD-000642,debit_card,1,4257.11
PAY-002985,ORD-012217,credit_card,7,725.72
PAY-002986,ORD-000916,debit_card,1,4670.96
PAY-002987,ORD-003573,boleto,1,2775.33
PAY-002988,ORD-010122,credit_card,8,47.59
PAY-002989,ORD-004103,boleto,1,6973.15
PAY-002990,ORD-007310,debit_card,1,2054.48
PAY-002991,ORD-009797,debit_card,1,5546.61
PAY-002992,ORD-011300,voucher,1,6333.75
PAY-002993,ORD-011283,debit_card,1,4781.8
PAY-002994,ORD-009074,credit_card,7,252.4
PAY-002995,ORD-001146,boleto,1,1490.9
PAY-002996,ORD-013133,credit_card,11,1619.24
PAY-002997,ORD-008544,boleto,1,5655.78
PAY-002998,ORD-008584,credit_card,1,1962.31
PAY-002999,ORD-005308,boleto,1,3050.56
PAY-003000,ORD-011403,credit_card,2,7485.83
PAY-003001,ORD-008205,voucher,1,1869.71
PAY-003002,ORD-003797,debit_card,1,5424.84
PAY-003003,ORD-004835,boleto,1,7516.77
PAY-003004,ORD-008592,debit_card,1,2468.43
PAY-003005,ORD-006885,PIX,1,1474.52
PAY-003006,ORD-009098,debit_card,1,2753.21
PAY-003007,ORD-006267,credit_card,1,6672.57
PAY-003008,ORD-014579,voucher,1,6160.78
PAY-003009,ORD-010689,boleto,1,5678.83
PAY-003010,ORD-004476,debit_card,1,1433.37
PAY-003011,ORD-014868,voucher,1,4999.9
PAY-003012,ORD-010813,credit_card,12,4571.76
PAY-003013,ORD-009212,debit_card,1,2516.76
PAY-003014,ORD-012735,boleto,1,5562.8
PAY-003015,ORD-006986,debit_card,1,7101.11
PAY-003016,ORD-001423,voucher,1,6832.72
PAY-003017,ORD-007556,debit_card,1,3957.5
PAY-003018,ORD-006417,credit_card,11,50.8
PAY-003019,ORD-002534,credit_card,10,2684.77
PAY-003020,ORD-007764,boleto,1,2467.76
PAY-003021,ORD-012393,boleto,1,6555.85
PAY-003022,ORD-009170,credit_card,7,4120.59
PAY-003023,ORD-014064,credit_card,10,6482.99
PAY-003024,ORD-004118,,1,2757.47
PAY-003025,ORD-011792,voucher,1,779.25
PAY-003026,ORD-005651,credit_card,8,4932.89
PAY-003027,ORD-004551,credit_card,2,-487.19
PAY-003028,ORD-010692,debit_card,1,5039.54
PAY-003029,ORD-001506,boleto,1,-476.62
PAY-003030,ORD-003865,boleto,1,1897.54
PAY-003031,ORD-007120,boleto,1,6569.86
PAY-003032,ORD-000877,debit_card,1,5889.22
PAY-003033,ORD-012167,credit_card,1,5283.18
PAY-003034,ORD-014307,debit_card,1,7699.51
PAY-003035,ORD-010960,voucher,1,97.91
PAY-003036,ORD-004081,debit_card,1,3103.31
PAY-003037,ORD-005813,debit_card,1,6300.73
PAY-003038,ORD-014567,debit_card,1,222.52
PAY-003039,ORD-014984,credit_card,12,1702.74
PAY-003040,ORD-000780,credit_card,4,6366.1
PAY-003041,ORD-001607,boleto,1,1469.93
PAY-003042,ORD-004017,boleto,1,5393.65
PAY-003043,ORD-004195,bitcoin,1,4762.97
PAY-003044,ORD-000973,boleto,1,3357.45
PAY-003045,ORD-004855,credit_card,10,3329.36
PAY-003046,ORD-011030,credit_card,12,2666.26
PAY-003047,ORD-004438,debit_card,1,7032.56
PAY-003048,ORD-010687,credit_card,8,6078.71
PAY-003049,ORD-007124,voucher,1,4220.05
PAY-003050,ORD-001598,credit_card,2,6187.94
PAY-003051,ORD-000778,credit_card,5,4341.52
PAY-003052,ORD-008369,debit_card,1,3144.15
PAY-003053,ORD-002536,voucher,1,6031.81
PAY-003054,ORD-013433,debit_card,1,6801.32
PAY-003055,ORD-008813,debit_card,,3853.9
PAY-003056,ORD-012374,debit_card,1,506.87
PAY-003057,ORD-006904,boleto,1,1097.11
PAY-003058,ORD-008164,PIX,11,2473.74
PAY-003059,ORD-014896,boleto,1,1840.53
PAY-003060,ORD-011358,boleto,1,5253.51
PAY-003061,ORD-007384,voucher,1,688.84
PAY-003062,ORD-002155,boleto,1,6582.43
PAY-003063,ORD-011523,boleto,1,4917.28
PAY-003064,ORD-012794,boleto,1,7873.65
PAY-003065,ORD-010322,voucher,1,4234.63
PAY-003066,ORD-014563,voucher,1,5981.89
PAY-003067,ORD-006674,credit_card,2,4271.01
PAY-003068,ORD-001301,boleto,1,-258.97
PAY-003069,ORD-010106,voucher,1,3585.96
PAY-003070,ORD-006371,voucher,1,593.71
PAY-003071,ORD-008895,credit_card,6,2289.43
PAY-003072,ORD-013963,credit_card,11,6810.14
PAY-003073,ORD-010326,boleto,1,6178.95
PAY-003074,ORD-014655,voucher,1,141.04
PAY-003075,ORD-014114,voucher,1,3371.92
PAY-003076,ORD-003984,debit_card,1,1435.68
PAY-003077,ORD-011947,boleto,1,1809.85
PAY-003078,ORD-014969,credit_card,3,2925.37
PAY-003079,ORD-007467,voucher,1,-399.35
PAY-003080,ORD-006794,credit_card,10,4066.25
PAY-003081,ORD-002744,boleto,1,3453.13
PAY-003082,ORD-002998,voucher,1,6052.65
PAY-003083,ORD-004247,credit_card,6,7858.91
PAY-003084,ORD-006358,debit_card,1,138.54
PAY-003085,ORD-005394,debit_card,,1996.67
PAY-003086,ORD-006496,boleto,1,6705.62
PAY-003087,ORD-000436,voucher,1,4656.08
PAY-003088,ORD-009305,debit_card,1,2956.04
PAY-003089,ORD-009352,credit_card,4,7774.3
PAY-003090,ORD-009601,voucher,1,-227.94
PAY-003091,ORD-004906,boleto,1,3051.9
PAY-003092,ORD-010808,debit_card,1,3330.94
PAY-003093,ORD-009737,boleto,1,4465.45
PAY-003094,ORD-001119,voucher,1,5113.22
PAY-003095,ORD-001223,voucher,1,5335.72
PAY-003096,ORD-003290,voucher,,5282.03
PAY-003097,ORD-004463,credit_card,12,3635.4
PAY-003098,ORD-010823,boleto,1,2578.42
PAY-003099,ORD-003613,boleto,1,2717.35
PAY-003100,ORD-009932,,1,4468.32
PAY-003101,ORD-003459,debit_card,1,7979.98
PAY-003102,ORD-004754,boleto,1,909.2
PAY-003103,ORD-003339,credit_card,8,6240.69
PAY-003104,ORD-013692,debit_card,1,4026.92
PAY-003105,ORD-002142,boleto,1,1695.77
PAY-003106,ORD-000818,voucher,1,4196.45
PAY-003107,ORD-007161,credit_card,12,3133.94
PAY-003108,ORD-001823,voucher,1,4788.85
PAY-003109,ORD-007950,credit_card,4,3370.29
PAY-003110,ORD-010575,debit_card,1,987.64
PAY-003111,ORD-006822,debit_card,1,5146.44
PAY-003112,ORD-000620,boleto,1,5213.51
PAY-003113,ORD-003365,debit_card,1,5103.24
PAY-003114,ORD-005563,boleto,1,644.87
PAY-003115,ORD-004565,credit_card,8,5651.94
PAY-003116,ORD-003832,credit_card,10,6357.81
PAY-003117,ORD-009337,debit_card,1,5964.66
PAY-003118,ORD-003562,debit_card,1,7767.8
PAY-003119,ORD-012773,debit_card,1,2933.38
PAY-003120,ORD-014889,debit_card,1,3431.31
PAY-003121,ORD-004944,boleto,1,5029.11
PAY-003122,ORD-000740,boleto,1,1995.99
PAY-003123,ORD-003852,voucher,1,6219.87
PAY-003124,ORD-011669,credit_card,1,6357.2
PAY-003125,ORD-014058,credit_card,10,2157.71
PAY-003126,ORD-002344,debit_card,1,4745.74
PAY-003127,ORD-005036,voucher,1,6420.47
PAY-003128,ORD-008303,credit_card,8,4660.71
PAY-003129,ORD-006455,debit_card,1,892.83
PAY-003130,ORD-005329,credit_card,4,1397.72
PAY-003131,ORD-002382,boleto,1,4269.75
PAY-003132,ORD-013364,boleto,1,7658.13
PAY-003133,ORD-007928,credit_card,11,366.13
PAY-003134,ORD-003519,voucher,1,1890.17
PAY-003135,ORD-012993,debit_card,1,5922.59
PAY-003136,ORD-013506,voucher,,3234.71
PAY-003137,ORD-009468,voucher,1,3460.38
PAY-003138,ORD-008929,credit_card,5,7951.95
PAY-003139,ORD-001163,boleto,1,7046.38
PAY-003140,ORD-000891,credit_card,1,3786.14
PAY-003141,ORD-009355,cash,1,6200.35
PAY-003142,ORD-004340,boleto,1,4012.22
PAY-003143,ORD-007474,credit_card,2,2230.12
PAY-003144,ORD-013069,debit_card,1,-205.37
PAY-003145,ORD-003723,credit_card,9,2646.04
PAY-003146,ORD-014291,voucher,1,5495.06
PAY-003147,ORD-012356,boleto,1,4812.14
PAY-003148,ORD-008266,boleto,1,4586.29
PAY-003149,ORD-014189,boleto,1,6168.02
PAY-003150,ORD-010433,voucher,1,4877.71
PAY-003151,ORD-002932,boleto,1,6384.57
PAY-003152,ORD-000197,debit_card,1,2270.87
PAY-003153,ORD-004562,boleto,1,319.89
PAY-003154,ORD-010478,voucher,1,6852.07
PAY-003155,ORD-005629,voucher,1,3186.86
PAY-003156,ORD-010417,debit_card,1,1323.56
PAY-003157,ORD-003217,debit_card,1,2611.83
PAY-003158,ORD-011259,debit_card,1,1204.63
PAY-003159,ORD-008778,boleto,1,3037.82
PAY-003160,ORD-005855,credit_card,2,4295.5
PAY-003161,ORD-005237,debit_card,1,7277.81
PAY-003162,ORD-008323,debit_card,1,3613.38
PAY-003163,ORD-000805,credit_card,10,2714.91
PAY-003164,ORD-000703,credit_card,4,4492.5
PAY-003165,ORD-004183,boleto,1,4162.92
PAY-003166,ORD-010898,debit_card,1,1613.03
PAY-003167,ORD-004389,boleto,1,4492.12
PAY-003168,ORD-010458,boleto,1,5580.55
PAY-003169,ORD-002610,voucher,1,1066.8
PAY-003170,ORD-001254,credit_card,1,7236.35
PAY-003171,ORD-006391,debit_card,1,1483.52
PAY-003172,ORD-012332,credit_card,9,-479.39
PAY-003173,ORD-004442,voucher,1,7744.06
PAY-003174,ORD-012267,credit_card,11,1167.85
PAY-003175,ORD-012141,boleto,1,1096.36
PAY-003176,ORD-010824,credit_card,3,5268.27
PAY-003177,ORD-005746,debit_card,1,6510.96
PAY-003178,ORD-011619,boleto,1,4266.83
PAY-003179,ORD-005028,voucher,1,1259.36
PAY-003180,ORD-014811,voucher,1,5660.37
PAY-003181,ORD-004854,credit_card,2,5024.79
PAY-003182,ORD-007472,credit_card,7,5829.77
PAY-003183,ORD-005401,debit_card,1,5830.45
PAY-003184,ORD-009831,boleto,1,79.57
PAY-003185,ORD-002959,credit_card,6,3587.54
PAY-003186,ORD-006113,voucher,1,6144.01
PAY-003187,ORD-014166,credit_card,11,2865.32
PAY-003188,ORD-004328,voucher,1,592.66
PAY-003189,ORD-001317,credit_card,11,6366.09
PAY-003190,ORD-004555,boleto,1,373.44
PAY-003191,ORD-014735,debit_card,1,7640.39
PAY-003192,ORD-012806,voucher,1,3299.45
PAY-003193,ORD-011500,voucher,1,7655.48
PAY-003194,ORD-013177,boleto,1,1796.96
PAY-003195,ORD-007088,debit_card,1,854.36
PAY-003196,ORD-006157,debit_card,1,7053.6
PAY-003197,ORD-006458,voucher,1,7497.21
PAY-003198,ORD-002312,boleto,1,2678.66
PAY-003199,ORD-010027,voucher,1,629.93
PAY-003200,ORD-002419,credit_card,6,5341.77
PAY-003201,ORD-006756,credit_card,12,6350.74
PAY-003202,ORD-010873,debit_card,1,972.16
PAY-003203,ORD-014398,credit_card,1,6661.71
PAY-003204,ORD-009963,boleto,1,3888.36
PAY-003205,ORD-006575,voucher,1,7790.47
PAY-003206,ORD-006940,boleto,1,6498.28
PAY-003207,ORD-008689,credit_card,4,4136.47
PAY-003208,ORD-009927,voucher,1,3443.04
PAY-003209,ORD-004943,voucher,1,5494.91
PAY-003210,ORD-010708,voucher,1,7397.29
PAY-003211,ORD-012719,boleto,1,2406.53
PAY-003212,ORD-004186,credit_card,6,2259.37
PAY-003213,ORD-011497,debit_card,1,5794.49
PAY-003214,ORD-014476,credit_card,4,2678.71
PAY-003215,ORD-005858,voucher,1,4868.89
PAY-003216,ORD-013612,debit_card,1,5038.99
PAY-003217,ORD-003070,boleto,1,1142.66
PAY-003218,ORD-008570,debit_card,1,4681.3
PAY-003219,ORD-002475,credit_card,5,6517.51
PAY-003220,ORD-007923,debit_card,1,2379.39
PAY-003221,ORD-001024,credit_card,12,2646.06
PAY-003222,ORD-009190,debit_card,1,7597.62
PAY-003223,ORD-010401,boleto,1,4345.96
PAY-003224,ORD-011324,voucher,1,2683.67
PAY-003225,ORD-014239,credit_card,3,237.18
PAY-003226,ORD-007760,boleto,1,774.28
PAY-003227,ORD-012558,credit_card,7,2624.56
PAY-003228,ORD-007076,boleto,1,7930.49
PAY-003229,ORD-002025,credit_card,2,3793.97
PAY-003230,ORD-004806,voucher,1,4494.23
PAY-003231,ORD-005175,voucher,1,6723.91
PAY-003232,ORD-008840,voucher,1,6143.4
PAY-003233,ORD-007868,debit_card,1,5656.96
PAY-003234,ORD-003240,boleto,1,5328.71
PAY-003235,ORD-004336,credit_card,5,1264.49
PAY-003236,ORD-012726,boleto,1,3975.92
PAY-003237,ORD-012943,debit_card,1,1283.17
PAY-003238,ORD-001538,voucher,1,5938.35
PAY-003239,ORD-009684,debit_card,1,3550.21
PAY-003240,ORD-006498,debit_card,1,2248.72
PAY-003241,ORD-001595,credit_card,7,4091.69
PAY-003242,ORD-012457,credit_card,7,7952.72
PAY-003243,ORD-005445,voucher,1,7638.24
PAY-003244,ORD-011735,credit_card,3,134.18
PAY-003245,ORD-000988,credit_card,8,1373.84
PAY-003246,ORD-012731,debit_card,1,44.68
PAY-003247,ORD-006158,debit_card,1,1198.86
PAY-003248,ORD-008778,boleto,1,1041.43
PAY-003249,ORD-011637,debit_card,1,6710.38
PAY-003250,ORD-009665,credit_card,2,1584.93
PAY-003251,ORD-001694,debit_card,1,-66.18
PAY-003252,ORD-014084,debit_card,1,4727.81
PAY-003253,ORD-004833,credit_card,1,7914.3
PAY-003254,ORD-003512,debit_card,1,3571.46
PAY-003255,ORD-000481,debit_card,1,6966.28
PAY-003256,ORD-006984,boleto,1,6343.42
PAY-003257,ORD-014151,credit_card,3,7079.9
PAY-003258,ORD-012566,debit_card,1,847.32
PAY-003259,ORD-011246,debit_card,1,4940.19
PAY-003260,ORD-012773,boleto,1,4533.24
PAY-003261,ORD-008146,credit_card,3,7872.37
PAY-003262,ORD-009650,debit_card,1,1862.19
PAY-003263,ORD-004614,credit_card,4,67.03
PAY-003264,ORD-008926,credit_card,4,5756.71
PAY-003265,ORD-009761,boleto,1,7532.96
PAY-003266,ORD-011796,debit_card,1,7400.65
PAY-003267,ORD-010920,voucher,1,1083.56
PAY-003268,ORD-012247,boleto,1,2323.91
PAY-003269,ORD-006635,credit_card,5,7671.25
PAY-003270,ORD-005704,debit_card,1,5058.59
PAY-003271,ORD-007248,credit_card,1,-130.82
PAY-003272,ORD-013997,debit_card,1,5489.99
PAY-003273,ORD-000793,voucher,1,7585.52
PAY-003274,ORD-009554,boleto,1,2089.23
PAY-003275,ORD-011684,credit_card,5,5243.14
PAY-003276,ORD-010824,credit_card,12,2379.53
PAY-003277,ORD-009087,voucher,1,30.33
PAY-003278,ORD-005393,voucher,1,3945.48
PAY-003279,ORD-001212,boleto,1,369.57
PAY-003280,ORD-007460,debit_card,1,2356.59
PAY-003281,ORD-005941,voucher,1,2821.85
PAY-003282,ORD-009240,debit_card,1,7827.18
PAY-003283,ORD-010816,voucher,1,6291.5
PAY-003284,ORD-010062,voucher,1,1834.77
PAY-003285,ORD-001341,credit_card,12,6252.37
PAY-003286,ORD-012182,boleto,1,3437.79
PAY-003287,ORD-003132,voucher,1,-4.31
PAY-003288,ORD-003676,boleto,1,5741.61
PAY-003289,ORD-014231,boleto,1,1208.72
PAY-003290,ORD-013918,boleto,1,2745.01
PAY-003291,ORD-004712,boleto,1,1236.21
PAY-003292,ORD-013163,debit_card,1,5210.31
PAY-003293,ORD-008660,voucher,1,5498.89
PAY-003294,ORD-001969,credit_card,4,7714.18
PAY-003295,ORD-000118,credit_card,12,5283.06
PAY-003296,ORD-014869,credit_card,1,3642.9
PAY-003297,ORD-008502,credit_card,8,4765.76
PAY-003298,ORD-004975,voucher,1,1203.93
PAY-003299,ORD-007465,voucher,1,6123.14
PAY-003300,ORD-009603,credit_card,9,5019.22
PAY-003301,ORD-011793,debit_card,1,4343.89
PAY-003302,ORD-000069,credit_card,9,5962.08
PAY-003303,ORD-003381,boleto,1,4657.28
PAY-003304,ORD-007937,voucher,1,4347.64
PAY-003305,ORD-004649,debit_card,1,1277.54
PAY-003306,ORD-011042,credit_card,3,3813.36
PAY-003307,ORD-011711,voucher,1,1818.31
PAY-003308,ORD-006361,credit_card,12,3789.43
PAY-003309,ORD-004642,credit_card,3,6418.04
PAY-003310,ORD-006052,credit_card,8,5880.2
PAY-003311,ORD-004039,credit_card,2,1952.76
PAY-003312,ORD-003926,debit_card,1,3185.48
PAY-003313,ORD-009294,credit_card,4,7236.85
PAY-003314,ORD-007758,debit_card,1,2501.27
PAY-003315,ORD-010898,,3,6220.81
PAY-003316,ORD-007040,credit_card,10,4982.87
PAY-003317,ORD-011390,credit_card,4,5847.77
PAY-003318,ORD-013542,voucher,1,776.59
PAY-003319,ORD-003916,voucher,1,7918.37
PAY-003320,ORD-001860,boleto,1,6027.24
PAY-003321,ORD-012322,PIX,4,6388.79
PAY-003322,ORD-004001,credit_card,6,5052.65
PAY-003323,ORD-004837,boleto,1,3528.12
PAY-003324,ORD-002627,boleto,1,5070.12
PAY-003325,ORD-013859,voucher,1,2633.61
PAY-003326,ORD-012160,voucher,1,2247.91
PAY-003327,ORD-002859,credit_card,1,7847.92
PAY-003328,ORD-011500,boleto,1,3953.12
PAY-003329,ORD-011569,credit_card,12,3823.15
PAY-003330,ORD-004769,voucher,1,-341.1
PAY-003331,ORD-007238,voucher,1,3579.35
PAY-003332,ORD-000303,debit_card,1,3585.67
PAY-003333,ORD-003393,credit_card,11,164.92
PAY-003334,ORD-010836,voucher,1,7074.35
PAY-003335,ORD-005558,boleto,1,2902.54
PAY-003336,ORD-014255,debit_card,1,5026.0
PAY-003337,ORD-003257,credit_card,11,5170.9
PAY-003338,ORD-001694,voucher,1,6433.88
PAY-003339,ORD-007922,boleto,1,5813.63
PAY-003340,ORD-003084,credit_card,12,5302.74
PAY-003341,ORD-012186,credit_card,12,1470.06
PAY-003342,ORD-008272,boleto,1,2101.14
PAY-003343,ORD-013660,debit_card,1,1164.79
PAY-003344,ORD-009598,debit_card,1,1775.41
PAY-003345,ORD-003234,credit_card,7,-406.61
PAY-003346,ORD-011892,voucher,1,3628.84
PAY-003347,ORD-007548,voucher,1,1966.62
PAY-003348,ORD-001482,boleto,1,5536.61
PAY-003349,ORD-004477,boleto,1,529.54
PAY-003350,ORD-011576,boleto,1,5767.67
PAY-003351,ORD-007471,voucher,1,3336.35
PAY-003352,ORD-008100,credit_card,2,497.76
PAY-003353,ORD-014334,credit_card,5,4580.28
PAY-003354,ORD-005751,voucher,1,7234.31
PAY-003355,ORD-008373,voucher,1,7988.51
PAY-003356,ORD-008841,credit_card,10,4036.75
PAY-003357,ORD-013293,voucher,1,7954.9
PAY-003358,ORD-009836,boleto,1,5576.1
PAY-003359,ORD-005157,,1,1769.96
PAY-003360,ORD-009523,boleto,1,1949.48
PAY-003361,ORD-010382,debit_card,1,4518.93
PAY-003362,ORD-013448,boleto,1,7938.0
PAY-003363,ORD-009389,debit_card,1,1428.15
PAY-003364,ORD-000696,bitcoin,1,205.0
PAY-003365,ORD-006649,boleto,1,2174.32
PAY-003366,ORD-002301,credit_card,1,6781.78
PAY-003367,ORD-014486,voucher,1,7740.94
PAY-003368,ORD-002209,boleto,1,5681.34
PAY-003369,ORD-002271,voucher,1,4905.61
PAY-003370,ORD-002448,voucher,1,1216.84
PAY-003371,ORD-004774,boleto,1,1284.86
PAY-003372,ORD-003931,boleto,1,3199.15
PAY-003373,ORD-011573,debit_card,1,6203.51
PAY-003374,ORD-010144,voucher,1,5158.33
PAY-003375,ORD-001300,credit_card,5,4373.95
PAY-003376,ORD-000057,boleto,1,3418.64
PAY-003377,ORD-004516,voucher,1,5447.34
PAY-003378,ORD-000133,voucher,1,7760.12
PAY-003379,ORD-002527,credit_card,1,6750.93
PAY-003380,ORD-010947,voucher,1,1702.22
PAY-003381,ORD-001837,credit_card,5,4204.47
PAY-003382,ORD-013992,credit_card,4,5166.23
PAY-003383,ORD-008762,boleto,1,871.65
PAY-003384,ORD-004594,boleto,1,4029.89
PAY-003385,ORD-012832,voucher,1,3179.52
PAY-003386,ORD-004753,debit_card,1,1825.87
PAY-003387,ORD-007384,debit_card,1,23.47
PAY-003388,ORD-012446,voucher,1,946.38
PAY-003389,ORD-010297,debit_card,1,2952.33
PAY-003390,ORD-012714,boleto,1,7242.42
PAY-003391,ORD-005913,credit_card,1,1811.52
PAY-003392,ORD-011901,credit_card,7,6268.23
PAY-003393,ORD-008647,voucher,1,4353.57
PAY-003394,ORD-010601,debit_card,1,5893.57
PAY-003395,ORD-007581,credit_card,8,4847.32
PAY-003396,ORD-012697,credit_card,12,1095.62
PAY-003397,ORD-001318,credit_card,10,2201.95
PAY-003398,ORD-001752,debit_card,1,-86.65
PAY-003399,ORD-012473,credit_card,10,2601.57
PAY-003400,ORD-006590,voucher,1,3250.2
PAY-003401,ORD-003168,debit_card,1,3903.51
PAY-003402,ORD-003600,voucher,1,318.6
PAY-003403,ORD-003987,boleto,1,313.96
PAY-003404,ORD-013595,voucher,1,6721.06
PAY-003405,ORD-008503,credit_card,8,5670.66
PAY-003406,ORD-006880,credit_card,8,5396.55
PAY-003407,ORD-008008,credit_card,10,4607.94
PAY-003408,ORD-000548,credit_card,11,6696.66
PAY-003409,ORD-011868,credit_card,7,361.87
PAY-003410,ORD-014794,voucher,1,3581.25
PAY-003411,ORD-000469,boleto,1,5648.48
PAY-003412,ORD-006071,voucher,1,3789.7
PAY-003413,ORD-009918,credit_card,2,5067.09
PAY-003414,ORD-009356,debit_card,1,304.29
PAY-003415,ORD-013420,credit_card,9,6107.04
PAY-003416,ORD-002053,debit_card,1,2616.07
PAY-003417,ORD-003966,debit_card,1,4305.12
PAY-003418,ORD-007893,credit_card,,758.73
PAY-003419,ORD-014470,credit_card,7,974.88
PAY-003420,ORD-000546,boleto,1,7951.15
PAY-003421,ORD-002197,voucher,1,6562.21
PAY-003422,ORD-009647,boleto,1,2260.35
PAY-003423,ORD-006227,boleto,1,3653.76
PAY-003424,ORD-014782,boleto,1,2274.22
PAY-003425,ORD-011092,credit_card,7,6966.56
PAY-003426,ORD-008052,debit_card,1,2663.08
PAY-003427,ORD-004093,voucher,1,1098.94
PAY-003428,ORD-005467,voucher,1,2429.9
PAY-003429,ORD-005682,voucher,1,7752.7
PAY-003430,ORD-009720,boleto,1,2295.02
PAY-003431,ORD-010960,debit_card,1,2548.16
PAY-003432,ORD-012147,credit_card,4,6342.62
PAY-003433,ORD-000479,debit_card,1,2428.38
PAY-003434,ORD-007217,debit_card,1,-293.87
PAY-003435,ORD-002709,voucher,1,1184.48
PAY-003436,ORD-004804,boleto,1,5038.92
PAY-003437,ORD-005114,debit_card,1,1843.71
PAY-003438,ORD-003203,credit_card,3,753.75
PAY-003439,ORD-014997,,1,4781.19
PAY-003440,ORD-014806,debit_card,1,6945.19
PAY-003441,ORD-003026,debit_card,1,5527.78
PAY-003442,ORD-002796,voucher,1,24.58
PAY-003443,ORD-004909,voucher,1,7327.91
PAY-003444,ORD-006813,debit_card,1,7000.41
PAY-003445,ORD-001694,voucher,1,758.59
PAY-003446,ORD-009264,boleto,1,2233.16
PAY-003447,ORD-006888,credit_card,3,2729.1
PAY-003448,ORD-000157,debit_card,1,5522.46
PAY-003449,ORD-010991,credit_card,11,5283.18
PAY-003450,ORD-006383,boleto,1,1627.02
PAY-003451,ORD-001110,boleto,1,4456.44
PAY-003452,ORD-008622,debit_card,1,6167.58
PAY-003453,ORD-010886,boleto,1,1419.91
PAY-003454,ORD-009596,debit_card,1,5805.32
PAY-003455,ORD-014388,credit_card,12,1788.76
PAY-003456,ORD-006181,debit_card,1,7029.58
PAY-003457,ORD-014342,credit_card,10,2493.76
PAY-003458,ORD-004148,boleto,1,326.93
PAY-003459,ORD-005135,voucher,1,2201.93
PAY-003460,ORD-009977,voucher,1,7993.58
PAY-003461,ORD-006202,voucher,1,1917.87
PAY-003462,ORD-002027,credit_card,10,7599.98
PAY-003463,ORD-008027,boleto,,7878.55
PAY-003464,ORD-010286,credit_card,6,580.49
PAY-003465,ORD-012702,debit_card,1,2517.51
PAY-003466,ORD-012235,voucher,1,6229.81
PAY-003467,ORD-005125,credit_card,2,3071.24
PAY-003468,ORD-007575,credit_card,9,6321.0
PAY-003469,ORD-003047,boleto,1,5789.21
PAY-003470,ORD-014787,debit_card,1,1856.29
PAY-003471,ORD-006663,credit_card,3,702.99
PAY-003472,ORD-014238,debit_card,,1608.2
PAY-003473,ORD-001396,debit_card,1,2183.65
PAY-003474,ORD-008673,credit_card,4,7794.15
PAY-003475,ORD-008895,debit_card,1,7294.57
PAY-003476,ORD-005145,voucher,1,3838.57
PAY-003477,ORD-011972,voucher,1,913.47
PAY-003478,ORD-009730,debit_card,1,3743.11
PAY-003479,ORD-013529,debit_card,1,4605.61
PAY-003480,ORD-007304,voucher,,5610.59
PAY-003481,ORD-001958,credit_card,8,7344.89
PAY-003482,ORD-006494,boleto,1,6972.58
PAY-003483,ORD-008867,credit_card,7,2458.28
PAY-003484,ORD-007249,credit_card,6,2056.5
PAY-003485,ORD-012556,voucher,1,318.03
PAY-003486,ORD-011534,boleto,1,6846.85
PAY-003487,ORD-013581,boleto,1,1187.05
PAY-003488,ORD-000452,boleto,1,5811.05
PAY-003489,ORD-003296,boleto,1,5890.98
PAY-003490,ORD-002361,voucher,1,2824.27
PAY-003491,ORD-005810,debit_card,1,2891.3
PAY-003492,ORD-006219,credit_card,12,4589.12
PAY-003493,ORD-008945,boleto,1,1846.98
PAY-003494,ORD-014321,credit_card,12,233.22
PAY-003495,ORD-002196,debit_card,1,3511.43
PAY-003496,ORD-014079,boleto,1,1453.25
PAY-003497,ORD-004480,voucher,1,483.97
PAY-003498,ORD-007307,boleto,1,5215.05
PAY-003499,ORD-000232,boleto,1,7538.13
PAY-003500,ORD-009957,debit_card,1,639.24
PAY-003501,ORD-001270,boleto,1,2688.11
PAY-003502,ORD-008250,debit_card,1,7768.11
PAY-003503,ORD-014502,debit_card,1,2622.17
PAY-003504,ORD-012972,boleto,1,1687.61
PAY-003505,ORD-005268,credit_card,8,6202.37
PAY-003506,ORD-014976,debit_card,1,7347.4
PAY-003507,ORD-009471,voucher,1,1470.98
PAY-003508,ORD-014462,voucher,1,837.1
PAY-003509,ORD-003132,debit_card,1,2535.99
PAY-003510,ORD-004862,credit_card,3,6623.07
PAY-003511,ORD-012871,credit_card,10,6942.15
PAY-003512,ORD-000458,credit_card,7,5178.65
PAY-003513,ORD-006431,debit_card,1,5341.04
PAY-003514,ORD-014673,voucher,1,6683.3
PAY-003515,ORD-012782,credit_card,5,2972.13
PAY-003516,ORD-008696,voucher,1,6241.71
PAY-003517,ORD-014844,boleto,1,2869.05
PAY-003518,ORD-007389,credit_card,2,3777.68
PAY-003519,ORD-000154,voucher,1,4926.59
PAY-003520,ORD-007670,credit_card,5,2626.52
PAY-003521,ORD-003229,credit_card,4,4662.61
PAY-003522,ORD-009995,voucher,1,2871.04
PAY-003523,ORD-005079,voucher,1,1925.3
PAY-003524,ORD-006121,debit_card,1,4956.21
PAY-003525,ORD-002992,debit_card,1,7164.4
PAY-003526,ORD-007010,boleto,1,7379.81
PAY-003527,ORD-007339,debit_card,1,2178.72
PAY-003528,ORD-008309,voucher,1,1213.68
PAY-003529,ORD-006840,bitcoin,1,7271.42
PAY-003530,ORD-009979,debit_card,1,2633.13
PAY-003531,ORD-011041,boleto,1,2025.74
PAY-003532,ORD-000873,boleto,1,3922.66
PAY-003533,ORD-000569,boleto,1,5416.09
PAY-003534,ORD-011600,debit_card,1,7407.13
PAY-003535,ORD-008114,credit_card,8,3684.58
PAY-003536,ORD-005521,voucher,1,5148.6
PAY-003537,ORD-004881,voucher,1,4534.42
PAY-003538,ORD-003375,boleto,1,2501.04
PAY-003539,ORD-012609,debit_card,1,707.01
PAY-003540,ORD-013346,boleto,1,6047.76
PAY-003541,ORD-011493,boleto,1,303.93
PAY-003542,ORD-006484,credit_card,12,5549.53
PAY-003543,ORD-006921,voucher,1,7165.55
PAY-003544,ORD-005517,credit_card,7,3606.67
PAY-003545,ORD-012516,voucher,1,5778.7
PAY-003546,ORD-007411,voucher,1,6578.07
PAY-003547,ORD-010218,boleto,1,2553.55
PAY-003548,ORD-002127,credit_card,7,1547.23
PAY-003549,ORD-010414,PIX,2,3322.97
PAY-003550,ORD-007519,debit_card,1,1349.01
PAY-003551,ORD-014931,voucher,1,7495.24
PAY-003552,ORD-005447,credit_card,1,3734.4
PAY-003553,ORD-006619,boleto,1,5811.07
PAY-003554,ORD-010046,debit_card,1,7272.36
PAY-003555,ORD-000606,credit_card,7,2828.99
PAY-003556,ORD-003651,boleto,1,6742.21
PAY-003557,ORD-005419,debit_card,1,163.39
PAY-003558,ORD-003386,debit_card,1,4360.41
PAY-003559,ORD-007236,voucher,1,896.0
PAY-003560,ORD-009768,boleto,1,2636.26
PAY-003561,ORD-013557,debit_card,1,7180.12
PAY-003562,ORD-001371,credit_card,10,7516.58
PAY-003563,ORD-006220,voucher,1,6099.71
PAY-003564,ORD-012007,credit_card,3,380.93
PAY-003565,ORD-005411,debit_card,1,951.51
PAY-003566,ORD-006066,debit_card,1,2786.26
PAY-003567,ORD-010909,boleto,1,3934.31
PAY-003568,ORD-008883,boleto,1,2448.31
PAY-003569,ORD-002469,credit_card,1,4590.82
PAY-003570,ORD-004477,voucher,1,1255.1
PAY-003571,ORD-007831,boleto,1,1478.16
PAY-003572,ORD-013469,credit_card,5,7427.38
PAY-003573,ORD-001822,debit_card,1,1949.48
PAY-003574,ORD-009976,boleto,1,3836.56
PAY-003575,ORD-009676,boleto,1,5646.15
PAY-003576,ORD-010477,debit_card,1,856.6
PAY-003577,ORD-009709,boleto,1,2866.28
PAY-003578,ORD-007395,credit_card,12,491.26
PAY-003579,ORD-007874,debit_card,1,-403.92
PAY-003580,ORD-006376,debit_card,1,7590.48
PAY-003581,ORD-000047,credit_card,7,7082.45
PAY-003582,ORD-011222,debit_card,1,1644.29
PAY-003583,ORD-009689,boleto,1,-443.39
PAY-003584,ORD-014473,voucher,1,130.94
PAY-003585,ORD-012861,voucher,1,6983.74
PAY-003586,ORD-007444,boleto,1,3448.19
PAY-003587,ORD-009794,debit_card,1,2866.86
PAY-003588,ORD-009313,bitcoin,1,2438.82
PAY-003589,ORD-007459,voucher,1,4616.2
PAY-003590,ORD-004639,voucher,1,353.8
PAY-003591,ORD-001306,credit_card,12,5368.58
PAY-003592,ORD-005463,voucher,1,3745.29
PAY-003593,ORD-014210,boleto,1,6398.89
PAY-003594,ORD-009117,debit_card,1,1955.57
PAY-003595,ORD-006239,voucher,,2440.57
PAY-003596,ORD-014165,credit_card,12,6670.1
PAY-003597,ORD-005257,voucher,1,7344.57
PAY-003598,ORD-004737,credit_card,12,7836.39
PAY-003599,ORD-004314,boleto,1,7193.86
PAY-003600,ORD-007360,boleto,1,7295.1
PAY-003601,ORD-013465,boleto,1,3647.15
PAY-003602,ORD-002940,voucher,1,6222.23
PAY-003603,ORD-004882,debit_card,1,3882.36
PAY-003604,ORD-012167,debit_card,1,4084.76
PAY-003605,ORD-000133,debit_card,1,3182.28
PAY-003606,ORD-014112,voucher,1,2883.89
PAY-003607,ORD-003300,boleto,1,5781.43
PAY-003608,ORD-000634,credit_card,6,2992.47
PAY-003609,ORD-009067,boleto,1,4329.79
PAY-003610,ORD-003571,credit_card,3,3346.36
PAY-003611,ORD-011936,debit_card,1,833.11
PAY-003612,ORD-007519,credit_card,4,7916.1
PAY-003613,ORD-013739,voucher,1,3810.64
PAY-003614,ORD-008702,boleto,1,1358.31
PAY-003615,ORD-007431,boleto,1,1838.96
PAY-003616,ORD-000477,credit_card,5,5973.5
PAY-003617,ORD-009044,debit_card,1,731.54
PAY-003618,ORD-014712,credit_card,3,1316.54
PAY-003619,ORD-013630,debit_card,1,2588.84
PAY-003620,ORD-003291,credit_card,3,659.96
PAY-003621,ORD-008406,credit_card,10,1238.65
PAY-003622,ORD-006548,credit_card,7,5371.63
PAY-003623,ORD-006242,boleto,1,233.89
PAY-003624,ORD-005126,debit_card,1,586.4
PAY-003625,ORD-007807,debit_card,1,2790.07
PAY-003626,ORD-012679,debit_card,1,2342.27
PAY-003627,ORD-005522,voucher,1,-276.12
PAY-003628,ORD-010865,voucher,1,3410.8
PAY-003629,ORD-007272,boleto,1,5370.24
PAY-003630,ORD-010451,boleto,1,786.11
PAY-003631,ORD-004805,voucher,1,2516.28
PAY-003632,ORD-000527,debit_card,1,4357.71
PAY-003633,ORD-002898,debit_card,1,594.97
PAY-003634,ORD-005016,debit_card,1,5187.82
PAY-003635,ORD-012295,voucher,1,6518.61
PAY-003636,ORD-001115,credit_card,8,5760.44
PAY-003637,ORD-006723,debit_card,1,228.11
PAY-003638,ORD-003011,boleto,1,3271.46
PAY-003639,ORD-010235,voucher,,3573.94
PAY-003640,ORD-002978,voucher,1,1462.79
PAY-003641,ORD-008247,credit_card,3,1826.9
PAY-003642,ORD-001628,voucher,1,2189.83
PAY-003643,ORD-005460,voucher,1,1872.56
PAY-003644,ORD-007381,boleto,1,746.38
PAY-003645,ORD-009823,voucher,1,5972.86
PAY-003646,ORD-005412,voucher,1,2874.98
PAY-003647,ORD-001327,debit_card,1,6710.68
PAY-003648,ORD-005129,debit_card,1,7897.96
PAY-003649,ORD-008492,debit_card,1,1496.99
PAY-003650,ORD-000288,credit_card,2,7383.01
PAY-003651,ORD-014842,credit_card,2,6790.69
PAY-003652,ORD-012678,voucher,1,182.88
PAY-003653,ORD-010241,debit_card,1,5954.04
PAY-003654,ORD-006304,boleto,1,3997.01
PAY-003655,ORD-011905,voucher,1,5474.82
PAY-003656,ORD-004856,voucher,1,6189.33
PAY-003657,ORD-002900,boleto,1,6240.32
PAY-003658,ORD-010605,credit_card,4,2424.52
PAY-003659,ORD-010711,boleto,1,1301.12
PAY-003660,ORD-007991,voucher,1,-456.65
PAY-003661,ORD-004697,boleto,1,1008.06
PAY-003662,ORD-012624,credit_card,6,1980.65
PAY-003663,ORD-010325,voucher,1,4887.14
PAY-003664,ORD-011685,debit_card,1,6038.91
PAY-003665,ORD-003243,voucher,,262.91
PAY-003666,ORD-005513,boleto,1,3251.2
PAY-003667,ORD-003322,boleto,1,3546.8
PAY-003668,ORD-005208,debit_card,1,5930.44
PAY-003669,ORD-009295,voucher,1,4448.08
PAY-003670,ORD-001798,debit_card,1,4506.41
PAY-003671,ORD-000817,voucher,1,7214.87
PAY-003672,ORD-013665,credit_card,7,4676.94
PAY-003673,ORD-001941,credit_card,6,5973.5
PAY-003674,ORD-014290,voucher,1,7781.22
PAY-003675,ORD-004567,boleto,1,1398.53
PAY-003676,ORD-014746,debit_card,1,7956.46
PAY-003677,ORD-006684,debit_card,1,3649.24
PAY-003678,ORD-009640,credit_card,8,6085.81
PAY-003679,ORD-002068,boleto,1,2126.75
PAY-003680,ORD-003558,voucher,1,2108.03
PAY-003681,ORD-013506,credit_card,1,7821.4
PAY-003682,ORD-007296,voucher,1,1931.9
PAY-003683,ORD-010112,voucher,1,2708.75
PAY-003684,ORD-006267,boleto,,7558.2
PAY-003685,ORD-013399,debit_card,1,6507.75
PAY-003686,ORD-010572,credit_card,10,6341.22
PAY-003687,ORD-006093,debit_card,1,71.87
PAY-003688,ORD-000440,debit_card,1,1166.72
PAY-003689,ORD-003027,boleto,1,1250.37
PAY-003690,ORD-001345,boleto,1,1085.15
PAY-003691,ORD-007660,debit_card,1,689.45
PAY-003692,ORD-002287,boleto,1,1235.47
PAY-003693,ORD-001548,boleto,1,3242.52
PAY-003694,ORD-014425,credit_card,11,18.27
PAY-003695,ORD-000901,debit_card,1,4060.0
PAY-003696,ORD-000772,voucher,1,6896.49
PAY-003697,ORD-014372,boleto,1,1733.76
PAY-003698,ORD-003476,credit_card,10,3727.3
PAY-003699,ORD-011900,debit_card,1,7458.21
PAY-003700,ORD-013292,voucher,1,1845.25
PAY-003701,ORD-009557,credit_card,9,3880.74
PAY-003702,ORD-010859,credit_card,8,6302.82
PAY-003703,ORD-012055,boleto,1,4370.03
PAY-003704,ORD-007752,boleto,1,2353.63
PAY-003705,ORD-002857,voucher,1,2051.38
PAY-003706,ORD-005289,boleto,1,1953.36
PAY-003707,ORD-004239,boleto,1,4838.0
PAY-003708,ORD-007638,credit_card,9,7292.44
PAY-003709,ORD-006187,voucher,1,6217.89
PAY-003710,ORD-006529,debit_card,1,2443.59
PAY-003711,ORD-001130,debit_card,1,2045.62
PAY-003712,ORD-004405,debit_card,1,1840.74
PAY-003713,ORD-014158,debit_card,1,3904.92
PAY-003714,ORD-000669,boleto,1,4276.09
PAY-003715,ORD-003169,boleto,1,3674.37
PAY-003716,ORD-012555,voucher,1,1568.43
PAY-003717,ORD-011930,boleto,1,7106.53
PAY-003718,ORD-013947,boleto,1,4918.98
PAY-003719,ORD-004655,credit_card,7,4953.02
PAY-003720,ORD-007516,credit_card,5,184.73
PAY-003721,ORD-005070,voucher,1,6885.2
PAY-003722,ORD-014391,credit_card,11,6155.05
PAY-003723,ORD-005643,voucher,1,7979.77
PAY-003724,ORD-001327,credit_card,9,7949.84
PAY-003725,ORD-000290,voucher,1,2166.29
PAY-003726,ORD-010372,credit_card,,5971.92
PAY-003727,ORD-000548,debit_card,1,3203.53
PAY-003728,ORD-011970,voucher,1,351.39
PAY-003729,ORD-014188,voucher,1,3814.43
PAY-003730,ORD-009847,,8,323.3
PAY-003731,ORD-010994,debit_card,1,3717.01
PAY-003732,ORD-002697,voucher,1,7630.97
PAY-003733,ORD-005578,voucher,1,3018.81
PAY-003734,ORD-006464,debit_card,1,4120.9
PAY-003735,ORD-009915,credit_card,11,1896.88
PAY-003736,ORD-000124,boleto,1,5099.45
PAY-003737,ORD-000829,voucher,1,1284.62
PAY-003738,ORD-009639,credit_card,12,4612.31
PAY-003739,ORD-002035,debit_card,1,2932.54
PAY-003740,ORD-005141,credit_card,1,5540.19
PAY-003741,ORD-000379,voucher,1,2094.92
PAY-003742,ORD-012916,boleto,1,3125.56
PAY-003743,ORD-000454,credit_card,9,5850.84
PAY-003744,ORD-009717,debit_card,1,58.92
PAY-003745,ORD-012112,debit_card,1,2380.56
PAY-003746,ORD-006217,debit_card,1,2803.6
PAY-003747,ORD-004377,voucher,1,5553.79
PAY-003748,ORD-007148,boleto,1,3100.73
PAY-003749,ORD-000327,debit_card,1,3011.0
PAY-003750,ORD-008590,credit_card,12,4138.81
PAY-003751,ORD-008425,boleto,1,3901.38
PAY-003752,ORD-006925,credit_card,4,4182.14
PAY-003753,ORD-005730,credit_card,2,5643.8
PAY-003754,ORD-001355,credit_card,10,514.42
PAY-003755,ORD-012978,credit_card,9,5450.99
PAY-003756,ORD-008427,credit_card,1,7397.6
PAY-003757,ORD-010227,boleto,1,6901.59
PAY-003758,ORD-000680,debit_card,1,4653.78
PAY-003759,ORD-001832,boleto,1,5869.2
PAY-003760,ORD-001630,voucher,1,416.53
PAY-003761,ORD-005817,debit_card,1,4237.81
PAY-003762,ORD-001860,credit_card,7,6476.67
PAY-003763,ORD-000672,credit_card,6,5231.46
PAY-003764,ORD-012440,debit_card,1,2477.44
PAY-003765,ORD-013502,debit_card,1,1355.74
PAY-003766,ORD-003572,boleto,1,7351.0
PAY-003767,ORD-014543,boleto,1,2427.77
PAY-003768,ORD-005765,voucher,1,5249.71
PAY-003769,ORD-009339,boleto,1,1850.84
PAY-003770,ORD-013787,boleto,1,7620.93
PAY-003771,ORD-006550,voucher,1,708.19
PAY-003772,ORD-006701,boleto,1,1677.14
PAY-003773,ORD-011410,credit_card,8,6751.54
PAY-003774,ORD-006272,voucher,1,1688.26
PAY-003775,ORD-001204,debit_card,1,7070.56
PAY-003776,ORD-014366,boleto,1,1307.53
PAY-003777,ORD-013349,credit_card,1,2946.72
PAY-003778,ORD-012006,debit_card,1,4676.09
PAY-003779,ORD-008280,debit_card,1,2821.67
PAY-003780,ORD-008370,credit_card,11,4210.96
PAY-003781,ORD-014954,debit_card,1,5737.3
PAY-003782,ORD-000380,voucher,1,5430.29
PAY-003783,ORD-000207,debit_card,1,6442.89
PAY-003784,ORD-008221,credit_card,7,7278.55
PAY-003785,ORD-001732,voucher,1,6107.86
PAY-003786,ORD-008903,credit_card,1,2344.57
PAY-003787,ORD-005966,boleto,1,4539.48
PAY-003788,ORD-001610,boleto,1,2329.3
PAY-003789,ORD-003220,debit_card,1,2870.26
PAY-003790,ORD-013868,credit_card,9,5952.89
PAY-003791,ORD-009862,,1,5228.95
PAY-003792,ORD-013749,boleto,1,6250.27
PAY-003793,ORD-003653,boleto,1,1330.77
PAY-003794,ORD-004598,voucher,1,1181.92
PAY-003795,ORD-004120,voucher,1,7664.65
PAY-003796,ORD-007543,boleto,1,3073.93
PAY-003797,ORD-010625,boleto,1,5836.57
PAY-003798,ORD-008824,credit_card,3,3470.07
PAY-003799,ORD-005783,credit_card,1,4669.24
PAY-003800,ORD-012658,debit_card,1,1590.07
PAY-003801,ORD-007002,debit_card,1,6763.53
PAY-003802,ORD-000209,voucher,1,5453.7
PAY-003803,ORD-011848,credit_card,6,5723.56
PAY-003804,ORD-007184,debit_card,1,-104.7
PAY-003805,ORD-013206,boleto,1,6472.9
PAY-003806,ORD-012187,voucher,1,2550.62
PAY-003807,ORD-010230,debit_card,1,3226.91
PAY-003808,ORD-009580,credit_card,12,4078.04
PAY-003809,ORD-007568,debit_card,1,5072.87
PAY-003810,ORD-010806,voucher,1,4640.5
PAY-003811,ORD-013177,debit_card,1,657.58
PAY-003812,ORD-009339,voucher,1,7656.09
PAY-003813,ORD-004234,credit_card,7,7856.15
PAY-003814,ORD-009092,voucher,1,7012.36
PAY-003815,ORD-000379,voucher,1,3691.99
PAY-003816,ORD-006374,boleto,1,7152.43
PAY-003817,ORD-002339,credit_card,7,5838.94
PAY-003818,ORD-000653,voucher,1,1520.7
PAY-003819,ORD-003742,boleto,1,7823.55
PAY-003820,ORD-011263,debit_card,1,5806.21
PAY-003821,ORD-003219,voucher,1,285.72
PAY-003822,ORD-013090,boleto,1,1939.77
PAY-003823,ORD-012666,voucher,1,7712.95
PAY-003824,ORD-003118,credit_card,9,6947.54
PAY-003825,ORD-006870,credit_card,1,2358.77
PAY-003826,ORD-008015,voucher,1,1951.32
PAY-003827,ORD-003834,voucher,1,2215.56
PAY-003828,ORD-011226,boleto,1,3482.41
PAY-003829,ORD-002257,debit_card,1,120.79
PAY-003830,ORD-009148,credit_card,1,-401.62
PAY-003831,ORD-005505,credit_card,3,1013.69
PAY-003832,ORD-014124,debit_card,1,4928.75
PAY-003833,ORD-001250,credit_card,4,5880.89
PAY-003834,ORD-009728,debit_card,1,6005.95
PAY-003835,ORD-014137,boleto,1,5740.02
PAY-003836,ORD-000500,debit_card,1,1633.64
PAY-003837,ORD-001840,boleto,1,5701.03
PAY-003838,ORD-013462,credit_card,6,5653.65
PAY-003839,ORD-011830,boleto,1,1253.82
PAY-003840,ORD-009301,debit_card,1,5990.75
PAY-003841,ORD-012969,debit_card,1,6281.03
PAY-003842,ORD-006063,debit_card,1,913.35
PAY-003843,ORD-008557,boleto,1,3817.16
PAY-003844,ORD-012853,debit_card,1,1519.38
PAY-003845,ORD-011083,boleto,1,3645.83
PAY-003846,ORD-001558,boleto,1,7865.55
PAY-003847,ORD-004310,debit_card,1,4339.21
PAY-003848,ORD-011381,debit_card,1,862.54
PAY-003849,ORD-009642,debit_card,1,4806.68
PAY-003850,ORD-010149,credit_card,8,2958.79
PAY-003851,ORD-014213,debit_card,1,3914.95
PAY-003852,ORD-005260,boleto,1,7676.8
PAY-003853,ORD-002993,debit_card,1,969.89
PAY-003854,ORD-014491,debit_card,1,5562.01
PAY-003855,ORD-014049,debit_card,1,3378.34
PAY-003856,ORD-002326,boleto,1,2326.5
PAY-003857,ORD-009710,debit_card,1,450.47
PAY-003858,ORD-006877,boleto,1,2636.5
PAY-003859,ORD-014100,credit_card,3,4819.19
PAY-003860,ORD-009304,debit_card,1,7810.87
PAY-003861,ORD-007944,,8,4277.88
PAY-003862,ORD-009888,debit_card,1,4674.63
PAY-003863,ORD-013284,voucher,1,4252.86
PAY-003864,ORD-013514,cash,1,7473.76
PAY-003865,ORD-009437,credit_card,10,3725.8
PAY-003866,ORD-007997,credit_card,7,-418.66
PAY-003867,ORD-007405,boleto,1,1885.86
PAY-003868,ORD-012710,credit_card,1,2425.74
PAY-003869,ORD-011210,boleto,1,2145.55
PAY-003870,ORD-014838,boleto,1,5190.2
PAY-003871,ORD-011044,boleto,1,1515.03
PAY-003872,ORD-010931,bitcoin,1,6781.83
PAY-003873,ORD-003443,debit_card,1,6839.37
PAY-003874,ORD-011553,boleto,1,2762.33
PAY-003875,ORD-005426,voucher,1,2930.35
PAY-003876,ORD-003718,debit_card,1,6525.16
PAY-003877,ORD-000644,voucher,1,1673.08
PAY-003878,ORD-003477,debit_card,1,4769.76
PAY-003879,ORD-005577,credit_card,12,5198.49
PAY-003880,ORD-009490,boleto,1,6408.36
PAY-003881,ORD-013206,,2,576.93
PAY-003882,ORD-012926,debit_card,1,686.99
PAY-003883,ORD-002333,boleto,1,732.38
PAY-003884,ORD-005473,boleto,1,6492.38
PAY-003885,ORD-008874,voucher,1,1165.25
PAY-003886,ORD-002326,boleto,1,3639.22
PAY-003887,ORD-001890,boleto,1,1543.8
PAY-003888,ORD-008500,debit_card,1,6489.88
PAY-003889,ORD-001861,credit_card,8,7979.85
PAY-003890,ORD-009748,boleto,1,3168.03
PAY-003891,ORD-009302,boleto,1,5112.94
PAY-003892,ORD-005303,voucher,1,1968.33
PAY-003893,ORD-000352,credit_card,1,3567.96
PAY-003894,ORD-006024,cash,1,1376.06
PAY-003895,ORD-001961,boleto,1,2257.46
PAY-003896,ORD-014310,credit_card,12,7662.75
PAY-003897,ORD-009569,voucher,1,1020.45
PAY-003898,ORD-012067,credit_card,10,3376.41
PAY-003899,ORD-013960,credit_card,5,461.29
PAY-003900,ORD-007307,credit_card,2,409.91
PAY-003901,ORD-002995,debit_card,1,2429.95
PAY-003902,ORD-007292,voucher,1,4065.32
PAY-003903,ORD-014107,debit_card,1,6773.9
PAY-003904,ORD-010107,credit_card,6,7179.81
PAY-003905,ORD-000273,voucher,1,6934.22
PAY-003906,ORD-001938,voucher,1,6337.74
PAY-003907,ORD-008930,debit_card,1,7476.31
PAY-003908,ORD-013823,voucher,1,1976.92
PAY-003909,ORD-013696,credit_card,3,3027.66
PAY-003910,ORD-008967,voucher,1,7274.35
PAY-003911,ORD-012798,debit_card,1,4948.65
PAY-003912,ORD-014439,boleto,1,3570.83
PAY-003913,ORD-006516,boleto,1,5102.22
PAY-003914,ORD-011248,credit_card,5,1027.86
PAY-003915,ORD-010728,boleto,1,266.3
PAY-003916,ORD-004505,credit_card,5,1897.41
PAY-003917,ORD-010073,credit_card,2,362.79
PAY-003918,ORD-006867,debit_card,1,7954.0
PAY-003919,ORD-001485,debit_card,1,2130.45
PAY-003920,ORD-001951,debit_card,1,7925.23
PAY-003921,ORD-009648,credit_card,10,2501.52
PAY-003922,ORD-009746,credit_card,7,7444.08
PAY-003923,ORD-008341,credit_card,10,6437.25
PAY-003924,ORD-008248,boleto,1,6221.36
PAY-003925,ORD-009528,boleto,1,3195.15
PAY-003926,ORD-008844,debit_card,1,7807.97
PAY-003927,ORD-005956,boleto,1,3454.63
PAY-003928,ORD-008235,voucher,1,7675.01
PAY-003929,ORD-002934,debit_card,1,2870.78
PAY-003930,ORD-001554,boleto,1,3765.58
PAY-003931,ORD-013921,boleto,,5407.62
PAY-003932,ORD-008260,boleto,1,7741.05
PAY-003933,ORD-005588,voucher,1,7596.29
PAY-003934,ORD-004913,credit_card,8,5756.91
PAY-003935,ORD-004603,boleto,1,507.57
PAY-003936,ORD-006378,debit_card,1,1981.87
PAY-003937,ORD-002086,debit_card,1,777.48
PAY-003938,ORD-004409,debit_card,1,2979.13
PAY-003939,ORD-013228,debit_card,1,4586.2
PAY-003940,ORD-013933,credit_card,4,4950.92
PAY-003941,ORD-007030,voucher,1,7755.07
PAY-003942,ORD-000733,debit_card,1,5135.05
PAY-003943,ORD-013792,credit_card,9,2162.75
PAY-003944,ORD-004503,credit_card,11,7232.75
PAY-003945,ORD-013320,voucher,1,2015.45
PAY-003946,ORD-014699,voucher,1,4118.32
PAY-003947,ORD-013292,boleto,1,5720.94
PAY-003948,ORD-012309,voucher,1,421.7
PAY-003949,ORD-000910,boleto,1,2997.46
PAY-003950,ORD-006883,debit_card,1,3544.3
PAY-003951,ORD-001148,boleto,1,2296.2
PAY-003952,ORD-014108,debit_card,1,5330.9
PAY-003953,ORD-011771,credit_card,4,7151.1
PAY-003954,ORD-005266,credit_card,8,2987.24
PAY-003955,ORD-003724,debit_card,1,3429.22
PAY-003956,ORD-006820,credit_card,5,5849.27
PAY-003957,ORD-014400,credit_card,10,3389.37
PAY-003958,ORD-008178,debit_card,1,5552.75
PAY-003959,ORD-004147,boleto,1,6757.57
PAY-003960,ORD-006760,boleto,1,2184.56
PAY-003961,ORD-011653,debit_card,1,3336.28
PAY-003962,ORD-003583,voucher,1,3692.15
PAY-003963,ORD-008309,boleto,1,380.86
PAY-003964,ORD-012740,debit_card,1,2577.13
PAY-003965,ORD-006479,voucher,1,4038.92
PAY-003966,ORD-001478,debit_card,1,1868.9
PAY-003967,ORD-003985,debit_card,1,469.49
PAY-003968,ORD-010574,voucher,1,839.43
PAY-003969,ORD-002989,boleto,1,3386.48
PAY-003970,ORD-002092,credit_card,1,3448.68
PAY-003971,ORD-002283,voucher,1,-190.14
PAY-003972,ORD-000390,boleto,1,7448.54
PAY-003973,ORD-001264,boleto,1,6408.75
PAY-003974,ORD-008460,credit_card,2,498.67
PAY-003975,ORD-004329,boleto,1,2024.26
PAY-003976,ORD-012241,boleto,1,7890.41
PAY-003977,ORD-003280,voucher,1,4987.32
PAY-003978,ORD-014845,debit_card,1,4959.33
PAY-003979,ORD-001050,voucher,1,2563.33
PAY-003980,ORD-004434,boleto,1,917.18
PAY-003981,ORD-010885,debit_card,1,-271.38
PAY-003982,ORD-014844,voucher,1,2253.83
PAY-003983,ORD-008889,debit_card,1,163.87
PAY-003984,ORD-007959,credit_card,12,5270.13
PAY-003985,ORD-012346,debit_card,1,3958.05
PAY-003986,ORD-003319,boleto,1,3782.22
PAY-003987,ORD-008827,boleto,1,2895.96
PAY-003988,ORD-014924,debit_card,1,6015.09
PAY-003989,ORD-001301,boleto,1,7144.3
PAY-003990,ORD-013656,boleto,1,379.94
PAY-003991,ORD-006320,boleto,1,5183.8
PAY-003992,ORD-007151,debit_card,1,1020.84
PAY-003993,ORD-004132,boleto,1,4969.75
PAY-003994,ORD-000697,credit_card,3,5243.03
PAY-003995,ORD-010387,credit_card,10,5975.4
PAY-003996,ORD-000431,credit_card,12,6198.64
PAY-003997,ORD-012380,voucher,1,395.7
PAY-003998,ORD-002767,boleto,1,1844.25
PAY-003999,ORD-004146,credit_card,5,1500.2
PAY-004000,ORD-005416,voucher,1,2688.42
PAY-004001,ORD-012604,boleto,1,6161.25
PAY-004002,ORD-011156,credit_card,12,2031.57
PAY-004003,ORD-009395,boleto,1,1484.31
PAY-004004,ORD-007273,boleto,1,1314.7
PAY-004005,ORD-006449,credit_card,8,3161.84
PAY-004006,ORD-009391,voucher,1,7880.77
PAY-004007,ORD-008102,debit_card,1,6866.56
PAY-004008,ORD-009938,voucher,1,4736.04
PAY-004009,ORD-007162,credit_card,12,6766.06
PAY-004010,ORD-001212,debit_card,1,514.85
PAY-004011,ORD-000603,credit_card,1,6841.09
PAY-004012,ORD-009689,boleto,1,4377.64
PAY-004013,ORD-013291,voucher,1,6760.74
PAY-004014,ORD-010685,debit_card,1,3267.54
PAY-004015,ORD-003539,voucher,1,7659.18
PAY-004016,ORD-005352,debit_card,1,3333.89
PAY-004017,ORD-002746,debit_card,1,7298.24
PAY-004018,ORD-005671,credit_card,11,3700.28
PAY-004019,ORD-010054,credit_card,11,3146.34
PAY-004020,ORD-012237,debit_card,1,3014.23
PAY-004021,ORD-012891,boleto,1,4916.5
PAY-004022,ORD-013919,voucher,1,57.34
PAY-004023,ORD-003553,boleto,1,5064.05
PAY-004024,ORD-000880,credit_card,2,-464.17
PAY-004025,ORD-004163,voucher,1,2671.33
PAY-004026,ORD-008255,credit_card,8,6196.72
PAY-004027,ORD-014467,boleto,1,1703.9
PAY-004028,ORD-010411,debit_card,1,2517.33
PAY-004029,ORD-000897,debit_card,1,268.09
PAY-004030,ORD-009876,debit_card,1,3325.29
PAY-004031,ORD-001476,boleto,1,3112.77
PAY-004032,ORD-000586,credit_card,2,6223.02
PAY-004033,ORD-012922,credit_card,6,7241.72
PAY-004034,ORD-012109,debit_card,1,4464.77
PAY-004035,ORD-003009,voucher,1,5875.48
PAY-004036,ORD-002673,debit_card,1,6442.34
PAY-004037,ORD-005351,debit_card,,3500.14
PAY-004038,ORD-007642,boleto,1,7873.62
PAY-004039,ORD-011278,debit_card,1,532.2
PAY-004040,ORD-005146,debit_card,1,6968.09
PAY-004041,ORD-010013,voucher,1,1156.36
PAY-004042,ORD-003007,voucher,1,5595.4
PAY-004043,ORD-005354,debit_card,1,4353.78
PAY-004044,ORD-010670,boleto,1,1390.73
PAY-004045,ORD-005627,voucher,1,3132.91
PAY-004046,ORD-006812,voucher,1,1293.9
PAY-004047,ORD-014936,boleto,1,2338.18
PAY-004048,ORD-009403,credit_card,10,7907.43
PAY-004049,ORD-012931,debit_card,1,6936.95
PAY-004050,ORD-012205,boleto,1,2945.64
PAY-004051,ORD-009579,voucher,1,6969.17
PAY-004052,ORD-003546,debit_card,1,7406.86
PAY-004053,ORD-011593,credit_card,9,4358.45
PAY-004054,ORD-009037,voucher,1,3696.06
PAY-004055,ORD-009193,boleto,1,1160.05
PAY-004056,ORD-007636,credit_card,9,637.95
PAY-004057,ORD-009258,credit_card,7,7305.57
PAY-004058,ORD-010719,credit_card,10,6718.04
PAY-004059,ORD-011153,boleto,1,6430.96
PAY-004060,ORD-000285,debit_card,1,5933.54
PAY-004061,ORD-001062,debit_card,1,2615.54
PAY-004062,ORD-008707,credit_card,6,2322.12
PAY-004063,ORD-014197,debit_card,1,1839.99
PAY-004064,ORD-010984,debit_card,1,7914.35
PAY-004065,ORD-010477,credit_card,9,656.02
PAY-004066,ORD-005683,voucher,1,7403.19
PAY-004067,ORD-014119,credit_card,4,6311.49
PAY-004068,ORD-005729,credit_card,9,6588.89
PAY-004069,ORD-001461,voucher,1,1265.06
PAY-004070,ORD-011581,boleto,1,3724.21
PAY-004071,ORD-014409,cash,6,2499.08
PAY-004072,ORD-002061,debit_card,1,1229.13
PAY-004073,ORD-012735,debit_card,1,2679.13
PAY-004074,ORD-010336,credit_card,2,5255.28
PAY-004075,ORD-006585,credit_card,8,7668.02
PAY-004076,ORD-010775,debit_card,1,4046.39
PAY-004077,ORD-007497,credit_card,1,1225.2
PAY-004078,ORD-001004,debit_card,1,1090.28
PAY-004079,ORD-010957,boleto,1,7185.37
PAY-004080,ORD-013749,voucher,1,4132.91
PAY-004081,ORD-000954,debit_card,1,1065.07
PAY-004082,ORD-004478,debit_card,1,-79.14
PAY-004083,ORD-010553,voucher,1,5906.71
PAY-004084,ORD-006445,boleto,1,5538.03
PAY-004085,ORD-012027,boleto,1,6217.1
PAY-004086,ORD-006602,debit_card,1,6014.23
PAY-004087,ORD-004884,boleto,1,5217.54
PAY-004088,ORD-014828,debit_card,1,7727.84
PAY-004089,ORD-005572,boleto,1,5932.67
PAY-004090,ORD-011818,boleto,1,7168.39
PAY-004091,ORD-010438,voucher,1,3697.01
PAY-004092,ORD-004822,credit_card,2,6860.15
PAY-004093,ORD-001284,boleto,1,6307.41
PAY-004094,ORD-004629,voucher,1,958.82
PAY-004095,ORD-011833,debit_card,1,2578.74
PAY-004096,ORD-008757,credit_card,3,3507.58
PAY-004097,ORD-010798,voucher,1,3887.05
PAY-004098,ORD-001091,credit_card,6,3087.05
PAY-004099,ORD-008163,credit_card,7,3153.17
PAY-004100,ORD-002269,voucher,1,5799.93
PAY-004101,ORD-007905,credit_card,10,1875.69
PAY-004102,ORD-006641,,1,288.33
PAY-004103,ORD-011975,boleto,1,5552.59
PAY-004104,ORD-000708,credit_card,4,3941.5
PAY-004105,ORD-011408,boleto,1,2669.9
PAY-004106,ORD-014110,voucher,1,7013.2
PAY-004107,ORD-000649,credit_card,8,4738.43
PAY-004108,ORD-005243,voucher,1,3899.35
PAY-004109,ORD-013762,debit_card,1,3269.81
PAY-004110,ORD-007356,debit_card,1,450.1
PAY-004111,ORD-004723,voucher,1,4103.15
PAY-004112,ORD-007291,boleto,1,6905.62
PAY-004113,ORD-000741,debit_card,,4854.12
PAY-004114,ORD-010489,boleto,1,82.56
PAY-004115,ORD-014270,boleto,1,3746.45
PAY-004116,ORD-013682,debit_card,1,1245.44
PAY-004117,ORD-012642,voucher,1,3748.47
PAY-004118,ORD-012506,credit_card,7,248.0
PAY-004119,ORD-003684,credit_card,10,2635.78
PAY-004120,ORD-002306,voucher,1,1780.04
PAY-004121,ORD-003837,boleto,1,1010.73
PAY-004122,ORD-011611,debit_card,1,5775.75
PAY-004123,ORD-008767,voucher,1,7745.12
PAY-004124,ORD-006052,voucher,1,4800.35
PAY-004125,ORD-007621,voucher,1,3391.41
PAY-004126,ORD-005268,debit_card,1,1448.6
PAY-004127,ORD-003355,credit_card,3,4911.79
PAY-004128,ORD-014571,boleto,1,5895.94
PAY-004129,ORD-004820,debit_card,1,5139.01
PAY-004130,ORD-003858,boleto,1,3350.14
PAY-004131,ORD-010498,boleto,1,6113.49
PAY-004132,ORD-002272,boleto,1,3472.4
PAY-004133,ORD-000936,voucher,1,3658.14
PAY-004134,ORD-009731,voucher,1,5799.04
PAY-004135,ORD-003394,voucher,1,3720.39
PAY-004136,ORD-005278,voucher,1,7746.58
PAY-004137,ORD-012699,voucher,,1542.03
PAY-004138,ORD-010353,cash,1,1711.5
PAY-004139,ORD-007964,debit_card,1,218.28
PAY-004140,ORD-007833,credit_card,4,376.31
PAY-004141,ORD-011541,voucher,1,1665.34
PAY-004142,ORD-000789,voucher,1,5960.38
PAY-004143,ORD-004829,boleto,1,5086.82
PAY-004144,ORD-002060,voucher,1,5737.46
PAY-004145,ORD-014362,voucher,1,4142.87
PAY-004146,ORD-005780,credit_card,7,2881.6
PAY-004147,ORD-003624,voucher,1,2064.24
PAY-004148,ORD-011129,debit_card,1,349.02
PAY-004149,ORD-002892,voucher,1,5623.64
PAY-004150,ORD-005290,boleto,1,5661.41
PAY-004151,ORD-000464,voucher,1,1010.66
PAY-004152,ORD-002989,boleto,1,3415.14
PAY-004153,ORD-007571,voucher,1,6066.12
PAY-004154,ORD-008969,boleto,1,3053.18
PAY-004155,ORD-011659,credit_card,5,2858.88
PAY-004156,ORD-014637,debit_card,1,1332.71
PAY-004157,ORD-002455,boleto,1,3867.24
PAY-004158,ORD-011169,debit_card,1,1488.66
PAY-004159,ORD-003046,debit_card,1,2991.62
PAY-004160,ORD-008672,debit_card,,487.61
PAY-004161,ORD-011536,voucher,1,5783.75
PAY-004162,ORD-001548,credit_card,11,1733.26
PAY-004163,ORD-013476,debit_card,1,2678.58
PAY-004164,ORD-006120,credit_card,11,5845.64
PAY-004165,ORD-012312,cash,1,3285.22
PAY-004166,ORD-005912,bitcoin,4,7871.92
PAY-004167,ORD-013832,credit_card,8,4464.33
PAY-004168,ORD-012747,voucher,,4829.15
PAY-004169,ORD-012826,voucher,1,3035.73
PAY-004170,ORD-000582,debit_card,1,630.33
PAY-004171,ORD-010322,voucher,1,2452.84
PAY-004172,ORD-003262,debit_card,1,317.59
PAY-004173,ORD-006545,credit_card,2,5849.7
PAY-004174,ORD-008369,debit_card,1,7801.28
PAY-004175,ORD-003227,debit_card,1,4021.58
PAY-004176,ORD-009947,voucher,1,-238.35
PAY-004177,ORD-010714,boleto,1,1783.86
PAY-004178,ORD-000304,boleto,1,4689.59
PAY-004179,ORD-012187,boleto,1,7463.05
PAY-004180,ORD-005804,boleto,1,5587.91
PAY-004181,ORD-011011,debit_card,1,2506.08
PAY-004182,ORD-005682,boleto,1,7251.83
PAY-004183,ORD-011941,voucher,1,4830.57
PAY-004184,ORD-008179,credit_card,2,1402.57
PAY-004185,ORD-007332,credit_card,12,7987.67
PAY-004186,ORD-009998,credit_card,10,693.55
PAY-004187,ORD-013109,voucher,1,2710.99
PAY-004188,ORD-009201,debit_card,1,-342.0
PAY-004189,ORD-012694,voucher,1,260.63
PAY-004190,ORD-011996,credit_card,4,7389.5
PAY-004191,ORD-011599,debit_card,1,3271.59
PAY-004192,ORD-004209,boleto,1,7788.64
PAY-004193,ORD-006705,boleto,1,1174.87
PAY-004194,ORD-007238,credit_card,8,6703.26
PAY-004195,ORD-005722,voucher,1,6791.97
PAY-004196,ORD-001251,boleto,1,2252.76
PAY-004197,ORD-003502,debit_card,1,6258.66
PAY-004198,ORD-002323,voucher,1,4884.29
PAY-004199,ORD-006062,debit_card,1,29.93
PAY-004200,ORD-001130,debit_card,1,2123.78
PAY-004201,ORD-000933,boleto,1,3677.01
PAY-004202,ORD-004117,debit_card,1,3713.93
PAY-004203,ORD-014811,credit_card,8,6782.28
PAY-004204,ORD-006303,voucher,1,532.95
PAY-004205,ORD-003233,boleto,1,4935.32
PAY-004206,ORD-004818,voucher,1,1102.72
PAY-004207,ORD-008991,credit_card,1,1009.09
PAY-004208,ORD-000276,voucher,1,7409.05
PAY-004209,ORD-009609,debit_card,1,2642.52
PAY-004210,ORD-002699,boleto,1,500.46
PAY-004211,ORD-012319,boleto,1,4786.84
PAY-004212,ORD-000133,voucher,1,5853.26
PAY-004213,ORD-011599,debit_card,1,1522.1
PAY-004214,ORD-004835,PIX,1,2470.1
PAY-004215,ORD-004294,boleto,1,4396.76
PAY-004216,ORD-010146,credit_card,10,3281.82
PAY-004217,ORD-000206,boleto,1,3775.7
PAY-004218,ORD-005496,boleto,1,7852.82
PAY-004219,ORD-008658,credit_card,8,3932.56
PAY-004220,ORD-008422,debit_card,1,4798.23
PAY-004221,ORD-004021,boleto,1,7537.21
PAY-004222,ORD-012079,voucher,1,3900.11
PAY-004223,ORD-001273,voucher,1,4919.33
PAY-004224,ORD-010745,debit_card,1,6713.66
PAY-004225,ORD-008522,boleto,1,1804.65
PAY-004226,ORD-006374,voucher,1,4599.43
PAY-004227,ORD-007199,credit_card,7,6756.69
PAY-004228,ORD-011084,boleto,1,3602.75
PAY-004229,ORD-004133,credit_card,6,4331.16
PAY-004230,ORD-012804,boleto,1,6822.02
PAY-004231,ORD-007935,credit_card,3,5459.06
PAY-004232,ORD-009229,credit_card,3,6577.1
PAY-004233,ORD-013584,credit_card,12,1427.23
PAY-004234,ORD-002679,boleto,1,7291.03
PAY-004235,ORD-012754,voucher,1,2054.98
PAY-004236,ORD-000924,boleto,1,6506.78
PAY-004237,ORD-011505,credit_card,11,7045.58
PAY-004238,ORD-006003,debit_card,1,6380.55
PAY-004239,ORD-010773,boleto,1,2912.69
PAY-004240,ORD-009271,debit_card,1,2797.73
PAY-004241,ORD-003376,PIX,1,7899.3
PAY-004242,ORD-013183,debit_card,1,3951.46
PAY-004243,ORD-003242,credit_card,9,530.58
PAY-004244,ORD-000454,voucher,,4860.55
PAY-004245,ORD-012169,boleto,1,1001.25
PAY-004246,ORD-008249,voucher,1,778.64
PAY-004247,ORD-007050,credit_card,1,4803.42
PAY-004248,ORD-001846,debit_card,1,1094.1
PAY-004249,ORD-013054,voucher,1,3062.22
PAY-004250,ORD-007566,debit_card,1,3829.0
PAY-004251,ORD-001718,debit_card,1,-369.07
PAY-004252,ORD-008693,voucher,1,243.45
PAY-004253,ORD-004042,credit_card,12,5026.78
PAY-004254,ORD-003311,debit_card,1,30.85
PAY-004255,ORD-008627,credit_card,1,5470.93
PAY-004256,ORD-005552,boleto,1,4605.44
PAY-004257,ORD-012823,credit_card,7,7043.29
PAY-004258,ORD-001195,credit_card,9,1819.09
PAY-004259,ORD-004042,boleto,1,1688.58
PAY-004260,ORD-004939,credit_card,1,2212.43
PAY-004261,ORD-008816,credit_card,1,3960.83
PAY-004262,ORD-007309,boleto,1,2568.03
PAY-004263,ORD-014414,voucher,1,4982.51
PAY-004264,ORD-007576,credit_card,5,5686.56
PAY-004265,ORD-004789,credit_card,1,4850.42
PAY-004266,ORD-007450,voucher,1,1968.87
PAY-004267,ORD-000834,voucher,1,3894.33
PAY-004268,ORD-012953,debit_card,1,2709.16
PAY-004269,ORD-004941,debit_card,1,4804.02
PAY-004270,ORD-002826,debit_card,1,2925.05
PAY-004271,ORD-001171,voucher,1,566.43
PAY-004272,ORD-000853,voucher,1,5376.5
PAY-004273,ORD-011615,credit_card,3,5788.96
PAY-004274,ORD-006045,debit_card,1,7630.31
PAY-004275,ORD-001946,voucher,1,6267.93
PAY-004276,ORD-000661,boleto,1,5318.04
PAY-004277,ORD-011074,boleto,1,2226.87
PAY-004278,ORD-007060,voucher,1,-82.74
PAY-004279,ORD-012759,debit_card,1,6995.78
PAY-004280,ORD-002741,boleto,1,266.19
PAY-004281,ORD-013817,credit_card,10,6626.81
PAY-004282,ORD-005025,boleto,1,1151.01
PAY-004283,ORD-014973,boleto,1,3972.15
PAY-004284,ORD-001576,debit_card,1,3852.11
PAY-004285,ORD-012555,debit_card,1,7771.47
PAY-004286,ORD-002203,boleto,1,3973.74
PAY-004287,ORD-009086,credit_card,6,4508.6
PAY-004288,ORD-001028,voucher,1,1107.99
PAY-004289,ORD-007106,debit_card,1,2223.96
PAY-004290,ORD-003427,credit_card,8,7748.76
PAY-004291,ORD-000793,credit_card,1,6239.16
PAY-004292,ORD-002055,boleto,1,2688.71
PAY-004293,ORD-014166,credit_card,4,6396.32
PAY-004294,ORD-013240,voucher,1,7401.13
PAY-004295,ORD-006178,voucher,1,4429.4
PAY-004296,ORD-002272,boleto,1,5656.47
PAY-004297,ORD-000052,boleto,1,4878.47
PAY-004298,ORD-001352,boleto,1,2636.37
PAY-004299,ORD-009595,voucher,1,2459.9
PAY-004300,ORD-001528,boleto,1,4232.15
PAY-004301,ORD-014486,boleto,1,5831.81
PAY-004302,ORD-006025,bitcoin,1,2386.51
PAY-004303,ORD-007850,credit_card,12,44.66
PAY-004304,ORD-005590,debit_card,1,4540.29
PAY-004305,ORD-002257,voucher,1,5588.61
PAY-004306,ORD-012842,credit_card,10,3697.41
PAY-004307,ORD-004951,boleto,1,4378.85
PAY-004308,ORD-002029,boleto,1,7379.37
PAY-004309,ORD-013683,boleto,1,5747.86
PAY-004310,ORD-007206,boleto,1,-239.18
PAY-004311,ORD-010020,voucher,1,3464.47
PAY-004312,ORD-009945,boleto,1,5911.78
PAY-004313,ORD-011257,debit_card,1,4270.81
PAY-004314,ORD-008607,debit_card,1,2821.65
PAY-004315,ORD-001848,credit_card,5,1180.96
PAY-004316,ORD-000904,credit_card,8,5707.05
PAY-004317,ORD-002716,voucher,1,2377.73
PAY-004318,ORD-006567,debit_card,1,3195.92
PAY-004319,ORD-004068,boleto,1,2978.9
PAY-004320,ORD-013661,voucher,1,5225.24
PAY-004321,ORD-008732,voucher,1,7530.02
PAY-004322,ORD-014481,boleto,1,-393.66
PAY-004323,ORD-009969,credit_card,2,2079.23
PAY-004324,ORD-003756,credit_card,2,7634.97
PAY-004325,ORD-009666,voucher,1,343.69
PAY-004326,ORD-012372,boleto,1,233.23
PAY-004327,ORD-004039,debit_card,1,5523.81
PAY-004328,ORD-001878,voucher,1,4342.04
PAY-004329,ORD-001797,credit_card,10,3808.6
PAY-004330,ORD-001628,credit_card,1,5268.61
PAY-004331,ORD-008968,debit_card,1,1417.37
PAY-004332,ORD-009569,debit_card,1,2281.68
PAY-004333,ORD-012067,credit_card,10,1374.12
PAY-004334,ORD-013648,credit_card,12,4455.37
PAY-004335,ORD-014910,boleto,1,1879.82
PAY-004336,ORD-003453,voucher,1,6670.97
PAY-004337,ORD-012101,debit_card,1,1355.27
PAY-004338,ORD-012262,debit_card,1,3050.45
PAY-004339,ORD-002678,voucher,1,2729.71
PAY-004340,ORD-009148,debit_card,1,7643.72
PAY-004341,ORD-013631,voucher,1,4677.92
PAY-004342,ORD-000887,boleto,1,1410.25
PAY-004343,ORD-011594,debit_card,1,1711.85
PAY-004344,ORD-007099,credit_card,12,873.82
PAY-004345,ORD-010336,debit_card,1,7581.88
PAY-004346,ORD-002395,voucher,,962.11
PAY-004347,ORD-012421,credit_card,7,6019.6
PAY-004348,ORD-014361,boleto,1,5798.08
PAY-004349,ORD-001263,credit_card,2,1113.47
PAY-004350,ORD-005522,debit_card,1,2765.57
PAY-004351,ORD-010675,credit_card,7,1705.62
PAY-004352,ORD-008536,boleto,1,1462.44
PAY-004353,ORD-014571,boleto,1,1622.47
PAY-004354,ORD-002916,credit_card,7,2253.24
PAY-004355,ORD-001720,credit_card,5,4436.37
PAY-004356,ORD-001295,voucher,1,4502.53
PAY-004357,ORD-005339,debit_card,1,411.02
PAY-004358,ORD-006143,voucher,1,6480.08
PAY-004359,ORD-010881,credit_card,1,6544.09
PAY-004360,ORD-010573,debit_card,1,6018.3
PAY-004361,ORD-002880,debit_card,1,893.6
PAY-004362,ORD-003307,boleto,1,514.11
PAY-004363,ORD-012194,credit_card,12,6165.09
PAY-004364,ORD-014311,voucher,1,3864.24
PAY-004365,ORD-011457,debit_card,1,6071.52
PAY-004366,ORD-005620,debit_card,1,2822.65
PAY-004367,ORD-000534,voucher,1,3350.29
PAY-004368,ORD-008507,voucher,1,4894.98
PAY-004369,ORD-001430,credit_card,11,704.73
PAY-004370,ORD-013290,boleto,1,3691.42
PAY-004371,ORD-000461,voucher,1,5235.8
PAY-004372,ORD-002535,boleto,1,3245.34
PAY-004373,ORD-008331,voucher,1,4146.12
PAY-004374,ORD-014679,voucher,1,4418.41
PAY-004375,ORD-007391,debit_card,1,4630.99
PAY-004376,ORD-005596,boleto,1,4875.0
PAY-004377,ORD-013293,debit_card,1,222.93
PAY-004378,ORD-013586,voucher,1,5966.69
PAY-004379,ORD-012570,boleto,1,2349.61
PAY-004380,ORD-006077,credit_card,10,1328.73
PAY-004381,ORD-014429,voucher,1,-86.09
PAY-004382,ORD-006824,boleto,1,1716.31
PAY-004383,ORD-014756,boleto,1,1847.0
PAY-004384,ORD-005353,credit_card,11,5975.89
PAY-004385,ORD-001757,cash,1,5224.2
PAY-004386,ORD-008177,voucher,1,5528.02
PAY-004387,ORD-012166,voucher,1,7782.32
PAY-004388,ORD-003709,credit_card,10,2474.52
PAY-004389,ORD-004716,debit_card,1,6075.89
PAY-004390,ORD-013701,voucher,1,3796.82
PAY-004391,ORD-000365,boleto,1,1737.23
PAY-004392,ORD-004858,debit_card,1,233.96
PAY-004393,ORD-000392,boleto,1,4997.92
PAY-004394,ORD-000076,boleto,1,2419.64
PAY-004395,ORD-005973,credit_card,9,6469.02
PAY-004396,ORD-007190,debit_card,1,2759.02
PAY-004397,ORD-008429,boleto,1,6156.09
PAY-004398,ORD-005536,credit_card,9,4891.56
PAY-004399,ORD-004909,debit_card,1,6344.92
PAY-004400,ORD-004258,voucher,1,6080.71
PAY-004401,ORD-014774,debit_card,1,7478.21
PAY-004402,ORD-005108,credit_card,4,1684.86
PAY-004403,ORD-011756,debit_card,1,3659.63
PAY-004404,ORD-003687,credit_card,8,5254.65
PAY-004405,ORD-013607,debit_card,1,1534.29
PAY-004406,ORD-005237,voucher,1,4218.01
PAY-004407,ORD-013502,credit_card,7,3978.79
PAY-004408,ORD-011747,debit_card,1,-226.51
PAY-004409,ORD-013859,credit_card,,5453.2
PAY-004410,ORD-010712,credit_card,4,7680.19
PAY-004411,ORD-006782,voucher,1,2650.07
PAY-004412,ORD-000918,voucher,1,5913.5
PAY-004413,ORD-010423,voucher,1,6756.13
PAY-004414,ORD-012083,debit_card,1,4641.89
PAY-004415,ORD-011174,debit_card,1,6381.18
PAY-004416,ORD-004872,voucher,1,5551.5
PAY-004417,ORD-012732,voucher,1,3027.4
PAY-004418,ORD-002406,voucher,1,2444.91
PAY-004419,ORD-013848,boleto,1,7504.0
PAY-004420,ORD-012010,debit_card,1,4520.22
PAY-004421,ORD-011584,credit_card,5,6688.8
PAY-004422,ORD-007900,debit_card,1,593.75
PAY-004423,ORD-000234,voucher,1,1721.29
PAY-004424,ORD-011681,credit_card,3,1684.55
PAY-004425,ORD-008968,debit_card,1,1147.72
PAY-004426,ORD-014714,credit_card,8,1437.52
PAY-004427,ORD-011994,voucher,1,610.28
PAY-004428,ORD-007841,debit_card,1,4074.97
PAY-004429,ORD-014777,voucher,1,4334.27
PAY-004430,ORD-006970,credit_card,12,2269.56
PAY-004431,ORD-001450,debit_card,1,6539.08
PAY-004432,ORD-006054,debit_card,1,847.79
PAY-004433,ORD-003020,voucher,1,3382.64
PAY-004434,ORD-007061,voucher,1,736.66
PAY-004435,ORD-004052,credit_card,5,817.52
PAY-004436,ORD-010998,debit_card,1,685.84
PAY-004437,ORD-005787,voucher,1,1301.49
PAY-004438,ORD-010076,debit_card,1,7686.71
PAY-004439,ORD-003639,voucher,1,7999.39
PAY-004440,ORD-005966,boleto,1,6902.42
PAY-004441,ORD-002670,,1,2508.68
PAY-004442,ORD-003585,voucher,1,7725.79
PAY-004443,ORD-010345,boleto,1,2488.44
PAY-004444,ORD-009284,voucher,1,2660.02
PAY-004445,ORD-004856,credit_card,8,7621.94
PAY-004446,ORD-008590,credit_card,10,2742.75
PAY-004447,ORD-001973,credit_card,8,962.07
PAY-004448,ORD-006699,debit_card,1,6365.52
PAY-004449,ORD-011098,voucher,1,6951.25
PAY-004450,ORD-003260,debit_card,1,6000.14
PAY-004451,ORD-000749,voucher,1,4846.71
PAY-004452,ORD-007648,credit_card,7,4873.81
PAY-004453,ORD-005045,credit_card,6,4965.61
PAY-004454,ORD-000425,boleto,1,5837.29
PAY-004455,ORD-005129,debit_card,1,4282.76
PAY-004456,ORD-011412,credit_card,7,2876.81
PAY-004457,ORD-013971,boleto,1,5255.3
PAY-004458,ORD-013992,credit_card,8,2832.92
PAY-004459,ORD-011590,boleto,1,5684.28
PAY-004460,ORD-005893,debit_card,1,6850.44
PAY-004461,ORD-012872,boleto,1,1117.12
PAY-004462,ORD-003279,debit_card,1,5018.45
PAY-004463,ORD-003244,boleto,1,6437.19
PAY-004464,ORD-002439,voucher,1,4574.49
PAY-004465,ORD-007830,voucher,1,356.66
PAY-004466,ORD-009013,voucher,1,4435.03
PAY-004467,ORD-004325,credit_card,11,-124.49
PAY-004468,ORD-000105,debit_card,1,4271.75
PAY-004469,ORD-005534,voucher,1,2733.21
PAY-004470,ORD-012845,boleto,1,2685.93
PAY-004471,ORD-010139,boleto,1,3243.16
PAY-004472,ORD-002634,debit_card,1,5484.76
PAY-004473,ORD-006130,credit_card,8,2524.93
PAY-004474,ORD-011944,boleto,1,7687.94
PAY-004475,ORD-004445,voucher,1,6097.04
PAY-004476,ORD-002407,boleto,1,4249.28
PAY-004477,ORD-006461,debit_card,1,7722.16
PAY-004478,ORD-004548,voucher,1,6360.33
PAY-004479,ORD-014153,boleto,1,1357.17
PAY-004480,ORD-007041,boleto,1,207.07
PAY-004481,ORD-005488,voucher,1,-193.8
PAY-004482,ORD-012002,voucher,1,1933.75
PAY-004483,ORD-002176,voucher,1,5026.2
PAY-004484,ORD-010625,boleto,1,1417.17
PAY-004485,ORD-004085,boleto,1,7578.51
PAY-004486,ORD-007604,,1,274.02
PAY-004487,ORD-005828,voucher,1,4656.32
PAY-004488,ORD-013129,credit_card,5,7564.07
PAY-004489,ORD-010414,debit_card,1,7943.56
PAY-004490,ORD-003655,voucher,1,980.59
PAY-004491,ORD-002468,debit_card,1,673.61
PAY-004492,ORD-007078,debit_card,1,2134.98
PAY-004493,ORD-006044,voucher,1,4094.26
PAY-004494,ORD-011842,boleto,1,2776.07
PAY-004495,ORD-003674,boleto,1,3513.34
PAY-004496,ORD-003154,debit_card,1,5323.5
PAY-004497,ORD-011080,debit_card,1,1045.25
PAY-004498,ORD-000298,boleto,1,1389.53
PAY-004499,ORD-004735,boleto,1,6169.3
PAY-004500,ORD-012787,debit_card,1,5724.43
PAY-004501,ORD-006324,voucher,1,2355.15
PAY-004502,ORD-013969,credit_card,6,3346.37
PAY-004503,ORD-004678,voucher,1,5760.49
PAY-004504,ORD-010091,debit_card,1,5507.65
PAY-004505,ORD-012410,debit_card,1,3657.51
PAY-004506,ORD-001055,boleto,1,631.33
PAY-004507,ORD-008928,credit_card,9,2398.72
PAY-004508,ORD-003182,debit_card,1,4752.92
PAY-004509,ORD-009590,debit_card,1,236.29
PAY-004510,ORD-005304,debit_card,1,3616.97
PAY-004511,ORD-011030,debit_card,1,1648.59
PAY-004512,ORD-014477,credit_card,4,6927.1
PAY-004513,ORD-006421,boleto,1,415.64
PAY-004514,ORD-010098,boleto,1,2966.68
PAY-004515,ORD-009345,boleto,1,6135.14
PAY-004516,ORD-007523,voucher,1,1372.76
PAY-004517,ORD-012833,boleto,1,1704.27
PAY-004518,ORD-001431,credit_card,6,3263.77
PAY-004519,ORD-005802,voucher,1,4476.93
PAY-004520,ORD-011626,credit_card,2,7433.78
PAY-004521,ORD-013946,voucher,1,7657.46
PAY-004522,ORD-007376,voucher,1,5659.85
PAY-004523,ORD-004996,credit_card,5,6554.05
PAY-004524,ORD-011928,boleto,1,1733.71
PAY-004525,ORD-006277,debit_card,1,2198.48
PAY-004526,ORD-011834,debit_card,1,1789.56
PAY-004527,ORD-008929,credit_card,8,2887.18
PAY-004528,ORD-001497,boleto,1,3898.65
PAY-004529,ORD-005165,boleto,1,5606.29
PAY-004530,ORD-011356,debit_card,1,7089.95
PAY-004531,ORD-001038,credit_card,8,5328.31
PAY-004532,ORD-003532,voucher,1,7379.37
PAY-004533,ORD-004324,debit_card,1,1495.6
PAY-004534,ORD-002429,voucher,1,70.72
PAY-004535,ORD-004724,credit_card,9,4936.33
PAY-004536,ORD-011681,voucher,1,2447.2
PAY-004537,ORD-000597,debit_card,1,2452.34
PAY-004538,ORD-012897,boleto,1,7301.3
PAY-004539,ORD-004709,debit_card,1,4099.6
PAY-004540,ORD-011807,boleto,1,7753.41
PAY-004541,ORD-005694,boleto,1,931.29
PAY-004542,ORD-001884,voucher,1,-368.29
PAY-004543,ORD-010470,debit_card,1,1599.0
PAY-004544,ORD-006319,voucher,1,7749.56
PAY-004545,ORD-014470,credit_card,11,3571.22
PAY-004546,ORD-001113,credit_card,5,1113.21
PAY-004547,ORD-004954,boleto,1,3721.03
PAY-004548,ORD-009494,boleto,1,1372.76
PAY-004549,ORD-001369,bitcoin,1,2467.98
PAY-004550,ORD-004542,boleto,1,6481.48
PAY-004551,ORD-014096,debit_card,1,3815.46
PAY-004552,ORD-001324,voucher,1,7093.09
PAY-004553,ORD-014483,boleto,1,4504.82
PAY-004554,ORD-014445,boleto,1,2375.55
PAY-004555,ORD-006011,debit_card,1,4369.77
PAY-004556,ORD-000871,credit_card,4,5790.23
PAY-004557,ORD-012222,boleto,1,7187.58
PAY-004558,ORD-008746,voucher,1,7639.92
PAY-004559,ORD-013620,voucher,1,7967.29
PAY-004560,ORD-014225,credit_card,7,2342.06
PAY-004561,ORD-005602,boleto,1,730.37
PAY-004562,ORD-005459,boleto,1,4620.1
PAY-004563,ORD-013802,credit_card,7,6390.99
PAY-004564,ORD-007667,credit_card,4,4874.89
PAY-004565,ORD-009057,debit_card,,4486.8
PAY-004566,ORD-009781,boleto,1,1040.06
PAY-004567,ORD-007474,credit_card,10,6996.61
PAY-004568,ORD-004917,credit_card,12,1749.52
PAY-004569,ORD-008678,debit_card,1,3505.94
PAY-004570,ORD-012985,voucher,1,946.88
PAY-004571,ORD-008807,boleto,1,4474.9
PAY-004572,ORD-005340,voucher,1,4146.13
PAY-004573,ORD-007103,credit_card,6,2749.95
PAY-004574,ORD-011420,voucher,1,6583.48
PAY-004575,ORD-006754,credit_card,11,662.53
PAY-004576,ORD-003136,debit_card,1,5532.34
PAY-004577,ORD-006211,cash,1,1864.46
PAY-004578,ORD-014905,boleto,1,2156.56
PAY-004579,ORD-010214,voucher,1,2196.51
PAY-004580,ORD-002230,voucher,1,5773.66
PAY-004581,ORD-002952,voucher,1,4777.94
PAY-004582,ORD-002978,boleto,1,3179.54
PAY-004583,ORD-010194,boleto,1,3579.76
PAY-004584,ORD-009981,boleto,1,3454.22
PAY-004585,ORD-002821,credit_card,5,5425.97
PAY-004586,ORD-001315,credit_card,10,5650.8
PAY-004587,ORD-007751,debit_card,1,6063.34
PAY-004588,ORD-009247,voucher,1,5468.46
PAY-004589,ORD-005452,boleto,1,87.83
PAY-004590,ORD-011400,debit_card,1,2711.17
PAY-004591,ORD-012841,credit_card,10,4439.55
PAY-004592,ORD-004675,voucher,1,6985.69
PAY-004593,ORD-008420,credit_card,10,6382.92
PAY-004594,ORD-010539,voucher,1,6696.68
PAY-004595,ORD-010341,credit_card,1,3954.26
PAY-004596,ORD-007191,voucher,1,764.86
PAY-004597,ORD-013034,voucher,1,7056.37
PAY-004598,ORD-000715,debit_card,1,4582.34
PAY-004599,ORD-003792,credit_card,7,1507.28
PAY-004600,ORD-005022,debit_card,1,2933.18
PAY-004601,ORD-010225,voucher,1,3320.83
PAY-004602,ORD-010950,credit_card,7,3015.66
PAY-004603,ORD-010944,voucher,1,7250.43
PAY-004604,ORD-002875,boleto,1,6655.01
PAY-004605,ORD-008978,cash,1,4228.76
PAY-004606,ORD-014173,debit_card,1,967.75
PAY-004607,ORD-008598,boleto,1,3671.97
PAY-004608,ORD-009140,voucher,1,7636.6
PAY-004609,ORD-014371,boleto,1,4232.4
PAY-004610,ORD-007271,credit_card,5,4692.27
PAY-004611,ORD-002225,boleto,1,3058.65
PAY-004612,ORD-000689,credit_card,10,5352.58
PAY-004613,ORD-009763,debit_card,1,-445.07
PAY-004614,ORD-004824,credit_card,2,1460.17
PAY-004615,ORD-012246,voucher,1,1634.06
PAY-004616,ORD-009651,boleto,1,7475.62
PAY-004617,ORD-010615,credit_card,9,5961.52
PAY-004618,ORD-000364,debit_card,1,2268.93
PAY-004619,ORD-013121,boleto,1,4372.02
PAY-004620,ORD-001354,voucher,1,4561.19
PAY-004621,ORD-000863,voucher,1,-224.72
PAY-004622,ORD-011872,credit_card,1,4358.92
PAY-004623,ORD-000899,credit_card,11,323.76
PAY-004624,ORD-011710,credit_card,11,2163.61
PAY-004625,ORD-007448,debit_card,1,3927.06
PAY-004626,ORD-011503,boleto,1,3475.6
PAY-004627,ORD-001571,credit_card,2,1813.57
PAY-004628,ORD-013642,boleto,1,6077.89
PAY-004629,ORD-000944,credit_card,11,223.16
PAY-004630,ORD-014498,voucher,1,3672.14
PAY-004631,ORD-009789,debit_card,1,5173.1
PAY-004632,ORD-000823,boleto,1,6327.29
PAY-004633,ORD-004663,debit_card,1,5889.39
PAY-004634,ORD-004268,boleto,1,7505.5
PAY-004635,ORD-007115,voucher,1,3357.72
PAY-004636,ORD-013577,boleto,1,951.86
PAY-004637,ORD-014695,voucher,1,3352.69
PAY-004638,ORD-001961,boleto,1,1617.44
PAY-004639,ORD-010782,boleto,1,481.11
PAY-004640,ORD-005822,debit_card,1,5173.73
PAY-004641,ORD-008174,boleto,1,979.52
PAY-004642,ORD-001870,voucher,1,4799.65
PAY-004643,ORD-013669,credit_card,8,1514.06
PAY-004644,ORD-000853,debit_card,1,2907.82
PAY-004645,ORD-009699,boleto,1,1387.93
PAY-004646,ORD-013068,boleto,1,6393.74
PAY-004647,ORD-006529,boleto,1,5109.08
PAY-004648,ORD-004884,debit_card,1,5129.55
PAY-004649,ORD-014025,voucher,,622.85
PAY-004650,ORD-003586,credit_card,7,2114.71
PAY-004651,ORD-013494,debit_card,1,3842.92
PAY-004652,ORD-010436,debit_card,1,2171.92
PAY-004653,ORD-014820,credit_card,3,5837.85
PAY-004654,ORD-008846,voucher,1,3033.51
PAY-004655,ORD-011165,debit_card,1,37.23
PAY-004656,ORD-010217,boleto,1,4129.79
PAY-004657,ORD-000208,voucher,1,2041.98
PAY-004658,ORD-009225,debit_card,1,6278.73
PAY-004659,ORD-004333,boleto,1,514.33
PAY-004660,ORD-009640,voucher,1,4457.57
PAY-004661,ORD-007114,credit_card,1,3986.98
PAY-004662,ORD-004427,boleto,1,4661.9
PAY-004663,ORD-000550,debit_card,1,7157.18
PAY-004664,ORD-014778,voucher,1,6686.83
PAY-004665,ORD-003993,debit_card,1,5126.08
PAY-004666,ORD-009927,boleto,1,3933.84
PAY-004667,ORD-010995,boleto,1,2580.45
PAY-004668,ORD-006989,credit_card,5,7249.07
PAY-004669,ORD-011264,credit_card,6,7128.35
PAY-004670,ORD-008142,debit_card,1,7908.4
PAY-004671,ORD-005135,voucher,1,3204.79
PAY-004672,ORD-006007,voucher,1,5695.82
PAY-004673,ORD-010300,boleto,1,7402.39
PAY-004674,ORD-009039,credit_card,2,4027.19
PAY-004675,ORD-011843,credit_card,3,1082.82
PAY-004676,ORD-012298,credit_card,2,1997.25
PAY-004677,ORD-006942,voucher,1,7160.46
PAY-004678,ORD-010393,voucher,1,3972.78
PAY-004679,ORD-004359,credit_card,12,1008.98
PAY-004680,ORD-000764,boleto,1,1408.57
PAY-004681,ORD-002121,voucher,1,7376.58
PAY-004682,ORD-010398,credit_card,8,-84.44
PAY-004683,ORD-007255,debit_card,1,1231.07
PAY-004684,ORD-001612,voucher,1,631.93
PAY-004685,ORD-004663,boleto,1,7171.23
PAY-004686,ORD-014652,voucher,1,7815.73
PAY-004687,ORD-006958,credit_card,1,5193.39
PAY-004688,ORD-008066,debit_card,1,1237.42
PAY-004689,ORD-006170,boleto,1,6467.54
PAY-004690,ORD-001190,debit_card,1,6320.45
PAY-004691,ORD-006373,voucher,1,3566.14
PAY-004692,ORD-010667,debit_card,1,6731.57
PAY-004693,ORD-003004,debit_card,1,2702.46
PAY-004694,ORD-008005,voucher,1,5726.51
PAY-004695,ORD-011882,credit_card,12,945.22
PAY-004696,ORD-010048,boleto,1,7927.08
PAY-004697,ORD-000546,credit_card,11,5050.47
PAY-004698,ORD-008084,debit_card,1,3220.37
PAY-004699,ORD-000399,voucher,1,550.3
PAY-004700,ORD-013123,credit_card,7,6421.12
PAY-004701,ORD-007861,voucher,1,7707.79
PAY-004702,ORD-011804,credit_card,11,7576.27
PAY-004703,ORD-000289,voucher,1,1311.71
PAY-004704,ORD-013765,debit_card,1,940.94
PAY-004705,ORD-006975,voucher,1,1324.82
PAY-004706,ORD-012989,boleto,1,5836.14
PAY-004707,ORD-014061,credit_card,1,-168.91
PAY-004708,ORD-002982,credit_card,12,4139.8
PAY-004709,ORD-012603,voucher,1,3562.46
PAY-004710,ORD-007673,,1,7500.47
PAY-004711,ORD-013871,credit_card,7,73.39
PAY-004712,ORD-012402,voucher,1,4445.97
PAY-004713,ORD-005779,voucher,1,1928.2
PAY-004714,ORD-011505,voucher,1,7211.84
PAY-004715,ORD-009116,credit_card,6,7673.52
PAY-004716,ORD-002978,voucher,1,5390.55
PAY-004717,ORD-002399,debit_card,1,-452.01
PAY-004718,ORD-014472,credit_card,4,758.92
PAY-004719,ORD-013319,boleto,1,5015.59
PAY-004720,ORD-011733,debit_card,1,3238.06
PAY-004721,ORD-007684,debit_card,1,1508.79
PAY-004722,ORD-013287,voucher,1,4482.23
PAY-004723,ORD-000673,voucher,1,3084.38
PAY-004724,ORD-010192,debit_card,1,1612.51
PAY-004725,ORD-014093,voucher,1,794.35
PAY-004726,ORD-014690,boleto,,1269.35
PAY-004727,ORD-005207,debit_card,1,7261.88
PAY-004728,ORD-003015,debit_card,1,6660.43
PAY-004729,ORD-000763,debit_card,1,7088.94
PAY-004730,ORD-012073,debit_card,1,7974.44
PAY-004731,ORD-005405,boleto,1,7519.4
PAY-004732,ORD-013643,debit_card,1,6611.09
PAY-004733,ORD-002396,boleto,1,7024.63
PAY-004734,ORD-009870,credit_card,1,3425.23
PAY-004735,ORD-003491,boleto,1,6499.39
PAY-004736,ORD-009065,boleto,1,2509.44
PAY-004737,ORD-011170,credit_card,4,2813.45
PAY-004738,ORD-013199,boleto,1,5834.16
PAY-004739,ORD-014695,debit_card,1,2242.73
PAY-004740,ORD-002517,boleto,1,6460.99
PAY-004741,ORD-003263,boleto,1,210.98
PAY-004742,ORD-002844,boleto,1,4079.4
PAY-004743,ORD-004588,debit_card,1,7003.21
PAY-004744,ORD-010174,voucher,1,4461.27
PAY-004745,ORD-007180,debit_card,1,7327.9
PAY-004746,ORD-000950,credit_card,6,6706.99
PAY-004747,ORD-002430,debit_card,1,5804.31
PAY-004748,ORD-003627,voucher,1,1710.03
PAY-004749,ORD-003972,voucher,1,2164.76
PAY-004750,ORD-000025,debit_card,1,5310.59
PAY-004751,ORD-004926,credit_card,8,4139.05
PAY-004752,ORD-008036,credit_card,4,2722.82
PAY-004753,ORD-011128,debit_card,1,1663.21
PAY-004754,ORD-005263,credit_card,12,7595.96
PAY-004755,ORD-007710,voucher,1,1812.25
PAY-004756,ORD-007507,debit_card,1,6646.5
PAY-004757,ORD-004297,voucher,1,104.07
PAY-004758,ORD-011053,debit_card,1,3021.75
PAY-004759,ORD-013212,debit_card,1,4824.92
PAY-004760,ORD-006923,boleto,1,7699.68
PAY-004761,ORD-011559,debit_card,1,2043.19
PAY-004762,ORD-011886,voucher,1,7672.57
PAY-004763,ORD-002950,boleto,1,5483.1
PAY-004764,ORD-003529,credit_card,8,6515.68
PAY-004765,ORD-000833,boleto,1,7239.77
PAY-004766,ORD-011544,debit_card,1,7297.2
PAY-004767,ORD-014730,credit_card,11,6899.58
PAY-004768,ORD-004891,credit_card,9,2236.8
PAY-004769,ORD-000205,boleto,1,6749.01
PAY-004770,ORD-007209,credit_card,8,7558.88
PAY-004771,ORD-006212,boleto,,5162.77
PAY-004772,ORD-000383,boleto,1,7375.71
PAY-004773,ORD-002391,debit_card,1,7133.2
PAY-004774,ORD-000711,boleto,1,4577.91
PAY-004775,ORD-003440,debit_card,1,7807.05
PAY-004776,ORD-002099,debit_card,1,3118.17
PAY-004777,ORD-004682,debit_card,1,6848.89
PAY-004778,ORD-006417,boleto,1,2999.33
PAY-004779,ORD-009727,debit_card,,6338.02
PAY-004780,ORD-007535,voucher,1,7483.45
PAY-004781,ORD-005684,debit_card,1,2027.04
PAY-004782,ORD-011913,credit_card,5,1751.17
PAY-004783,ORD-006684,boleto,1,7542.02
PAY-004784,ORD-008844,debit_card,1,500.86
PAY-004785,ORD-011556,credit_card,11,4695.5
PAY-004786,ORD-002714,credit_card,8,182.06
PAY-004787,ORD-008076,voucher,1,1938.81
PAY-004788,ORD-002202,voucher,1,3375.08
PAY-004789,ORD-009226,voucher,1,4944.88
PAY-004790,ORD-007599,debit_card,1,1834.19
PAY-004791,ORD-003819,boleto,1,7892.12
PAY-004792,ORD-014072,debit_card,1,4391.56
PAY-004793,ORD-002919,voucher,1,7544.92
PAY-004794,ORD-014441,boleto,1,862.23
PAY-004795,ORD-004781,debit_card,1,5666.97
PAY-004796,ORD-004621,credit_card,3,6284.22
PAY-004797,ORD-002065,boleto,1,1474.72
PAY-004798,ORD-003350,voucher,1,192.87
PAY-004799,ORD-004702,debit_card,1,3960.46
PAY-004800,ORD-005042,voucher,1,6959.92
PAY-004801,ORD-014599,credit_card,2,7717.57
PAY-004802,ORD-003600,credit_card,7,3482.05
PAY-004803,ORD-012535,credit_card,7,1579.37
PAY-004804,ORD-009110,debit_card,1,3154.86
PAY-004805,ORD-014810,debit_card,1,3025.44
PAY-004806,ORD-007232,credit_card,10,5040.36
PAY-004807,ORD-006730,debit_card,1,5402.01
PAY-004808,ORD-000061,credit_card,4,3390.63
PAY-004809,ORD-001798,credit_card,1,4513.86
PAY-004810,ORD-002980,debit_card,1,7165.07
PAY-004811,ORD-011343,credit_card,11,5426.75
PAY-004812,ORD-006330,credit_card,7,3529.22
PAY-004813,ORD-009444,boleto,1,7333.31
PAY-004814,ORD-014518,debit_card,1,7375.26
PAY-004815,ORD-003531,debit_card,1,6228.93
PAY-004816,ORD-009549,debit_card,1,7474.42
PAY-004817,ORD-001034,credit_card,6,965.26
PAY-004818,ORD-004164,voucher,1,3343.98
PAY-004819,ORD-013609,boleto,1,3886.13
PAY-004820,ORD-000547,voucher,1,2679.16
PAY-004821,ORD-011878,boleto,1,5809.14
PAY-004822,ORD-005648,debit_card,1,558.58
PAY-004823,ORD-002469,boleto,1,239.4
PAY-004824,ORD-000878,credit_card,7,480.1
PAY-004825,ORD-002027,credit_card,12,7311.44
PAY-004826,ORD-006555,voucher,1,1280.7
PAY-004827,ORD-000963,boleto,1,2889.24
PAY-004828,ORD-007057,credit_card,11,4760.48
PAY-004829,ORD-006476,debit_card,1,2725.11
PAY-004830,ORD-010358,voucher,1,2212.37
PAY-004831,ORD-002227,debit_card,1,7205.46
PAY-004832,ORD-010367,debit_card,1,7710.16
PAY-004833,ORD-012719,boleto,1,2792.12
PAY-004834,ORD-008573,boleto,1,5403.74
PAY-004835,ORD-003766,debit_card,1,2036.92
PAY-004836,ORD-001519,boleto,1,2768.51
PAY-004837,ORD-002656,credit_card,5,1476.5
PAY-004838,ORD-008798,voucher,1,4530.36
PAY-004839,ORD-009549,debit_card,1,5574.09
PAY-004840,ORD-011640,boleto,1,1860.19
PAY-004841,ORD-008326,PIX,1,6370.33
PAY-004842,ORD-013291,debit_card,1,698.72
PAY-004843,ORD-001588,credit_card,12,7008.19
PAY-004844,ORD-006135,debit_card,1,813.25
PAY-004845,ORD-001972,boleto,1,6791.51
PAY-004846,ORD-008484,credit_card,3,7600.42
PAY-004847,ORD-007735,debit_card,1,2925.3
PAY-004848,ORD-013553,debit_card,1,5516.48
PAY-004849,ORD-003868,boleto,1,6623.66
PAY-004850,ORD-006682,voucher,1,7696.1
PAY-004851,ORD-001915,debit_card,1,6347.55
PAY-004852,ORD-001022,boleto,1,3875.82
PAY-004853,ORD-001911,voucher,1,3754.9
PAY-004854,ORD-010798,credit_card,5,6087.18
PAY-004855,ORD-005780,credit_card,2,4502.37
PAY-004856,ORD-013866,boleto,1,4651.62
PAY-004857,ORD-012759,voucher,1,633.89
PAY-004858,ORD-009259,voucher,1,4949.69
PAY-004859,ORD-012098,voucher,1,5353.29
PAY-004860,ORD-009408,voucher,1,-296.5
PAY-004861,ORD-013640,boleto,1,581.01
PAY-004862,ORD-004487,credit_card,11,3829.88
PAY-004863,ORD-004956,boleto,1,2199.25
PAY-004864,ORD-014160,credit_card,8,5237.72
PAY-004865,ORD-004175,boleto,1,2140.29
PAY-004866,ORD-003277,credit_card,5,3228.04
PAY-004867,ORD-003381,voucher,1,6194.45
PAY-004868,ORD-000520,PIX,1,6243.95
PAY-004869,ORD-004116,credit_card,5,5566.75
PAY-004870,ORD-011281,boleto,1,432.09
PAY-004871,ORD-007371,boleto,1,7182.88
PAY-004872,ORD-008376,voucher,1,1678.71
PAY-004873,ORD-004292,credit_card,4,2940.97
PAY-004874,ORD-008420,credit_card,2,4020.36
PAY-004875,ORD-001075,boleto,1,549.28
PAY-004876,ORD-013025,debit_card,1,5380.87
PAY-004877,ORD-011287,debit_card,1,2432.7
PAY-004878,ORD-012787,credit_card,2,2906.41
PAY-004879,ORD-006115,boleto,1,3597.33
PAY-004880,ORD-007484,voucher,1,5672.9
PAY-004881,ORD-009248,boleto,1,1407.77
PAY-004882,ORD-005336,credit_card,7,1060.32
PAY-004883,ORD-009131,voucher,1,3547.38
PAY-004884,ORD-011018,debit_card,1,5260.01
PAY-004885,ORD-004082,voucher,1,3738.1
PAY-004886,ORD-002612,debit_card,1,3704.72
PAY-004887,ORD-005173,voucher,1,2962.55
PAY-004888,ORD-012349,voucher,1,5860.38
PAY-004889,ORD-011287,debit_card,1,345.73
PAY-004890,ORD-009013,credit_card,11,6063.44
PAY-004891,ORD-002242,voucher,1,3519.7
PAY-004892,ORD-014655,debit_card,1,5229.33
PAY-004893,ORD-001192,credit_card,1,937.08
PAY-004894,ORD-007615,credit_card,6,1907.97
PAY-004895,ORD-008925,debit_card,1,2027.87
PAY-004896,ORD-010499,debit_card,1,5966.27
PAY-004897,ORD-009153,credit_card,5,6659.34
PAY-004898,ORD-003222,boleto,,5515.41
PAY-004899,ORD-008922,debit_card,1,2989.35
PAY-004900,ORD-003306,voucher,1,5939.73
PAY-004901,ORD-014488,credit_card,3,4348.66
PAY-004902,ORD-005433,credit_card,9,5786.19
PAY-004903,ORD-004021,debit_card,1,2067.23
PAY-004904,ORD-013739,debit_card,1,6197.17
PAY-004905,ORD-002321,boleto,1,3872.37
PAY-004906,ORD-005341,debit_card,,1621.37
PAY-004907,ORD-007359,credit_card,3,724.65
PAY-004908,ORD-014833,boleto,1,1520.65
PAY-004909,ORD-000333,credit_card,8,7175.05
PAY-004910,ORD-009256,boleto,1,2921.43
PAY-004911,ORD-014370,debit_card,1,2948.18
PAY-004912,ORD-009847,boleto,1,6382.53
PAY-004913,ORD-000847,credit_card,5,349.66
PAY-004914,ORD-013702,voucher,1,5662.49
PAY-004915,ORD-008429,debit_card,1,5547.13
PAY-004916,ORD-002172,credit_card,5,260.15
PAY-004917,ORD-001596,debit_card,1,911.84
PAY-004918,ORD-012680,debit_card,1,6765.1
PAY-004919,ORD-010701,credit_card,5,6937.63
PAY-004920,ORD-002358,boleto,1,3113.59
PAY-004921,ORD-009230,debit_card,1,3153.16
PAY-004922,ORD-000834,boleto,1,2554.22
PAY-004923,ORD-003953,credit_card,1,6595.38
PAY-004924,ORD-013111,debit_card,1,2164.81
PAY-004925,ORD-006939,debit_card,1,1909.75
PAY-004926,ORD-004165,debit_card,1,4861.61
PAY-004927,ORD-014802,voucher,1,2891.81
PAY-004928,ORD-013654,boleto,1,1455.4
PAY-004929,ORD-000874,credit_card,9,669.41
PAY-004930,ORD-002107,credit_card,5,2696.51
PAY-004931,ORD-013712,debit_card,1,6546.94
PAY-004932,ORD-010898,boleto,1,5057.77
PAY-004933,ORD-003193,boleto,1,4989.42
PAY-004934,ORD-008817,credit_card,11,1289.66
PAY-004935,ORD-014776,debit_card,1,544.83
PAY-004936,ORD-006400,debit_card,1,4273.31
PAY-004937,ORD-013975,debit_card,1,2658.18
PAY-004938,ORD-000856,boleto,1,4628.63
PAY-004939,ORD-000190,boleto,1,2737.0
PAY-004940,ORD-003853,voucher,1,7328.31
PAY-004941,ORD-012238,boleto,1,853.39
PAY-004942,ORD-011561,voucher,1,201.31
PAY-004943,ORD-001157,debit_card,1,7973.31
PAY-004944,ORD-009194,debit_card,1,3250.25
PAY-004945,ORD-011012,voucher,1,6062.87
PAY-004946,ORD-014076,credit_card,2,5285.11
PAY-004947,ORD-000177,debit_card,1,3800.78
PAY-004948,ORD-010383,boleto,1,2737.69
PAY-004949,ORD-000904,credit_card,4,4623.53
PAY-004950,ORD-011945,voucher,1,2411.05
PAY-004951,ORD-003338,voucher,1,3783.75
PAY-004952,ORD-008643,boleto,1,3080.54
PAY-004953,ORD-008162,debit_card,1,6329.28
PAY-004954,ORD-009321,credit_card,10,4397.57
PAY-004955,ORD-005354,credit_card,6,7067.64
PAY-004956,ORD-001733,boleto,1,1393.54
PAY-004957,ORD-001660,debit_card,1,3161.95
PAY-004958,ORD-003480,debit_card,1,4547.7
PAY-004959,ORD-007089,debit_card,1,7831.96
PAY-004960,ORD-006281,credit_card,6,2111.39
PAY-004961,ORD-002098,credit_card,9,7549.13
PAY-004962,ORD-004933,boleto,1,7416.51
PAY-004963,ORD-008033,debit_card,1,2460.73
PAY-004964,ORD-006049,debit_card,1,4190.03
PAY-004965,ORD-013309,credit_card,3,2277.86
PAY-004966,ORD-014505,debit_card,1,916.28
PAY-004967,ORD-006910,voucher,1,6800.9
PAY-004968,ORD-004282,credit_card,8,7445.38
PAY-004969,ORD-006743,voucher,1,7263.81
PAY-004970,ORD-013987,credit_card,11,4271.0
PAY-004971,ORD-012132,boleto,1,2162.5
PAY-004972,ORD-003439,boleto,1,587.02
PAY-004973,ORD-003857,credit_card,2,3145.91
PAY-004974,ORD-012438,credit_card,3,-372.53
PAY-004975,ORD-009980,voucher,1,3043.2
PAY-004976,ORD-009166,,1,946.35
PAY-004977,ORD-003621,credit_card,11,7045.53
PAY-004978,ORD-006586,boleto,1,3010.91
PAY-004979,ORD-003265,voucher,1,231.72
PAY-004980,ORD-010040,voucher,1,4514.66
PAY-004981,ORD-004754,credit_card,7,1004.16
PAY-004982,ORD-011853,boleto,1,1588.5
PAY-004983,ORD-010386,boleto,1,267.63
PAY-004984,ORD-000648,credit_card,1,6166.88
PAY-004985,ORD-005791,boleto,,7438.52
PAY-004986,ORD-009972,credit_card,9,5182.52
PAY-004987,ORD-008248,voucher,1,2616.53
PAY-004988,ORD-000916,boleto,1,1378.82
PAY-004989,ORD-006360,credit_card,8,7632.83
PAY-004990,ORD-006148,voucher,1,7169.28
PAY-004991,ORD-004421,debit_card,1,3006.0
PAY-004992,ORD-000079,credit_card,9,4401.13
PAY-004993,ORD-011893,voucher,1,2277.09
PAY-004994,ORD-010246,credit_card,10,-424.68
PAY-004995,ORD-006485,voucher,1,4531.37
PAY-004996,ORD-004757,voucher,1,859.76
PAY-004997,ORD-001207,credit_card,11,7716.18
PAY-004998,ORD-008701,debit_card,1,7147.9
PAY-004999,ORD-009932,debit_card,1,2067.84
PAY-005000,ORD-010200,debit_card,1,808.34
PAY-005001,ORD-013786,boleto,1,6163.01
PAY-005002,ORD-012002,debit_card,1,5820.89
PAY-005003,ORD-004264,voucher,1,4606.96
PAY-005004,ORD-014473,credit_card,4,1406.76
PAY-005005,ORD-008431,boleto,1,1780.89
PAY-005006,ORD-012931,bitcoin,4,-236.26
PAY-005007,ORD-006390,boleto,1,6574.23
PAY-005008,ORD-011287,boleto,1,4068.01
PAY-005009,ORD-000842,debit_card,1,2200.6
PAY-005010,ORD-005488,voucher,1,7835.0
PAY-005011,ORD-003574,voucher,1,3286.7
PAY-005012,ORD-009033,debit_card,1,1095.08
PAY-005013,ORD-002387,voucher,1,4958.26
PAY-005014,ORD-008691,credit_card,8,358.21
PAY-005015,ORD-013357,boleto,1,92.02
PAY-005016,ORD-002364,boleto,1,5176.55
PAY-005017,ORD-008260,boleto,1,263.46
PAY-005018,ORD-001739,voucher,1,1037.87
PAY-005019,ORD-011944,credit_card,1,6001.69
PAY-005020,ORD-006184,credit_card,10,6391.16
PAY-005021,ORD-008571,debit_card,1,3085.3
PAY-005022,ORD-004848,voucher,1,-262.71
PAY-005023,ORD-003708,debit_card,1,7058.55
PAY-005024,ORD-004094,voucher,1,3684.38
PAY-005025,ORD-013791,credit_card,11,393.45
PAY-005026,ORD-001469,boleto,1,622.52
PAY-005027,ORD-008158,voucher,1,5488.82
PAY-005028,ORD-000515,voucher,1,3399.83
PAY-005029,ORD-011254,boleto,1,7960.7
PAY-005030,ORD-009930,debit_card,1,5710.53
PAY-005031,ORD-011110,boleto,1,5414.37
PAY-005032,ORD-014601,voucher,1,5886.48
PAY-005033,ORD-001491,credit_card,9,3660.65
PAY-005034,ORD-012838,boleto,1,142.77
PAY-005035,ORD-001323,credit_card,6,5670.85
PAY-005036,ORD-011128,voucher,1,5583.88
PAY-005037,ORD-005222,debit_card,1,2322.44
PAY-005038,ORD-014883,debit_card,1,575.81
PAY-005039,ORD-010978,debit_card,1,1181.6
PAY-005040,ORD-008197,boleto,1,4196.2
PAY-005041,ORD-014263,debit_card,1,1499.3
PAY-005042,ORD-010106,credit_card,4,308.55
PAY-005043,ORD-004244,voucher,1,5245.89
PAY-005044,ORD-004359,voucher,1,3363.82
PAY-005045,ORD-010179,credit_card,5,1269.61
PAY-005046,ORD-013197,credit_card,3,5759.15
PAY-005047,ORD-004361,voucher,1,1909.58
PAY-005048,ORD-014780,credit_card,2,7289.18
PAY-005049,ORD-013511,credit_card,7,-261.43
PAY-005050,ORD-010828,debit_card,1,2316.35
PAY-005051,ORD-011640,debit_card,1,5423.1
PAY-005052,ORD-006713,boleto,1,5852.02
PAY-005053,ORD-010285,debit_card,1,3236.0
PAY-005054,ORD-005054,boleto,1,-186.27
PAY-005055,ORD-014986,voucher,1,1367.58
PAY-005056,ORD-007290,voucher,1,2284.54
PAY-005057,ORD-007406,voucher,1,6949.25
PAY-005058,ORD-013459,voucher,1,4865.36
PAY-005059,ORD-000808,voucher,1,2171.4
PAY-005060,ORD-004764,credit_card,9,4674.97
PAY-005061,ORD-010969,credit_card,12,2620.45
PAY-005062,ORD-013861,voucher,1,4066.64
PAY-005063,ORD-006633,credit_card,1,3394.84
PAY-005064,ORD-007867,boleto,1,4622.73
PAY-005065,ORD-008383,bitcoin,8,7149.99
PAY-005066,ORD-001681,voucher,1,7237.85
PAY-005067,ORD-006007,voucher,1,4951.39
PAY-005068,ORD-008603,credit_card,10,3393.99
PAY-005069,ORD-013984,boleto,,5889.04
PAY-005070,ORD-000745,voucher,1,6365.26
PAY-005071,ORD-002557,credit_card,6,6870.68
PAY-005072,ORD-014086,boleto,1,2389.82
PAY-005073,ORD-006668,boleto,1,2530.77
PAY-005074,ORD-007510,voucher,1,7504.2
PAY-005075,ORD-013278,debit_card,1,7265.0
PAY-005076,ORD-004839,voucher,1,7528.34
PAY-005077,ORD-006716,debit_card,1,3569.08
PAY-005078,ORD-002659,credit_card,8,6257.49
PAY-005079,ORD-009916,boleto,1,6836.87
PAY-005080,ORD-009693,credit_card,10,2774.27
PAY-005081,ORD-000447,debit_card,1,2845.43
PAY-005082,ORD-010205,voucher,1,5272.34
PAY-005083,ORD-002111,credit_card,8,1796.08
PAY-005084,ORD-009389,credit_card,11,7612.19
PAY-005085,ORD-013598,boleto,1,4070.35
PAY-005086,ORD-009481,voucher,1,7740.15
PAY-005087,ORD-004959,debit_card,1,2489.96
PAY-005088,ORD-011320,credit_card,3,5117.01
PAY-005089,ORD-008066,debit_card,1,2914.14
PAY-005090,ORD-007612,credit_card,8,5549.56
PAY-005091,ORD-005686,boleto,1,5114.59
PAY-005092,ORD-012832,cash,3,6126.56
PAY-005093,ORD-002765,debit_card,1,7258.35
PAY-005094,ORD-008263,voucher,1,6983.43
PAY-005095,ORD-004580,credit_card,10,4488.89
PAY-005096,ORD-002783,credit_card,5,3171.94
PAY-005097,ORD-011295,debit_card,1,7882.18
PAY-005098,ORD-011774,boleto,1,-247.11
PAY-005099,ORD-013668,voucher,1,7949.24
PAY-005100,ORD-009135,voucher,1,6025.79
PAY-005101,ORD-002280,boleto,1,2293.41
PAY-005102,ORD-003415,voucher,1,6963.73
PAY-005103,ORD-010813,voucher,1,6708.95
PAY-005104,ORD-009615,credit_card,2,-68.4
PAY-005105,ORD-003094,debit_card,1,5288.76
PAY-005106,ORD-009303,boleto,1,5635.53
PAY-005107,ORD-014467,credit_card,12,2659.57
PAY-005108,ORD-004029,voucher,1,2747.23
PAY-005109,ORD-008392,debit_card,1,2782.31
PAY-005110,ORD-005881,voucher,1,3569.16
PAY-005111,ORD-001707,debit_card,1,6837.42
PAY-005112,ORD-011332,boleto,1,1812.63
PAY-005113,ORD-000950,debit_card,1,5100.27
PAY-005114,ORD-003335,voucher,1,3061.82
PAY-005115,ORD-005980,credit_card,6,4423.44
PAY-005116,ORD-000061,boleto,1,85.17
PAY-005117,ORD-010540,debit_card,1,944.81
PAY-005118,ORD-014193,credit_card,3,6662.82
PAY-005119,ORD-010316,credit_card,6,431.99
PAY-005120,ORD-000194,credit_card,1,7707.16
PAY-005121,ORD-010803,debit_card,1,6304.84
PAY-005122,ORD-007350,voucher,1,599.88
PAY-005123,ORD-001231,debit_card,1,705.77
PAY-005124,ORD-013952,credit_card,9,4454.16
PAY-005125,ORD-003095,voucher,1,3408.17
PAY-005126,ORD-010466,credit_card,9,1463.63
PAY-005127,ORD-012291,debit_card,1,6289.52
PAY-005128,ORD-004107,credit_card,5,2372.57
PAY-005129,ORD-005127,debit_card,1,4796.85
PAY-005130,ORD-008531,voucher,,3185.08
PAY-005131,ORD-003166,boleto,1,7936.25
PAY-005132,ORD-009295,voucher,1,1047.58
PAY-005133,ORD-005505,credit_card,1,1719.9
PAY-005134,ORD-001077,boleto,1,5756.3
PAY-005135,ORD-007708,debit_card,1,1045.12
PAY-005136,ORD-007086,debit_card,1,6759.52
PAY-005137,ORD-010312,voucher,1,6429.83
PAY-005138,ORD-013342,voucher,1,5418.39
PAY-005139,ORD-005397,debit_card,1,6458.35
PAY-005140,ORD-009670,voucher,1,4444.48
PAY-005141,ORD-012690,credit_card,12,1492.01
PAY-005142,ORD-003706,credit_card,4,7649.86
PAY-005143,ORD-010413,boleto,1,2473.3
PAY-005144,ORD-000008,voucher,1,3392.83
PAY-005145,ORD-006653,boleto,1,2906.02
PAY-005146,ORD-014109,voucher,1,5554.67
PAY-005147,ORD-008991,debit_card,1,7973.99
PAY-005148,ORD-004465,debit_card,1,-182.7
PAY-005149,ORD-003184,debit_card,1,6385.72
PAY-005150,ORD-012224,boleto,1,937.78
PAY-005151,ORD-005217,credit_card,6,4495.11
PAY-005152,ORD-009765,debit_card,1,758.16
PAY-005153,ORD-011020,voucher,1,5247.49
PAY-005154,ORD-007594,credit_card,7,3149.73
PAY-005155,ORD-002318,credit_card,10,3462.96
PAY-005156,ORD-010777,credit_card,9,3671.8
PAY-005157,ORD-003978,credit_card,2,3085.72
PAY-005158,ORD-000667,,1,862.21
PAY-005159,ORD-001269,debit_card,1,2820.51
PAY-005160,ORD-008343,debit_card,1,760.55
PAY-005161,ORD-004388,credit_card,10,6662.71
PAY-005162,ORD-014267,debit_card,1,2042.36
PAY-005163,ORD-008491,debit_card,1,1285.07
PAY-005164,ORD-001968,credit_card,5,6283.32
PAY-005165,ORD-001431,credit_card,4,2513.82
PAY-005166,ORD-003964,credit_card,2,1385.16
PAY-005167,ORD-000142,debit_card,1,7424.18
PAY-005168,ORD-000064,boleto,1,3541.09
PAY-005169,ORD-005750,credit_card,10,6652.79
PAY-005170,ORD-014942,voucher,1,5240.49
PAY-005171,ORD-005503,boleto,1,1405.87
PAY-005172,ORD-008453,voucher,1,2237.43
PAY-005173,ORD-003633,credit_card,9,3217.72
PAY-005174,ORD-004849,boleto,1,-311.27
PAY-005175,ORD-008277,credit_card,11,7668.58
PAY-005176,ORD-001891,credit_card,7,4987.57
PAY-005177,ORD-001188,credit_card,5,198.57
PAY-005178,ORD-012805,debit_card,1,2585.81
PAY-005179,ORD-003961,voucher,1,7133.12
PAY-005180,ORD-007887,debit_card,1,5163.1
PAY-005181,ORD-007617,boleto,1,5866.46
PAY-005182,ORD-006987,boleto,1,1429.81
PAY-005183,ORD-006650,voucher,1,6681.74
PAY-005184,ORD-007412,debit_card,1,5498.55
PAY-005185,ORD-011331,boleto,1,6255.54
PAY-005186,ORD-007182,voucher,1,1143.06
PAY-005187,ORD-004229,debit_card,1,3268.67
PAY-005188,ORD-009026,credit_card,5,4103.17
PAY-005189,ORD-005116,credit_card,3,3211.14
PAY-005190,ORD-006599,voucher,1,1504.37
PAY-005191,ORD-000707,debit_card,1,7434.94
PAY-005192,ORD-014431,credit_card,2,3423.94
PAY-005193,ORD-001737,credit_card,12,2284.97
PAY-005194,ORD-002662,voucher,1,7510.86
PAY-005195,ORD-012771,boleto,1,2620.76
PAY-005196,ORD-003955,credit_card,6,987.44
PAY-005197,ORD-006433,boleto,1,3226.68
PAY-005198,ORD-009490,debit_card,1,6725.59
PAY-005199,ORD-013615,credit_card,3,6244.52
PAY-005200,ORD-014995,voucher,1,1923.5
PAY-005201,ORD-012618,boleto,1,6091.2
PAY-005202,ORD-010469,credit_card,3,491.22
PAY-005203,ORD-003157,voucher,1,-440.86
PAY-005204,ORD-001002,debit_card,1,3033.99
PAY-005205,ORD-004750,credit_card,11,7855.25
PAY-005206,ORD-011872,voucher,1,4054.48
PAY-005207,ORD-011528,credit_card,1,4193.61
PAY-005208,ORD-013672,credit_card,2,6196.51
PAY-005209,ORD-013023,boleto,1,4008.78
PAY-005210,ORD-003912,voucher,1,3004.07
PAY-005211,ORD-007077,debit_card,1,1145.63
PAY-005212,ORD-009435,debit_card,1,6421.32
PAY-005213,ORD-000365,boleto,1,4433.73
PAY-005214,ORD-002605,boleto,1,349.22
PAY-005215,ORD-001938,boleto,1,2150.2
PAY-005216,ORD-014775,voucher,1,4451.26
PAY-005217,ORD-012142,voucher,1,6350.95
PAY-005218,ORD-000271,credit_card,2,3435.49
PAY-005219,ORD-001368,voucher,1,2070.5
PAY-005220,ORD-008273,credit_card,9,7505.27
PAY-005221,ORD-006662,debit_card,1,2688.02
PAY-005222,ORD-011142,boleto,1,6169.78
PAY-005223,ORD-013919,boleto,1,911.94
PAY-005224,ORD-001014,credit_card,6,7871.64
PAY-005225,ORD-001277,credit_card,9,7978.4
PAY-005226,ORD-002040,debit_card,1,5203.12
PAY-005227,ORD-003572,boleto,1,6334.63
PAY-005228,ORD-012741,debit_card,1,3205.66
PAY-005229,ORD-000232,credit_card,8,663.17
PAY-005230,ORD-007645,debit_card,1,1612.01
PAY-005231,ORD-003546,debit_card,1,110.99
PAY-005232,ORD-010176,credit_card,5,4811.64
PAY-005233,ORD-005882,boleto,1,-153.17
PAY-005234,ORD-004623,credit_card,2,2578.47
PAY-005235,ORD-007933,debit_card,1,3893.04
PAY-005236,ORD-001568,credit_card,4,2918.21
PAY-005237,ORD-000102,voucher,1,5922.67
PAY-005238,ORD-004945,voucher,1,3000.73
PAY-005239,ORD-004078,voucher,1,1052.5
PAY-005240,ORD-011362,debit_card,1,2619.98
PAY-005241,ORD-006761,credit_card,7,3964.06
PAY-005242,ORD-008221,debit_card,1,7708.04
PAY-005243,ORD-007274,boleto,1,897.26
PAY-005244,ORD-005987,debit_card,1,1067.4
PAY-005245,ORD-013799,credit_card,2,7684.66
PAY-005246,ORD-014266,voucher,1,7015.8
PAY-005247,ORD-008420,debit_card,1,1172.76
PAY-005248,ORD-011635,debit_card,1,2457.6
PAY-005249,ORD-002871,voucher,1,5014.51
PAY-005250,ORD-013096,,1,4363.53
PAY-005251,ORD-001353,boleto,1,730.37
PAY-005252,ORD-003769,boleto,1,110.6
PAY-005253,ORD-014956,debit_card,1,5685.7
PAY-005254,ORD-012744,credit_card,11,6666.51
PAY-005255,ORD-011535,debit_card,1,7066.34
PAY-005256,ORD-009595,boleto,1,2479.86
PAY-005257,ORD-010018,debit_card,1,4470.77
PAY-005258,ORD-005746,credit_card,12,4739.52
PAY-005259,ORD-004005,voucher,1,546.87
PAY-005260,ORD-005117,credit_card,12,5215.9
PAY-005261,ORD-001768,credit_card,2,5140.9
PAY-005262,ORD-001818,voucher,1,3404.75
PAY-005263,ORD-005146,voucher,1,3138.53
PAY-005264,ORD-001083,debit_card,1,78.46
PAY-005265,ORD-001297,debit_card,1,4960.62
PAY-005266,ORD-008722,debit_card,1,2776.94
PAY-005267,ORD-005337,voucher,1,4116.82
PAY-005268,ORD-009786,debit_card,1,-460.15
PAY-005269,ORD-000261,debit_card,1,3449.13
PAY-005270,ORD-000320,voucher,1,3060.28
PAY-005271,ORD-006705,boleto,1,-281.4
PAY-005272,ORD-012672,boleto,1,5818.07
PAY-005273,ORD-008835,boleto,1,2901.91
PAY-005274,ORD-014186,credit_card,11,2167.54
PAY-005275,ORD-009232,credit_card,12,7880.07
PAY-005276,ORD-014557,credit_card,1,7304.95
PAY-005277,ORD-007480,credit_card,8,7971.23
PAY-005278,ORD-001963,credit_card,4,525.8
PAY-005279,ORD-002665,voucher,1,6834.34
PAY-005280,ORD-005424,debit_card,1,1383.22
PAY-005281,ORD-000639,credit_card,2,343.18
PAY-005282,ORD-010058,boleto,1,1302.6
PAY-005283,ORD-011684,boleto,1,1162.94
PAY-005284,ORD-002554,debit_card,1,3054.68
PAY-005285,ORD-001247,voucher,1,7829.07
PAY-005286,ORD-005637,debit_card,1,2885.89
PAY-005287,ORD-011912,debit_card,1,890.0
PAY-005288,ORD-011844,debit_card,1,2310.63
PAY-005289,ORD-001809,voucher,1,5431.15
PAY-005290,ORD-000444,boleto,1,7514.18
PAY-005291,ORD-009169,credit_card,5,5500.89
PAY-005292,ORD-005445,boleto,1,500.08
PAY-005293,ORD-005862,debit_card,1,1466.16
PAY-005294,ORD-014109,credit_card,10,5733.42
PAY-005295,ORD-002228,debit_card,1,6822.97
PAY-005296,ORD-008703,credit_card,6,4126.86
PAY-005297,ORD-013592,boleto,1,7420.93
PAY-005298,ORD-002481,voucher,1,2986.73
PAY-005299,ORD-013069,debit_card,1,2273.0
PAY-005300,ORD-003373,voucher,1,7325.17
PAY-005301,ORD-008617,debit_card,1,1791.08
PAY-005302,ORD-004693,boleto,1,4866.01
PAY-005303,ORD-011356,voucher,1,3913.15
PAY-005304,ORD-011352,boleto,1,7139.79
PAY-005305,ORD-009395,voucher,1,2557.43
PAY-005306,ORD-011272,boleto,1,6255.06
PAY-005307,ORD-008381,boleto,1,5680.67
PAY-005308,ORD-013347,voucher,1,5547.15
PAY-005309,ORD-010166,voucher,1,1828.51
PAY-005310,ORD-007955,voucher,1,5403.61
PAY-005311,ORD-011825,credit_card,10,2511.68
PAY-005312,ORD-013692,voucher,1,6972.29
PAY-005313,ORD-005342,boleto,1,1109.6
PAY-005314,ORD-009566,debit_card,1,6581.57
PAY-005315,ORD-009572,boleto,1,527.43
PAY-005316,ORD-013192,debit_card,1,2590.54
PAY-005317,ORD-010733,debit_card,1,3912.33
PAY-005318,ORD-014607,debit_card,1,4716.8
PAY-005319,ORD-013099,boleto,1,7204.49
PAY-005320,ORD-012616,debit_card,1,1211.57
PAY-005321,ORD-001509,debit_card,,4601.36
PAY-005322,ORD-000025,boleto,1,660.11
PAY-005323,ORD-006911,boleto,1,1363.51
PAY-005324,ORD-010883,boleto,1,4606.06
PAY-005325,ORD-007610,credit_card,12,1243.16
PAY-005326,ORD-006000,voucher,1,6099.04
PAY-005327,ORD-005462,boleto,1,2046.05
PAY-005328,ORD-010853,voucher,1,1818.75
PAY-005329,ORD-006821,debit_card,1,1290.27
PAY-005330,ORD-008264,debit_card,1,7160.71
PAY-005331,ORD-012545,boleto,1,1982.79
PAY-005332,ORD-010880,debit_card,1,6996.29
PAY-005333,ORD-007399,voucher,1,31.89
PAY-005334,ORD-011048,boleto,1,3768.73
PAY-005335,ORD-007476,credit_card,6,1934.86
PAY-005336,ORD-008813,debit_card,1,5935.46
PAY-005337,ORD-005501,debit_card,1,3842.15
PAY-005338,ORD-010556,credit_card,7,2676.81
PAY-005339,ORD-001039,credit_card,6,7462.92
PAY-005340,ORD-001272,credit_card,1,1213.38
PAY-005341,ORD-008390,voucher,1,87.52
PAY-005342,ORD-007493,boleto,1,3162.86
PAY-005343,ORD-002900,voucher,1,3028.26
PAY-005344,ORD-014075,voucher,1,5864.35
PAY-005345,ORD-001091,boleto,1,1534.95
PAY-005346,ORD-009810,voucher,1,4661.96
PAY-005347,ORD-012496,voucher,1,7111.98
PAY-005348,ORD-002263,voucher,1,2723.06
PAY-005349,ORD-012837,voucher,1,6553.97
PAY-005350,ORD-007600,cash,1,4156.34
PAY-005351,ORD-011455,debit_card,1,7092.66
PAY-005352,ORD-005724,credit_card,9,6387.28
PAY-005353,ORD-006449,boleto,1,2867.76
PAY-005354,ORD-009718,boleto,1,5729.35
PAY-005355,ORD-000496,debit_card,1,4934.88
PAY-005356,ORD-005520,boleto,1,5195.21
PAY-005357,ORD-004738,credit_card,5,2436.17
PAY-005358,ORD-014173,credit_card,11,4081.23
PAY-005359,ORD-005113,boleto,1,6903.41
PAY-005360,ORD-003055,voucher,1,6220.87
PAY-005361,ORD-010833,credit_card,5,3671.19
PAY-005362,ORD-005916,credit_card,8,6509.57
PAY-005363,ORD-001503,voucher,1,6863.99
PAY-005364,ORD-014635,debit_card,1,3355.73
PAY-005365,ORD-004527,boleto,1,2605.38
PAY-005366,ORD-001825,credit_card,1,6568.87
PAY-005367,ORD-013599,credit_card,3,200.92
PAY-005368,ORD-003424,boleto,1,7393.4
PAY-005369,ORD-012995,voucher,1,1638.85
PAY-005370,ORD-003886,cash,7,1305.19
PAY-005371,ORD-011396,credit_card,3,5075.53
PAY-005372,ORD-001599,voucher,1,1175.99
PAY-005373,ORD-013516,debit_card,1,3905.96
PAY-005374,ORD-001346,credit_card,6,3867.48
PAY-005375,ORD-011380,voucher,1,4545.71
PAY-005376,ORD-000637,credit_card,12,5990.57
PAY-005377,ORD-003979,debit_card,1,4795.22
PAY-005378,ORD-008481,voucher,1,3235.38
PAY-005379,ORD-014953,credit_card,7,4479.41
PAY-005380,ORD-009146,debit_card,1,-415.85
PAY-005381,ORD-006670,boleto,1,2128.55
PAY-005382,ORD-009994,voucher,1,4468.02
PAY-005383,ORD-004605,voucher,1,6994.01
PAY-005384,ORD-013000,credit_card,4,3509.07
PAY-005385,ORD-014766,debit_card,1,7619.49
PAY-005386,ORD-003284,credit_card,12,6127.78
PAY-005387,ORD-011740,voucher,1,1588.1
PAY-005388,ORD-001099,credit_card,3,4639.88
PAY-005389,ORD-005259,voucher,1,7050.28
PAY-005390,ORD-003394,boleto,1,5654.13
PAY-005391,ORD-004939,credit_card,4,-302.33
PAY-005392,ORD-005017,voucher,1,4033.75
PAY-005393,ORD-001198,debit_card,1,6683.5
PAY-005394,ORD-005004,boleto,1,3279.24
PAY-005395,ORD-001012,debit_card,1,3758.26
PAY-005396,ORD-013506,voucher,1,4679.35
PAY-005397,ORD-009761,boleto,1,2545.9
PAY-005398,ORD-013035,boleto,1,467.1
PAY-005399,ORD-003992,credit_card,7,4699.08
PAY-005400,ORD-010752,voucher,1,5182.27
PAY-005401,ORD-004352,boleto,1,6414.83
PAY-005402,ORD-004016,,1,7812.55
PAY-005403,ORD-007287,voucher,1,4847.19
PAY-005404,ORD-003526,boleto,1,4607.15
PAY-005405,ORD-012014,boleto,1,3728.14
PAY-005406,ORD-002097,debit_card,1,5511.17
PAY-005407,ORD-002085,voucher,1,4447.82
PAY-005408,ORD-013696,boleto,1,5793.59
PAY-005409,ORD-000316,boleto,,1611.4
PAY-005410,ORD-003702,debit_card,1,4793.21
PAY-005411,ORD-010418,voucher,1,4756.58
PAY-005412,ORD-000985,debit_card,1,6004.65
PAY-005413,ORD-009742,debit_card,1,-163.36
PAY-005414,ORD-014693,debit_card,1,3834.85
PAY-005415,ORD-001304,voucher,1,2523.33
PAY-005416,ORD-007473,voucher,1,4146.59
PAY-005417,ORD-003821,voucher,1,1132.71
PAY-005418,ORD-002605,debit_card,1,5546.2
PAY-005419,ORD-003748,debit_card,1,2359.85
PAY-005420,ORD-010935,debit_card,1,1788.15
PAY-005421,ORD-004143,credit_card,7,5002.65
PAY-005422,ORD-004444,debit_card,1,7309.68
PAY-005423,ORD-007229,boleto,1,7989.16
PAY-005424,ORD-008803,debit_card,1,5840.33
PAY-005425,ORD-003746,debit_card,1,6495.57
PAY-005426,ORD-014115,boleto,1,2484.03
PAY-005427,ORD-005876,boleto,1,2804.5
PAY-005428,ORD-002060,,1,4061.18
PAY-005429,ORD-001058,voucher,1,155.82
PAY-005430,ORD-005558,credit_card,9,-491.95
PAY-005431,ORD-009541,debit_card,1,2374.01
PAY-005432,ORD-007258,voucher,1,7421.93
PAY-005433,ORD-010209,credit_card,9,6631.66
PAY-005434,ORD-009616,cash,1,1669.14
PAY-005435,ORD-006445,boleto,1,213.55
PAY-005436,ORD-006223,debit_card,1,5672.62
PAY-005437,ORD-014711,boleto,1,5375.3
PAY-005438,ORD-000432,boleto,1,1478.28
PAY-005439,ORD-010317,credit_card,9,7184.02
PAY-005440,ORD-014025,boleto,1,2016.49
PAY-005441,ORD-009136,debit_card,1,1162.35
PAY-005442,ORD-009481,debit_card,1,7711.11
PAY-005443,ORD-008006,debit_card,1,1412.95
PAY-005444,ORD-010914,debit_card,1,7833.54
PAY-005445,ORD-004402,credit_card,11,3717.37
PAY-005446,ORD-009780,boleto,1,1090.85
PAY-005447,ORD-000918,credit_card,8,7015.74
PAY-005448,ORD-005287,voucher,1,4811.18
PAY-005449,ORD-014563,credit_card,1,7874.23
PAY-005450,ORD-001168,credit_card,8,7405.33
PAY-005451,ORD-004441,credit_card,1,7237.57
PAY-005452,ORD-008914,voucher,1,-163.75
PAY-005453,ORD-011840,boleto,1,5543.37
PAY-005454,ORD-001367,voucher,1,6594.24
PAY-005455,ORD-011200,boleto,1,-254.83
PAY-005456,ORD-013348,debit_card,1,7440.66
PAY-005457,ORD-002347,credit_card,1,1449.26
PAY-005458,ORD-008323,credit_card,,1935.98
PAY-005459,ORD-003007,voucher,1,3148.38
PAY-005460,ORD-013213,debit_card,1,2522.06
PAY-005461,ORD-014064,credit_card,10,3628.8
PAY-005462,ORD-005897,boleto,1,6770.02
PAY-005463,ORD-002726,voucher,1,196.29
PAY-005464,ORD-003908,voucher,1,110.14
PAY-005465,ORD-010286,debit_card,1,2309.98
PAY-005466,ORD-011978,credit_card,6,1959.61
PAY-005467,ORD-010608,voucher,1,4278.65
PAY-005468,ORD-012991,debit_card,1,2308.51
PAY-005469,ORD-014247,boleto,1,883.25
PAY-005470,ORD-013245,debit_card,1,2866.02
PAY-005471,ORD-005132,credit_card,12,7135.9
PAY-005472,ORD-013667,boleto,1,5328.96
PAY-005473,ORD-000027,voucher,1,1058.41
PAY-005474,ORD-000691,debit_card,1,3253.55
PAY-005475,ORD-000653,credit_card,6,1471.07
PAY-005476,ORD-013886,credit_card,2,4813.6
PAY-005477,ORD-001759,voucher,1,3096.76
PAY-005478,ORD-000228,credit_card,4,-276.29
PAY-005479,ORD-006101,voucher,1,3779.14
PAY-005480,ORD-001209,debit_card,1,3524.62
PAY-005481,ORD-008157,credit_card,3,1630.91
PAY-005482,ORD-007593,voucher,1,5055.33
PAY-005483,ORD-000998,credit_card,10,3170.72
PAY-005484,ORD-005124,debit_card,1,5913.69
PAY-005485,ORD-004571,voucher,1,52.93
PAY-005486,ORD-004328,boleto,1,1418.14
PAY-005487,ORD-004034,debit_card,1,7433.55
PAY-005488,ORD-002762,boleto,1,2677.78
PAY-005489,ORD-009993,boleto,1,6588.89
PAY-005490,ORD-007473,boleto,1,7531.48
PAY-005491,ORD-004488,debit_card,,2058.12
PAY-005492,ORD-008330,voucher,1,6262.47
PAY-005493,ORD-004628,boleto,1,6734.15
PAY-005494,ORD-004432,voucher,1,7447.17
PAY-005495,ORD-007485,debit_card,1,7015.72
PAY-005496,ORD-014315,credit_card,9,2022.66
PAY-005497,ORD-013992,debit_card,1,1616.45
PAY-005498,ORD-001217,credit_card,6,2083.96
PAY-005499,ORD-000323,boleto,1,5113.72
PAY-005500,ORD-004821,credit_card,3,5219.63
PAY-005501,ORD-001634,boleto,1,639.5
PAY-005502,ORD-002441,cash,1,6674.83
PAY-005503,ORD-002138,credit_card,3,2803.05
PAY-005504,ORD-002505,debit_card,1,756.67
PAY-005505,ORD-007860,boleto,1,6189.58
PAY-005506,ORD-006544,credit_card,3,1170.77
PAY-005507,ORD-013344,bitcoin,7,7505.04
PAY-005508,ORD-014185,debit_card,1,519.03
PAY-005509,ORD-004203,debit_card,1,1169.82
PAY-005510,ORD-013658,voucher,1,3895.38
PAY-005511,ORD-013528,debit_card,1,7445.28
PAY-005512,ORD-003779,debit_card,1,1251.01
PAY-005513,ORD-006121,voucher,1,519.33
PAY-005514,ORD-012631,credit_card,7,5416.63
PAY-005515,ORD-004277,debit_card,1,5557.87
PAY-005516,ORD-012038,debit_card,1,356.95
PAY-005517,ORD-012833,debit_card,1,6510.47
PAY-005518,ORD-004176,boleto,1,6120.15
PAY-005519,ORD-000211,boleto,1,2620.89
PAY-005520,ORD-000585,credit_card,9,5178.8
PAY-005521,ORD-004083,debit_card,1,5396.0
PAY-005522,ORD-002702,boleto,1,7962.55
PAY-005523,ORD-003548,boleto,1,3784.12
PAY-005524,ORD-012311,voucher,1,7806.4
PAY-005525,ORD-010036,credit_card,6,5519.69
PAY-005526,ORD-013679,credit_card,7,4033.19
PAY-005527,ORD-010272,boleto,1,510.22
PAY-005528,ORD-014061,boleto,1,2342.49
PAY-005529,ORD-013947,boleto,1,-211.35
PAY-005530,ORD-009008,debit_card,1,3877.16
PAY-005531,ORD-009434,credit_card,9,1177.84
PAY-005532,ORD-014040,voucher,1,1289.2
PAY-005533,ORD-013043,boleto,1,1404.49
PAY-005534,ORD-010377,boleto,1,2824.98
PAY-005535,ORD-001665,boleto,1,7472.79
PAY-005536,ORD-000461,credit_card,3,7318.08
PAY-005537,ORD-014874,boleto,1,1009.67
PAY-005538,ORD-009219,boleto,1,1302.68
PAY-005539,ORD-012589,credit_card,11,7117.31
PAY-005540,ORD-008890,boleto,1,3867.41
PAY-005541,ORD-007203,voucher,1,6496.32
PAY-005542,ORD-011928,boleto,1,2715.99
PAY-005543,ORD-012627,voucher,1,1642.67
PAY-005544,ORD-000780,voucher,1,952.16
PAY-005545,ORD-002059,debit_card,1,4127.27
PAY-005546,ORD-001871,voucher,1,7740.6
PAY-005547,ORD-007896,boleto,1,678.63
PAY-005548,ORD-001545,debit_card,1,4346.59
PAY-005549,ORD-014170,debit_card,1,4757.21
PAY-005550,ORD-014827,debit_card,1,7215.73
PAY-005551,ORD-002517,debit_card,1,2622.89
PAY-005552,ORD-013263,debit_card,1,93.75
PAY-005553,ORD-012279,debit_card,1,4427.89
PAY-005554,ORD-014047,voucher,1,5586.7
PAY-005555,ORD-001649,debit_card,1,2274.52
PAY-005556,ORD-004621,boleto,1,4447.87
PAY-005557,ORD-011148,credit_card,4,7547.88
PAY-005558,ORD-001872,credit_card,7,7917.77
PAY-005559,ORD-005959,credit_card,3,537.96
PAY-005560,ORD-009883,boleto,1,578.63
PAY-005561,ORD-014082,voucher,1,3668.86
PAY-005562,ORD-001350,credit_card,5,1686.59
PAY-005563,ORD-010507,boleto,1,1696.03
PAY-005564,ORD-006063,debit_card,1,-384.39
PAY-005565,ORD-001375,boleto,1,7053.23
PAY-005566,ORD-010027,credit_card,2,63.34
PAY-005567,ORD-008401,debit_card,1,4004.37
PAY-005568,ORD-004181,debit_card,1,6523.94
PAY-005569,ORD-012684,voucher,1,2802.58
PAY-005570,ORD-014349,voucher,1,5309.02
PAY-005571,ORD-007885,voucher,1,1425.76
PAY-005572,ORD-011008,credit_card,7,1880.97
PAY-005573,ORD-004379,debit_card,1,7207.44
PAY-005574,ORD-011159,debit_card,1,7687.24
PAY-005575,ORD-008709,debit_card,1,4806.84
PAY-005576,ORD-007447,voucher,1,2234.05
PAY-005577,ORD-011539,debit_card,1,3779.11
PAY-005578,ORD-001128,voucher,1,1754.85
PAY-005579,ORD-004100,boleto,1,3534.51
PAY-005580,ORD-001985,debit_card,1,7492.12
PAY-005581,ORD-001224,boleto,1,3958.33
PAY-005582,ORD-005039,voucher,1,3623.88
PAY-005583,ORD-002539,voucher,1,5597.83
PAY-005584,ORD-005832,debit_card,1,5932.5
PAY-005585,ORD-009958,voucher,1,5631.73
PAY-005586,ORD-000721,debit_card,1,3736.97
PAY-005587,ORD-011246,credit_card,3,2379.21
PAY-005588,ORD-012847,debit_card,1,3351.17
PAY-005589,ORD-002761,credit_card,12,1787.06
PAY-005590,ORD-010074,voucher,1,2157.42
PAY-005591,ORD-009012,bitcoin,3,1699.85
PAY-005592,ORD-013456,voucher,1,6361.5
PAY-005593,ORD-011547,boleto,1,3245.04
PAY-005594,ORD-001914,voucher,1,6241.83
PAY-005595,ORD-008704,boleto,1,5747.61
PAY-005596,ORD-014098,debit_card,1,464.97
PAY-005597,ORD-011757,debit_card,1,4994.47
PAY-005598,ORD-000882,boleto,1,624.56
PAY-005599,ORD-004327,debit_card,1,7669.47
PAY-005600,ORD-004319,boleto,1,7543.96
PAY-005601,ORD-010943,boleto,1,1171.98
PAY-005602,ORD-010575,credit_card,9,4479.02
PAY-005603,ORD-011893,debit_card,1,3209.72
PAY-005604,ORD-000049,voucher,1,3167.1
PAY-005605,ORD-012083,voucher,1,2265.46
PAY-005606,ORD-007928,boleto,1,4924.01
PAY-005607,ORD-009392,debit_card,1,31.95
PAY-005608,ORD-013942,debit_card,1,4040.68
PAY-005609,ORD-000162,credit_card,5,1531.04
PAY-005610,ORD-012721,debit_card,1,4530.3
PAY-005611,ORD-005523,debit_card,1,6682.83
PAY-005612,ORD-005920,credit_card,10,2142.35
PAY-005613,ORD-013008,voucher,1,7546.46
PAY-005614,ORD-006622,voucher,1,224.93
PAY-005615,ORD-006738,voucher,1,1778.33
PAY-005616,ORD-004590,debit_card,1,2969.68
PAY-005617,ORD-002113,boleto,1,6640.48
PAY-005618,ORD-006199,debit_card,1,4920.22
PAY-005619,ORD-008629,debit_card,1,1334.14
PAY-005620,ORD-003364,boleto,1,1149.52
PAY-005621,ORD-010543,boleto,1,170.56
PAY-005622,ORD-003028,voucher,1,5094.64
PAY-005623,ORD-007756,voucher,1,6133.4
PAY-005624,ORD-008558,debit_card,1,268.47
PAY-005625,ORD-011753,credit_card,11,4042.64
PAY-005626,ORD-014116,boleto,1,7217.64
PAY-005627,ORD-001279,boleto,1,5972.94
PAY-005628,ORD-006601,boleto,1,231.26
PAY-005629,ORD-008096,voucher,1,4570.6
PAY-005630,ORD-014874,voucher,1,1820.3
PAY-005631,ORD-013164,debit_card,1,7489.47
PAY-005632,ORD-004050,credit_card,10,6171.22
PAY-005633,ORD-004963,voucher,1,5215.38
PAY-005634,ORD-000361,debit_card,1,6299.15
PAY-005635,ORD-010945,credit_card,5,7121.53
PAY-005636,ORD-006007,debit_card,1,3495.56
PAY-005637,ORD-008628,voucher,1,7045.27
PAY-005638,ORD-008622,voucher,1,4884.51
PAY-005639,ORD-011259,boleto,1,7011.47
PAY-005640,ORD-003051,voucher,1,173.28
PAY-005641,ORD-003471,boleto,1,4778.9
PAY-005642,ORD-013348,bitcoin,1,6976.18
PAY-005643,ORD-014476,,12,369.67
PAY-005644,ORD-011268,debit_card,1,7732.27
PAY-005645,ORD-009902,boleto,1,912.85
PAY-005646,ORD-012644,debit_card,1,7151.85
PAY-005647,ORD-007170,boleto,1,6265.21
PAY-005648,ORD-008936,credit_card,10,646.26
PAY-005649,ORD-012769,boleto,1,6241.31
PAY-005650,ORD-005415,debit_card,1,6653.0
PAY-005651,ORD-002285,voucher,1,6195.98
PAY-005652,ORD-006163,boleto,1,2350.28
PAY-005653,ORD-003621,debit_card,1,4968.78
PAY-005654,ORD-011169,credit_card,4,7786.74
PAY-005655,ORD-007349,voucher,1,5811.51
PAY-005656,ORD-000307,boleto,1,3334.16
PAY-005657,ORD-002204,credit_card,4,2994.64
PAY-005658,ORD-007849,credit_card,12,671.1
PAY-005659,ORD-008541,credit_card,8,7575.44
PAY-005660,ORD-010472,credit_card,2,6130.39
PAY-005661,ORD-010019,voucher,1,5074.77
PAY-005662,ORD-000338,voucher,1,592.59
PAY-005663,ORD-013667,boleto,1,7391.04
PAY-005664,ORD-004919,voucher,1,3473.01
PAY-005665,ORD-000386,debit_card,1,6797.34
PAY-005666,ORD-014528,voucher,1,4579.05
PAY-005667,ORD-001636,debit_card,1,2751.11
PAY-005668,ORD-000663,debit_card,1,376.26
PAY-005669,ORD-004749,boleto,1,4367.04
PAY-005670,ORD-006645,debit_card,1,1783.72
PAY-005671,ORD-014794,debit_card,1,1962.85
PAY-005672,ORD-001120,boleto,1,5685.47
PAY-005673,ORD-012660,credit_card,9,4873.39
PAY-005674,ORD-002787,debit_card,1,4291.51
PAY-005675,ORD-001233,debit_card,1,1864.49
PAY-005676,ORD-007880,voucher,1,6322.88
PAY-005677,ORD-000827,credit_card,5,7335.44
PAY-005678,ORD-013978,credit_card,1,140.2
PAY-005679,ORD-000219,credit_card,6,3189.18
PAY-005680,ORD-013308,debit_card,1,5737.66
PAY-005681,ORD-004815,credit_card,11,987.14
PAY-005682,ORD-009649,boleto,1,4494.84
PAY-005683,ORD-009174,credit_card,10,6371.25
PAY-005684,ORD-009495,credit_card,9,5384.31
PAY-005685,ORD-011481,boleto,1,6475.33
PAY-005686,ORD-001432,debit_card,1,5575.51
PAY-005687,ORD-000079,debit_card,1,3330.83
PAY-005688,ORD-009125,voucher,1,4962.9
PAY-005689,ORD-012167,voucher,1,2293.26
PAY-005690,ORD-013867,credit_card,10,6290.39
PAY-005691,ORD-000100,debit_card,1,1960.13
PAY-005692,ORD-008166,debit_card,1,5951.35
PAY-005693,ORD-000470,credit_card,12,3517.11
PAY-005694,ORD-000036,credit_card,9,1607.03
PAY-005695,ORD-009801,credit_card,,4829.84
PAY-005696,ORD-010792,debit_card,1,615.05
PAY-005697,ORD-002242,voucher,1,4424.38
PAY-005698,ORD-004839,debit_card,1,688.4
PAY-005699,ORD-012684,voucher,1,-376.01
PAY-005700,ORD-010802,credit_card,12,5268.74
PAY-005701,ORD-000747,debit_card,1,7661.43
PAY-005702,ORD-001448,boleto,1,5018.05
PAY-005703,ORD-008953,credit_card,5,6129.93
PAY-005704,ORD-010924,voucher,1,5615.65
PAY-005705,ORD-012589,boleto,1,2237.73
PAY-005706,ORD-014785,boleto,1,3075.59
PAY-005707,ORD-005267,debit_card,1,6377.04
PAY-005708,ORD-007822,debit_card,1,5585.04
PAY-005709,ORD-010168,voucher,1,2430.9
PAY-005710,ORD-006778,boleto,1,1906.08
PAY-005711,ORD-009102,credit_card,12,7514.6
PAY-005712,ORD-005076,voucher,1,4567.11
PAY-005713,ORD-012586,voucher,1,835.29
PAY-005714,ORD-011833,debit_card,1,2723.58
PAY-005715,ORD-012346,debit_card,1,1641.5
PAY-005716,ORD-013559,credit_card,10,1735.91
PAY-005717,ORD-008304,credit_card,7,253.11
PAY-005718,ORD-004542,debit_card,1,6147.7
PAY-005719,ORD-006226,debit_card,1,6285.7
PAY-005720,ORD-001669,boleto,1,3396.0
PAY-005721,ORD-006439,boleto,1,1193.48
PAY-005722,ORD-004866,voucher,1,799.46
PAY-005723,ORD-008611,boleto,1,2628.89
PAY-005724,ORD-007937,voucher,1,2563.11
PAY-005725,ORD-007282,debit_card,1,5078.6
PAY-005726,ORD-009494,debit_card,1,4090.31
PAY-005727,ORD-009893,voucher,1,4825.12
PAY-005728,ORD-005629,voucher,1,4122.81
PAY-005729,ORD-010871,boleto,1,5887.97
PAY-005730,ORD-012341,voucher,1,4515.69
PAY-005731,ORD-010784,voucher,1,6148.66
PAY-005732,ORD-005918,debit_card,1,7305.96
PAY-005733,ORD-002878,credit_card,9,3355.93
PAY-005734,ORD-005363,boleto,1,4426.27
PAY-005735,ORD-003638,debit_card,1,6368.84
PAY-005736,ORD-002772,debit_card,1,2835.17
PAY-005737,ORD-001855,boleto,1,709.63
PAY-005738,ORD-008636,credit_card,11,1055.66
PAY-005739,ORD-004370,voucher,1,724.24
PAY-005740,ORD-002939,boleto,1,2555.67
PAY-005741,ORD-001851,voucher,1,6036.62
PAY-005742,ORD-013140,boleto,1,4072.64
PAY-005743,ORD-011538,voucher,1,2371.62
PAY-005744,ORD-013077,voucher,1,4825.81
PAY-005745,ORD-007190,credit_card,5,1103.37
PAY-005746,ORD-000304,credit_card,8,4085.7
PAY-005747,ORD-008973,debit_card,1,50.17
PAY-005748,ORD-009830,boleto,1,5921.55
PAY-005749,ORD-012742,boleto,1,7257.25
PAY-005750,ORD-003760,credit_card,3,6958.7
PAY-005751,ORD-000003,boleto,1,2851.57
PAY-005752,ORD-005197,boleto,1,4731.63
PAY-005753,ORD-001067,credit_card,7,2582.84
PAY-005754,ORD-008189,credit_card,4,2860.92
PAY-005755,ORD-011912,boleto,1,5413.74
PAY-005756,ORD-008588,credit_card,3,3833.12
PAY-005757,ORD-010637,voucher,1,4258.98
PAY-005758,ORD-008525,boleto,1,3466.98
PAY-005759,ORD-007482,credit_card,10,-10.03
PAY-005760,ORD-007323,debit_card,1,3241.65
PAY-005761,ORD-010495,credit_card,6,2073.13
PAY-005762,ORD-004277,credit_card,4,3352.01
PAY-005763,ORD-001275,voucher,1,1812.84
PAY-005764,ORD-006071,boleto,1,4473.8
PAY-005765,ORD-012850,voucher,1,3034.2
PAY-005766,ORD-008546,credit_card,6,4295.68
PAY-005767,ORD-007745,boleto,1,3818.48
PAY-005768,ORD-003804,voucher,1,208.5
PAY-005769,ORD-000128,voucher,1,5979.75
PAY-005770,ORD-005161,debit_card,1,6474.35
PAY-005771,ORD-007530,bitcoin,1,648.24
PAY-005772,ORD-012573,voucher,1,6080.34
PAY-005773,ORD-001613,boleto,1,1213.97
PAY-005774,ORD-013366,boleto,1,3244.89
PAY-005775,ORD-000897,voucher,1,4880.19
PAY-005776,ORD-011930,debit_card,1,1664.03
PAY-005777,ORD-007687,PIX,7,2704.05
PAY-005778,ORD-001067,voucher,1,6680.07
PAY-005779,ORD-001187,credit_card,1,1541.55
PAY-005780,ORD-011810,boleto,1,7452.83
PAY-005781,ORD-001307,credit_card,10,4791.1
PAY-005782,ORD-012897,boleto,1,7516.15
PAY-005783,ORD-007698,voucher,1,2865.1
PAY-005784,ORD-002970,credit_card,8,5053.88
PAY-005785,ORD-003098,voucher,1,4527.6
PAY-005786,ORD-014610,debit_card,1,1816.74
PAY-005787,ORD-007409,voucher,1,7297.49
PAY-005788,ORD-006493,credit_card,9,1659.08
PAY-005789,ORD-008592,boleto,1,4268.7
PAY-005790,ORD-012612,debit_card,1,5240.38
PAY-005791,ORD-002787,credit_card,2,2091.56
PAY-005792,ORD-007797,boleto,1,1433.8
PAY-005793,ORD-007406,debit_card,1,422.7
PAY-005794,ORD-005063,debit_card,1,1059.91
PAY-005795,ORD-012806,credit_card,2,1531.16
PAY-005796,ORD-013938,credit_card,6,5612.17
PAY-005797,ORD-013794,voucher,1,4470.95
PAY-005798,ORD-005956,credit_card,1,2381.38
PAY-005799,ORD-011181,debit_card,1,2363.65
PAY-005800,ORD-010389,credit_card,12,1957.2
PAY-005801,ORD-005688,credit_card,10,3608.74
PAY-005802,ORD-005519,credit_card,1,412.57
PAY-005803,ORD-012132,boleto,1,5660.73
PAY-005804,ORD-010786,voucher,1,7025.83
PAY-005805,ORD-007214,boleto,1,2350.78
PAY-005806,ORD-009318,credit_card,12,665.22
PAY-005807,ORD-014547,credit_card,9,5420.42
PAY-005808,ORD-007807,credit_card,9,4941.29
PAY-005809,ORD-010627,voucher,1,4326.89
PAY-005810,ORD-014525,credit_card,10,2164.36
PAY-005811,ORD-004160,debit_card,1,2207.48
PAY-005812,ORD-004309,voucher,1,1288.79
PAY-005813,ORD-010515,voucher,1,2291.69
PAY-005814,ORD-011487,voucher,1,3796.99
PAY-005815,ORD-013331,boleto,1,7611.68
PAY-005816,ORD-011304,debit_card,1,692.28
PAY-005817,ORD-008750,voucher,1,6106.75
PAY-005818,ORD-012742,debit_card,1,2881.14
PAY-005819,ORD-004460,credit_card,2,271.92
PAY-005820,ORD-009646,debit_card,1,5641.52
PAY-005821,ORD-006126,voucher,1,2134.97
PAY-005822,ORD-012519,boleto,1,3221.94
PAY-005823,ORD-012852,debit_card,1,-302.17
PAY-005824,ORD-010547,boleto,1,3228.21
PAY-005825,ORD-000201,voucher,1,2629.48
PAY-005826,ORD-002361,voucher,1,4077.71
PAY-005827,ORD-000828,debit_card,1,4690.02
PAY-005828,ORD-000131,debit_card,1,1981.62
PAY-005829,ORD-005651,,1,5051.78
PAY-005830,ORD-007162,boleto,1,2049.67
PAY-005831,ORD-011360,voucher,1,3358.12
PAY-005832,ORD-010364,debit_card,1,4027.69
PAY-005833,ORD-010680,voucher,1,7463.81
PAY-005834,ORD-013118,debit_card,1,570.14
PAY-005835,ORD-007585,boleto,1,322.61
PAY-005836,ORD-005817,credit_card,5,3382.85
PAY-005837,ORD-006676,boleto,1,3379.31
PAY-005838,ORD-000682,voucher,1,5720.85
PAY-005839,ORD-014284,boleto,1,2311.54
PAY-005840,ORD-000911,voucher,,7120.54
PAY-005841,ORD-006641,voucher,1,5763.5
PAY-005842,ORD-007166,debit_card,1,4915.29
PAY-005843,ORD-011501,voucher,1,7075.65
PAY-005844,ORD-012301,debit_card,1,6638.22
PAY-005845,ORD-001236,boleto,1,6390.88
PAY-005846,ORD-002495,boleto,1,5780.73
PAY-005847,ORD-004217,credit_card,5,1403.57
PAY-005848,ORD-002925,boleto,1,4454.71
PAY-005849,ORD-011623,,1,2352.56
PAY-005850,ORD-007447,credit_card,12,7703.61
PAY-005851,ORD-003517,voucher,1,-482.39
PAY-005852,ORD-013958,debit_card,1,7889.01
PAY-005853,ORD-012829,voucher,1,5210.8
PAY-005854,ORD-012950,voucher,1,7899.95
PAY-005855,ORD-001040,debit_card,1,6837.85
PAY-005856,ORD-000462,debit_card,1,1180.95
PAY-005857,ORD-014431,credit_card,3,1446.47
PAY-005858,ORD-007887,boleto,1,5371.2
PAY-005859,ORD-012415,voucher,1,4294.7
PAY-005860,ORD-008329,debit_card,1,4820.76
PAY-005861,ORD-000150,credit_card,1,5845.42
PAY-005862,ORD-002621,voucher,1,-442.44
PAY-005863,ORD-005273,debit_card,1,5631.28
PAY-005864,ORD-000962,credit_card,7,3137.39
PAY-005865,ORD-004934,voucher,1,6847.05
PAY-005866,ORD-013401,voucher,1,6634.27
PAY-005867,ORD-010771,boleto,1,7784.15
PAY-005868,ORD-002434,boleto,1,822.92
PAY-005869,ORD-005302,voucher,1,4923.13
PAY-005870,ORD-004631,debit_card,1,5944.74
PAY-005871,ORD-014328,voucher,1,2107.05
PAY-005872,ORD-004491,debit_card,1,5365.23
PAY-005873,ORD-005241,credit_card,3,2119.39
PAY-005874,ORD-008490,credit_card,4,3641.92
PAY-005875,ORD-006728,credit_card,1,6362.65
PAY-005876,ORD-005217,boleto,1,5563.36
PAY-005877,ORD-008894,PIX,1,4720.73
PAY-005878,ORD-007717,boleto,1,3985.75
PAY-005879,ORD-007330,voucher,1,6508.96
PAY-005880,ORD-010147,credit_card,8,6107.35
PAY-005881,ORD-009967,voucher,1,5893.26
PAY-005882,ORD-002113,boleto,1,2081.95
PAY-005883,ORD-000255,credit_card,12,3585.86
PAY-005884,ORD-008203,voucher,1,2081.19
PAY-005885,ORD-013277,debit_card,1,2980.01
PAY-005886,ORD-010704,debit_card,1,2613.75
PAY-005887,ORD-000939,credit_card,2,5241.08
PAY-005888,ORD-005345,debit_card,1,2279.12
PAY-005889,ORD-004608,debit_card,1,1246.65
PAY-005890,ORD-005693,boleto,1,5749.53
PAY-005891,ORD-001136,voucher,1,1461.76
PAY-005892,ORD-013043,debit_card,1,1459.56
PAY-005893,ORD-004095,credit_card,5,6830.02
PAY-005894,ORD-011015,credit_card,10,2237.15
PAY-005895,ORD-009211,credit_card,7,4549.88
PAY-005896,ORD-002253,boleto,1,4966.03
PAY-005897,ORD-008502,credit_card,6,7910.43
PAY-005898,ORD-012263,voucher,1,6532.8
PAY-005899,ORD-002160,boleto,1,4704.68
PAY-005900,ORD-013447,voucher,1,7698.93
PAY-005901,ORD-006602,boleto,1,4976.93
PAY-005902,ORD-005237,debit_card,1,5727.63
PAY-005903,ORD-010302,credit_card,2,5066.24
PAY-005904,ORD-003746,credit_card,4,6865.36
PAY-005905,ORD-009949,debit_card,1,3996.88
PAY-005906,ORD-000546,boleto,1,5467.2
PAY-005907,ORD-009768,boleto,1,4744.99
PAY-005908,ORD-009056,boleto,1,4665.98
PAY-005909,ORD-002541,debit_card,1,326.42
PAY-005910,ORD-010082,credit_card,10,4452.27
PAY-005911,ORD-014604,debit_card,1,3505.7
PAY-005912,ORD-001303,debit_card,1,2812.2
PAY-005913,ORD-000140,voucher,1,5674.96
PAY-005914,ORD-008454,debit_card,1,7168.66
PAY-005915,ORD-013335,voucher,1,4630.13
PAY-005916,ORD-000224,debit_card,1,1977.61
PAY-005917,ORD-013796,debit_card,1,5336.92
PAY-005918,ORD-005107,debit_card,1,700.08
PAY-005919,ORD-010245,credit_card,10,5046.48
PAY-005920,ORD-006921,debit_card,1,5384.28
PAY-005921,ORD-004888,voucher,1,5720.17
PAY-005922,ORD-006446,boleto,1,101.22
PAY-005923,ORD-001900,debit_card,1,2725.5
PAY-005924,ORD-014991,boleto,1,1067.2
PAY-005925,ORD-013804,credit_card,6,6820.4
PAY-005926,ORD-005286,voucher,1,2801.69
PAY-005927,ORD-014462,boleto,1,1720.81
PAY-005928,ORD-000785,voucher,1,6603.75
PAY-005929,ORD-013300,voucher,1,5225.45
PAY-005930,ORD-008520,boleto,1,2033.46
PAY-005931,ORD-013056,debit_card,1,4142.0
PAY-005932,ORD-006919,voucher,1,3916.25
PAY-005933,ORD-014419,debit_card,1,1856.86
PAY-005934,ORD-010685,voucher,1,7735.09
PAY-005935,ORD-006511,voucher,1,2920.4
PAY-005936,ORD-006935,credit_card,,3485.91
PAY-005937,ORD-009464,boleto,1,6540.39
PAY-005938,ORD-002404,boleto,1,5970.32
PAY-005939,ORD-001916,boleto,1,1689.24
PAY-005940,ORD-013987,credit_card,8,5140.0
PAY-005941,ORD-003336,credit_card,1,3751.18
PAY-005942,ORD-000494,voucher,1,7434.12
PAY-005943,ORD-000426,debit_card,1,6577.29
PAY-005944,ORD-012600,credit_card,10,1776.47
PAY-005945,ORD-009902,boleto,1,1972.64
PAY-005946,ORD-014396,boleto,1,2015.85
PAY-005947,ORD-012153,debit_card,1,301.68
PAY-005948,ORD-009819,voucher,1,1742.18
PAY-005949,ORD-013367,debit_card,1,7901.29
PAY-005950,ORD-011685,debit_card,1,1229.0
PAY-005951,ORD-002696,voucher,1,4036.53
PAY-005952,ORD-010040,credit_card,9,3319.59
PAY-005953,ORD-014027,boleto,1,261.58
PAY-005954,ORD-002830,credit_card,10,6952.17
PAY-005955,ORD-004492,boleto,1,2427.8
PAY-005956,ORD-011099,credit_card,7,850.22
PAY-005957,ORD-006404,voucher,1,4682.17
PAY-005958,ORD-006765,boleto,1,2886.49
PAY-005959,ORD-007704,boleto,1,2030.19
PAY-005960,ORD-009281,debit_card,1,73.21
PAY-005961,ORD-005736,voucher,1,3732.2
PAY-005962,ORD-010292,boleto,1,6139.69
PAY-005963,ORD-009467,debit_card,1,643.06
PAY-005964,ORD-005382,credit_card,5,1332.53
PAY-005965,ORD-012629,voucher,1,5930.9
PAY-005966,ORD-009559,debit_card,1,627.57
PAY-005967,ORD-014960,credit_card,9,6549.33
PAY-005968,ORD-012034,debit_card,1,359.99
PAY-005969,ORD-014530,boleto,1,7034.43
PAY-005970,ORD-011021,boleto,1,5148.09
PAY-005971,ORD-004331,voucher,1,1537.91
PAY-005972,ORD-008993,boleto,1,2553.34
PAY-005973,ORD-008100,boleto,1,4617.19
PAY-005974,ORD-003550,credit_card,12,3639.84
PAY-005975,ORD-009197,credit_card,4,3340.5
PAY-005976,ORD-005293,credit_card,8,351.11
PAY-005977,ORD-000919,voucher,1,5954.32
PAY-005978,ORD-000161,credit_card,6,5645.74
PAY-005979,ORD-010251,credit_card,9,5020.28
PAY-005980,ORD-000885,credit_card,10,1163.52
PAY-005981,ORD-005489,voucher,1,7048.01
PAY-005982,ORD-008002,boleto,1,3394.23
PAY-005983,ORD-008221,PIX,3,1843.38
PAY-005984,ORD-003124,voucher,1,7070.63
PAY-005985,ORD-013346,voucher,1,930.47
PAY-005986,ORD-002244,voucher,1,1237.82
PAY-005987,ORD-001080,boleto,1,5615.46
PAY-005988,ORD-014602,credit_card,12,-388.39
PAY-005989,ORD-010340,boleto,1,4850.24
PAY-005990,ORD-005800,credit_card,3,7119.36
PAY-005991,ORD-012448,credit_card,1,4255.56
PAY-005992,ORD-003462,voucher,1,5347.34
PAY-005993,ORD-012952,credit_card,1,1593.81
PAY-005994,ORD-003252,voucher,1,269.1
PAY-005995,ORD-007641,credit_card,3,4108.47
PAY-005996,ORD-003795,credit_card,7,1630.86
PAY-005997,ORD-007031,credit_card,1,4072.36
PAY-005998,ORD-008036,credit_card,3,1647.27
PAY-005999,ORD-012380,voucher,1,5385.23
PAY-006000,ORD-006088,boleto,1,4417.01
PAY-006001,ORD-006240,credit_card,1,2151.49
PAY-006002,ORD-014287,voucher,1,785.63
PAY-006003,ORD-002826,credit_card,2,7265.91
PAY-006004,ORD-012690,credit_card,11,4256.58
PAY-006005,ORD-003405,debit_card,1,173.58
PAY-006006,ORD-013023,boleto,1,3444.68
PAY-006007,ORD-000271,debit_card,1,4125.14
PAY-006008,ORD-007459,voucher,1,5023.66
PAY-006009,ORD-004396,boleto,1,2942.28
PAY-006010,ORD-002619,boleto,1,684.6
PAY-006011,ORD-013597,credit_card,10,7677.41
PAY-006012,ORD-005512,debit_card,1,3446.35
PAY-006013,ORD-013727,voucher,1,6771.75
PAY-006014,ORD-012277,boleto,1,2039.22
PAY-006015,ORD-009172,debit_card,1,2454.39
PAY-006016,ORD-009818,cash,1,6009.24
PAY-006017,ORD-011042,debit_card,1,1411.95
PAY-006018,ORD-012315,boleto,1,6064.06
PAY-006019,ORD-008512,credit_card,12,2928.83
PAY-006020,ORD-003996,voucher,1,1658.63
PAY-006021,ORD-000904,credit_card,8,2518.48
PAY-006022,ORD-008773,credit_card,3,16.68
PAY-006023,ORD-013023,voucher,1,522.72
PAY-006024,ORD-001582,debit_card,,7901.39
PAY-006025,ORD-007202,voucher,1,2344.02
PAY-006026,ORD-013795,voucher,1,3693.02
PAY-006027,ORD-014385,debit_card,1,6395.52
PAY-006028,ORD-001076,voucher,1,-443.27
PAY-006029,ORD-013520,credit_card,10,1424.16
PAY-006030,ORD-008737,voucher,1,7237.55
PAY-006031,ORD-001574,debit_card,1,6056.21
PAY-006032,ORD-006026,credit_card,12,719.7
PAY-006033,ORD-001538,voucher,1,1290.76
PAY-006034,ORD-009772,boleto,1,3568.23
PAY-006035,ORD-000381,boleto,1,3041.79
PAY-006036,ORD-001466,debit_card,1,7438.4
PAY-006037,ORD-006484,debit_card,,5483.47
PAY-006038,ORD-011516,boleto,1,4185.89
PAY-006039,ORD-004492,debit_card,1,5600.62
PAY-006040,ORD-006397,boleto,1,1530.87
PAY-006041,ORD-009950,voucher,1,5196.06
PAY-006042,ORD-006170,debit_card,1,1417.74
PAY-006043,ORD-008122,boleto,1,1115.98
PAY-006044,ORD-005874,credit_card,6,1025.24
PAY-006045,ORD-002288,voucher,1,2769.44
PAY-006046,ORD-000383,voucher,1,6676.08
PAY-006047,ORD-003550,voucher,1,6228.99
PAY-006048,ORD-006577,voucher,1,5567.75
PAY-006049,ORD-007489,debit_card,1,4647.88
PAY-006050,ORD-007675,voucher,1,887.81
PAY-006051,ORD-000992,boleto,1,7798.01
PAY-006052,ORD-009211,voucher,1,6806.84
PAY-006053,ORD-007855,credit_card,6,721.73
PAY-006054,ORD-007113,credit_card,6,4648.6
PAY-006055,ORD-008433,voucher,1,850.64
PAY-006056,ORD-005376,voucher,1,4609.18
PAY-006057,ORD-006911,boleto,1,1587.87
PAY-006058,ORD-007492,boleto,1,4038.61
PAY-006059,ORD-006834,credit_card,4,6736.64
PAY-006060,ORD-014006,debit_card,1,5186.77
PAY-006061,ORD-009526,voucher,1,84.14
PAY-006062,ORD-009418,debit_card,1,1525.35
PAY-006063,ORD-007824,boleto,1,577.42
PAY-006064,ORD-014959,debit_card,1,5117.8
PAY-006065,ORD-008772,boleto,1,3075.0
PAY-006066,ORD-005112,voucher,1,5921.51
PAY-006067,ORD-005054,credit_card,12,2530.93
PAY-006068,ORD-014785,boleto,1,39.36
PAY-006069,ORD-011552,credit_card,5,7456.72
PAY-006070,ORD-010109,debit_card,1,1066.6
PAY-006071,ORD-008409,debit_card,1,60.37
PAY-006072,ORD-011558,boleto,1,5913.21
PAY-006073,ORD-010669,voucher,1,87.6
PAY-006074,ORD-014056,voucher,1,7594.13
PAY-006075,ORD-001766,debit_card,1,509.95
PAY-006076,ORD-007973,boleto,1,7020.13
PAY-006077,ORD-000081,debit_card,1,3561.16
PAY-006078,ORD-012439,credit_card,8,4212.37
PAY-006079,ORD-010645,voucher,1,4551.7
PAY-006080,ORD-002798,credit_card,4,615.39
PAY-006081,ORD-014761,credit_card,4,3180.29
PAY-006082,ORD-006753,voucher,1,7852.43
PAY-006083,ORD-012623,debit_card,1,2260.72
PAY-006084,ORD-013720,credit_card,9,386.61
PAY-006085,ORD-007929,voucher,1,7907.2
PAY-006086,ORD-007636,debit_card,1,270.67
PAY-006087,ORD-008763,debit_card,1,7344.75
PAY-006088,ORD-003383,credit_card,9,7545.39
PAY-006089,ORD-011531,credit_card,9,1221.53
PAY-006090,ORD-001071,credit_card,1,2256.99
PAY-006091,ORD-007419,boleto,1,5737.03
PAY-006092,ORD-013571,debit_card,1,6482.1
PAY-006093,ORD-005358,credit_card,3,3456.3
PAY-006094,ORD-004296,debit_card,1,2176.15
PAY-006095,ORD-002396,voucher,1,7473.03
PAY-006096,ORD-012736,boleto,1,5515.24
PAY-006097,ORD-013857,debit_card,1,1164.5
PAY-006098,ORD-001291,credit_card,9,2685.44
PAY-006099,ORD-008050,debit_card,1,949.66
PAY-006100,ORD-011788,credit_card,4,7437.17
PAY-006101,ORD-003851,boleto,1,3756.59
PAY-006102,ORD-008634,voucher,1,2272.69
PAY-006103,ORD-000753,credit_card,2,3092.85
PAY-006104,ORD-009427,credit_card,11,2847.43
PAY-006105,ORD-014985,boleto,1,859.76
PAY-006106,ORD-011609,boleto,1,-357.5
PAY-006107,ORD-006906,boleto,1,6975.2
PAY-006108,ORD-002783,debit_card,1,4331.94
PAY-006109,ORD-005315,debit_card,1,-178.23
PAY-006110,ORD-007791,credit_card,3,4032.33
PAY-006111,ORD-003641,credit_card,9,3616.53
PAY-006112,ORD-002279,boleto,1,4773.3
PAY-006113,ORD-004180,credit_card,10,2896.39
PAY-006114,ORD-012987,voucher,1,3312.71
PAY-006115,ORD-000195,voucher,1,1502.25
PAY-006116,ORD-001782,credit_card,11,5494.55
PAY-006117,ORD-004502,credit_card,7,6945.83
PAY-006118,ORD-001457,credit_card,12,1523.28
PAY-006119,ORD-008431,credit_card,2,707.59
PAY-006120,ORD-014872,debit_card,1,7048.88
PAY-006121,ORD-000134,debit_card,1,183.56
PAY-006122,ORD-006239,credit_card,7,2569.15
PAY-006123,ORD-012553,credit_card,,769.38
PAY-006124,ORD-004437,voucher,1,5449.61
PAY-006125,ORD-009819,debit_card,1,309.7
PAY-006126,ORD-003567,credit_card,6,1479.01
PAY-006127,ORD-013329,credit_card,8,7105.63
PAY-006128,ORD-002287,debit_card,1,3349.36
PAY-006129,ORD-007296,credit_card,5,4705.95
PAY-006130,ORD-002264,boleto,1,2057.24
PAY-006131,ORD-002460,debit_card,1,2244.62
PAY-006132,ORD-000533,boleto,1,5280.66
PAY-006133,ORD-006747,credit_card,3,6699.76
PAY-006134,ORD-003407,credit_card,2,6466.97
PAY-006135,ORD-010655,debit_card,1,2312.47
PAY-006136,ORD-014907,credit_card,10,108.48
PAY-006137,ORD-005313,credit_card,3,5642.59
PAY-006138,ORD-013817,boleto,1,4564.11
PAY-006139,ORD-001890,boleto,1,1991.29
PAY-006140,ORD-007740,voucher,1,2912.23
PAY-006141,ORD-010040,boleto,1,3662.19
PAY-006142,ORD-010423,debit_card,1,5418.53
PAY-006143,ORD-004072,credit_card,1,7450.76
PAY-006144,ORD-000410,voucher,1,427.26
PAY-006145,ORD-010407,boleto,1,5573.87
PAY-006146,ORD-000447,credit_card,5,6908.87
PAY-006147,ORD-003622,voucher,1,2093.74
PAY-006148,ORD-006994,voucher,1,4299.83
PAY-006149,ORD-000542,credit_card,10,6969.3
PAY-006150,ORD-014060,voucher,1,1345.29
PAY-006151,ORD-009173,boleto,1,3971.93
PAY-006152,ORD-011062,credit_card,12,5815.18
PAY-006153,ORD-000861,voucher,1,7312.91
PAY-006154,ORD-003839,boleto,1,6466.03
PAY-006155,ORD-011077,credit_card,4,1004.27
PAY-006156,ORD-002113,debit_card,1,4205.69
PAY-006157,ORD-012931,voucher,1,2357.22
PAY-006158,ORD-002058,voucher,1,7154.47
PAY-006159,ORD-000517,debit_card,1,6075.48
PAY-006160,ORD-013930,voucher,1,1479.12
PAY-006161,ORD-006220,voucher,1,123.31
PAY-006162,ORD-014011,boleto,1,224.22
PAY-006163,ORD-001080,debit_card,1,2717.42
PAY-006164,ORD-009265,debit_card,1,1145.31
PAY-006165,ORD-010128,credit_card,8,2445.85
PAY-006166,ORD-000993,boleto,1,449.9
PAY-006167,ORD-005973,debit_card,1,2191.74
PAY-006168,ORD-006815,boleto,1,1157.48
PAY-006169,ORD-004229,debit_card,1,6391.74
PAY-006170,ORD-007588,voucher,1,6279.95
PAY-006171,ORD-000057,credit_card,1,3553.33
PAY-006172,ORD-004777,credit_card,5,3274.06
PAY-006173,ORD-006643,boleto,1,3266.55
PAY-006174,ORD-002294,voucher,1,7512.45
PAY-006175,ORD-011996,debit_card,1,5971.6
PAY-006176,ORD-012340,debit_card,1,598.59
PAY-006177,ORD-001735,credit_card,11,2285.25
PAY-006178,ORD-004417,credit_card,8,6691.89
PAY-006179,ORD-005888,debit_card,1,5227.88
PAY-006180,ORD-007799,boleto,1,296.43
PAY-006181,ORD-010484,boleto,1,4920.52
PAY-006182,ORD-011395,boleto,1,2913.06
PAY-006183,ORD-005217,boleto,1,5099.1
PAY-006184,ORD-005812,debit_card,1,4989.72
PAY-006185,ORD-000547,boleto,1,5636.7
PAY-006186,ORD-014267,boleto,1,1740.91
PAY-006187,ORD-011978,debit_card,1,2336.62
PAY-006188,ORD-010117,voucher,1,914.24
PAY-006189,ORD-001072,credit_card,3,1960.24
PAY-006190,ORD-009710,voucher,1,6392.75
PAY-006191,ORD-001708,boleto,1,5195.85
PAY-006192,ORD-004006,voucher,1,201.87
PAY-006193,ORD-004605,debit_card,1,4042.67
PAY-006194,ORD-000991,debit_card,1,401.44
PAY-006195,ORD-003246,boleto,1,4111.11
PAY-006196,ORD-005243,boleto,1,1267.9
PAY-006197,ORD-004143,debit_card,1,6034.95
PAY-006198,ORD-010163,voucher,1,469.16
PAY-006199,ORD-008909,voucher,1,7908.39
PAY-006200,ORD-007081,voucher,1,5420.62
PAY-006201,ORD-001617,voucher,1,6114.26
PAY-006202,ORD-014551,credit_card,7,413.86
PAY-006203,ORD-009978,boleto,1,760.42
PAY-006204,ORD-011202,credit_card,1,3948.54
PAY-006205,ORD-009071,boleto,1,1013.42
PAY-006206,ORD-012463,debit_card,1,-234.79
PAY-006207,ORD-010366,debit_card,1,1574.15
PAY-006208,ORD-007722,boleto,1,4777.75
PAY-006209,ORD-008830,credit_card,2,996.16
PAY-006210,ORD-004183,credit_card,2,1867.24
PAY-006211,ORD-008321,voucher,1,1964.81
PAY-006212,ORD-007870,boleto,1,4897.6
PAY-006213,ORD-004415,debit_card,1,4799.08
PAY-006214,ORD-005302,boleto,1,354.03
PAY-006215,ORD-008213,debit_card,,4358.4
PAY-006216,ORD-007529,debit_card,1,1694.8
PAY-006217,ORD-004362,voucher,1,1436.8
PAY-006218,ORD-001045,credit_card,8,513.81
PAY-006219,ORD-010431,debit_card,1,4688.88
PAY-006220,ORD-005366,credit_card,6,5811.83
PAY-006221,ORD-009095,boleto,1,968.56
PAY-006222,ORD-009786,debit_card,1,236.61
PAY-006223,ORD-000573,voucher,1,1641.62
PAY-006224,ORD-009747,voucher,1,2395.82
PAY-006225,ORD-003439,credit_card,11,4161.96
PAY-006226,ORD-012760,debit_card,1,5992.07
PAY-006227,ORD-000269,boleto,1,2360.99
PAY-006228,ORD-000509,voucher,1,856.33
PAY-006229,ORD-009260,debit_card,1,135.09
PAY-006230,ORD-014067,voucher,1,32.31
PAY-006231,ORD-006891,credit_card,2,7637.75
PAY-006232,ORD-002754,credit_card,8,557.29
PAY-006233,ORD-008732,debit_card,1,7829.03
PAY-006234,ORD-007269,,1,1322.8
PAY-006235,ORD-008593,voucher,1,1754.42
PAY-006236,ORD-013924,boleto,1,3960.87
PAY-006237,ORD-010939,boleto,1,4769.27
PAY-006238,ORD-002523,debit_card,1,4536.07
PAY-006239,ORD-007656,debit_card,1,3672.49
PAY-006240,ORD-011822,credit_card,10,3939.96
PAY-006241,ORD-013785,credit_card,7,7840.31
PAY-006242,ORD-014269,credit_card,10,6796.13
PAY-006243,ORD-007799,voucher,1,3421.94
PAY-006244,ORD-011730,voucher,1,4469.01
PAY-006245,ORD-003338,credit_card,3,4416.17
PAY-006246,ORD-002008,voucher,1,3528.88
PAY-006247,ORD-003228,credit_card,8,-209.46
PAY-006248,ORD-002697,credit_card,11,1401.18
PAY-006249,ORD-013878,credit_card,10,-256.98
PAY-006250,ORD-006118,credit_card,2,6339.4
PAY-006251,ORD-014381,voucher,1,3544.94
PAY-006252,ORD-011136,boleto,1,6280.38
PAY-006253,ORD-014390,credit_card,6,1070.94
PAY-006254,ORD-011045,boleto,1,7661.04
PAY-006255,ORD-009236,debit_card,1,2552.43
PAY-006256,ORD-011580,credit_card,4,1602.77
PAY-006257,ORD-004115,boleto,1,6895.77
PAY-006258,ORD-001940,boleto,1,5105.76
PAY-006259,ORD-001290,credit_card,10,835.29
PAY-006260,ORD-003031,voucher,1,44.39
PAY-006261,ORD-001295,credit_card,6,4179.8
PAY-006262,ORD-012268,debit_card,1,2841.79
PAY-006263,ORD-008369,voucher,1,4580.04
PAY-006264,ORD-013184,boleto,1,5588.18
PAY-006265,ORD-012549,debit_card,1,5088.77
PAY-006266,ORD-003846,voucher,1,5887.68
PAY-006267,ORD-001903,debit_card,,6264.75
PAY-006268,ORD-003727,debit_card,1,7906.78
PAY-006269,ORD-014135,debit_card,1,3518.22
PAY-006270,ORD-011636,voucher,1,1981.92
PAY-006271,ORD-002403,credit_card,11,1915.04
PAY-006272,ORD-001032,debit_card,1,1133.49
PAY-006273,ORD-008435,credit_card,1,7514.17
PAY-006274,ORD-009436,voucher,1,635.22
PAY-006275,ORD-012126,credit_card,11,5313.38
PAY-006276,ORD-000783,credit_card,12,5545.36
PAY-006277,ORD-011479,voucher,1,4231.03
PAY-006278,ORD-010246,voucher,1,574.69
PAY-006279,ORD-007002,debit_card,1,4329.57
PAY-006280,ORD-013400,boleto,1,4715.97
PAY-006281,ORD-002356,debit_card,1,469.48
PAY-006282,ORD-003184,credit_card,1,4511.86
PAY-006283,ORD-009110,credit_card,9,5068.03
PAY-006284,ORD-000194,voucher,1,701.33
PAY-006285,ORD-014251,voucher,1,7245.42
PAY-006286,ORD-001737,voucher,1,1254.87
PAY-006287,ORD-012769,voucher,1,5496.8
PAY-006288,ORD-006599,cash,8,2003.51
PAY-006289,ORD-006280,credit_card,5,2776.15
PAY-006290,ORD-009719,voucher,,1388.21
PAY-006291,ORD-013541,boleto,1,2136.64
PAY-006292,ORD-000242,voucher,1,2269.54
PAY-006293,ORD-010258,voucher,1,6396.84
PAY-006294,ORD-009251,voucher,1,7719.39
PAY-006295,ORD-006419,debit_card,1,166.4
PAY-006296,ORD-013838,credit_card,7,6062.75
PAY-006297,ORD-009597,boleto,1,2811.63
PAY-006298,ORD-001591,boleto,1,4884.45
PAY-006299,ORD-007947,debit_card,1,6851.01
PAY-006300,ORD-006581,debit_card,1,3475.27
PAY-006301,ORD-002821,boleto,1,4052.31
PAY-006302,ORD-001410,credit_card,5,2859.07
PAY-006303,ORD-004704,boleto,1,7629.5
PAY-006304,ORD-003852,voucher,1,6237.61
PAY-006305,ORD-010853,credit_card,6,3240.57
PAY-006306,ORD-007645,voucher,1,3200.92
PAY-006307,ORD-008589,debit_card,1,4615.69
PAY-006308,ORD-000737,voucher,1,1894.96
PAY-006309,ORD-010418,debit_card,1,1528.47
PAY-006310,ORD-006281,debit_card,1,3521.61
PAY-006311,ORD-007312,debit_card,1,6406.81
PAY-006312,ORD-003897,voucher,1,2543.99
PAY-006313,ORD-007059,credit_card,4,3039.37
PAY-006314,ORD-012499,voucher,1,1858.73
PAY-006315,ORD-009620,voucher,1,1199.02
PAY-006316,ORD-007778,boleto,1,3856.32
PAY-006317,ORD-008140,debit_card,1,2843.26
PAY-006318,ORD-008974,boleto,1,-88.08
PAY-006319,ORD-010544,debit_card,1,3382.91
PAY-006320,ORD-012911,debit_card,1,6572.58
PAY-006321,ORD-005188,debit_card,1,6370.73
PAY-006322,ORD-006606,credit_card,6,7512.09
PAY-006323,ORD-008038,voucher,1,6239.97
PAY-006324,ORD-002199,voucher,1,220.1
PAY-006325,ORD-008536,debit_card,1,5230.22
PAY-006326,ORD-002898,credit_card,3,2782.04
PAY-006327,ORD-000913,voucher,1,4799.14
PAY-006328,ORD-012445,debit_card,1,1774.21
PAY-006329,ORD-006733,debit_card,1,386.15
PAY-006330,ORD-005987,credit_card,9,1071.0
PAY-006331,ORD-004773,voucher,1,5793.97
PAY-006332,ORD-001663,debit_card,1,2747.98
PAY-006333,ORD-013544,boleto,1,1602.7
PAY-006334,ORD-007274,voucher,1,6368.08
PAY-006335,ORD-001088,credit_card,6,5647.91
PAY-006336,ORD-013852,voucher,1,6851.03
PAY-006337,ORD-013720,voucher,1,1249.74
PAY-006338,ORD-001650,debit_card,1,6627.74
PAY-006339,ORD-005383,credit_card,2,7804.1
PAY-006340,ORD-006409,voucher,1,7934.06
PAY-006341,ORD-009681,boleto,1,679.36
PAY-006342,ORD-010753,boleto,1,5537.4
PAY-006343,ORD-003675,debit_card,1,1995.07
PAY-006344,ORD-014201,credit_card,11,7639.18
PAY-006345,ORD-007268,voucher,1,3892.7
PAY-006346,ORD-006622,credit_card,10,6082.89
PAY-006347,ORD-012403,debit_card,1,7462.19
PAY-006348,ORD-010305,credit_card,8,4863.4
PAY-006349,ORD-014181,debit_card,1,7551.5
PAY-006350,ORD-005030,credit_card,5,7589.65
PAY-006351,ORD-001832,boleto,1,4896.79
PAY-006352,ORD-014043,debit_card,1,5522.03
PAY-006353,ORD-000299,credit_card,12,1018.19
PAY-006354,ORD-000455,boleto,1,4136.51
PAY-006355,ORD-013823,boleto,1,1527.06
PAY-006356,ORD-009053,credit_card,6,6257.85
PAY-006357,ORD-013374,debit_card,1,-451.31
PAY-006358,ORD-005687,credit_card,11,6829.76
PAY-006359,ORD-007514,debit_card,1,1039.09
PAY-006360,ORD-005352,debit_card,1,4717.37
PAY-006361,ORD-003460,voucher,1,2220.18
PAY-006362,ORD-011700,voucher,1,6576.83
PAY-006363,ORD-011700,credit_card,5,-454.56
PAY-006364,ORD-007519,debit_card,1,2998.39
PAY-006365,ORD-002388,voucher,1,7703.23
PAY-006366,ORD-000292,voucher,1,3283.28
PAY-006367,ORD-012908,voucher,1,5300.7
PAY-006368,ORD-008880,credit_card,5,601.28
PAY-006369,ORD-013555,debit_card,1,6035.3
PAY-006370,ORD-012948,credit_card,3,438.76
PAY-006371,ORD-008253,voucher,1,2242.1
PAY-006372,ORD-011904,debit_card,1,2115.7
PAY-006373,ORD-001353,debit_card,1,3701.55
PAY-006374,ORD-000314,credit_card,11,7519.69
PAY-006375,ORD-003872,boleto,1,6936.12
PAY-006376,ORD-002975,debit_card,1,730.86
PAY-006377,ORD-004057,voucher,1,525.53
PAY-006378,ORD-000553,voucher,1,1762.31
PAY-006379,ORD-011266,voucher,1,4092.18
PAY-006380,ORD-012225,voucher,1,4621.29
PAY-006381,ORD-010218,boleto,1,5745.93
PAY-006382,ORD-004107,credit_card,9,3639.03
PAY-006383,ORD-000289,debit_card,1,385.63
PAY-006384,ORD-011308,debit_card,1,4223.21
PAY-006385,ORD-008974,credit_card,6,-159.12
PAY-006386,ORD-009137,boleto,1,1336.3
PAY-006387,ORD-012967,voucher,1,6422.76
PAY-006388,ORD-010958,boleto,1,2598.91
PAY-006389,ORD-011280,debit_card,1,7513.25
PAY-006390,ORD-010222,boleto,1,6385.36
PAY-006391,ORD-000666,credit_card,11,-18.88
PAY-006392,ORD-004486,debit_card,1,6226.02
PAY-006393,ORD-012561,boleto,1,7735.8
PAY-006394,ORD-010478,boleto,1,1875.24
PAY-006395,ORD-010110,credit_card,3,1182.64
PAY-006396,ORD-000004,boleto,1,1535.18
PAY-006397,ORD-007976,credit_card,4,3986.58
PAY-006398,ORD-009060,credit_card,6,756.19
PAY-006399,ORD-004695,credit_card,8,7074.22
PAY-006400,ORD-013700,voucher,1,5472.18
PAY-006401,ORD-007560,credit_card,8,4188.97
PAY-006402,ORD-012423,voucher,1,5684.6
PAY-006403,ORD-009492,voucher,1,7437.26
PAY-006404,ORD-005250,voucher,1,-295.69
PAY-006405,ORD-008981,boleto,1,4311.72
PAY-006406,ORD-007233,voucher,1,7480.29
PAY-006407,ORD-003946,debit_card,1,2262.69
PAY-006408,ORD-001382,voucher,1,415.03
PAY-006409,ORD-001075,debit_card,1,2175.08
PAY-006410,ORD-001765,credit_card,12,6182.57
PAY-006411,ORD-004045,boleto,1,1638.12
PAY-006412,ORD-002564,credit_card,2,1447.23
PAY-006413,ORD-010221,credit_card,11,5124.52
PAY-006414,ORD-013701,credit_card,5,1991.85
PAY-006415,ORD-007200,boleto,1,7575.01
PAY-006416,ORD-001445,boleto,1,459.37
PAY-006417,ORD-006254,debit_card,1,2881.7
PAY-006418,ORD-014832,boleto,1,911.55
PAY-006419,ORD-004267,debit_card,1,3248.38
PAY-006420,ORD-000138,credit_card,3,1743.3
PAY-006421,ORD-004225,debit_card,1,7753.5
PAY-006422,ORD-012775,boleto,1,3340.47
PAY-006423,ORD-008481,credit_card,7,235.53
PAY-006424,ORD-005124,voucher,1,1360.1
PAY-006425,ORD-006472,boleto,1,680.63
PAY-006426,ORD-006147,credit_card,11,1726.46
PAY-006427,ORD-006260,debit_card,1,7210.02
PAY-006428,ORD-007271,voucher,1,2679.98
PAY-006429,ORD-014182,debit_card,1,3098.86
PAY-006430,ORD-012616,voucher,1,3272.93
PAY-006431,ORD-010638,credit_card,2,4826.76
PAY-006432,ORD-003373,boleto,1,2735.78
PAY-006433,ORD-001968,voucher,1,486.77
PAY-006434,ORD-002195,credit_card,5,7705.01
PAY-006435,ORD-009665,credit_card,7,2878.88
PAY-006436,ORD-001834,voucher,1,6119.46
PAY-006437,ORD-009802,debit_card,1,4305.97
PAY-006438,ORD-011478,voucher,1,4174.94
PAY-006439,ORD-004890,voucher,1,4378.31
PAY-006440,ORD-014991,boleto,1,3644.48
PAY-006441,ORD-013388,credit_card,3,4707.26
PAY-006442,ORD-003542,voucher,1,6838.03
PAY-006443,ORD-013437,voucher,1,7224.45
PAY-006444,ORD-002379,voucher,1,6390.29
PAY-006445,ORD-007273,debit_card,1,5372.89
PAY-006446,ORD-006592,boleto,1,1781.16
PAY-006447,ORD-000576,voucher,1,1754.67
PAY-006448,ORD-008822,debit_card,1,590.79
PAY-006449,ORD-002808,credit_card,9,446.26
PAY-006450,ORD-002035,debit_card,1,2190.94
PAY-006451,ORD-005255,credit_card,10,3011.61
PAY-006452,ORD-010940,debit_card,1,3213.09
PAY-006453,ORD-007251,credit_card,3,5659.33
PAY-006454,ORD-000027,credit_card,12,7680.66
PAY-006455,ORD-011441,credit_card,10,7377.9
PAY-006456,ORD-012382,boleto,1,60.3
PAY-006457,ORD-013576,boleto,1,4277.56
PAY-006458,ORD-000051,boleto,1,-444.01
PAY-006459,ORD-009381,boleto,1,6145.08
PAY-006460,ORD-011427,boleto,1,5869.58
PAY-006461,ORD-006626,voucher,1,5288.95
PAY-006462,ORD-005843,boleto,1,1901.55
PAY-006463,ORD-006286,debit_card,1,3855.7
PAY-006464,ORD-014415,boleto,1,7871.4
PAY-006465,ORD-006247,boleto,1,4221.24
PAY-006466,ORD-009667,debit_card,1,3644.92
PAY-006467,ORD-001754,voucher,1,4574.17
PAY-006468,ORD-008087,boleto,1,2483.72
PAY-006469,ORD-000535,credit_card,9,2276.93
PAY-006470,ORD-000917,boleto,1,7184.18
PAY-006471,ORD-005523,debit_card,1,3610.32
PAY-006472,ORD-000830,boleto,1,2835.74
PAY-006473,ORD-011220,debit_card,1,7695.62
PAY-006474,ORD-010689,voucher,1,6618.31
PAY-006475,ORD-012968,credit_card,12,3255.5
PAY-006476,ORD-006940,debit_card,1,2324.99
PAY-006477,ORD-002219,credit_card,3,1441.3
PAY-006478,ORD-001970,voucher,1,3056.18
PAY-006479,ORD-008077,credit_card,4,4419.38
PAY-006480,ORD-012935,debit_card,1,3833.21
PAY-006481,ORD-014147,credit_card,10,7108.36
PAY-006482,ORD-013042,debit_card,1,6212.9
PAY-006483,ORD-010067,debit_card,1,3000.9
PAY-006484,ORD-000100,credit_card,2,7643.33
PAY-006485,ORD-006401,debit_card,1,6715.81
PAY-006486,ORD-008399,debit_card,1,4744.54
PAY-006487,ORD-013484,boleto,1,2861.26
PAY-006488,ORD-010777,credit_card,3,-412.5
PAY-006489,ORD-011844,debit_card,1,4170.48
PAY-006490,ORD-013312,voucher,1,2873.49
PAY-006491,ORD-010605,voucher,1,7492.5
PAY-006492,ORD-012423,voucher,1,2035.57
PAY-006493,ORD-010746,voucher,1,4975.89
PAY-006494,ORD-013368,credit_card,6,1213.06
PAY-006495,ORD-009311,debit_card,1,1859.08
PAY-006496,ORD-001930,credit_card,1,3947.44
PAY-006497,ORD-009527,voucher,1,5968.23
PAY-006498,ORD-002006,credit_card,1,2397.08
PAY-006499,ORD-002588,debit_card,1,2902.97
PAY-006500,ORD-002201,voucher,1,5827.49
PAY-006501,ORD-005729,debit_card,1,455.28
PAY-006502,ORD-010222,voucher,1,3380.67
PAY-006503,ORD-000383,boleto,1,2096.29
PAY-006504,ORD-007343,voucher,1,5452.95
PAY-006505,ORD-004811,voucher,1,2311.73
PAY-006506,ORD-014136,boleto,1,3264.57
PAY-006507,ORD-004562,voucher,1,2949.36
PAY-006508,ORD-004506,voucher,1,2468.66
PAY-006509,ORD-012814,boleto,1,2952.82
PAY-006510,ORD-008145,boleto,1,6828.45
PAY-006511,ORD-002418,voucher,1,1244.02
PAY-006512,ORD-008544,voucher,1,2505.51
PAY-006513,ORD-014405,debit_card,1,2965.61
PAY-006514,ORD-001905,boleto,1,1365.54
PAY-006515,ORD-000292,credit_card,6,6525.9
PAY-006516,ORD-010555,debit_card,1,6518.74
PAY-006517,ORD-007623,debit_card,1,5080.02
PAY-006518,ORD-010560,boleto,1,4935.19
PAY-006519,ORD-007506,boleto,1,7388.96
PAY-006520,ORD-013645,boleto,1,859.52
PAY-006521,ORD-000266,debit_card,1,-359.52
PAY-006522,ORD-002334,boleto,1,1718.45
PAY-006523,ORD-010096,credit_card,3,2905.15
PAY-006524,ORD-008727,voucher,1,4193.23
PAY-006525,ORD-003823,boleto,1,5969.3
PAY-006526,ORD-001522,credit_card,7,6651.13
PAY-006527,ORD-001196,credit_card,12,1197.72
PAY-006528,ORD-005298,debit_card,1,1038.03
PAY-006529,ORD-008244,boleto,1,2897.38
PAY-006530,ORD-011536,boleto,1,6350.41
PAY-006531,ORD-003379,credit_card,2,5816.01
PAY-006532,ORD-002763,boleto,1,3535.88
PAY-006533,ORD-009456,debit_card,1,730.75
PAY-006534,ORD-007904,debit_card,1,7169.05
PAY-006535,ORD-003482,credit_card,,1833.21
PAY-006536,ORD-014330,credit_card,3,7784.42
PAY-006537,ORD-012001,voucher,1,7891.91
PAY-006538,ORD-011214,debit_card,1,6882.36
PAY-006539,ORD-003291,debit_card,1,3305.76
PAY-006540,ORD-007672,boleto,1,1238.1
PAY-006541,ORD-002729,voucher,1,6861.47
PAY-006542,ORD-013700,credit_card,1,6379.44
PAY-006543,ORD-009281,voucher,1,1868.81
PAY-006544,ORD-004398,boleto,1,6028.73
PAY-006545,ORD-008883,boleto,1,7306.67
PAY-006546,ORD-014385,credit_card,9,1180.57
PAY-006547,ORD-012705,voucher,1,793.08
PAY-006548,ORD-013151,voucher,1,3510.0
PAY-006549,ORD-013186,boleto,1,4164.25
PAY-006550,ORD-001423,boleto,1,6592.24
PAY-006551,ORD-002767,debit_card,1,52.04
PAY-006552,ORD-006231,debit_card,1,1945.91
PAY-006553,ORD-004591,credit_card,6,-40.43
PAY-006554,ORD-000129,boleto,1,7740.8
PAY-006555,ORD-000919,credit_card,12,4444.41
PAY-006556,ORD-012087,debit_card,1,603.04
PAY-006557,ORD-006787,boleto,1,1362.95
PAY-006558,ORD-006959,debit_card,1,5266.23
PAY-006559,ORD-009813,boleto,1,5170.51
PAY-006560,ORD-002012,voucher,1,3233.81
PAY-006561,ORD-013832,debit_card,1,3086.82
PAY-006562,ORD-004890,credit_card,4,484.21
PAY-006563,ORD-000550,boleto,1,6579.51
PAY-006564,ORD-009209,voucher,1,4706.31
PAY-006565,ORD-008590,debit_card,1,5186.35
PAY-006566,ORD-007224,voucher,1,190.2
PAY-006567,ORD-013831,boleto,1,5917.39
PAY-006568,ORD-010588,debit_card,1,3048.81
PAY-006569,ORD-011313,boleto,1,-389.48
PAY-006570,ORD-001562,credit_card,6,4397.07
PAY-006571,ORD-006802,boleto,1,4497.9
PAY-006572,ORD-013663,credit_card,11,791.28
PAY-006573,ORD-012083,voucher,1,5782.61
PAY-006574,ORD-010534,voucher,1,821.11
PAY-006575,ORD-009321,boleto,,4973.61
PAY-006576,ORD-004408,boleto,1,5447.19
PAY-006577,ORD-001453,voucher,1,3481.54
PAY-006578,ORD-011168,boleto,1,3736.68
PAY-006579,ORD-000484,,1,3421.48
PAY-006580,ORD-013651,voucher,1,-2.25
PAY-006581,ORD-011637,credit_card,6,2117.74
PAY-006582,ORD-007353,boleto,1,-443.73
PAY-006583,ORD-013033,credit_card,5,1167.66
PAY-006584,ORD-012855,debit_card,1,3852.81
PAY-006585,ORD-002906,debit_card,1,5656.54
PAY-006586,ORD-012646,voucher,1,6212.03
PAY-006587,ORD-001164,debit_card,1,5607.68
PAY-006588,ORD-007438,voucher,1,4378.35
PAY-006589,ORD-011135,boleto,1,5474.66
PAY-006590,ORD-009851,credit_card,7,515.58
PAY-006591,ORD-013540,voucher,1,1740.95
PAY-006592,ORD-008462,debit_card,1,-24.24
PAY-006593,ORD-004003,debit_card,1,7049.37
PAY-006594,ORD-000659,credit_card,1,2548.83
PAY-006595,ORD-000939,credit_card,1,5552.7
PAY-006596,ORD-000114,voucher,1,5444.95
PAY-006597,ORD-011207,boleto,1,5025.73
PAY-006598,ORD-005263,debit_card,1,6674.91
PAY-006599,ORD-005553,credit_card,2,2714.64
PAY-006600,ORD-004934,voucher,1,1050.41
PAY-006601,ORD-013792,debit_card,1,1909.95
PAY-006602,ORD-004308,boleto,1,4111.29
PAY-006603,ORD-007600,boleto,1,76.65
PAY-006604,ORD-007895,boleto,1,6934.0
PAY-006605,ORD-003087,boleto,1,891.21
PAY-006606,ORD-010485,boleto,1,2127.18
PAY-006607,ORD-002385,boleto,1,1031.16
PAY-006608,ORD-011568,credit_card,3,7575.02
PAY-006609,ORD-009985,voucher,1,2869.2
PAY-006610,ORD-000028,debit_card,1,3866.96
PAY-006611,ORD-014319,boleto,1,6254.84
PAY-006612,ORD-004141,credit_card,12,6457.24
PAY-006613,ORD-004752,voucher,1,1336.02
PAY-006614,ORD-005011,boleto,1,5235.82
PAY-006615,ORD-004004,boleto,1,7098.5
PAY-006616,ORD-013680,voucher,1,6241.56
PAY-006617,ORD-006260,voucher,1,958.32
PAY-006618,ORD-014689,boleto,1,590.26
PAY-006619,ORD-011261,voucher,1,2566.49
PAY-006620,ORD-013532,credit_card,6,1682.77
PAY-006621,ORD-004969,boleto,1,6497.93
PAY-006622,ORD-013047,voucher,1,4556.32
PAY-006623,ORD-013572,credit_card,2,822.5
PAY-006624,ORD-011040,boleto,1,590.9
PAY-006625,ORD-007691,debit_card,1,4655.44
PAY-006626,ORD-013968,boleto,1,6772.03
PAY-006627,ORD-001939,credit_card,5,4231.1
PAY-006628,ORD-012304,boleto,1,1951.15
PAY-006629,ORD-014028,credit_card,7,3692.24
PAY-006630,ORD-014444,boleto,1,177.21
PAY-006631,ORD-007026,credit_card,8,6040.64
PAY-006632,ORD-011315,credit_card,4,1001.29
PAY-006633,ORD-014561,voucher,1,5591.08
PAY-006634,ORD-013390,boleto,1,2945.6
PAY-006635,ORD-010687,credit_card,5,4408.65
PAY-006636,ORD-002658,debit_card,1,418.53
PAY-006637,ORD-010154,credit_card,11,1189.9
PAY-006638,ORD-001146,boleto,1,4543.36
PAY-006639,ORD-001845,debit_card,1,5093.82
PAY-006640,ORD-011165,boleto,1,1537.37
PAY-006641,ORD-003574,credit_card,10,7841.78
PAY-006642,ORD-004512,PIX,1,428.68
PAY-006643,ORD-000040,voucher,1,5484.32
PAY-006644,ORD-001998,boleto,1,2284.48
PAY-006645,ORD-012265,credit_card,5,978.8
PAY-006646,ORD-013015,voucher,1,839.13
PAY-006647,ORD-003544,debit_card,1,6053.05
PAY-006648,ORD-012359,boleto,1,2415.93
PAY-006649,ORD-012109,voucher,1,6513.47
PAY-006650,ORD-003606,credit_card,7,-315.0
PAY-006651,ORD-009787,debit_card,1,4870.24
PAY-006652,ORD-004164,debit_card,1,5805.16
PAY-006653,ORD-001970,voucher,1,2586.85
PAY-006654,ORD-002396,boleto,1,3476.74
PAY-006655,ORD-013251,voucher,1,3319.97
PAY-006656,ORD-010187,debit_card,1,4009.62
PAY-006657,ORD-011871,voucher,1,1033.18
PAY-006658,ORD-010399,credit_card,12,295.79
PAY-006659,ORD-008231,PIX,10,604.28
PAY-006660,ORD-001251,credit_card,12,3958.05
PAY-006661,ORD-009772,credit_card,6,6156.67
PAY-006662,ORD-008896,boleto,1,20.08
PAY-006663,ORD-008500,voucher,1,7458.72
PAY-006664,ORD-004681,debit_card,1,4907.16
PAY-006665,ORD-010094,boleto,1,4508.15
PAY-006666,ORD-001321,credit_card,4,6331.42
PAY-006667,ORD-007099,voucher,1,1610.57
PAY-006668,ORD-010916,voucher,1,3851.61
PAY-006669,ORD-014898,debit_card,1,6877.99
PAY-006670,ORD-006838,voucher,1,1157.94
PAY-006671,ORD-013294,boleto,1,7114.35
PAY-006672,ORD-005540,boleto,1,3095.16
PAY-006673,ORD-010371,credit_card,7,3948.06
PAY-006674,ORD-008050,boleto,1,4858.62
PAY-006675,ORD-012238,boleto,1,4691.0
PAY-006676,ORD-014138,voucher,1,2732.65
PAY-006677,ORD-010903,boleto,1,991.9
PAY-006678,ORD-008762,debit_card,1,560.03
PAY-006679,ORD-003618,voucher,1,2150.33
PAY-006680,ORD-001870,voucher,1,6660.03
PAY-006681,ORD-010215,credit_card,12,784.48
PAY-006682,ORD-007315,credit_card,10,-387.25
PAY-006683,ORD-010258,debit_card,1,5912.34
PAY-006684,ORD-006689,credit_card,8,1700.44
PAY-006685,ORD-004024,boleto,1,6991.29
PAY-006686,ORD-011383,debit_card,1,3406.75
PAY-006687,ORD-013694,voucher,1,666.26
PAY-006688,ORD-004568,credit_card,5,5961.77
PAY-006689,ORD-007935,debit_card,1,179.51
PAY-006690,ORD-000645,credit_card,4,945.68
PAY-006691,ORD-013434,boleto,1,405.45
PAY-006692,ORD-008651,credit_card,4,1821.36
PAY-006693,ORD-010059,credit_card,10,621.84
PAY-006694,ORD-003967,credit_card,5,1209.1
PAY-006695,ORD-014402,debit_card,1,6683.29
PAY-006696,ORD-004671,credit_card,10,-159.13
PAY-006697,ORD-013566,voucher,1,4745.45
PAY-006698,ORD-011072,boleto,1,7689.88
PAY-006699,ORD-005970,voucher,1,4753.14
PAY-006700,ORD-005184,credit_card,12,187.85
PAY-006701,ORD-003610,boleto,1,4306.88
PAY-006702,ORD-013741,credit_card,10,6653.78
PAY-006703,ORD-008337,voucher,1,4381.71
PAY-006704,ORD-000009,credit_card,3,1998.23
PAY-006705,ORD-009527,voucher,1,2052.87
PAY-006706,ORD-014130,credit_card,7,7767.82
PAY-006707,ORD-002679,credit_card,11,1677.05
PAY-006708,ORD-006383,voucher,1,2343.47
PAY-006709,ORD-005593,voucher,1,2243.5
PAY-006710,ORD-002950,voucher,1,4845.1
PAY-006711,ORD-006251,voucher,1,2876.65
PAY-006712,ORD-003879,debit_card,1,7160.16
PAY-006713,ORD-011362,voucher,1,3937.34
PAY-006714,ORD-003701,credit_card,3,5817.14
PAY-006715,ORD-006682,credit_card,6,3882.35
PAY-006716,ORD-014323,credit_card,9,3134.94
PAY-006717,ORD-011000,debit_card,1,7337.99
PAY-006718,ORD-002152,credit_card,2,2281.17
PAY-006719,ORD-004820,credit_card,6,2524.98
PAY-006720,ORD-006694,credit_card,9,4214.79
PAY-006721,ORD-006739,voucher,1,877.32
PAY-006722,ORD-004673,boleto,1,1881.35
PAY-006723,ORD-004676,credit_card,2,3949.93
PAY-006724,ORD-010702,credit_card,11,1518.19
PAY-006725,ORD-001672,boleto,1,6644.64
PAY-006726,ORD-009975,boleto,1,7052.0
PAY-006727,ORD-013304,credit_card,11,2298.63
PAY-006728,ORD-002000,debit_card,1,2322.38
PAY-006729,ORD-012122,debit_card,1,3100.12
PAY-006730,ORD-003356,credit_card,11,4041.71
PAY-006731,ORD-006572,voucher,1,3357.16
PAY-006732,ORD-002195,credit_card,8,7810.14
PAY-006733,ORD-006067,credit_card,9,2664.66
PAY-006734,ORD-003507,boleto,1,6918.92
PAY-006735,ORD-005207,debit_card,1,1720.0
PAY-006736,ORD-002830,credit_card,6,3987.93
PAY-006737,ORD-004483,debit_card,1,7221.07
PAY-006738,ORD-010264,voucher,1,6643.72
PAY-006739,ORD-010864,credit_card,12,6911.26
PAY-006740,ORD-003186,boleto,1,4163.16
PAY-006741,ORD-007035,debit_card,1,5139.89
PAY-006742,ORD-006174,voucher,1,6427.2
PAY-006743,ORD-011639,debit_card,1,7968.71
PAY-006744,ORD-004782,debit_card,1,3048.33
PAY-006745,ORD-012501,voucher,1,6872.74
PAY-006746,ORD-002242,voucher,1,5660.26
PAY-006747,ORD-001922,credit_card,10,1027.25
PAY-006748,ORD-000216,credit_card,6,4495.48
PAY-006749,ORD-001112,credit_card,9,2223.98
PAY-006750,ORD-008039,voucher,1,6718.31
PAY-006751,ORD-008981,boleto,1,1322.16
PAY-006752,ORD-008152,voucher,1,6025.71
PAY-006753,ORD-007125,credit_card,2,4185.87
PAY-006754,ORD-010817,boleto,1,2286.98
PAY-006755,ORD-010571,debit_card,1,1195.37
PAY-006756,ORD-009291,debit_card,1,964.63
PAY-006757,ORD-000446,boleto,1,720.59
PAY-006758,ORD-011687,voucher,1,5662.86
PAY-006759,ORD-002007,boleto,1,6062.76
PAY-006760,ORD-010440,voucher,1,2049.14
PAY-006761,ORD-013644,voucher,1,3927.74
PAY-006762,ORD-006843,boleto,1,5250.64
PAY-006763,ORD-001893,credit_card,9,3181.31
PAY-006764,ORD-005952,boleto,1,643.09
PAY-006765,ORD-003825,boleto,1,3446.29
PAY-006766,ORD-014600,debit_card,1,5854.72
PAY-006767,ORD-013790,credit_card,6,2273.58
PAY-006768,ORD-012088,credit_card,9,4372.27
PAY-006769,ORD-007023,debit_card,1,3316.95
PAY-006770,ORD-008265,boleto,1,3226.16
PAY-006771,ORD-003397,boleto,1,2554.71
PAY-006772,ORD-014583,boleto,1,1179.77
PAY-006773,ORD-005055,voucher,1,7384.05
PAY-006774,ORD-000869,voucher,1,3029.72
PAY-006775,ORD-007533,voucher,1,1503.58
PAY-006776,ORD-002685,cash,1,6776.4
PAY-006777,ORD-012522,voucher,1,3467.11
PAY-006778,ORD-002648,boleto,1,4206.91
PAY-006779,ORD-010471,debit_card,1,3512.9
PAY-006780,ORD-013780,boleto,1,946.19
PAY-006781,ORD-004685,credit_card,5,2036.5
PAY-006782,ORD-011205,voucher,1,2322.94
PAY-006783,ORD-011257,debit_card,1,7443.44
PAY-006784,ORD-014315,voucher,1,6905.9
PAY-006785,ORD-005900,voucher,1,4189.38
PAY-006786,ORD-003548,voucher,1,640.92
PAY-006787,ORD-007202,debit_card,1,6273.01
PAY-006788,ORD-013469,debit_card,1,6901.9
PAY-006789,ORD-010392,debit_card,1,310.37
PAY-006790,ORD-002366,voucher,1,3701.65
PAY-006791,ORD-003407,voucher,1,3881.16
PAY-006792,ORD-009617,debit_card,1,6768.23
PAY-006793,ORD-014350,debit_card,1,475.63
PAY-006794,ORD-012566,debit_card,1,280.57
PAY-006795,ORD-004028,boleto,1,7177.25
PAY-006796,ORD-003896,debit_card,1,4751.02
PAY-006797,ORD-011941,credit_card,6,4251.38
PAY-006798,ORD-009683,boleto,1,3156.27
PAY-006799,ORD-003602,voucher,1,2623.05
PAY-006800,ORD-002311,voucher,1,729.65
PAY-006801,ORD-011466,voucher,1,3781.44
PAY-006802,ORD-004233,credit_card,12,2115.65
PAY-006803,ORD-005166,voucher,1,959.56
PAY-006804,ORD-002238,credit_card,2,5087.8
PAY-006805,ORD-003188,voucher,1,4076.97
PAY-006806,ORD-001024,voucher,1,7486.38
PAY-006807,ORD-008954,debit_card,1,331.72
PAY-006808,ORD-001952,boleto,1,5023.04
PAY-006809,ORD-009143,boleto,1,7803.6
PAY-006810,ORD-006111,debit_card,1,2144.84
PAY-006811,ORD-013806,boleto,1,2413.3
PAY-006812,ORD-014555,cash,1,7310.79
PAY-006813,ORD-007266,debit_card,1,3321.39
PAY-006814,ORD-006238,debit_card,1,5614.43
PAY-006815,ORD-009330,,1,3867.5
PAY-006816,ORD-005675,debit_card,1,2251.46
PAY-006817,ORD-004133,voucher,1,6580.31
PAY-006818,ORD-012244,boleto,1,3739.9
PAY-006819,ORD-004983,voucher,1,3328.85
PAY-006820,ORD-007165,credit_card,5,2963.14
PAY-006821,ORD-006672,boleto,1,2114.17
PAY-006822,ORD-005672,credit_card,6,-367.76
PAY-006823,ORD-009263,boleto,1,4569.26
PAY-006824,ORD-005936,voucher,1,6746.64
PAY-006825,ORD-002965,credit_card,7,4401.91
PAY-006826,ORD-005647,credit_card,11,7062.39
PAY-006827,ORD-000959,debit_card,1,-179.88
PAY-006828,ORD-000017,debit_card,1,3431.71
PAY-006829,ORD-000343,debit_card,1,29.5
PAY-006830,ORD-009470,credit_card,2,6934.42
PAY-006831,ORD-008379,debit_card,1,1413.76
PAY-006832,ORD-001807,credit_card,7,1087.17
PAY-006833,ORD-003054,boleto,1,296.6
PAY-006834,ORD-008253,boleto,1,4198.22
PAY-006835,ORD-014222,boleto,1,1283.71
PAY-006836,ORD-005357,credit_card,10,2525.75
PAY-006837,ORD-012904,boleto,1,7008.69
PAY-006838,ORD-002228,boleto,1,608.47
PAY-006839,ORD-011529,debit_card,1,5701.62
PAY-006840,ORD-003374,debit_card,1,4214.12
PAY-006841,ORD-003913,boleto,1,4113.1
PAY-006842,ORD-008532,debit_card,1,4845.14
PAY-006843,ORD-004513,cash,1,5189.16
PAY-006844,ORD-006120,debit_card,1,1552.01
PAY-006845,ORD-013501,boleto,1,2972.83
PAY-006846,ORD-013434,debit_card,1,4116.09
PAY-006847,ORD-006273,voucher,1,7941.04
PAY-006848,ORD-014114,debit_card,1,2597.11
PAY-006849,ORD-007389,voucher,1,4400.99
PAY-006850,ORD-008212,credit_card,9,6677.05
PAY-006851,ORD-005653,boleto,1,2272.26
PAY-006852,ORD-003571,voucher,1,3706.16
PAY-006853,ORD-005028,credit_card,1,7557.3
PAY-006854,ORD-013168,boleto,1,970.68
PAY-006855,ORD-002098,debit_card,1,668.84
PAY-006856,ORD-012165,debit_card,1,5788.99
PAY-006857,ORD-011124,voucher,1,5466.91
PAY-006858,ORD-012715,boleto,1,7033.52
PAY-006859,ORD-007943,debit_card,1,5544.75
PAY-006860,ORD-001573,boleto,1,3477.35
PAY-006861,ORD-011441,credit_card,10,67.44
PAY-006862,ORD-005694,voucher,1,3996.77
PAY-006863,ORD-000324,voucher,1,4224.8
PAY-006864,ORD-000192,cash,1,6590.49
PAY-006865,ORD-000927,boleto,1,661.95
PAY-006866,ORD-013788,debit_card,1,4385.63
PAY-006867,ORD-008134,debit_card,1,3879.57
PAY-006868,ORD-008760,boleto,1,6175.86
PAY-006869,ORD-009909,credit_card,11,349.21
PAY-006870,ORD-000748,credit_card,7,313.53
PAY-006871,ORD-002041,boleto,1,5828.4
PAY-006872,ORD-004398,boleto,1,1274.12
PAY-006873,ORD-014487,voucher,1,6561.39
PAY-006874,ORD-002647,voucher,1,222.13
PAY-006875,ORD-005750,boleto,1,5653.74
PAY-006876,ORD-010805,credit_card,6,3114.64
PAY-006877,ORD-001157,voucher,1,1567.98
PAY-006878,ORD-002287,boleto,1,3419.68
PAY-006879,ORD-010945,boleto,1,2590.43
PAY-006880,ORD-013401,credit_card,10,5849.35
PAY-006881,ORD-012907,boleto,1,1519.17
PAY-006882,ORD-004488,credit_card,1,185.09
PAY-006883,ORD-009855,voucher,1,4983.05
PAY-006884,ORD-002586,credit_card,11,2829.62
PAY-006885,ORD-004108,credit_card,10,4781.62
PAY-006886,ORD-001643,boleto,1,5573.15
PAY-006887,ORD-010480,voucher,1,3245.93
PAY-006888,ORD-005032,debit_card,1,1988.51
PAY-006889,ORD-010970,boleto,1,6481.7
PAY-006890,ORD-014964,voucher,1,7794.62
PAY-006891,ORD-011907,voucher,1,5038.39
PAY-006892,ORD-007466,debit_card,1,7294.59
PAY-006893,ORD-010475,boleto,1,3508.12
PAY-006894,ORD-008213,credit_card,4,5364.23
PAY-006895,ORD-014088,voucher,1,3213.42
PAY-006896,ORD-003640,bitcoin,7,6840.87
PAY-006897,ORD-009091,boleto,1,2296.72
PAY-006898,ORD-007470,credit_card,4,1593.95
PAY-006899,ORD-012821,voucher,1,7440.86
PAY-006900,ORD-010316,boleto,1,3515.96
PAY-006901,ORD-013592,voucher,1,3735.7
PAY-006902,ORD-009252,boleto,1,5481.99
PAY-006903,ORD-001666,boleto,1,6546.81
PAY-006904,ORD-011565,voucher,1,4281.16
PAY-006905,ORD-008688,debit_card,1,4389.87
PAY-006906,ORD-011566,debit_card,1,6023.96
PAY-006907,ORD-005431,debit_card,1,6684.62
PAY-006908,ORD-000468,debit_card,1,5966.03
PAY-006909,ORD-010342,credit_card,7,1200.48
PAY-006910,ORD-008559,credit_card,1,6360.32
PAY-006911,ORD-004679,boleto,1,372.47
PAY-006912,ORD-014291,credit_card,11,2092.41
PAY-006913,ORD-013814,boleto,1,5222.01
PAY-006914,ORD-002209,voucher,1,5030.46
PAY-006915,ORD-011672,credit_card,12,1170.22
PAY-006916,ORD-009987,boleto,1,6845.99
PAY-006917,ORD-010022,voucher,1,4579.48
PAY-006918,ORD-010394,credit_card,5,5926.7
PAY-006919,ORD-008843,debit_card,1,184.54
PAY-006920,ORD-001913,debit_card,1,7542.88
PAY-006921,ORD-001694,voucher,1,7741.57
PAY-006922,ORD-007462,boleto,1,5632.99
PAY-006923,ORD-007222,boleto,1,5631.92
PAY-006924,ORD-013672,credit_card,10,2990.11
PAY-006925,ORD-014879,credit_card,9,6827.55
PAY-006926,ORD-005172,credit_card,6,-497.54
PAY-006927,ORD-014501,debit_card,1,2780.06
PAY-006928,ORD-014632,boleto,1,2845.36
PAY-006929,ORD-010406,voucher,1,6803.69
PAY-006930,ORD-005212,credit_card,7,2407.44
PAY-006931,ORD-005212,PIX,3,2833.59
PAY-006932,ORD-006583,voucher,1,5533.88
PAY-006933,ORD-014106,debit_card,1,6593.76
PAY-006934,ORD-003678,voucher,1,6668.48
PAY-006935,ORD-008015,debit_card,1,4616.72
PAY-006936,ORD-003810,boleto,1,2087.88
PAY-006937,ORD-010573,debit_card,1,5375.91
PAY-006938,ORD-013136,boleto,1,2117.56
PAY-006939,ORD-013983,voucher,1,606.28
PAY-006940,ORD-005949,boleto,1,7078.75
PAY-006941,ORD-006051,debit_card,1,5970.9
PAY-006942,ORD-010217,debit_card,1,7075.88
PAY-006943,ORD-012405,voucher,1,692.01
PAY-006944,ORD-010088,credit_card,5,6504.9
PAY-006945,ORD-014702,voucher,1,4383.66
PAY-006946,ORD-014208,voucher,1,1817.51
PAY-006947,ORD-006599,credit_card,1,3970.14
PAY-006948,ORD-011951,voucher,1,239.76
PAY-006949,ORD-007935,boleto,1,400.99
PAY-006950,ORD-002381,voucher,1,-405.22
PAY-006951,ORD-008134,voucher,1,3093.84
PAY-006952,ORD-006059,voucher,1,4444.98
PAY-006953,ORD-014044,debit_card,1,4519.27
PAY-006954,ORD-010842,credit_card,5,7528.02
PAY-006955,ORD-007531,voucher,1,3582.66
PAY-006956,ORD-000098,debit_card,1,7822.38
PAY-006957,ORD-001039,debit_card,1,1375.42
PAY-006958,ORD-002923,debit_card,1,698.07
PAY-006959,ORD-007412,credit_card,3,7576.25
PAY-006960,ORD-003238,credit_card,1,1614.32
PAY-006961,ORD-010057,credit_card,6,7103.23
PAY-006962,ORD-003988,credit_card,6,7514.56
PAY-006963,ORD-002397,credit_card,4,6728.92
PAY-006964,ORD-000387,voucher,1,113.5
PAY-006965,ORD-004972,boleto,1,1822.54
PAY-006966,ORD-004874,debit_card,1,6361.55
PAY-006967,ORD-003448,credit_card,7,5875.72
PAY-006968,ORD-006215,boleto,1,7024.96
PAY-006969,ORD-009969,debit_card,1,6114.32
PAY-006970,ORD-001377,boleto,1,-89.58
PAY-006971,ORD-009697,debit_card,1,1227.29
PAY-006972,ORD-009217,boleto,1,3032.28
PAY-006973,ORD-004180,voucher,1,4527.31
PAY-006974,ORD-004853,debit_card,1,1022.79
PAY-006975,ORD-001672,voucher,1,2723.49
PAY-006976,ORD-012556,voucher,1,6300.07
PAY-006977,ORD-009258,boleto,1,7755.94
PAY-006978,ORD-003807,credit_card,7,3798.73
PAY-006979,ORD-002792,boleto,1,1710.5
PAY-006980,ORD-008449,boleto,1,6806.39
PAY-006981,ORD-007442,boleto,1,7188.32
PAY-006982,ORD-010745,voucher,1,1186.27
PAY-006983,ORD-011264,boleto,1,6544.71
PAY-006984,ORD-013784,boleto,1,2735.26
PAY-006985,ORD-000342,debit_card,1,3903.97
PAY-006986,ORD-002590,voucher,1,5767.91
PAY-006987,ORD-012057,boleto,1,3270.48
PAY-006988,ORD-014025,debit_card,1,6006.23
PAY-006989,ORD-003610,boleto,1,1043.89
PAY-006990,ORD-011949,credit_card,4,2534.65
PAY-006991,ORD-009061,credit_card,1,4617.05
PAY-006992,ORD-011312,voucher,1,5015.85
PAY-006993,ORD-014848,voucher,1,2568.18
PAY-006994,ORD-002480,boleto,1,333.04
PAY-006995,ORD-000201,voucher,1,6038.11
PAY-006996,ORD-008839,boleto,1,2059.85
PAY-006997,ORD-007624,debit_card,1,5760.5
PAY-006998,ORD-002399,credit_card,6,5537.49
PAY-006999,ORD-006517,debit_card,1,6374.95
PAY-007000,ORD-009851,debit_card,1,2408.13
PAY-007001,ORD-011558,debit_card,1,5989.28
PAY-007002,ORD-000549,voucher,1,3347.79
PAY-007003,ORD-004354,credit_card,7,3611.62
PAY-007004,ORD-002254,credit_card,7,3791.66
PAY-007005,ORD-002260,credit_card,9,3674.41
PAY-007006,ORD-006057,voucher,1,5562.89
PAY-007007,ORD-011271,credit_card,10,4890.54
PAY-007008,ORD-013251,debit_card,1,5765.01
PAY-007009,ORD-008424,credit_card,3,7837.09
PAY-007010,ORD-000831,boleto,1,6894.86
PAY-007011,ORD-002875,credit_card,8,6182.29
PAY-007012,ORD-002178,voucher,1,268.0
PAY-007013,ORD-007228,credit_card,6,5488.86
PAY-007014,ORD-000419,debit_card,1,6502.25
PAY-007015,ORD-004698,credit_card,11,6074.68
PAY-007016,ORD-005463,debit_card,1,991.61
PAY-007017,ORD-001612,voucher,1,4260.42
PAY-007018,ORD-010736,credit_card,6,3138.2
PAY-007019,ORD-005512,boleto,1,3720.81
PAY-007020,ORD-004336,voucher,1,2155.18
PAY-007021,ORD-014822,boleto,1,2894.46
PAY-007022,ORD-013109,voucher,1,4881.1
PAY-007023,ORD-005631,boleto,1,5239.71
PAY-007024,ORD-001368,debit_card,1,3357.03
PAY-007025,ORD-011828,debit_card,1,7201.7
PAY-007026,ORD-001334,voucher,1,1931.19
PAY-007027,ORD-003852,debit_card,1,635.09
PAY-007028,ORD-014317,voucher,1,4021.25
PAY-007029,ORD-004090,voucher,1,894.86
PAY-007030,ORD-012844,debit_card,1,6971.72
PAY-007031,ORD-006874,debit_card,1,6629.35
PAY-007032,ORD-010430,credit_card,3,7744.49
PAY-007033,ORD-014837,boleto,1,1131.96
PAY-007034,ORD-006672,voucher,1,1909.69
PAY-007035,ORD-001698,boleto,1,626.48
PAY-007036,ORD-011217,voucher,1,7076.39
PAY-007037,ORD-001446,voucher,1,5250.64
PAY-007038,ORD-002029,debit_card,1,7770.63
PAY-007039,ORD-011258,voucher,1,5279.22
PAY-007040,ORD-010220,credit_card,9,3311.54
PAY-007041,ORD-014665,credit_card,1,4564.75
PAY-007042,ORD-005795,debit_card,1,2239.36
PAY-007043,ORD-010784,boleto,1,7517.03
PAY-007044,ORD-012039,boleto,1,40.31
PAY-007045,ORD-004975,debit_card,1,1443.13
PAY-007046,ORD-006425,voucher,1,5926.12
PAY-007047,ORD-008832,debit_card,1,7310.73
PAY-007048,ORD-012542,boleto,1,421.34
PAY-007049,ORD-006489,debit_card,1,221.8
PAY-007050,ORD-004927,debit_card,1,5012.06
PAY-007051,ORD-014802,debit_card,1,1984.81
PAY-007052,ORD-000559,voucher,1,2796.52
PAY-007053,ORD-002460,boleto,1,7392.59
PAY-007054,ORD-000087,debit_card,1,328.59
PAY-007055,ORD-001024,debit_card,1,7311.87
PAY-007056,ORD-012680,debit_card,1,6822.14
PAY-007057,ORD-006982,credit_card,5,2718.44
PAY-007058,ORD-003274,debit_card,1,6860.45
PAY-007059,ORD-010944,debit_card,1,7815.5
PAY-007060,ORD-011013,debit_card,1,420.47
PAY-007061,ORD-006729,voucher,1,1674.93
PAY-007062,ORD-000559,debit_card,1,6704.08
PAY-007063,ORD-008666,debit_card,1,3271.81
PAY-007064,ORD-011044,debit_card,1,3909.39
PAY-007065,ORD-004973,credit_card,12,4145.8
PAY-007066,ORD-012390,boleto,1,7847.77
PAY-007067,ORD-004759,boleto,1,4681.32
PAY-007068,ORD-012081,credit_card,2,2496.13
PAY-007069,ORD-006363,debit_card,1,335.33
PAY-007070,ORD-011176,credit_card,6,3248.56
PAY-007071,ORD-013304,boleto,1,4871.03
PAY-007072,ORD-005895,credit_card,7,1700.29
PAY-007073,ORD-009953,debit_card,1,6510.71
PAY-007074,ORD-001370,voucher,1,3709.2
PAY-007075,ORD-005741,voucher,1,5738.04
PAY-007076,ORD-005786,boleto,,5532.47
PAY-007077,ORD-003943,boleto,1,5298.56
PAY-007078,ORD-014035,credit_card,6,35.95
PAY-007079,ORD-010320,boleto,1,1642.57
PAY-007080,ORD-003055,boleto,1,2084.16
PAY-007081,ORD-004180,debit_card,1,4623.21
PAY-007082,ORD-001884,voucher,1,2271.72
PAY-007083,ORD-009254,boleto,1,-28.11
PAY-007084,ORD-001271,debit_card,1,5732.6
PAY-007085,ORD-004966,debit_card,1,2186.57
PAY-007086,ORD-001407,debit_card,1,1460.4
PAY-007087,ORD-011834,credit_card,9,4766.89
PAY-007088,ORD-003955,credit_card,6,5595.12
PAY-007089,ORD-013838,debit_card,1,4281.18
PAY-007090,ORD-003763,voucher,1,6675.6
PAY-007091,ORD-005205,voucher,1,2861.7
PAY-007092,ORD-007157,credit_card,9,5210.77
PAY-007093,ORD-004650,credit_card,8,4967.4
PAY-007094,ORD-007328,debit_card,1,6101.11
PAY-007095,ORD-007736,boleto,1,1010.86
PAY-007096,ORD-000882,boleto,1,3433.1
PAY-007097,ORD-005973,voucher,1,4504.6
PAY-007098,ORD-006900,voucher,1,-466.49
PAY-007099,ORD-006314,boleto,1,6320.48
PAY-007100,ORD-007759,boleto,1,2017.4
PAY-007101,ORD-011692,voucher,1,1958.41
PAY-007102,ORD-006278,debit_card,1,5570.98
PAY-007103,ORD-007474,debit_card,1,1386.26
PAY-007104,ORD-001730,debit_card,1,6407.23
PAY-007105,ORD-006092,debit_card,1,4849.72
PAY-007106,ORD-013338,boleto,1,6980.97
PAY-007107,ORD-013311,credit_card,11,6169.93
PAY-007108,ORD-007243,debit_card,1,1252.38
PAY-007109,ORD-012087,debit_card,1,6360.6
PAY-007110,ORD-003981,debit_card,1,2778.28
PAY-007111,ORD-001096,credit_card,8,7987.47
PAY-007112,ORD-002646,credit_card,8,582.08
PAY-007113,ORD-007810,debit_card,1,3319.96
PAY-007114,ORD-005946,debit_card,1,2683.41
PAY-007115,ORD-000881,voucher,1,956.43
PAY-007116,ORD-008629,credit_card,7,568.27
PAY-007117,ORD-001642,voucher,1,1383.57
PAY-007118,ORD-005753,boleto,1,2285.24
PAY-007119,ORD-004816,boleto,1,3507.62
PAY-007120,ORD-013156,credit_card,10,6785.0
PAY-007121,ORD-004645,debit_card,1,482.1
PAY-007122,ORD-001354,credit_card,10,1852.54
PAY-007123,ORD-014875,boleto,1,4611.59
PAY-007124,ORD-006748,credit_card,9,197.49
PAY-007125,ORD-000273,credit_card,4,2611.2
PAY-007126,ORD-009429,voucher,1,7235.75
PAY-007127,ORD-004966,debit_card,1,3145.62
PAY-007128,ORD-005003,boleto,1,38.16
PAY-007129,ORD-014643,boleto,1,7353.12
PAY-007130,ORD-002229,credit_card,8,7427.6
PAY-007131,ORD-000563,credit_card,9,297.95
PAY-007132,ORD-014710,debit_card,1,6622.73
PAY-007133,ORD-007449,boleto,1,3752.87
PAY-007134,ORD-008537,voucher,1,-304.31
PAY-007135,ORD-014807,voucher,1,2609.73
PAY-007136,ORD-001633,boleto,1,1708.06
PAY-007137,ORD-001131,debit_card,1,1736.94
PAY-007138,ORD-002231,boleto,1,1643.89
PAY-007139,ORD-010939,boleto,1,6097.38
PAY-007140,ORD-002380,debit_card,1,5965.34
PAY-007141,ORD-012175,credit_card,1,3464.0
PAY-007142,ORD-000040,debit_card,1,3829.56
PAY-007143,ORD-006780,boleto,1,4423.54
PAY-007144,ORD-000545,credit_card,7,4588.07
PAY-007145,ORD-014169,credit_card,3,3317.73
PAY-007146,ORD-012420,boleto,1,2461.51
PAY-007147,ORD-010011,boleto,1,232.79
PAY-007148,ORD-003543,debit_card,1,-232.63
PAY-007149,ORD-004444,voucher,1,1697.41
PAY-007150,ORD-001605,boleto,1,7015.15
PAY-007151,ORD-014224,credit_card,8,1863.41
PAY-007152,ORD-006325,credit_card,4,3091.81
PAY-007153,ORD-000582,credit_card,3,4116.55
PAY-007154,ORD-009527,voucher,1,5264.53
PAY-007155,ORD-006589,boleto,1,6735.75
PAY-007156,ORD-013389,voucher,1,683.24
PAY-007157,ORD-007550,boleto,1,7552.09
PAY-007158,ORD-010676,credit_card,5,4224.16
PAY-007159,ORD-014780,boleto,1,4473.59
PAY-007160,ORD-007315,credit_card,1,5784.27
PAY-007161,ORD-000614,boleto,1,-144.42
PAY-007162,ORD-003305,credit_card,7,7368.89
PAY-007163,ORD-000160,voucher,1,4029.07
PAY-007164,ORD-012807,debit_card,1,3333.28
PAY-007165,ORD-010027,boleto,1,4990.36
PAY-007166,ORD-014879,debit_card,1,4858.97
PAY-007167,ORD-000134,debit_card,1,6845.85
PAY-007168,ORD-012013,debit_card,1,1671.1
PAY-007169,ORD-002210,boleto,1,7849.76
PAY-007170,ORD-000267,debit_card,1,4451.06
PAY-007171,ORD-000824,voucher,1,4366.52
PAY-007172,ORD-007370,voucher,1,1791.89
PAY-007173,ORD-008486,boleto,1,7922.43
PAY-007174,ORD-003591,debit_card,1,2815.59
PAY-007175,ORD-010890,boleto,1,7619.97
PAY-007176,ORD-003373,boleto,1,6665.47
PAY-007177,ORD-005541,boleto,1,5193.83
PAY-007178,ORD-000100,boleto,1,302.89
PAY-007179,ORD-003869,voucher,1,4978.69
PAY-007180,ORD-013748,debit_card,1,5996.98
PAY-007181,ORD-003097,debit_card,1,3359.83
PAY-007182,ORD-010872,debit_card,1,2052.41
PAY-007183,ORD-001305,voucher,1,7803.62
PAY-007184,ORD-012964,debit_card,1,1776.5
PAY-007185,ORD-013869,boleto,1,6735.39
PAY-007186,ORD-004476,boleto,1,5018.16
PAY-007187,ORD-000614,voucher,1,3191.97
PAY-007188,ORD-003681,credit_card,11,6079.55
PAY-007189,ORD-000188,credit_card,5,5277.47
PAY-007190,ORD-002908,credit_card,5,683.13
PAY-007191,ORD-005802,boleto,1,473.89
PAY-007192,ORD-007073,boleto,1,3712.01
PAY-007193,ORD-011127,debit_card,1,3935.78
PAY-007194,ORD-005519,voucher,1,4293.37
PAY-007195,ORD-009048,credit_card,4,7132.89
PAY-007196,ORD-005516,debit_card,1,1923.15
PAY-007197,ORD-004708,voucher,1,7493.78
PAY-007198,ORD-000055,credit_card,1,1340.72
PAY-007199,ORD-007335,debit_card,1,1206.71
PAY-007200,ORD-000013,boleto,1,6364.04
PAY-007201,ORD-010211,voucher,1,7853.22
PAY-007202,ORD-008865,credit_card,8,3586.52
PAY-007203,ORD-005987,credit_card,11,326.76
PAY-007204,ORD-007946,credit_card,10,3515.19
PAY-007205,ORD-006880,debit_card,1,6883.03
PAY-007206,ORD-002232,credit_card,7,3350.77
PAY-007207,ORD-006624,boleto,1,-336.9
PAY-007208,ORD-002925,boleto,1,5599.64
PAY-007209,ORD-008514,boleto,1,5830.07
PAY-007210,ORD-012192,boleto,1,6362.65
PAY-007211,ORD-013198,boleto,1,5084.03
PAY-007212,ORD-010403,debit_card,1,7762.86
PAY-007213,ORD-011929,boleto,1,5663.07
PAY-007214,ORD-003714,debit_card,1,4310.43
PAY-007215,ORD-013015,debit_card,1,6741.07
PAY-007216,ORD-001096,voucher,1,3019.64
PAY-007217,ORD-014130,boleto,1,6804.69
PAY-007218,ORD-012541,boleto,1,1580.49
PAY-007219,ORD-003642,debit_card,1,343.64
PAY-007220,ORD-014421,credit_card,6,42.95
PAY-007221,ORD-010434,credit_card,9,6170.94
PAY-007222,ORD-010590,cash,1,1644.19
PAY-007223,ORD-005952,credit_card,6,5008.08
PAY-007224,ORD-003275,credit_card,3,703.24
PAY-007225,ORD-004846,boleto,1,3966.14
PAY-007226,ORD-003131,voucher,1,4098.17
PAY-007227,ORD-011664,debit_card,1,2830.11
PAY-007228,ORD-011854,voucher,1,5879.45
PAY-007229,ORD-004651,voucher,1,3742.9
PAY-007230,ORD-012165,credit_card,10,1997.73
PAY-007231,ORD-006516,voucher,1,4058.13
PAY-007232,ORD-003537,debit_card,1,5420.98
PAY-007233,ORD-007175,voucher,1,5319.06
PAY-007234,ORD-001234,debit_card,1,1271.46
PAY-007235,ORD-005374,voucher,1,2664.4
PAY-007236,ORD-005823,credit_card,12,5808.64
PAY-007237,ORD-012605,boleto,1,1401.32
PAY-007238,ORD-002739,debit_card,1,6418.11
PAY-007239,ORD-010024,credit_card,2,274.56
PAY-007240,ORD-014566,debit_card,1,5356.9
PAY-007241,ORD-006663,debit_card,1,5005.02
PAY-007242,ORD-003398,boleto,1,3490.21
PAY-007243,ORD-005268,boleto,1,2371.79
PAY-007244,ORD-003102,debit_card,1,6895.16
PAY-007245,ORD-009077,voucher,1,4193.35
PAY-007246,ORD-012697,boleto,1,2206.13
PAY-007247,ORD-002411,boleto,1,1206.62
PAY-007248,ORD-003106,boleto,1,2233.91
PAY-007249,ORD-000346,voucher,1,444.21
PAY-007250,ORD-000812,voucher,1,4224.36
PAY-007251,ORD-004946,debit_card,1,1460.48
PAY-007252,ORD-010669,credit_card,6,1676.14
PAY-007253,ORD-005486,boleto,1,5912.68
PAY-007254,ORD-007665,debit_card,1,5507.11
PAY-007255,ORD-000948,boleto,1,4598.37
PAY-007256,ORD-004669,boleto,1,3488.14
PAY-007257,ORD-008051,voucher,1,6087.93
PAY-007258,ORD-014973,voucher,1,4202.95
PAY-007259,ORD-012521,voucher,1,6791.84
PAY-007260,ORD-011073,credit_card,5,2169.55
PAY-007261,ORD-005787,voucher,1,4702.31
PAY-007262,ORD-008104,boleto,1,1437.48
PAY-007263,ORD-006048,credit_card,6,7383.46
PAY-007264,ORD-003425,credit_card,7,3763.81
PAY-007265,ORD-007857,boleto,1,5475.74
PAY-007266,ORD-007196,voucher,1,6758.77
PAY-007267,ORD-014534,boleto,1,1561.01
PAY-007268,ORD-007044,credit_card,4,974.11
PAY-007269,ORD-001558,voucher,1,719.86
PAY-007270,ORD-013856,voucher,1,6892.38
PAY-007271,ORD-013499,boleto,1,3023.64
PAY-007272,ORD-011038,credit_card,1,1632.75
PAY-007273,ORD-007786,boleto,1,7656.87
PAY-007274,ORD-001909,credit_card,3,1183.34
PAY-007275,ORD-009838,credit_card,1,6464.92
PAY-007276,ORD-011956,boleto,1,6188.22
PAY-007277,ORD-001460,voucher,1,3539.74
PAY-007278,ORD-011780,voucher,1,6284.36
PAY-007279,ORD-003010,boleto,1,2414.86
PAY-007280,ORD-012129,debit_card,1,783.05
PAY-007281,ORD-002888,debit_card,1,3306.67
PAY-007282,ORD-009153,credit_card,2,2659.65
PAY-007283,ORD-000950,credit_card,5,2030.14
PAY-007284,ORD-010637,debit_card,1,4456.53
PAY-007285,ORD-013055,credit_card,10,5720.03
PAY-007286,ORD-014301,voucher,1,3769.51
PAY-007287,ORD-006230,voucher,1,175.55
PAY-007288,ORD-004011,voucher,1,1814.26
PAY-007289,ORD-012254,debit_card,1,2829.91
PAY-007290,ORD-013291,bitcoin,1,1027.86
PAY-007291,ORD-000743,debit_card,1,3240.99
PAY-007292,ORD-006378,credit_card,2,3329.9
PAY-007293,ORD-004446,boleto,1,6455.05
PAY-007294,ORD-006051,voucher,1,4027.41
PAY-007295,ORD-014463,credit_card,2,5444.0
PAY-007296,ORD-003482,debit_card,1,501.91
PAY-007297,ORD-012524,boleto,1,3471.17
PAY-007298,ORD-004649,boleto,1,7054.56
PAY-007299,ORD-011029,voucher,1,7642.6
PAY-007300,ORD-013584,voucher,1,6404.33
PAY-007301,ORD-007332,credit_card,6,4270.73
PAY-007302,ORD-008965,boleto,1,-357.76
PAY-007303,ORD-011700,voucher,1,1244.34
PAY-007304,ORD-012915,voucher,1,499.58
PAY-007305,ORD-002172,voucher,1,1069.22
PAY-007306,ORD-003743,voucher,1,1460.83
PAY-007307,ORD-013059,debit_card,1,851.18
PAY-007308,ORD-002059,debit_card,1,5642.7
PAY-007309,ORD-005378,credit_card,8,2393.46
PAY-007310,ORD-012277,boleto,1,1191.4
PAY-007311,ORD-003014,boleto,1,4730.56
PAY-007312,ORD-003858,credit_card,8,6405.17
PAY-007313,ORD-008528,voucher,1,432.39
PAY-007314,ORD-003785,debit_card,1,2122.12
PAY-007315,ORD-006258,credit_card,4,1533.97
PAY-007316,ORD-000907,voucher,1,4391.19
PAY-007317,ORD-014868,boleto,1,2459.04
PAY-007318,ORD-000210,credit_card,2,6905.46
PAY-007319,ORD-003081,voucher,1,6981.23
PAY-007320,ORD-000869,voucher,1,2073.38
PAY-007321,ORD-002063,boleto,1,3875.34
PAY-007322,ORD-007542,debit_card,1,2992.54
PAY-007323,ORD-001002,credit_card,10,4312.35
PAY-007324,ORD-014618,debit_card,1,6081.15
PAY-007325,ORD-006493,boleto,1,1196.01
PAY-007326,ORD-001300,boleto,1,7772.6
PAY-007327,ORD-007980,credit_card,11,2490.96
PAY-007328,ORD-014928,debit_card,,-277.31
PAY-007329,ORD-010825,boleto,1,1552.46
PAY-007330,ORD-008498,credit_card,3,6008.01
PAY-007331,ORD-005902,boleto,1,7761.95
PAY-007332,ORD-014538,credit_card,5,5909.61
PAY-007333,ORD-001886,boleto,1,7232.88
PAY-007334,ORD-013318,credit_card,10,4884.15
PAY-007335,ORD-008919,voucher,1,6087.35
PAY-007336,ORD-014518,credit_card,4,7373.89
PAY-007337,ORD-010807,voucher,1,1995.11
PAY-007338,ORD-006126,credit_card,9,6723.17
PAY-007339,ORD-005586,debit_card,1,2182.2
PAY-007340,ORD-009115,voucher,1,7327.33
PAY-007341,ORD-001191,voucher,1,4722.04
PAY-007342,ORD-012648,credit_card,4,3258.19
PAY-007343,ORD-014492,boleto,1,3236.5
PAY-007344,ORD-008192,credit_card,8,812.3
PAY-007345,ORD-001929,boleto,1,7180.88
PAY-007346,ORD-001453,credit_card,5,1601.14
PAY-007347,ORD-012251,voucher,1,6033.01
PAY-007348,ORD-000323,credit_card,12,6257.83
PAY-007349,ORD-013376,boleto,1,3042.72
PAY-007350,ORD-000525,debit_card,1,313.87
PAY-007351,ORD-001635,debit_card,1,3708.58
PAY-007352,ORD-003703,debit_card,1,3939.31
PAY-007353,ORD-011042,credit_card,2,2390.17
PAY-007354,ORD-008698,debit_card,1,3893.9
PAY-007355,ORD-005736,credit_card,11,3643.22
PAY-007356,ORD-014976,credit_card,11,4015.29
PAY-007357,ORD-001424,boleto,1,6136.77
PAY-007358,ORD-001725,boleto,1,2407.08
PAY-007359,ORD-011357,voucher,1,6452.52
PAY-007360,ORD-001502,boleto,1,4461.92
PAY-007361,ORD-000450,boleto,1,7467.88
PAY-007362,ORD-001025,credit_card,2,4689.7
PAY-007363,ORD-004661,voucher,1,168.59
PAY-007364,ORD-003742,debit_card,1,6219.02
PAY-007365,ORD-005172,debit_card,1,2687.3
PAY-007366,ORD-002723,debit_card,1,2389.61
PAY-007367,ORD-010177,boleto,1,2744.13
PAY-007368,ORD-002249,credit_card,6,4961.19
PAY-007369,ORD-008057,debit_card,1,4914.58
PAY-007370,ORD-008623,boleto,1,5076.65
PAY-007371,ORD-005493,debit_card,1,1684.07
PAY-007372,ORD-009161,voucher,1,4113.73
PAY-007373,ORD-007176,credit_card,1,1013.47
PAY-007374,ORD-010980,debit_card,1,3175.67
PAY-007375,ORD-009248,boleto,1,5501.25
PAY-007376,ORD-011735,voucher,1,6075.85
PAY-007377,ORD-010438,credit_card,6,7834.9
PAY-007378,ORD-007884,boleto,,1881.04
PAY-007379,ORD-010818,voucher,1,3547.49
PAY-007380,ORD-014605,boleto,1,553.51
PAY-007381,ORD-007277,debit_card,1,7518.67
PAY-007382,ORD-011727,voucher,1,5398.08
PAY-007383,ORD-012362,credit_card,8,6960.0
PAY-007384,ORD-005155,boleto,1,648.47
PAY-007385,ORD-012746,boleto,1,3581.29
PAY-007386,ORD-011222,credit_card,2,3032.87
PAY-007387,ORD-001273,debit_card,1,2547.03
PAY-007388,ORD-006504,credit_card,11,6487.91
PAY-007389,ORD-007527,credit_card,5,5082.7
PAY-007390,ORD-003824,boleto,1,517.95
PAY-007391,ORD-013486,credit_card,7,1890.42
PAY-007392,ORD-001008,debit_card,1,7661.79
PAY-007393,ORD-014502,credit_card,5,5597.17
PAY-007394,ORD-009345,voucher,1,7057.76
PAY-007395,ORD-006201,boleto,1,5394.06
PAY-007396,ORD-014115,voucher,1,7766.36
PAY-007397,ORD-002960,debit_card,1,7961.29
PAY-007398,ORD-012066,debit_card,1,3480.86
PAY-007399,ORD-008058,boleto,1,4987.73
PAY-007400,ORD-004850,voucher,1,2418.96
PAY-007401,ORD-004308,voucher,1,4000.17
PAY-007402,ORD-004775,credit_card,9,7482.81
PAY-007403,ORD-014246,voucher,1,5533.78
PAY-007404,ORD-008495,voucher,1,903.22
PAY-007405,ORD-013080,voucher,1,5753.98
PAY-007406,ORD-011008,debit_card,1,6772.66
PAY-007407,ORD-000869,voucher,1,5688.33
PAY-007408,ORD-008233,credit_card,11,2827.45
PAY-007409,ORD-007620,debit_card,1,4512.81
PAY-007410,ORD-010669,boleto,1,640.6
PAY-007411,ORD-007241,debit_card,1,3269.03
PAY-007412,ORD-010267,debit_card,1,5540.19
PAY-007413,ORD-011272,credit_card,4,4824.11
PAY-007414,ORD-014308,voucher,1,7430.37
PAY-007415,ORD-008197,debit_card,1,1217.48
PAY-007416,ORD-007457,boleto,1,310.2
PAY-007417,ORD-000568,boleto,1,1814.94
PAY-007418,ORD-008269,voucher,1,7516.99
PAY-007419,ORD-003607,voucher,1,5837.68
PAY-007420,ORD-004923,boleto,1,1273.2
PAY-007421,ORD-013860,credit_card,8,3477.06
PAY-007422,ORD-014717,voucher,1,6326.23
PAY-007423,ORD-007201,debit_card,1,4301.87
PAY-007424,ORD-012428,voucher,1,2500.48
PAY-007425,ORD-001567,debit_card,1,3291.24
PAY-007426,ORD-006333,voucher,1,1641.27
PAY-007427,ORD-009456,voucher,1,4972.87
PAY-007428,ORD-013009,debit_card,1,5844.93
PAY-007429,ORD-000263,debit_card,1,4279.19
PAY-007430,ORD-003061,voucher,1,479.89
PAY-007431,ORD-009681,credit_card,3,7973.27
PAY-007432,ORD-010336,debit_card,1,5153.98
PAY-007433,ORD-007836,debit_card,1,698.83
PAY-007434,ORD-006735,voucher,1,4820.51
PAY-007435,ORD-011744,credit_card,3,-81.95
PAY-007436,ORD-004951,boleto,1,2251.74
PAY-007437,ORD-012139,boleto,1,7825.3
PAY-007438,ORD-010161,credit_card,1,3760.23
PAY-007439,ORD-012916,credit_card,3,925.81
PAY-007440,ORD-007526,voucher,1,1897.34
PAY-007441,ORD-003517,credit_card,2,3577.15
PAY-007442,ORD-002502,boleto,1,3373.72
PAY-007443,ORD-000189,boleto,1,5322.19
PAY-007444,ORD-000955,debit_card,1,1827.12
PAY-007445,ORD-004732,credit_card,6,-285.62
PAY-007446,ORD-005960,voucher,1,3038.47
PAY-007447,ORD-001802,credit_card,11,4405.31
PAY-007448,ORD-001856,debit_card,1,7165.09
PAY-007449,ORD-006988,boleto,1,3241.65
PAY-007450,ORD-005187,voucher,1,1160.37
PAY-007451,ORD-006909,boleto,1,605.08
PAY-007452,ORD-014158,credit_card,9,3488.74
PAY-007453,ORD-007327,voucher,1,7110.3
PAY-007454,ORD-004382,boleto,1,1239.11
PAY-007455,ORD-014887,debit_card,1,7793.4
PAY-007456,ORD-009255,debit_card,1,7760.85
PAY-007457,ORD-012529,credit_card,7,7366.16
PAY-007458,ORD-011177,debit_card,1,622.52
PAY-007459,ORD-000635,credit_card,2,5617.0
PAY-007460,ORD-005889,credit_card,6,7976.23
PAY-007461,ORD-003626,voucher,1,6768.42
PAY-007462,ORD-013126,debit_card,1,3101.07
PAY-007463,ORD-005612,credit_card,4,6567.31
PAY-007464,ORD-014886,voucher,1,7211.65
PAY-007465,ORD-004924,credit_card,2,4751.93
PAY-007466,ORD-008970,boleto,1,706.86
PAY-007467,ORD-002576,debit_card,1,7734.87
PAY-007468,ORD-003611,boleto,1,3569.94
PAY-007469,ORD-011868,boleto,1,125.59
PAY-007470,ORD-003654,boleto,1,2367.28
PAY-007471,ORD-014966,boleto,1,2798.0
PAY-007472,ORD-014816,voucher,1,7472.34
PAY-007473,ORD-009534,voucher,1,4539.04
PAY-007474,ORD-002574,debit_card,1,4810.11
PAY-007475,ORD-009955,boleto,1,5061.19
PAY-007476,ORD-013227,voucher,1,3621.64
PAY-007477,ORD-007989,voucher,1,7323.33
PAY-007478,ORD-008927,debit_card,1,3099.11
PAY-007479,ORD-003530,credit_card,3,7611.09
PAY-007480,ORD-003091,boleto,1,2444.83
PAY-007481,ORD-001829,voucher,1,3947.56
PAY-007482,ORD-007756,debit_card,1,1801.79
PAY-007483,ORD-012631,debit_card,1,7608.29
PAY-007484,ORD-001271,debit_card,1,861.72
PAY-007485,ORD-007981,voucher,1,2728.97
PAY-007486,ORD-004634,boleto,1,5209.73
PAY-007487,ORD-011598,boleto,1,1244.2
PAY-007488,ORD-012670,voucher,1,839.6
PAY-007489,ORD-014843,credit_card,8,6854.9
PAY-007490,ORD-001702,credit_card,2,278.2
PAY-007491,ORD-001695,credit_card,10,7328.26
PAY-007492,ORD-010951,voucher,1,6192.33
PAY-007493,ORD-004227,voucher,1,4293.95
PAY-007494,ORD-005279,debit_card,1,5699.54
PAY-007495,ORD-010167,voucher,1,2893.71
PAY-007496,ORD-001683,credit_card,5,5389.06
PAY-007497,ORD-011751,debit_card,1,5980.95
PAY-007498,ORD-005145,boleto,1,1797.13
PAY-007499,ORD-007145,boleto,1,3463.06
PAY-007500,ORD-011052,credit_card,4,-354.57
PAY-007501,ORD-006485,debit_card,1,7768.36
PAY-007502,ORD-014020,credit_card,11,7170.54
PAY-007503,ORD-012032,debit_card,1,2361.89
PAY-007504,ORD-007319,voucher,1,6213.15
PAY-007505,ORD-004762,voucher,1,3014.27
PAY-007506,ORD-012611,debit_card,1,7585.39
PAY-007507,ORD-003913,boleto,1,1302.3
PAY-007508,ORD-001509,credit_card,12,4505.7
PAY-007509,ORD-010849,voucher,1,1169.66
PAY-007510,ORD-003256,boleto,1,1913.92
PAY-007511,ORD-003467,boleto,1,1409.52
PAY-007512,ORD-003587,credit_card,1,6051.25
PAY-007513,ORD-006091,boleto,1,21.3
PAY-007514,ORD-003788,debit_card,1,571.38
PAY-007515,ORD-011468,boleto,1,3401.16
PAY-007516,ORD-002291,boleto,1,5668.72
PAY-007517,ORD-007330,voucher,1,4464.38
PAY-007518,ORD-007769,PIX,1,7623.18
PAY-007519,ORD-013910,debit_card,1,2802.72
PAY-007520,ORD-001665,debit_card,1,4427.86
PAY-007521,ORD-000165,credit_card,7,484.26
PAY-007522,ORD-014562,voucher,1,5045.11
PAY-007523,ORD-004745,debit_card,1,285.13
PAY-007524,ORD-013465,boleto,1,7203.93
PAY-007525,ORD-013470,credit_card,5,616.57
PAY-007526,ORD-013759,voucher,1,4422.25
PAY-007527,ORD-014006,boleto,1,1964.48
PAY-007528,ORD-008973,voucher,1,2591.98
PAY-007529,ORD-008739,PIX,5,4910.38
PAY-007530,ORD-000199,debit_card,1,6157.35
PAY-007531,ORD-000766,debit_card,1,7111.29
PAY-007532,ORD-009089,boleto,1,1470.79
PAY-007533,ORD-010417,debit_card,1,336.09
PAY-007534,ORD-011095,boleto,1,2531.65
PAY-007535,ORD-006126,debit_card,1,3744.5
PAY-007536,ORD-012857,boleto,1,3817.15
PAY-007537,ORD-006242,credit_card,6,1427.16
PAY-007538,ORD-009418,boleto,1,1564.13
PAY-007539,ORD-007526,debit_card,1,2557.23
PAY-007540,ORD-005900,credit_card,3,4217.86
PAY-007541,ORD-000580,voucher,1,5280.31
PAY-007542,ORD-007402,voucher,1,7075.2
PAY-007543,ORD-004039,debit_card,1,2184.65
PAY-007544,ORD-007913,debit_card,1,1813.24
PAY-007545,ORD-013377,voucher,1,4900.03
PAY-007546,ORD-001012,voucher,1,981.32
PAY-007547,ORD-010669,debit_card,1,6653.32
PAY-007548,ORD-009131,boleto,1,5194.03
PAY-007549,ORD-002958,debit_card,1,3796.31
PAY-007550,ORD-010397,debit_card,1,6919.13
PAY-007551,ORD-002819,boleto,1,4609.21
PAY-007552,ORD-013462,voucher,1,2498.45
PAY-007553,ORD-001932,debit_card,1,1269.65
PAY-007554,ORD-012787,boleto,1,6275.84
PAY-007555,ORD-002649,boleto,1,195.24
PAY-007556,ORD-010386,voucher,1,7067.36
PAY-007557,ORD-010535,debit_card,1,6122.23
PAY-007558,ORD-004958,boleto,1,3628.76
PAY-007559,ORD-010412,voucher,1,6206.62
PAY-007560,ORD-000467,credit_card,11,2565.7
PAY-007561,ORD-014021,credit_card,8,7284.92
PAY-007562,ORD-013622,boleto,1,2700.56
PAY-007563,ORD-010653,voucher,1,2341.93
PAY-007564,ORD-004052,boleto,1,4216.36
PAY-007565,ORD-002773,boleto,1,7896.33
PAY-007566,ORD-002413,voucher,1,7345.55
PAY-007567,ORD-003910,voucher,1,2136.73
PAY-007568,ORD-000482,voucher,1,5333.12
PAY-007569,ORD-014404,credit_card,3,1438.42
PAY-007570,ORD-000707,debit_card,1,3833.34
PAY-007571,ORD-007739,debit_card,1,1840.79
PAY-007572,ORD-008829,voucher,1,7458.39
PAY-007573,ORD-010704,boleto,1,1415.09
PAY-007574,ORD-002224,credit_card,12,1043.25
PAY-007575,ORD-001243,debit_card,1,3761.3
PAY-007576,ORD-011190,boleto,1,4075.44
PAY-007577,ORD-000925,credit_card,2,2782.3
PAY-007578,ORD-003395,debit_card,1,1366.37
PAY-007579,ORD-009536,debit_card,1,261.15
PAY-007580,ORD-001837,credit_card,1,3833.14
PAY-007581,ORD-004524,credit_card,12,3677.3
PAY-007582,ORD-014190,boleto,1,4838.25
PAY-007583,ORD-009900,boleto,1,4228.13
PAY-007584,ORD-000132,credit_card,7,3968.66
PAY-007585,ORD-010435,boleto,1,1647.26
PAY-007586,ORD-000528,boleto,1,5328.69
PAY-007587,ORD-001943,credit_card,5,5064.66
PAY-007588,ORD-003857,debit_card,1,848.86
PAY-007589,ORD-009102,voucher,1,4015.78
PAY-007590,ORD-001397,debit_card,1,2388.37
PAY-007591,ORD-003698,boleto,1,1613.4
PAY-007592,ORD-007822,credit_card,12,6801.44
PAY-007593,ORD-002588,boleto,1,427.44
PAY-007594,ORD-013673,credit_card,12,1343.13
PAY-007595,ORD-008950,boleto,1,7222.03
PAY-007596,ORD-002429,boleto,1,5231.91
PAY-007597,ORD-000987,boleto,1,2846.56
PAY-007598,ORD-006516,boleto,1,92.04
PAY-007599,ORD-006248,credit_card,11,7750.99
PAY-007600,ORD-010043,boleto,1,5597.46
PAY-007601,ORD-006867,credit_card,6,-13.05
PAY-007602,ORD-009143,voucher,1,4060.68
PAY-007603,ORD-004140,voucher,1,1097.51
PAY-007604,ORD-004594,credit_card,5,5290.42
PAY-007605,ORD-010220,debit_card,1,2282.68
PAY-007606,ORD-014383,debit_card,1,4178.6
PAY-007607,ORD-013319,debit_card,1,2360.97
PAY-007608,ORD-014250,credit_card,11,5607.39
PAY-007609,ORD-002925,debit_card,1,5770.14
PAY-007610,ORD-010916,voucher,1,3719.6
PAY-007611,ORD-011599,boleto,1,7449.52
PAY-007612,ORD-004208,voucher,1,5387.68
PAY-007613,ORD-004812,boleto,1,4604.66
PAY-007614,ORD-014919,voucher,1,343.98
PAY-007615,ORD-014761,boleto,1,840.72
PAY-007616,ORD-000080,credit_card,7,7331.63
PAY-007617,ORD-001168,credit_card,5,3829.82
PAY-007618,ORD-008604,boleto,1,2355.03
PAY-007619,ORD-000152,boleto,1,6424.48
PAY-007620,ORD-000287,credit_card,3,2870.93
PAY-007621,ORD-007052,boleto,1,338.05
PAY-007622,ORD-010644,boleto,1,4232.88
PAY-007623,ORD-006145,debit_card,1,1411.92
PAY-007624,ORD-004682,credit_card,1,3816.43
PAY-007625,ORD-009800,voucher,1,6414.66
PAY-007626,ORD-001136,voucher,1,7078.05
PAY-007627,ORD-007224,credit_card,9,5539.49
PAY-007628,ORD-006828,boleto,1,1612.12
PAY-007629,ORD-001203,boleto,1,527.56
PAY-007630,ORD-014976,voucher,1,6316.7
PAY-007631,ORD-012561,credit_card,5,5064.17
PAY-007632,ORD-005447,voucher,1,4217.16
PAY-007633,ORD-004052,debit_card,1,3791.27
PAY-007634,ORD-011927,boleto,1,-96.68
PAY-007635,ORD-002151,debit_card,1,7038.56
PAY-007636,ORD-000715,voucher,1,4428.85
PAY-007637,ORD-014873,voucher,1,-164.95
PAY-007638,ORD-008985,boleto,1,64.9
PAY-007639,ORD-009774,boleto,1,1496.9
PAY-007640,ORD-011394,debit_card,1,1217.46
PAY-007641,ORD-010556,voucher,1,2888.56
PAY-007642,ORD-004282,debit_card,1,7872.08
PAY-007643,ORD-006005,voucher,1,3909.18
PAY-007644,ORD-008024,voucher,1,1743.63
PAY-007645,ORD-008574,voucher,1,7889.0
PAY-007646,ORD-002236,credit_card,4,473.69
PAY-007647,ORD-004397,credit_card,4,433.17
PAY-007648,ORD-004477,credit_card,10,2100.13
PAY-007649,ORD-005591,credit_card,1,5325.13
PAY-007650,ORD-004343,debit_card,1,1897.31
PAY-007651,ORD-007158,voucher,1,6642.29
PAY-007652,ORD-006746,credit_card,8,4097.44
PAY-007653,ORD-012127,credit_card,3,1764.85
PAY-007654,ORD-000893,credit_card,3,4415.67
PAY-007655,ORD-001279,boleto,1,1568.55
PAY-007656,ORD-014811,voucher,1,517.62
PAY-007657,ORD-014674,boleto,1,4227.43
PAY-007658,ORD-000105,voucher,1,3879.48
PAY-007659,ORD-001106,credit_card,11,7407.05
PAY-007660,ORD-004377,debit_card,1,806.14
PAY-007661,ORD-011661,credit_card,6,3324.63
PAY-007662,ORD-002275,credit_card,11,4265.05
PAY-007663,ORD-005633,voucher,1,157.07
PAY-007664,ORD-003004,credit_card,10,4645.62
PAY-007665,ORD-005096,debit_card,1,1139.9
PAY-007666,ORD-014813,credit_card,9,2822.43
PAY-007667,ORD-001275,credit_card,3,2764.08
PAY-007668,ORD-012767,credit_card,5,5887.08
PAY-007669,ORD-000844,voucher,1,4054.27
PAY-007670,ORD-001238,PIX,1,3323.11
PAY-007671,ORD-009119,credit_card,9,3239.24
PAY-007672,ORD-010907,voucher,1,4024.33
PAY-007673,ORD-001385,voucher,1,6126.0
PAY-007674,ORD-003028,boleto,1,5366.09
PAY-007675,ORD-000220,debit_card,1,777.62
PAY-007676,ORD-003502,voucher,1,6175.91
PAY-007677,ORD-007741,credit_card,2,1930.0
PAY-007678,ORD-006077,credit_card,9,7365.9
PAY-007679,ORD-011938,credit_card,7,3156.79
PAY-007680,ORD-001938,credit_card,9,7708.15
PAY-007681,ORD-010857,credit_card,2,6771.65
PAY-007682,ORD-014006,voucher,1,6245.05
PAY-007683,ORD-002453,voucher,1,-356.29
PAY-007684,ORD-001279,debit_card,1,1711.43
PAY-007685,ORD-012281,debit_card,1,1908.17
PAY-007686,ORD-009765,voucher,1,1798.68
PAY-007687,ORD-007212,debit_card,1,6139.29
PAY-007688,ORD-013176,debit_card,1,732.16
PAY-007689,ORD-012547,credit_card,7,6534.83
PAY-007690,ORD-003321,voucher,1,7920.93
PAY-007691,ORD-012907,debit_card,1,7155.45
PAY-007692,ORD-014649,boleto,1,1370.25
PAY-007693,ORD-001789,credit_card,4,7229.24
PAY-007694,ORD-012007,boleto,1,4757.42
PAY-007695,ORD-011335,voucher,1,2254.68
PAY-007696,ORD-008647,debit_card,1,487.23
PAY-007697,ORD-008309,voucher,1,4049.23
PAY-007698,ORD-005803,credit_card,1,1806.49
PAY-007699,ORD-010025,boleto,1,5856.63
PAY-007700,ORD-001657,boleto,1,4435.31
PAY-007701,ORD-000881,voucher,1,1155.51
PAY-007702,ORD-010238,voucher,1,5126.6
PAY-007703,ORD-003205,boleto,1,3897.34
PAY-007704,ORD-009768,credit_card,9,1328.6
PAY-007705,ORD-012148,boleto,1,2315.43
PAY-007706,ORD-008595,credit_card,8,2776.44
PAY-007707,ORD-003399,boleto,1,4074.87
PAY-007708,ORD-002430,voucher,1,5546.13
PAY-007709,ORD-009140,boleto,1,6736.58
PAY-007710,ORD-011980,,7,3748.71
PAY-007711,ORD-005399,boleto,1,692.99
PAY-007712,ORD-005764,voucher,1,5681.78
PAY-007713,ORD-000361,voucher,1,6575.59
PAY-007714,ORD-005806,boleto,1,3919.01
PAY-007715,ORD-001229,credit_card,2,3710.6
PAY-007716,ORD-000675,boleto,1,7150.06
PAY-007717,ORD-004242,credit_card,8,7201.91
PAY-007718,ORD-013416,debit_card,1,2699.9
PAY-007719,ORD-002085,voucher,,1281.65
PAY-007720,ORD-007341,boleto,1,2315.39
PAY-007721,ORD-010226,voucher,1,7176.1
PAY-007722,ORD-003455,credit_card,4,5519.95
PAY-007723,ORD-007789,boleto,1,5910.51
PAY-007724,ORD-003940,boleto,1,2415.1
PAY-007725,ORD-001126,voucher,1,2833.08
PAY-007726,ORD-000732,boleto,1,3479.47
PAY-007727,ORD-014623,debit_card,1,786.2
PAY-007728,ORD-004778,voucher,1,7709.95
PAY-007729,ORD-004190,credit_card,11,564.67
PAY-007730,ORD-004258,voucher,1,2171.25
PAY-007731,ORD-005560,boleto,1,2269.82
PAY-007732,ORD-011010,credit_card,8,2569.23
PAY-007733,ORD-001877,boleto,1,4559.38
PAY-007734,ORD-005982,debit_card,1,3895.9
PAY-007735,ORD-013631,credit_card,9,5364.71
PAY-007736,ORD-009380,credit_card,10,4301.85
PAY-007737,ORD-004159,debit_card,1,5567.16
PAY-007738,ORD-004145,debit_card,1,2078.41
PAY-007739,ORD-007564,debit_card,1,4830.52
PAY-007740,ORD-004232,credit_card,2,7556.1
PAY-007741,ORD-011861,debit_card,1,351.5
PAY-007742,ORD-003635,credit_card,2,6055.37
PAY-007743,ORD-004684,credit_card,12,369.14
PAY-007744,ORD-008808,credit_card,2,4614.8
PAY-007745,ORD-002132,voucher,1,7340.16
PAY-007746,ORD-001426,debit_card,1,3318.43
PAY-007747,ORD-006501,debit_card,1,349.69
PAY-007748,ORD-007805,credit_card,8,6353.67
PAY-007749,ORD-004185,boleto,1,4735.32
PAY-007750,ORD-012556,debit_card,1,1934.74
PAY-007751,ORD-002824,credit_card,4,5496.14
PAY-007752,ORD-007592,credit_card,6,4301.59
PAY-007753,ORD-010784,voucher,1,3280.36
PAY-007754,ORD-008102,credit_card,7,1024.79
PAY-007755,ORD-003631,,1,2459.94
PAY-007756,ORD-008522,voucher,1,2144.3
PAY-007757,ORD-004506,boleto,1,6743.39
PAY-007758,ORD-001862,debit_card,1,7346.48
PAY-007759,ORD-004919,voucher,1,2441.42
PAY-007760,ORD-001975,boleto,1,1205.75
PAY-007761,ORD-011288,voucher,1,4443.71
PAY-007762,ORD-002039,voucher,1,1887.13
PAY-007763,ORD-011792,voucher,1,6471.87
PAY-007764,ORD-008245,credit_card,11,4262.22
PAY-007765,ORD-004848,debit_card,1,457.27
PAY-007766,ORD-009016,voucher,1,149.63
PAY-007767,ORD-007541,boleto,1,5129.34
PAY-007768,ORD-010530,credit_card,2,6832.74
PAY-007769,ORD-012523,boleto,1,6602.22
PAY-007770,ORD-000512,boleto,1,2704.71
PAY-007771,ORD-010108,credit_card,7,1725.73
PAY-007772,ORD-001452,credit_card,3,-1.02
PAY-007773,ORD-004190,credit_card,8,2700.76
PAY-007774,ORD-003975,boleto,1,683.0
PAY-007775,ORD-009793,boleto,1,2274.24
PAY-007776,ORD-010921,credit_card,9,5085.54
PAY-007777,ORD-007217,boleto,1,4483.18
PAY-007778,ORD-004837,credit_card,1,3708.9
PAY-007779,ORD-007263,boleto,1,2611.49
PAY-007780,ORD-005508,voucher,1,3262.86
PAY-007781,ORD-004243,voucher,1,6029.36
PAY-007782,ORD-002332,boleto,1,3694.06
PAY-007783,ORD-008560,boleto,1,48.61
PAY-007784,ORD-004430,credit_card,8,5874.17
PAY-007785,ORD-005761,boleto,1,2756.67
PAY-007786,ORD-001762,debit_card,1,5855.44
PAY-007787,ORD-007749,voucher,1,7114.54
PAY-007788,ORD-001223,credit_card,10,2129.91
PAY-007789,ORD-001333,debit_card,1,3416.87
PAY-007790,ORD-010236,debit_card,1,4189.35
PAY-007791,ORD-002126,debit_card,1,4424.27
PAY-007792,ORD-010842,voucher,1,3398.27
PAY-007793,ORD-001161,voucher,,3581.73
PAY-007794,ORD-003654,boleto,1,5312.28
PAY-007795,ORD-005521,credit_card,10,2778.11
PAY-007796,ORD-013893,credit_card,9,3686.99
PAY-007797,ORD-012030,credit_card,6,546.87
PAY-007798,ORD-012560,voucher,1,5736.48
PAY-007799,ORD-013880,debit_card,1,6989.73
PAY-007800,ORD-003291,voucher,1,4907.0
PAY-007801,ORD-005359,voucher,1,3777.52
PAY-007802,ORD-014375,voucher,1,7635.05
PAY-007803,ORD-012125,credit_card,8,2067.86
PAY-007804,ORD-001940,boleto,1,5889.85
PAY-007805,ORD-012866,boleto,1,894.24
PAY-007806,ORD-006985,cash,1,7084.18
PAY-007807,ORD-014954,boleto,1,1623.24
PAY-007808,ORD-004155,credit_card,11,3520.14
PAY-007809,ORD-005542,voucher,1,4495.88
PAY-007810,ORD-013660,boleto,1,2466.44
PAY-007811,ORD-013101,boleto,1,6342.09
PAY-007812,ORD-011775,boleto,1,1261.61
PAY-007813,ORD-007463,voucher,1,5807.48
PAY-007814,ORD-014700,voucher,1,7412.57
PAY-007815,ORD-002503,boleto,1,5136.24
PAY-007816,ORD-012556,credit_card,12,3277.31
PAY-007817,ORD-002300,credit_card,8,6827.66
PAY-007818,ORD-001997,boleto,1,585.04
PAY-007819,ORD-003321,debit_card,1,1448.28
PAY-007820,ORD-009931,debit_card,1,7011.7
PAY-007821,ORD-011641,debit_card,1,5214.6
PAY-007822,ORD-000397,boleto,1,7360.83
PAY-007823,ORD-001558,boleto,1,3978.74
PAY-007824,ORD-003038,voucher,1,4871.37
PAY-007825,ORD-001454,voucher,1,1429.25
PAY-007826,ORD-004552,voucher,1,2205.32
PAY-007827,ORD-013135,debit_card,1,2232.72
PAY-007828,ORD-009408,credit_card,12,5628.93
PAY-007829,ORD-007789,credit_card,3,439.05
PAY-007830,ORD-009888,credit_card,10,3030.0
PAY-007831,ORD-011907,voucher,1,4424.68
PAY-007832,ORD-013032,boleto,1,6287.99
PAY-007833,ORD-011007,debit_card,1,4776.45
PAY-007834,ORD-005345,debit_card,1,2347.64
PAY-007835,ORD-004380,boleto,1,5879.47
PAY-007836,ORD-002686,debit_card,1,2807.44
PAY-007837,ORD-013354,credit_card,7,4991.35
PAY-007838,ORD-004600,debit_card,1,3220.3
PAY-007839,ORD-007673,boleto,1,3825.32
PAY-007840,ORD-000289,credit_card,1,5626.37
PAY-007841,ORD-003933,voucher,1,3330.9
PAY-007842,ORD-009928,debit_card,1,7841.19
PAY-007843,ORD-013544,boleto,1,3138.51
PAY-007844,ORD-004789,boleto,1,5552.54
PAY-007845,ORD-009838,credit_card,3,4426.06
PAY-007846,ORD-013170,credit_card,1,99.51
PAY-007847,ORD-014559,boleto,1,835.2
PAY-007848,ORD-003314,voucher,,7842.91
PAY-007849,ORD-014497,voucher,1,3468.88
PAY-007850,ORD-014203,debit_card,1,6004.26
PAY-007851,ORD-013939,debit_card,1,560.26
PAY-007852,ORD-011562,credit_card,6,6064.81
PAY-007853,ORD-009920,boleto,1,3543.07
PAY-007854,ORD-004456,debit_card,1,3487.41
PAY-007855,ORD-007157,voucher,1,5306.43
PAY-007856,ORD-009007,credit_card,6,1128.41
PAY-007857,ORD-001191,boleto,1,6772.12
PAY-007858,ORD-012832,voucher,1,7047.69
PAY-007859,ORD-003964,boleto,1,2769.1
PAY-007860,ORD-009879,PIX,1,4211.94
PAY-007861,ORD-004708,credit_card,5,1711.77
PAY-007862,ORD-004551,voucher,1,4997.02
PAY-007863,ORD-002548,voucher,1,2404.46
PAY-007864,ORD-004187,credit_card,11,5052.97
PAY-007865,ORD-010624,voucher,1,-111.47
PAY-007866,ORD-001042,voucher,1,2917.16
PAY-007867,ORD-010407,debit_card,1,3521.92
PAY-007868,ORD-002723,boleto,1,6930.48
PAY-007869,ORD-006532,debit_card,1,6764.15
PAY-007870,ORD-004771,credit_card,2,3386.71
PAY-007871,ORD-009538,debit_card,1,3049.36
PAY-007872,ORD-008942,voucher,1,4683.99
PAY-007873,ORD-006690,credit_card,12,21.03
PAY-007874,ORD-005315,credit_card,4,3811.62
PAY-007875,ORD-005308,credit_card,2,1895.7
PAY-007876,ORD-011765,debit_card,1,4134.11
PAY-007877,ORD-006794,credit_card,2,3675.16
PAY-007878,ORD-007848,debit_card,1,2278.28
PAY-007879,ORD-007849,boleto,1,6063.58
PAY-007880,ORD-002302,voucher,1,7122.26
PAY-007881,ORD-004799,debit_card,1,2103.03
PAY-007882,ORD-008738,credit_card,2,5942.91
PAY-007883,ORD-001900,boleto,1,7196.75
PAY-007884,ORD-006940,debit_card,1,4715.1
PAY-007885,ORD-008577,credit_card,8,210.19
PAY-007886,ORD-001691,debit_card,1,2861.58
PAY-007887,ORD-011543,credit_card,11,4271.96
PAY-007888,ORD-008545,debit_card,1,2236.39
PAY-007889,ORD-005648,boleto,1,1818.05
PAY-007890,ORD-011542,credit_card,7,6162.4
PAY-007891,ORD-013671,debit_card,1,717.62
PAY-007892,ORD-001730,boleto,1,4235.72
PAY-007893,ORD-012058,debit_card,1,3751.75
PAY-007894,ORD-004243,debit_card,1,1872.21
PAY-007895,ORD-013324,voucher,1,-181.5
PAY-007896,ORD-009370,voucher,1,5164.07
PAY-007897,ORD-012261,debit_card,1,3980.82
PAY-007898,ORD-001998,debit_card,1,685.62
PAY-007899,ORD-013873,voucher,1,1344.56
PAY-007900,ORD-013471,voucher,1,3943.13
PAY-007901,ORD-003653,credit_card,1,906.75
PAY-007902,ORD-003616,credit_card,10,515.64
PAY-007903,ORD-002849,debit_card,1,5131.64
PAY-007904,ORD-003610,boleto,1,6416.44
PAY-007905,ORD-010505,voucher,1,7261.78
PAY-007906,ORD-000504,credit_card,3,7682.82
PAY-007907,ORD-005364,voucher,1,7221.82
PAY-007908,ORD-006657,boleto,1,4922.27
PAY-007909,ORD-001182,debit_card,1,1220.41
PAY-007910,ORD-001163,boleto,1,1866.07
PAY-007911,ORD-012502,voucher,1,2290.76
PAY-007912,ORD-009991,voucher,1,621.82
PAY-007913,ORD-005124,voucher,1,6104.37
PAY-007914,ORD-001722,debit_card,1,1532.81
PAY-007915,ORD-010120,credit_card,2,4335.32
PAY-007916,ORD-014313,voucher,1,1592.46
PAY-007917,ORD-008360,voucher,1,7279.46
PAY-007918,ORD-013426,boleto,1,7360.84
PAY-007919,ORD-007697,boleto,1,7581.38
PAY-007920,ORD-004752,credit_card,6,1930.43
PAY-007921,ORD-010130,debit_card,1,6919.86
PAY-007922,ORD-002799,boleto,1,5810.08
PAY-007923,ORD-006467,voucher,1,2898.36
PAY-007924,ORD-000217,credit_card,,6744.95
PAY-007925,ORD-011994,voucher,1,4667.37
PAY-007926,ORD-000011,credit_card,10,4070.1
PAY-007927,ORD-002423,credit_card,3,632.68
PAY-007928,ORD-005960,voucher,1,7500.31
PAY-007929,ORD-011408,voucher,1,1798.63
PAY-007930,ORD-005742,credit_card,1,7713.17
PAY-007931,ORD-000260,debit_card,1,5714.62
PAY-007932,ORD-005826,debit_card,1,-469.55
PAY-007933,ORD-004149,credit_card,3,5990.95
PAY-007934,ORD-014413,credit_card,3,2252.37
PAY-007935,ORD-008799,debit_card,1,7293.73
PAY-007936,ORD-000078,credit_card,7,3954.99
PAY-007937,ORD-010748,boleto,1,2823.94
PAY-007938,ORD-008660,debit_card,1,1282.78
PAY-007939,ORD-004843,boleto,1,6617.66
PAY-007940,ORD-000301,voucher,1,4747.41
PAY-007941,ORD-011303,voucher,1,6296.01
PAY-007942,ORD-002454,boleto,1,-177.62
PAY-007943,ORD-005911,voucher,1,6509.36
PAY-007944,ORD-004402,boleto,1,1970.41
PAY-007945,ORD-005731,credit_card,8,4596.07
PAY-007946,ORD-014387,debit_card,1,7682.68
PAY-007947,ORD-003219,debit_card,1,6422.37
PAY-007948,ORD-005209,voucher,1,4721.35
PAY-007949,ORD-013326,voucher,1,7044.25
PAY-007950,ORD-001694,debit_card,1,4510.87
PAY-007951,ORD-004623,boleto,1,7891.83
PAY-007952,ORD-003000,credit_card,9,7154.54
PAY-007953,ORD-002622,credit_card,10,5284.18
PAY-007954,ORD-010918,voucher,1,2855.53
PAY-007955,ORD-014752,debit_card,1,3968.1
PAY-007956,ORD-001024,boleto,1,5088.09
PAY-007957,ORD-011295,voucher,1,2169.4
PAY-007958,ORD-003733,credit_card,10,7913.47
PAY-007959,ORD-001082,boleto,1,62.0
PAY-007960,ORD-008629,boleto,1,564.37
PAY-007961,ORD-012544,debit_card,1,258.06
PAY-007962,ORD-011221,boleto,1,1560.97
PAY-007963,ORD-008472,debit_card,1,4174.19
PAY-007964,ORD-014842,boleto,1,5382.35
PAY-007965,ORD-008500,boleto,1,3372.8
PAY-007966,ORD-010322,credit_card,6,5017.2
PAY-007967,ORD-003005,credit_card,4,7105.4
PAY-007968,ORD-014784,credit_card,8,5945.09
PAY-007969,ORD-013117,voucher,1,6010.45
PAY-007970,ORD-006027,boleto,1,4076.83
PAY-007971,ORD-012220,voucher,1,3838.22
PAY-007972,ORD-012008,credit_card,9,2498.2
PAY-007973,ORD-006832,boleto,1,268.82
PAY-007974,ORD-010823,credit_card,5,2661.85
PAY-007975,ORD-009590,voucher,1,6638.73
PAY-007976,ORD-013350,voucher,1,4415.84
PAY-007977,ORD-000928,credit_card,9,2859.57
PAY-007978,ORD-012433,credit_card,1,4669.87
PAY-007979,ORD-007178,credit_card,7,6393.79
PAY-007980,ORD-008957,credit_card,2,5042.49
PAY-007981,ORD-014780,bitcoin,11,2295.02
PAY-007982,ORD-000418,voucher,1,7953.61
PAY-007983,ORD-004265,voucher,1,6570.24
PAY-007984,ORD-014507,voucher,1,4675.69
PAY-007985,ORD-009802,credit_card,5,4469.34
PAY-007986,ORD-002822,debit_card,1,-169.61
PAY-007987,ORD-006255,voucher,1,4149.9
PAY-007988,ORD-007738,boleto,1,2819.58
PAY-007989,ORD-011361,boleto,1,4302.52
PAY-007990,ORD-010336,debit_card,1,6230.49
PAY-007991,ORD-014611,debit_card,1,103.9
PAY-007992,ORD-010741,voucher,1,1287.71
PAY-007993,ORD-000956,voucher,1,7806.86
PAY-007994,ORD-009570,credit_card,12,6963.69
PAY-007995,ORD-013261,debit_card,1,1712.6
PAY-007996,ORD-004927,credit_card,8,4635.33
PAY-007997,ORD-008826,voucher,1,621.45
PAY-007998,ORD-013578,debit_card,1,-64.84
PAY-007999,ORD-014504,debit_card,1,4915.63
PAY-008000,ORD-012717,credit_card,1,1277.67
PAY-008001,ORD-010622,credit_card,12,2880.66
PAY-008002,ORD-006671,debit_card,1,5573.13
PAY-008003,ORD-001711,credit_card,9,1204.03
PAY-008004,ORD-005184,credit_card,4,2426.57
PAY-008005,ORD-014278,debit_card,1,192.29
PAY-008006,ORD-000238,credit_card,11,5241.83
PAY-008007,ORD-010326,debit_card,1,5270.05
PAY-008008,ORD-014101,voucher,1,3490.03
PAY-008009,ORD-006863,voucher,1,4261.86
PAY-008010,ORD-010641,credit_card,6,4414.15
PAY-008011,ORD-002025,voucher,1,6269.94
PAY-008012,ORD-011088,debit_card,1,4727.62
PAY-008013,ORD-002415,boleto,1,2561.81
PAY-008014,ORD-000331,debit_card,1,2190.89
PAY-008015,ORD-008438,debit_card,1,3188.37
PAY-008016,ORD-014105,credit_card,1,271.1
PAY-008017,ORD-013121,credit_card,10,7625.5
PAY-008018,ORD-012286,credit_card,9,-78.94
PAY-008019,ORD-013495,debit_card,1,2638.28
PAY-008020,ORD-000579,credit_card,5,890.47
PAY-008021,ORD-008243,credit_card,12,2186.6
PAY-008022,ORD-008452,debit_card,1,6303.31
PAY-008023,ORD-001602,credit_card,3,151.88
PAY-008024,ORD-008096,debit_card,1,5297.64
PAY-008025,ORD-009962,boleto,1,354.02
PAY-008026,ORD-012360,debit_card,1,7246.31
PAY-008027,ORD-013564,voucher,1,2649.28
PAY-008028,ORD-002584,boleto,1,3916.0
PAY-008029,ORD-013358,debit_card,1,1747.14
PAY-008030,ORD-011788,credit_card,11,1859.78
PAY-008031,ORD-004795,voucher,1,2128.53
PAY-008032,ORD-012592,voucher,1,452.11
PAY-008033,ORD-005015,voucher,1,-401.17
PAY-008034,ORD-008082,credit_card,8,2914.54
PAY-008035,ORD-013131,debit_card,1,6506.24
PAY-008036,ORD-012151,debit_card,1,4746.54
PAY-008037,ORD-013974,boleto,1,3340.37
PAY-008038,ORD-001020,voucher,1,1053.5
PAY-008039,ORD-004257,credit_card,7,1964.07
PAY-008040,ORD-006459,credit_card,7,2329.05
PAY-008041,ORD-011853,credit_card,1,1848.94
PAY-008042,ORD-010141,debit_card,1,7646.16
PAY-008043,ORD-004349,debit_card,1,1096.59
PAY-008044,ORD-014839,boleto,1,793.59
PAY-008045,ORD-001441,boleto,1,1614.84
PAY-008046,ORD-009045,debit_card,1,1671.54
PAY-008047,ORD-007121,boleto,1,4538.19
PAY-008048,ORD-014516,boleto,1,126.77
PAY-008049,ORD-010047,boleto,1,1219.06
PAY-008050,ORD-007719,debit_card,1,1213.27
PAY-008051,ORD-011726,boleto,1,1639.62
PAY-008052,ORD-008229,voucher,1,609.22
PAY-008053,ORD-002640,voucher,1,2179.64
PAY-008054,ORD-002370,voucher,1,2012.52
PAY-008055,ORD-001027,credit_card,9,5384.88
PAY-008056,ORD-006627,boleto,1,5233.89
PAY-008057,ORD-009337,bitcoin,1,533.04
PAY-008058,ORD-013683,credit_card,12,990.87
PAY-008059,ORD-013306,boleto,1,699.57
PAY-008060,ORD-004622,voucher,1,4783.23
PAY-008061,ORD-012787,voucher,1,1938.14
PAY-008062,ORD-006627,boleto,1,-428.81
PAY-008063,ORD-013143,debit_card,1,2013.55
PAY-008064,ORD-012352,voucher,1,3786.0
PAY-008065,ORD-013889,debit_card,1,2274.93
PAY-008066,ORD-008236,credit_card,4,6759.96
PAY-008067,ORD-001621,credit_card,2,7121.07
PAY-008068,ORD-003557,boleto,1,5298.96
PAY-008069,ORD-002309,debit_card,1,1759.97
PAY-008070,ORD-006379,voucher,1,7688.14
PAY-008071,ORD-001666,credit_card,1,2249.81
PAY-008072,ORD-001896,voucher,1,2817.25
PAY-008073,ORD-011991,voucher,1,1527.99
PAY-008074,ORD-001106,debit_card,1,733.72
PAY-008075,ORD-002026,credit_card,11,1000.9
PAY-008076,ORD-002823,boleto,1,4211.13
PAY-008077,ORD-013714,debit_card,1,3164.05
PAY-008078,ORD-011146,credit_card,12,5487.59
PAY-008079,ORD-014802,credit_card,3,4614.25
PAY-008080,ORD-014107,debit_card,1,6393.76
PAY-008081,ORD-013029,boleto,1,5499.57
PAY-008082,ORD-013371,voucher,1,1090.36
PAY-008083,ORD-000831,debit_card,1,7851.63
PAY-008084,ORD-014284,credit_card,2,5325.92
PAY-008085,ORD-013102,debit_card,1,5984.86
PAY-008086,ORD-003576,credit_card,7,6014.56
PAY-008087,ORD-008039,boleto,1,1794.46
PAY-008088,ORD-008263,debit_card,1,1715.18
PAY-008089,ORD-012624,boleto,1,3926.15
PAY-008090,ORD-010374,debit_card,1,181.87
PAY-008091,ORD-001890,debit_card,1,308.51
PAY-008092,ORD-001090,debit_card,1,3855.81
PAY-008093,ORD-011126,boleto,1,6043.62
PAY-008094,ORD-001031,voucher,1,2521.36
PAY-008095,ORD-007717,credit_card,7,2607.21
PAY-008096,ORD-014611,credit_card,8,7356.93
PAY-008097,ORD-005872,voucher,1,7518.82
PAY-008098,ORD-008475,boleto,1,2339.28
PAY-008099,ORD-004333,boleto,1,559.41
PAY-008100,ORD-003477,voucher,1,5850.68
PAY-008101,ORD-008353,debit_card,1,1149.72
PAY-008102,ORD-007528,boleto,1,5169.71
PAY-008103,ORD-003208,boleto,1,1292.4
PAY-008104,ORD-007314,debit_card,1,2876.48
PAY-008105,ORD-006009,voucher,1,5072.34
PAY-008106,ORD-004430,boleto,1,1854.15
PAY-008107,ORD-003591,voucher,1,4792.85
PAY-008108,ORD-008634,debit_card,1,4713.65
PAY-008109,ORD-005808,debit_card,1,4438.9
PAY-008110,ORD-006855,credit_card,8,637.06
PAY-008111,ORD-000751,boleto,1,211.33
PAY-008112,ORD-000219,debit_card,1,3858.51
PAY-008113,ORD-000329,voucher,1,7982.26
PAY-008114,ORD-004439,credit_card,1,1696.04
PAY-008115,ORD-007250,voucher,1,727.44
PAY-008116,ORD-006209,credit_card,5,7901.72
PAY-008117,ORD-007284,credit_card,2,3570.41
PAY-008118,ORD-014205,debit_card,1,2113.17
PAY-008119,ORD-013269,voucher,1,6311.8
PAY-008120,ORD-004585,boleto,1,7987.03
PAY-008121,ORD-006404,debit_card,1,5220.29
PAY-008122,ORD-005419,boleto,1,329.35
PAY-008123,ORD-002230,credit_card,9,1901.55
PAY-008124,ORD-002231,debit_card,1,2302.1
PAY-008125,ORD-003107,voucher,1,6667.42
PAY-008126,ORD-007145,debit_card,1,7828.84
PAY-008127,ORD-010284,boleto,1,2214.88
PAY-008128,ORD-007293,credit_card,10,2597.13
PAY-008129,ORD-010224,debit_card,1,7239.15
PAY-008130,ORD-004268,credit_card,11,5932.77
PAY-008131,ORD-004350,voucher,1,4593.14
PAY-008132,ORD-012613,boleto,1,1672.84
PAY-008133,ORD-001001,voucher,1,3529.95
PAY-008134,ORD-009202,debit_card,1,7459.11
PAY-008135,ORD-003889,boleto,1,4250.87
PAY-008136,ORD-009929,debit_card,1,6576.92
PAY-008137,ORD-009604,voucher,1,5396.47
PAY-008138,ORD-014904,bitcoin,1,5774.62
PAY-008139,ORD-001768,credit_card,7,1613.28
PAY-008140,ORD-010726,debit_card,1,3044.71
PAY-008141,ORD-007112,boleto,1,1284.79
PAY-008142,ORD-004567,credit_card,7,4449.93
PAY-008143,ORD-010754,voucher,1,1154.89
PAY-008144,ORD-002755,debit_card,1,1665.71
PAY-008145,ORD-002786,boleto,1,431.09
PAY-008146,ORD-014317,credit_card,2,3728.54
PAY-008147,ORD-000501,credit_card,1,4935.75
PAY-008148,ORD-011505,voucher,1,2660.32
PAY-008149,ORD-001461,boleto,1,7939.68
PAY-008150,ORD-010419,debit_card,1,7804.44
PAY-008151,ORD-000372,voucher,1,714.12
PAY-008152,ORD-014956,credit_card,10,6175.97
PAY-008153,ORD-006739,boleto,1,2830.34
PAY-008154,ORD-014996,debit_card,1,40.58
PAY-008155,ORD-003057,debit_card,1,1348.67
PAY-008156,ORD-000087,voucher,1,1380.42
PAY-008157,ORD-008826,boleto,1,2546.84
PAY-008158,ORD-007206,boleto,1,1211.01
PAY-008159,ORD-013255,boleto,1,6691.28
PAY-008160,ORD-007762,boleto,1,748.16
PAY-008161,ORD-008131,credit_card,12,2489.26
PAY-008162,ORD-002532,boleto,1,5159.28
PAY-008163,ORD-005144,boleto,1,7805.4
PAY-008164,ORD-005277,voucher,1,6184.32
PAY-008165,ORD-005750,voucher,1,6073.2
PAY-008166,ORD-006708,debit_card,1,4451.64
PAY-008167,ORD-002511,boleto,1,6924.5
PAY-008168,ORD-001421,boleto,1,1743.06
PAY-008169,ORD-005981,voucher,1,4316.1
PAY-008170,ORD-004313,boleto,1,2718.76
PAY-008171,ORD-005648,credit_card,3,7797.58
PAY-008172,ORD-013218,boleto,1,5799.64
PAY-008173,ORD-010342,voucher,1,7566.4
PAY-008174,ORD-011310,boleto,1,2050.3
PAY-008175,ORD-014824,voucher,1,4968.77
PAY-008176,ORD-006103,credit_card,2,5258.53
PAY-008177,ORD-003451,credit_card,9,7992.68
PAY-008178,ORD-004857,credit_card,8,3103.28
PAY-008179,ORD-006905,debit_card,1,2378.41
PAY-008180,ORD-007538,boleto,1,5535.7
PAY-008181,ORD-008923,boleto,1,5941.69
PAY-008182,ORD-009559,debit_card,1,1859.3
PAY-008183,ORD-001001,voucher,1,5108.37
PAY-008184,ORD-004331,debit_card,1,6466.52
PAY-008185,ORD-013008,voucher,1,6521.34
PAY-008186,ORD-007095,credit_card,11,244.27
PAY-008187,ORD-014972,debit_card,1,6934.69
PAY-008188,ORD-011760,debit_card,1,217.36
PAY-008189,ORD-010439,debit_card,1,2545.82
PAY-008190,ORD-005042,boleto,1,7660.73
PAY-008191,ORD-008029,debit_card,1,92.69
PAY-008192,ORD-001192,voucher,1,2781.94
PAY-008193,ORD-009876,credit_card,7,4958.23
PAY-008194,ORD-006044,boleto,1,1911.83
PAY-008195,ORD-010900,credit_card,1,3949.33
PAY-008196,ORD-010140,boleto,1,4823.93
PAY-008197,ORD-004889,boleto,1,7668.51
PAY-008198,ORD-007989,credit_card,5,1432.39
PAY-008199,ORD-014226,credit_card,3,481.0
PAY-008200,ORD-004158,debit_card,1,7818.75
PAY-008201,ORD-008856,credit_card,8,451.26
PAY-008202,ORD-002046,credit_card,3,4248.88
PAY-008203,ORD-001342,credit_card,11,5185.29
PAY-008204,ORD-003423,boleto,1,6938.32
PAY-008205,ORD-003755,boleto,1,6617.78
PAY-008206,ORD-014507,debit_card,1,3540.75
PAY-008207,ORD-014051,debit_card,1,2948.78
PAY-008208,ORD-006899,credit_card,5,6401.87
PAY-008209,ORD-011070,credit_card,8,2161.11
PAY-008210,ORD-002775,voucher,1,3225.16
PAY-008211,ORD-013967,credit_card,10,2581.47
PAY-008212,ORD-012691,boleto,1,4797.24
PAY-008213,ORD-010132,credit_card,4,7795.58
PAY-008214,ORD-014434,debit_card,1,682.57
PAY-008215,ORD-012775,boleto,1,4466.43
PAY-008216,ORD-001793,boleto,1,1476.8
PAY-008217,ORD-010192,boleto,1,6280.59
PAY-008218,ORD-013278,debit_card,1,2919.86
PAY-008219,ORD-000305,voucher,1,-100.87
PAY-008220,ORD-002039,credit_card,6,5161.7
PAY-008221,ORD-006828,debit_card,1,2960.78
PAY-008222,ORD-007465,credit_card,12,3386.27
PAY-008223,ORD-001350,credit_card,6,3334.15
PAY-008224,ORD-003387,boleto,1,1946.18
PAY-008225,ORD-014783,cash,1,427.23
PAY-008226,ORD-005511,voucher,1,5872.05
PAY-008227,ORD-013816,debit_card,1,1899.96
PAY-008228,ORD-011541,debit_card,1,3233.69
PAY-008229,ORD-006330,debit_card,1,3075.63
PAY-008230,ORD-003377,credit_card,5,2140.41
PAY-008231,ORD-004674,credit_card,1,5342.29
PAY-008232,ORD-002439,boleto,1,3609.83
PAY-008233,ORD-003018,credit_card,2,5269.86
PAY-008234,ORD-012754,credit_card,2,3021.78
PAY-008235,ORD-005432,debit_card,1,548.56
PAY-008236,ORD-011345,debit_card,1,7533.06
PAY-008237,ORD-011491,debit_card,1,7698.58
PAY-008238,ORD-000593,credit_card,9,7606.01
PAY-008239,ORD-001797,voucher,1,3543.63
PAY-008240,ORD-006318,credit_card,1,6586.56
PAY-008241,ORD-011296,boleto,1,6863.18
PAY-008242,ORD-010739,bitcoin,1,4203.64
PAY-008243,ORD-006155,credit_card,8,4730.29
PAY-008244,ORD-001638,debit_card,1,6619.3
PAY-008245,ORD-011743,voucher,1,5646.78
PAY-008246,ORD-010550,credit_card,8,7951.05
PAY-008247,ORD-009115,voucher,1,1698.83
PAY-008248,ORD-012916,voucher,1,4571.2
PAY-008249,ORD-012223,boleto,1,3680.33
PAY-008250,ORD-003316,credit_card,7,3175.3
PAY-008251,ORD-011674,voucher,1,6542.94
PAY-008252,ORD-009599,debit_card,1,956.38
PAY-008253,ORD-012438,credit_card,10,2129.39
PAY-008254,ORD-008279,boleto,1,5054.03
PAY-008255,ORD-007451,boleto,1,664.35
PAY-008256,ORD-014996,debit_card,1,5894.21
PAY-008257,ORD-004955,voucher,1,566.29
PAY-008258,ORD-010834,voucher,1,3576.48
PAY-008259,ORD-014186,,1,5962.78
PAY-008260,ORD-000069,credit_card,2,6249.04
PAY-008261,ORD-007773,boleto,1,1873.19
PAY-008262,ORD-004409,voucher,1,2970.78
PAY-008263,ORD-010663,credit_card,1,895.46
PAY-008264,ORD-009861,credit_card,12,1917.11
PAY-008265,ORD-010210,boleto,1,5866.69
PAY-008266,ORD-012978,credit_card,5,6283.4
PAY-008267,ORD-011874,debit_card,1,-341.38
PAY-008268,ORD-009507,credit_card,1,6555.05
PAY-008269,ORD-012842,voucher,1,6457.39
PAY-008270,ORD-005991,credit_card,7,3454.99
PAY-008271,ORD-011897,debit_card,1,4800.31
PAY-008272,ORD-005928,voucher,1,6290.56
PAY-008273,ORD-009334,boleto,1,4068.3
PAY-008274,ORD-003896,debit_card,1,6347.68
PAY-008275,ORD-004221,voucher,1,3760.56
PAY-008276,ORD-003358,credit_card,9,4389.37
PAY-008277,ORD-002917,credit_card,6,77.28
PAY-008278,ORD-009142,voucher,1,7143.83
PAY-008279,ORD-010379,voucher,1,5211.33
PAY-008280,ORD-000077,voucher,1,7628.22
PAY-008281,ORD-000585,voucher,1,139.51
PAY-008282,ORD-013309,boleto,1,7975.26
PAY-008283,ORD-008904,boleto,1,4936.82
PAY-008284,ORD-008818,boleto,1,568.77
PAY-008285,ORD-010537,voucher,1,3785.13
PAY-008286,ORD-007279,debit_card,1,7781.35
PAY-008287,ORD-004116,voucher,1,6430.43
PAY-008288,ORD-007440,,1,5405.34
PAY-008289,ORD-008033,voucher,1,183.11
PAY-008290,ORD-004972,credit_card,8,4310.38
PAY-008291,ORD-013166,debit_card,1,2830.18
PAY-008292,ORD-006378,debit_card,1,6140.98
PAY-008293,ORD-014074,credit_card,1,5399.23
PAY-008294,ORD-005902,voucher,1,4412.05
PAY-008295,ORD-005059,debit_card,1,1841.46
PAY-008296,ORD-002182,boleto,1,1440.12
PAY-008297,ORD-011143,voucher,,7088.38
PAY-008298,ORD-010872,debit_card,1,7911.57
PAY-008299,ORD-005436,voucher,1,4834.44
PAY-008300,ORD-010156,boleto,1,6340.82
PAY-008301,ORD-002520,debit_card,1,765.2
PAY-008302,ORD-008715,debit_card,1,5630.4
PAY-008303,ORD-014812,cash,1,1695.01
PAY-008304,ORD-007769,boleto,1,3240.92
PAY-008305,ORD-005181,credit_card,12,548.74
PAY-008306,ORD-003527,credit_card,10,4652.2
PAY-008307,ORD-000085,boleto,1,7912.49
PAY-008308,ORD-013792,boleto,1,2422.15
PAY-008309,ORD-011820,debit_card,1,574.41
PAY-008310,ORD-001936,credit_card,5,1798.46
PAY-008311,ORD-001871,credit_card,10,4193.41
PAY-008312,ORD-013758,credit_card,4,4222.05
PAY-008313,ORD-012084,voucher,1,2260.65
PAY-008314,ORD-012610,credit_card,10,2683.46
PAY-008315,ORD-013054,voucher,1,382.3
PAY-008316,ORD-011975,voucher,1,3472.99
PAY-008317,ORD-007546,credit_card,6,3444.24
PAY-008318,ORD-003187,debit_card,1,4688.27
PAY-008319,ORD-014320,voucher,1,5737.03
PAY-008320,ORD-007795,debit_card,1,4027.31
PAY-008321,ORD-014027,credit_card,11,6491.9
PAY-008322,ORD-011206,credit_card,10,6949.06
PAY-008323,ORD-010691,boleto,1,2458.23
PAY-008324,ORD-013444,boleto,1,2099.68
PAY-008325,ORD-006122,credit_card,10,5759.34
PAY-008326,ORD-007003,debit_card,1,7522.09
PAY-008327,ORD-010321,debit_card,1,7796.13
PAY-008328,ORD-005631,boleto,1,485.2
PAY-008329,ORD-000257,debit_card,1,4450.89
PAY-008330,ORD-006630,credit_card,1,1786.04
PAY-008331,ORD-013571,credit_card,11,5872.0
PAY-008332,ORD-013172,debit_card,1,2177.4
PAY-008333,ORD-004545,debit_card,1,5069.38
PAY-008334,ORD-005510,boleto,1,-329.03
PAY-008335,ORD-003572,debit_card,1,6948.72
PAY-008336,ORD-007082,boleto,1,6795.08
PAY-008337,ORD-013764,debit_card,1,4378.34
PAY-008338,ORD-010051,boleto,1,152.44
PAY-008339,ORD-012900,voucher,1,6013.76
PAY-008340,ORD-005950,debit_card,1,1876.68
PAY-008341,ORD-002405,debit_card,1,5098.51
PAY-008342,ORD-009951,boleto,1,7357.6
PAY-008343,ORD-007389,credit_card,1,5312.86
PAY-008344,ORD-009999,credit_card,10,2651.46
PAY-008345,ORD-012408,credit_card,11,6653.84
PAY-008346,ORD-005413,voucher,1,1321.66
PAY-008347,ORD-009806,voucher,1,512.45
PAY-008348,ORD-012931,credit_card,8,5068.47
PAY-008349,ORD-008556,debit_card,1,2660.8
PAY-008350,ORD-014501,boleto,1,2079.26
PAY-008351,ORD-000896,boleto,1,285.27
PAY-008352,ORD-005230,boleto,1,3591.53
PAY-008353,ORD-010045,voucher,1,5863.74
PAY-008354,ORD-006867,debit_card,1,5340.33
PAY-008355,ORD-009499,debit_card,1,2428.69
PAY-008356,ORD-004623,debit_card,1,1994.14
PAY-008357,ORD-006916,voucher,1,3996.54
PAY-008358,ORD-010514,credit_card,10,1876.81
PAY-008359,ORD-009379,debit_card,1,-116.08
PAY-008360,ORD-011338,boleto,1,3415.14
PAY-008361,ORD-010013,voucher,1,5289.62
PAY-008362,ORD-007225,debit_card,1,2067.3
PAY-008363,ORD-014823,boleto,1,1256.32
PAY-008364,ORD-010693,debit_card,1,4279.5
PAY-008365,ORD-008352,voucher,1,958.78
PAY-008366,ORD-011248,boleto,1,1417.42
PAY-008367,ORD-008215,boleto,1,1280.37
PAY-008368,ORD-014851,boleto,1,7357.26
PAY-008369,ORD-014494,voucher,1,911.93
PAY-008370,ORD-010571,voucher,1,229.93
PAY-008371,ORD-001926,boleto,1,4224.71
PAY-008372,ORD-008063,debit_card,1,3375.52
PAY-008373,ORD-010952,boleto,1,3510.22
PAY-008374,ORD-004252,debit_card,1,6748.56
PAY-008375,ORD-010143,voucher,1,5665.84
PAY-008376,ORD-009757,boleto,1,5043.51
PAY-008377,ORD-004087,credit_card,11,7084.11
PAY-008378,ORD-009283,boleto,1,4433.03
PAY-008379,ORD-014905,boleto,1,7723.4
PAY-008380,ORD-000218,boleto,1,4085.9
PAY-008381,ORD-004221,credit_card,6,4870.64
PAY-008382,ORD-004895,voucher,1,7391.92
PAY-008383,ORD-000271,credit_card,10,7501.34
PAY-008384,ORD-010298,voucher,1,3685.88
PAY-008385,ORD-007151,debit_card,1,6796.76
PAY-008386,ORD-000119,voucher,1,5321.18
PAY-008387,ORD-006970,boleto,1,5870.82
PAY-008388,ORD-008430,voucher,1,3490.87
PAY-008389,ORD-001168,boleto,1,3433.33
PAY-008390,ORD-013383,debit_card,1,6263.05
PAY-008391,ORD-004413,boleto,1,3656.8
PAY-008392,ORD-011616,voucher,1,1266.29
PAY-008393,ORD-005915,credit_card,8,232.36
PAY-008394,ORD-013096,voucher,1,6729.26
PAY-008395,ORD-004599,voucher,1,7600.17
PAY-008396,ORD-003198,voucher,1,6645.43
PAY-008397,ORD-014579,voucher,1,3785.8
PAY-008398,ORD-003330,credit_card,12,4747.08
PAY-008399,ORD-012641,boleto,1,2305.34
PAY-008400,ORD-002561,boleto,1,1870.1
PAY-008401,ORD-000569,boleto,1,760.97
PAY-008402,ORD-004556,debit_card,1,2145.1
PAY-008403,ORD-011299,voucher,1,5745.62
PAY-008404,ORD-010233,credit_card,11,-499.82
PAY-008405,ORD-007315,voucher,1,1336.36
PAY-008406,ORD-014173,credit_card,9,5634.51
PAY-008407,ORD-011561,credit_card,4,3052.21
PAY-008408,ORD-014395,voucher,1,1818.67
PAY-008409,ORD-001118,boleto,1,542.37
PAY-008410,ORD-003535,debit_card,1,2267.83
PAY-008411,ORD-001664,boleto,1,3459.98
PAY-008412,ORD-003755,credit_card,6,4176.98
PAY-008413,ORD-006389,boleto,1,7294.53
PAY-008414,ORD-004813,debit_card,1,7749.81
PAY-008415,ORD-008078,voucher,1,1473.97
PAY-008416,ORD-012400,debit_card,1,3722.66
PAY-008417,ORD-010153,,1,4495.72
PAY-008418,ORD-001768,voucher,1,1548.28
PAY-008419,ORD-004096,debit_card,1,7289.27
PAY-008420,ORD-008123,debit_card,1,1580.31
PAY-008421,ORD-001062,debit_card,1,2383.67
PAY-008422,ORD-005932,voucher,1,4535.41
PAY-008423,ORD-010154,boleto,1,2799.14
PAY-008424,ORD-007139,voucher,1,2140.04
PAY-008425,ORD-000249,debit_card,1,198.63
PAY-008426,ORD-007444,credit_card,2,6225.74
PAY-008427,ORD-009428,voucher,1,4214.47
PAY-008428,ORD-013015,boleto,1,7910.69
PAY-008429,ORD-001802,credit_card,10,6445.38
PAY-008430,ORD-003185,debit_card,1,217.15
PAY-008431,ORD-010094,boleto,1,6662.74
PAY-008432,ORD-006731,voucher,1,7850.66
PAY-008433,ORD-005602,boleto,1,5397.38
PAY-008434,ORD-014459,credit_card,11,5382.27
PAY-008435,ORD-002702,credit_card,7,2617.13
PAY-008436,ORD-006589,debit_card,1,4770.09
PAY-008437,ORD-003099,credit_card,9,2611.92
PAY-008438,ORD-001201,voucher,1,6746.13
PAY-008439,ORD-011615,credit_card,8,2827.15
PAY-008440,ORD-014167,voucher,1,5275.22
PAY-008441,ORD-006166,debit_card,1,2331.19
PAY-008442,ORD-011077,voucher,1,6069.4
PAY-008443,ORD-001352,debit_card,1,2439.23
PAY-008444,ORD-007909,boleto,1,5424.27
PAY-008445,ORD-013306,credit_card,11,3980.6
PAY-008446,ORD-006559,boleto,1,-257.88
PAY-008447,ORD-001829,,11,1193.43
PAY-008448,ORD-013157,voucher,1,3927.6
PAY-008449,ORD-005534,boleto,1,1545.01
PAY-008450,ORD-013334,debit_card,1,3787.04
PAY-008451,ORD-012082,debit_card,1,3071.69
PAY-008452,ORD-011408,boleto,1,6715.14
PAY-008453,ORD-013480,voucher,1,5497.12
PAY-008454,ORD-001380,boleto,1,532.56
PAY-008455,ORD-009322,debit_card,1,5177.97
PAY-008456,ORD-007884,boleto,1,6791.84
PAY-008457,ORD-011460,boleto,1,487.67
PAY-008458,ORD-001055,boleto,1,1613.57
PAY-008459,ORD-009773,credit_card,5,7223.4
PAY-008460,ORD-007141,boleto,1,4262.21
PAY-008461,ORD-001573,boleto,1,5426.73
PAY-008462,ORD-001551,credit_card,3,7099.38
PAY-008463,ORD-003793,debit_card,1,3138.99
PAY-008464,ORD-002974,boleto,1,4623.11
PAY-008465,ORD-008735,voucher,1,3043.62
PAY-008466,ORD-007050,voucher,1,3701.68
PAY-008467,ORD-012858,voucher,1,7781.96
PAY-008468,ORD-014129,voucher,1,4957.81
PAY-008469,ORD-010606,debit_card,1,4082.3
PAY-008470,ORD-010218,debit_card,1,4333.68
PAY-008471,ORD-001693,debit_card,1,6876.05
PAY-008472,ORD-010631,voucher,1,628.54
PAY-008473,ORD-002906,credit_card,6,4493.89
PAY-008474,ORD-006068,voucher,1,5626.7
PAY-008475,ORD-013709,voucher,1,5714.17
PAY-008476,ORD-007143,credit_card,4,3868.1
PAY-008477,ORD-003788,credit_card,4,3296.51
PAY-008478,ORD-001009,credit_card,8,1507.42
PAY-008479,ORD-011698,credit_card,5,6053.85
PAY-008480,ORD-002070,credit_card,6,1643.58
PAY-008481,ORD-005745,voucher,1,3927.03
PAY-008482,ORD-009667,voucher,1,475.14
PAY-008483,ORD-003883,voucher,1,7599.55
PAY-008484,ORD-004721,voucher,1,2687.63
PAY-008485,ORD-011850,credit_card,10,4901.75
PAY-008486,ORD-014302,voucher,1,5874.77
PAY-008487,ORD-004878,boleto,1,5795.27
PAY-008488,ORD-009461,debit_card,1,6582.54
PAY-008489,ORD-013977,boleto,1,529.17
PAY-008490,ORD-008825,voucher,,4218.87
PAY-008491,ORD-011440,boleto,1,6806.38
PAY-008492,ORD-013299,boleto,1,7949.91
PAY-008493,ORD-003953,credit_card,4,6282.52
PAY-008494,ORD-011665,voucher,1,4732.6
PAY-008495,ORD-007472,boleto,1,191.66
PAY-008496,ORD-011540,boleto,1,6778.55
PAY-008497,ORD-002444,credit_card,12,3976.12
PAY-008498,ORD-004608,boleto,1,3401.09
PAY-008499,ORD-010343,credit_card,3,4661.14
PAY-008500,ORD-008711,voucher,1,1415.45
PAY-008501,ORD-002857,voucher,1,7754.42
PAY-008502,ORD-001326,credit_card,5,18.22
PAY-008503,ORD-011771,voucher,1,5174.95
PAY-008504,ORD-002788,credit_card,12,5099.38
PAY-008505,ORD-005645,credit_card,5,6034.33
PAY-008506,ORD-010161,credit_card,9,2396.0
PAY-008507,ORD-010895,debit_card,1,3945.95
PAY-008508,ORD-014608,boleto,1,4625.46
PAY-008509,ORD-012006,voucher,1,1871.34
PAY-008510,ORD-000476,PIX,1,7783.96
PAY-008511,ORD-008062,boleto,1,7278.18
PAY-008512,ORD-005358,credit_card,8,1764.2
PAY-008513,ORD-003145,debit_card,1,4555.31
PAY-008514,ORD-007610,credit_card,11,6395.09
PAY-008515,ORD-002569,credit_card,11,816.51
PAY-008516,ORD-012710,boleto,1,166.33
PAY-008517,ORD-009305,debit_card,1,1401.18
PAY-008518,ORD-007975,debit_card,1,5243.6
PAY-008519,ORD-011559,debit_card,1,7014.18
PAY-008520,ORD-005197,boleto,1,1952.61
PAY-008521,ORD-013310,,1,1004.32
PAY-008522,ORD-001171,,1,145.9
PAY-008523,ORD-013903,voucher,1,-150.54
PAY-008524,ORD-003310,voucher,1,2347.36
PAY-008525,ORD-006151,debit_card,1,7138.2
PAY-008526,ORD-010648,boleto,1,7711.38
PAY-008527,ORD-007584,boleto,1,3187.28
PAY-008528,ORD-007829,voucher,1,559.92
PAY-008529,ORD-012415,voucher,1,5891.72
PAY-008530,ORD-004801,debit_card,1,3866.13
PAY-008531,ORD-002959,voucher,1,6565.41
PAY-008532,ORD-012329,boleto,1,3189.81
PAY-008533,ORD-010393,credit_card,6,1117.24
PAY-008534,ORD-007338,voucher,1,1086.53
PAY-008535,ORD-012140,debit_card,1,5474.93
PAY-008536,ORD-006979,credit_card,2,1896.11
PAY-008537,ORD-003947,boleto,1,1263.77
PAY-008538,ORD-012257,credit_card,11,4514.66
PAY-008539,ORD-007325,credit_card,8,1759.42
PAY-008540,ORD-006917,voucher,1,7149.3
PAY-008541,ORD-003287,credit_card,7,1778.96
PAY-008542,ORD-002381,debit_card,1,1630.74
PAY-008543,ORD-004940,debit_card,1,7744.94
PAY-008544,ORD-013213,boleto,1,7174.77
PAY-008545,ORD-011754,credit_card,4,5779.65
PAY-008546,ORD-000274,debit_card,1,5973.99
PAY-008547,ORD-005590,voucher,1,4240.39
PAY-008548,ORD-000292,debit_card,1,596.0
PAY-008549,ORD-002106,boleto,1,6894.07
PAY-008550,ORD-001894,voucher,1,7097.91
PAY-008551,ORD-003335,credit_card,9,2478.83
PAY-008552,ORD-000438,voucher,1,3791.36
PAY-008553,ORD-001661,boleto,1,6354.59
PAY-008554,ORD-004503,debit_card,1,5146.86
PAY-008555,ORD-012539,debit_card,1,2431.41
PAY-008556,ORD-000611,voucher,1,5605.53
PAY-008557,ORD-005539,voucher,1,1463.81
PAY-008558,ORD-000531,boleto,1,451.02
PAY-008559,ORD-003435,voucher,1,62.22
PAY-008560,ORD-010959,voucher,1,-123.24
PAY-008561,ORD-012025,debit_card,1,7128.85
PAY-008562,ORD-009494,credit_card,10,1674.64
PAY-008563,ORD-000467,boleto,1,3970.44
PAY-008564,ORD-008723,boleto,1,5367.46
PAY-008565,ORD-012819,credit_card,4,3681.56
PAY-008566,ORD-010710,boleto,1,3395.97
PAY-008567,ORD-001584,voucher,1,3674.27
PAY-008568,ORD-011612,credit_card,5,6737.63
PAY-008569,ORD-006376,boleto,1,7508.2
PAY-008570,ORD-010373,debit_card,1,3398.44
PAY-008571,ORD-002867,voucher,1,254.4
PAY-008572,ORD-003226,credit_card,11,6795.79
PAY-008573,ORD-003480,credit_card,12,3069.89
PAY-008574,ORD-008571,debit_card,1,681.19
PAY-008575,ORD-006498,credit_card,9,3093.04
PAY-008576,ORD-007419,boleto,1,1803.85
PAY-008577,ORD-006407,boleto,1,4942.81
PAY-008578,ORD-000990,voucher,1,4592.17
PAY-008579,ORD-014908,boleto,1,7233.37
PAY-008580,ORD-002015,credit_card,2,405.11
PAY-008581,ORD-006751,credit_card,10,927.96
PAY-008582,ORD-008578,voucher,1,7620.32
PAY-008583,ORD-006797,debit_card,1,7641.11
PAY-008584,ORD-007576,credit_card,9,1792.8
PAY-008585,ORD-007012,voucher,1,4428.3
PAY-008586,ORD-014652,boleto,1,4994.18
PAY-008587,ORD-000140,credit_card,3,-497.66
PAY-008588,ORD-003732,voucher,1,5431.74
PAY-008589,ORD-013409,boleto,1,7088.08
PAY-008590,ORD-013667,credit_card,1,4211.07
PAY-008591,ORD-005227,credit_card,1,7300.98
PAY-008592,ORD-011173,boleto,1,2909.12
PAY-008593,ORD-005207,voucher,1,1211.61
PAY-008594,ORD-010720,boleto,1,7293.5
PAY-008595,ORD-009867,voucher,1,6265.28
PAY-008596,ORD-014228,voucher,1,6509.73
PAY-008597,ORD-006018,debit_card,1,24.3
PAY-008598,ORD-000930,debit_card,1,3790.92
PAY-008599,ORD-012711,credit_card,11,7745.82
PAY-008600,ORD-004304,credit_card,6,2745.93
PAY-008601,ORD-014491,credit_card,6,4354.79
PAY-008602,ORD-004659,voucher,1,5545.39
PAY-008603,ORD-001519,debit_card,1,4070.66
PAY-008604,ORD-003863,boleto,1,2325.17
PAY-008605,ORD-004212,voucher,1,3041.56
PAY-008606,ORD-013248,debit_card,1,1117.9
PAY-008607,ORD-004820,boleto,1,6657.03
PAY-008608,ORD-002700,voucher,1,1077.08
PAY-008609,ORD-007858,boleto,1,5380.2
PAY-008610,ORD-010854,debit_card,1,2948.72
PAY-008611,ORD-007241,debit_card,1,3655.78
PAY-008612,ORD-004760,boleto,1,2707.99
PAY-008613,ORD-002367,debit_card,1,2116.84
PAY-008614,ORD-003780,credit_card,3,6499.91
PAY-008615,ORD-003454,boleto,1,3339.07
PAY-008616,ORD-009310,boleto,1,71.84
PAY-008617,ORD-009320,debit_card,1,448.85
PAY-008618,ORD-014159,voucher,1,3918.32
PAY-008619,ORD-006656,boleto,1,3135.38
PAY-008620,ORD-005292,boleto,1,1438.65
PAY-008621,ORD-011761,boleto,1,3485.04
PAY-008622,ORD-000335,credit_card,8,4604.25
PAY-008623,ORD-007654,debit_card,1,5160.08
PAY-008624,ORD-003280,voucher,1,2102.25
PAY-008625,ORD-014705,debit_card,1,-6.15
PAY-008626,ORD-002118,debit_card,1,7714.36
PAY-008627,ORD-002686,voucher,1,2294.63
PAY-008628,ORD-001518,voucher,1,4283.76
PAY-008629,ORD-009733,credit_card,8,6942.69
PAY-008630,ORD-010208,credit_card,3,-121.61
PAY-008631,ORD-011276,boleto,1,1668.63
PAY-008632,ORD-006268,credit_card,1,3972.59
PAY-008633,ORD-013071,credit_card,12,4449.02
PAY-008634,ORD-014752,credit_card,10,6796.48
PAY-008635,ORD-009956,credit_card,6,5135.98
PAY-008636,ORD-011681,voucher,1,5710.49
PAY-008637,ORD-013411,credit_card,6,2191.47
PAY-008638,ORD-013479,credit_card,12,2229.92
PAY-008639,ORD-004977,debit_card,1,455.53
PAY-008640,ORD-007220,boleto,1,3762.62
PAY-008641,ORD-014327,credit_card,6,4920.3
PAY-008642,ORD-006139,boleto,1,7946.87
PAY-008643,ORD-006232,voucher,1,5822.56
PAY-008644,ORD-001938,voucher,1,3690.57
PAY-008645,ORD-003166,voucher,1,3567.62
PAY-008646,ORD-010801,boleto,1,1830.01
PAY-008647,ORD-005874,credit_card,11,2533.37
PAY-008648,ORD-012817,boleto,1,2130.65
PAY-008649,ORD-011131,boleto,1,3879.47
PAY-008650,ORD-007730,boleto,1,5676.51
PAY-008651,ORD-011371,debit_card,1,5958.28
PAY-008652,ORD-014665,debit_card,1,4778.66
PAY-008653,ORD-005192,boleto,1,2165.2
PAY-008654,ORD-014284,boleto,1,7196.79
PAY-008655,ORD-005221,debit_card,1,3951.52
PAY-008656,ORD-000393,debit_card,1,266.89
PAY-008657,ORD-004507,debit_card,1,7956.22
PAY-008658,ORD-012468,boleto,1,7983.86
PAY-008659,ORD-010402,voucher,1,5052.56
PAY-008660,ORD-004362,boleto,1,7517.43
PAY-008661,ORD-013730,cash,1,6648.13
PAY-008662,ORD-012150,debit_card,1,4880.67
PAY-008663,ORD-013264,credit_card,4,280.56
PAY-008664,ORD-007228,credit_card,10,4187.7
PAY-008665,ORD-002632,boleto,1,3137.79
PAY-008666,ORD-014087,credit_card,3,7868.94
PAY-008667,ORD-002130,boleto,1,6493.28
PAY-008668,ORD-001273,credit_card,4,2241.35
PAY-008669,ORD-009331,debit_card,1,1444.47
PAY-008670,ORD-012399,credit_card,9,7533.99
PAY-008671,ORD-004593,debit_card,1,1774.01
PAY-008672,ORD-003085,voucher,1,7452.28
PAY-008673,ORD-002006,voucher,1,7060.6
PAY-008674,ORD-000593,boleto,1,1654.18
PAY-008675,ORD-009939,credit_card,12,3742.64
PAY-008676,ORD-007184,debit_card,1,4448.24
PAY-008677,ORD-000202,debit_card,1,6948.45
PAY-008678,ORD-014201,boleto,1,4785.8
PAY-008679,ORD-000877,credit_card,4,7016.06
PAY-008680,ORD-003640,credit_card,9,859.12
PAY-008681,ORD-000918,debit_card,1,2406.47
PAY-008682,ORD-014819,debit_card,1,1189.36
PAY-008683,ORD-013469,boleto,1,284.16
PAY-008684,ORD-013692,credit_card,9,4959.66
PAY-008685,ORD-003181,debit_card,1,5345.72
PAY-008686,ORD-006850,debit_card,1,1520.6
PAY-008687,ORD-001482,debit_card,1,2743.73
PAY-008688,ORD-000953,credit_card,7,2070.86
PAY-008689,ORD-005724,debit_card,1,2747.81
PAY-008690,ORD-014857,debit_card,1,5040.08
PAY-008691,ORD-007241,voucher,1,7341.02
PAY-008692,ORD-012525,credit_card,1,6900.34
PAY-008693,ORD-006511,credit_card,11,3671.78
PAY-008694,ORD-002904,debit_card,1,3809.24
PAY-008695,ORD-011583,credit_card,4,6128.58
PAY-008696,ORD-007437,voucher,1,1485.47
PAY-008697,ORD-010109,debit_card,1,6852.1
PAY-008698,ORD-001109,boleto,1,4024.54
PAY-008699,ORD-008896,boleto,1,5725.89
PAY-008700,ORD-014162,credit_card,2,1681.52
PAY-008701,ORD-009994,debit_card,1,2555.03
PAY-008702,ORD-005657,voucher,1,3734.28
PAY-008703,ORD-000316,boleto,1,4952.46
PAY-008704,ORD-003185,voucher,1,4538.32
PAY-008705,ORD-012207,voucher,1,3389.08
PAY-008706,ORD-011352,debit_card,1,5894.42
PAY-008707,ORD-000131,boleto,,2573.92
PAY-008708,ORD-012438,boleto,1,3166.91
PAY-008709,ORD-003641,credit_card,3,7567.13
PAY-008710,ORD-008590,credit_card,12,3014.41
PAY-008711,ORD-006657,debit_card,1,1065.2
PAY-008712,ORD-003553,boleto,1,229.6
PAY-008713,ORD-007963,voucher,1,1855.31
PAY-008714,ORD-009872,voucher,1,6666.96
PAY-008715,ORD-004473,debit_card,1,5764.47
PAY-008716,ORD-010484,boleto,1,2773.72
PAY-008717,ORD-010204,boleto,1,3973.43
PAY-008718,ORD-008710,boleto,1,5266.04
PAY-008719,ORD-010015,debit_card,1,6424.13
PAY-008720,ORD-002991,debit_card,1,1320.12
PAY-008721,ORD-005493,debit_card,1,1279.25
PAY-008722,ORD-010336,debit_card,1,3445.21
PAY-008723,ORD-003592,credit_card,1,3640.65
PAY-008724,ORD-010559,voucher,1,3159.59
PAY-008725,ORD-001189,boleto,1,90.4
PAY-008726,ORD-013441,boleto,1,467.97
PAY-008727,ORD-006445,boleto,1,3546.55
PAY-008728,ORD-014020,boleto,1,265.58
PAY-008729,ORD-011481,voucher,1,3663.23
PAY-008730,ORD-007649,debit_card,1,2188.82
PAY-008731,ORD-009123,boleto,1,7231.03
PAY-008732,ORD-005497,debit_card,1,6098.82
PAY-008733,ORD-001153,credit_card,2,2776.51
PAY-008734,ORD-001658,credit_card,12,1225.67
PAY-008735,ORD-004811,credit_card,9,3075.71
PAY-008736,ORD-000580,debit_card,1,2493.8
PAY-008737,ORD-013003,credit_card,12,537.98
PAY-008738,ORD-007412,debit_card,1,4035.48
PAY-008739,ORD-012743,boleto,1,2326.55
PAY-008740,ORD-012765,debit_card,1,-403.44
PAY-008741,ORD-012376,credit_card,6,1371.17
PAY-008742,ORD-009785,voucher,1,3442.46
PAY-008743,ORD-007096,credit_card,7,3097.85
PAY-008744,ORD-014098,credit_card,12,6514.93
PAY-008745,ORD-010749,voucher,1,3475.92
PAY-008746,ORD-012042,debit_card,1,4928.95
PAY-008747,ORD-003624,debit_card,1,3454.65
PAY-008748,ORD-012157,credit_card,1,4337.12
PAY-008749,ORD-007483,credit_card,3,3335.78
PAY-008750,ORD-009986,credit_card,7,4855.78
PAY-008751,ORD-012931,debit_card,1,6440.58
PAY-008752,ORD-011865,debit_card,1,2115.84
PAY-008753,ORD-009925,voucher,1,3028.76
PAY-008754,ORD-012334,voucher,1,328.23
PAY-008755,ORD-008272,voucher,1,1910.78
PAY-008756,ORD-000486,boleto,1,5668.21
PAY-008757,ORD-004460,debit_card,1,117.61
PAY-008758,ORD-014549,credit_card,8,1280.91
PAY-008759,ORD-006163,boleto,1,7839.3
PAY-008760,ORD-013247,debit_card,1,1825.9
PAY-008761,ORD-012113,voucher,1,2131.04
PAY-008762,ORD-001331,debit_card,1,1595.64
PAY-008763,ORD-007821,credit_card,1,5146.72
PAY-008764,ORD-009657,boleto,1,2988.61
PAY-008765,ORD-014964,credit_card,12,2843.3
PAY-008766,ORD-008154,debit_card,1,3020.54
PAY-008767,ORD-013193,debit_card,1,7351.93
PAY-008768,ORD-000159,credit_card,8,6462.43
PAY-008769,ORD-014217,boleto,1,4450.58
PAY-008770,ORD-012969,credit_card,10,5671.47
PAY-008771,ORD-014509,voucher,1,7897.21
PAY-008772,ORD-004509,voucher,1,375.41
PAY-008773,ORD-004272,debit_card,1,1583.38
PAY-008774,ORD-011540,boleto,1,2198.98
PAY-008775,ORD-002989,credit_card,3,92.61
PAY-008776,ORD-007462,boleto,1,6659.66
PAY-008777,ORD-001914,debit_card,1,6753.16
PAY-008778,ORD-012354,debit_card,1,998.44
PAY-008779,ORD-014593,debit_card,1,1640.78
PAY-008780,ORD-013597,debit_card,1,3940.81
PAY-008781,ORD-009721,debit_card,1,2442.55
PAY-008782,ORD-000267,boleto,1,2409.69
PAY-008783,ORD-009032,debit_card,1,1972.85
PAY-008784,ORD-000860,voucher,1,2043.07
PAY-008785,ORD-005834,boleto,1,513.46
PAY-008786,ORD-002884,voucher,1,6509.58
PAY-008787,ORD-001022,boleto,1,5786.72
PAY-008788,ORD-001527,boleto,1,5158.99
PAY-008789,ORD-010706,debit_card,1,568.68
PAY-008790,ORD-013296,voucher,1,4173.36
PAY-008791,ORD-010620,boleto,1,-441.47
PAY-008792,ORD-003748,voucher,1,1142.57
PAY-008793,ORD-012993,debit_card,1,6587.8
PAY-008794,ORD-007018,debit_card,1,2905.52
PAY-008795,ORD-014179,boleto,1,2570.27
PAY-008796,ORD-009324,credit_card,6,778.16
PAY-008797,ORD-006882,debit_card,1,7760.82
PAY-008798,ORD-009763,voucher,1,428.33
PAY-008799,ORD-005555,credit_card,7,4103.68
PAY-008800,ORD-003314,boleto,1,1314.68
PAY-008801,ORD-008530,debit_card,1,5394.18
PAY-008802,ORD-014768,debit_card,1,300.65
PAY-008803,ORD-006033,boleto,1,7610.51
PAY-008804,ORD-001486,debit_card,1,571.67
PAY-008805,ORD-008864,voucher,1,1303.22
PAY-008806,ORD-003284,boleto,1,5496.39
PAY-008807,ORD-007493,,1,362.12
PAY-008808,ORD-010711,voucher,1,868.04
PAY-008809,ORD-006834,voucher,1,5785.98
PAY-008810,ORD-012622,voucher,1,531.24
PAY-008811,ORD-014844,boleto,1,-337.84
PAY-008812,ORD-010781,voucher,1,5232.06
PAY-008813,ORD-004319,credit_card,11,5757.24
PAY-008814,ORD-011048,debit_card,1,364.17
PAY-008815,ORD-011017,credit_card,8,6297.94
PAY-008816,ORD-013429,credit_card,9,2124.94
PAY-008817,ORD-002999,credit_card,11,2340.75
PAY-008818,ORD-001527,boleto,1,4995.81
PAY-008819,ORD-007046,boleto,1,2297.29
PAY-008820,ORD-014899,boleto,1,3846.3
PAY-008821,ORD-014679,boleto,1,4560.89
PAY-008822,ORD-012133,credit_card,10,2584.39
PAY-008823,ORD-001729,boleto,1,2154.84
PAY-008824,ORD-002617,credit_card,9,1279.08
PAY-008825,ORD-000329,voucher,1,6291.38
PAY-008826,ORD-009317,credit_card,8,1719.13
PAY-008827,ORD-009666,credit_card,1,2891.54
PAY-008828,ORD-014148,credit_card,8,6795.84
PAY-008829,ORD-007337,voucher,1,1209.81
PAY-008830,ORD-004710,voucher,1,5110.64
PAY-008831,ORD-011964,voucher,1,381.39
PAY-008832,ORD-000956,credit_card,3,2572.22
PAY-008833,ORD-009239,boleto,1,2278.49
PAY-008834,ORD-000819,voucher,1,5337.25
PAY-008835,ORD-012385,boleto,1,2774.16
PAY-008836,ORD-003140,debit_card,1,4124.73
PAY-008837,ORD-000110,voucher,1,7063.02
PAY-008838,ORD-010877,credit_card,9,928.16
PAY-008839,ORD-005622,debit_card,1,6074.12
PAY-008840,ORD-011151,debit_card,1,2264.13
PAY-008841,ORD-008974,boleto,1,3302.77
PAY-008842,ORD-003932,boleto,1,7263.55
PAY-008843,ORD-013730,credit_card,2,4233.59
PAY-008844,ORD-004134,debit_card,1,1673.76
PAY-008845,ORD-000302,debit_card,1,7880.03
PAY-008846,ORD-013546,voucher,1,4521.82
PAY-008847,ORD-005397,voucher,1,290.72
PAY-008848,ORD-013049,voucher,1,4976.38
PAY-008849,ORD-014870,debit_card,1,1456.96
PAY-008850,ORD-010648,credit_card,4,6960.15
PAY-008851,ORD-005266,voucher,1,6387.17
PAY-008852,ORD-014680,credit_card,10,3142.43
PAY-008853,ORD-010586,voucher,1,6057.55
PAY-008854,ORD-004680,voucher,1,6980.02
PAY-008855,ORD-012630,credit_card,3,4886.53
PAY-008856,ORD-012620,credit_card,2,3373.86
PAY-008857,ORD-000634,debit_card,1,5388.48
PAY-008858,ORD-005506,boleto,1,4556.63
PAY-008859,ORD-006062,voucher,1,4921.16
PAY-008860,ORD-000912,boleto,1,3970.55
PAY-008861,ORD-014428,debit_card,1,1462.45
PAY-008862,ORD-002002,credit_card,2,6468.4
PAY-008863,ORD-011670,voucher,1,874.77
PAY-008864,ORD-007839,voucher,1,4173.8
PAY-008865,ORD-001986,voucher,1,7205.22
PAY-008866,ORD-004298,voucher,1,2243.08
PAY-008867,ORD-008028,voucher,1,5671.64
PAY-008868,ORD-012029,boleto,1,90.84
PAY-008869,ORD-004513,debit_card,1,4782.9
PAY-008870,ORD-003292,voucher,1,7084.59
PAY-008871,ORD-005937,voucher,1,7552.03
PAY-008872,ORD-002994,boleto,1,3045.73
PAY-008873,ORD-005892,voucher,1,2609.54
PAY-008874,ORD-011566,boleto,1,4409.74
PAY-008875,ORD-008097,voucher,1,4899.58
PAY-008876,ORD-013803,debit_card,1,3238.51
PAY-008877,ORD-011533,voucher,1,1649.91
PAY-008878,ORD-004584,voucher,1,801.7
PAY-008879,ORD-010739,boleto,1,17.68
PAY-008880,ORD-013716,credit_card,4,7415.88
PAY-008881,ORD-002782,debit_card,1,7361.77
PAY-008882,ORD-010874,debit_card,1,2368.05
PAY-008883,ORD-004691,boleto,1,7222.47
PAY-008884,ORD-004128,voucher,1,140.3
PAY-008885,ORD-011725,voucher,1,59.13
PAY-008886,ORD-008133,voucher,1,2750.19
PAY-008887,ORD-010299,voucher,1,7701.78
PAY-008888,ORD-010365,voucher,1,6763.21
PAY-008889,ORD-005774,,1,1847.34
PAY-008890,ORD-013730,boleto,1,3751.84
PAY-008891,ORD-002009,debit_card,1,4443.6
PAY-008892,ORD-010797,boleto,1,1112.38
PAY-008893,ORD-010711,voucher,1,2560.32
PAY-008894,ORD-000587,debit_card,1,6990.21
PAY-008895,ORD-013221,credit_card,10,5377.75
PAY-008896,ORD-005634,debit_card,1,6741.8
PAY-008897,ORD-004594,debit_card,1,5398.86
PAY-008898,ORD-001693,credit_card,1,3168.13
PAY-008899,ORD-001305,credit_card,8,5724.98
PAY-008900,ORD-011675,credit_card,12,1709.8
PAY-008901,ORD-005766,boleto,1,2576.59
PAY-008902,ORD-011829,credit_card,2,2262.85
PAY-008903,ORD-002800,debit_card,1,990.97
PAY-008904,ORD-006638,voucher,1,888.01
PAY-008905,ORD-011165,credit_card,9,1655.57
PAY-008906,ORD-000603,voucher,1,7464.01
PAY-008907,ORD-005331,voucher,1,6577.52
PAY-008908,ORD-008887,debit_card,1,5370.49
PAY-008909,ORD-003790,debit_card,1,5086.62
PAY-008910,ORD-011141,boleto,1,354.61
PAY-008911,ORD-006159,credit_card,2,4447.57
PAY-008912,ORD-003064,voucher,1,4517.5
PAY-008913,ORD-005762,credit_card,9,197.18
PAY-008914,ORD-005843,voucher,1,5728.76
PAY-008915,ORD-003826,debit_card,1,7151.89
PAY-008916,ORD-005319,boleto,1,7578.1
PAY-008917,ORD-008609,credit_card,2,5310.56
PAY-008918,ORD-008626,credit_card,6,2761.2
PAY-008919,ORD-003541,credit_card,7,7233.14
PAY-008920,ORD-008618,boleto,1,6018.4
PAY-008921,ORD-010694,debit_card,1,6934.45
PAY-008922,ORD-006281,boleto,1,7556.73
PAY-008923,ORD-011011,credit_card,11,5571.9
PAY-008924,ORD-007273,debit_card,1,2246.71
PAY-008925,ORD-008232,debit_card,1,3367.42
PAY-008926,ORD-014716,voucher,1,3335.51
PAY-008927,ORD-010316,voucher,1,1205.15
PAY-008928,ORD-009080,voucher,1,3903.83
PAY-008929,ORD-001050,boleto,1,6393.36
PAY-008930,ORD-008129,debit_card,1,3527.37
PAY-008931,ORD-010905,credit_card,1,5277.95
PAY-008932,ORD-006875,voucher,1,7883.45
PAY-008933,ORD-006523,boleto,1,6385.72
PAY-008934,ORD-001731,boleto,1,912.01
PAY-008935,ORD-006295,debit_card,1,853.61
PAY-008936,ORD-007282,debit_card,1,2437.09
PAY-008937,ORD-012883,debit_card,1,2129.96
PAY-008938,ORD-014530,voucher,1,6495.73
PAY-008939,ORD-014742,voucher,1,4126.0
PAY-008940,ORD-007441,debit_card,1,802.77
PAY-008941,ORD-006551,credit_card,1,7160.41
PAY-008942,ORD-009328,debit_card,1,6569.15
PAY-008943,ORD-009016,debit_card,1,3284.67
PAY-008944,ORD-002938,boleto,1,6296.31
PAY-008945,ORD-008298,debit_card,1,718.22
PAY-008946,ORD-006917,debit_card,1,390.19
PAY-008947,ORD-005510,credit_card,7,5313.06
PAY-008948,ORD-001012,boleto,1,3741.57
PAY-008949,ORD-002675,voucher,1,6855.75
PAY-008950,ORD-012938,boleto,1,3108.69
PAY-008951,ORD-010303,voucher,1,4104.31
PAY-008952,ORD-011927,debit_card,1,5393.42
PAY-008953,ORD-014356,debit_card,1,148.09
PAY-008954,ORD-001328,credit_card,12,3031.14
PAY-008955,ORD-004003,debit_card,1,6718.94
PAY-008956,ORD-001890,voucher,1,6523.36
PAY-008957,ORD-002057,voucher,1,1242.2
PAY-008958,ORD-012888,debit_card,1,128.05
PAY-008959,ORD-014268,boleto,1,5560.45
PAY-008960,ORD-009167,boleto,1,2186.39
PAY-008961,ORD-005924,boleto,1,7736.03
PAY-008962,ORD-013763,voucher,1,5760.12
PAY-008963,ORD-001764,boleto,1,3033.54
PAY-008964,ORD-012011,boleto,1,4063.01
PAY-008965,ORD-005777,boleto,1,1100.83
PAY-008966,ORD-014484,boleto,1,239.54
PAY-008967,ORD-010430,voucher,1,4167.78
PAY-008968,ORD-002857,credit_card,12,285.97
PAY-008969,ORD-000620,voucher,1,2875.07
PAY-008970,ORD-011627,credit_card,11,2988.24
PAY-008971,ORD-004395,voucher,1,6087.24
PAY-008972,ORD-010654,voucher,1,4648.27
PAY-008973,ORD-005444,boleto,1,4988.85
PAY-008974,ORD-001421,voucher,1,7660.79
PAY-008975,ORD-007800,debit_card,1,4059.35
PAY-008976,ORD-007401,boleto,1,6095.11
PAY-008977,ORD-010943,boleto,1,1783.11
PAY-008978,ORD-008973,credit_card,11,794.73
PAY-008979,ORD-012284,voucher,1,3335.6
PAY-008980,ORD-012723,voucher,1,3167.7
PAY-008981,ORD-007469,credit_card,1,1167.03
PAY-008982,ORD-000665,voucher,1,7861.9
PAY-008983,ORD-004061,credit_card,4,-263.2
PAY-008984,ORD-002946,voucher,1,7218.83
PAY-008985,ORD-008669,credit_card,3,2742.58
PAY-008986,ORD-006066,voucher,1,3348.42
PAY-008987,ORD-001870,debit_card,1,5456.18
PAY-008988,ORD-008735,debit_card,1,3981.4
PAY-008989,ORD-012414,credit_card,6,2379.28
PAY-008990,ORD-007699,credit_card,2,1424.23
PAY-008991,ORD-000979,boleto,1,4789.89
PAY-008992,ORD-001220,credit_card,7,6183.53
PAY-008993,ORD-013534,boleto,1,148.95
PAY-008994,ORD-006375,debit_card,1,2328.91
PAY-008995,ORD-002565,credit_card,6,1163.55
PAY-008996,ORD-010908,credit_card,,539.67
PAY-008997,ORD-013725,debit_card,1,2971.7
PAY-008998,ORD-010846,voucher,1,26.38
PAY-008999,ORD-012014,credit_card,11,680.94
PAY-009000,ORD-008970,debit_card,1,3199.07
PAY-009001,ORD-003722,voucher,1,2331.07
PAY-009002,ORD-002889,credit_card,1,146.72
PAY-009003,ORD-001514,debit_card,1,1302.24
PAY-009004,ORD-011503,debit_card,1,7726.96
PAY-009005,ORD-011586,credit_card,7,4180.02
PAY-009006,ORD-002638,voucher,1,2959.36
PAY-009007,ORD-010431,boleto,,4409.6
PAY-009008,ORD-008150,debit_card,1,7748.77
PAY-009009,ORD-004081,credit_card,8,3261.0
PAY-009010,ORD-014206,boleto,1,2094.99
PAY-009011,ORD-014565,voucher,1,6028.94
PAY-009012,ORD-003539,credit_card,4,3797.1
PAY-009013,ORD-006559,debit_card,1,7266.4
PAY-009014,ORD-014344,voucher,1,4366.53
PAY-009015,ORD-010333,voucher,1,3723.88
PAY-009016,ORD-002863,credit_card,8,5366.69
PAY-009017,ORD-013366,boleto,1,3536.57
PAY-009018,ORD-011571,debit_card,1,6998.59
PAY-009019,ORD-003454,debit_card,1,5434.38
PAY-009020,ORD-011258,debit_card,1,7740.1
PAY-009021,ORD-010923,debit_card,1,526.77
PAY-009022,ORD-012749,credit_card,5,4913.42
PAY-009023,ORD-006346,credit_card,3,4612.54
PAY-009024,ORD-010163,boleto,1,1006.38
PAY-009025,ORD-008679,boleto,1,2129.78
PAY-009026,ORD-006148,voucher,1,6088.66
PAY-009027,ORD-009593,boleto,1,7989.94
PAY-009028,ORD-005235,credit_card,9,554.25
PAY-009029,ORD-010610,boleto,1,1482.46
PAY-009030,ORD-013961,voucher,1,7650.99
PAY-009031,ORD-001069,boleto,1,5525.97
PAY-009032,ORD-007841,boleto,1,2694.75
PAY-009033,ORD-003499,debit_card,1,7851.71
PAY-009034,ORD-005713,voucher,1,125.86
PAY-009035,ORD-008328,debit_card,1,458.22
PAY-009036,ORD-008464,credit_card,6,5060.07
PAY-009037,ORD-009746,voucher,1,6885.31
PAY-009038,ORD-000937,credit_card,2,4484.81
PAY-009039,ORD-003306,voucher,1,5331.43
PAY-009040,ORD-006707,voucher,1,6526.17
PAY-009041,ORD-008206,debit_card,1,820.77
PAY-009042,ORD-009422,boleto,1,427.26
PAY-009043,ORD-006610,credit_card,5,6976.46
PAY-009044,ORD-001839,credit_card,9,774.41
PAY-009045,ORD-004253,voucher,1,2556.19
PAY-009046,ORD-002670,boleto,1,4719.37
PAY-009047,ORD-009473,debit_card,1,984.18
PAY-009048,ORD-004431,voucher,1,298.01
PAY-009049,ORD-011356,boleto,1,441.78
PAY-009050,ORD-007689,credit_card,5,2214.82
PAY-009051,ORD-007015,boleto,1,5430.49
PAY-009052,ORD-008095,boleto,1,5813.72
PAY-009053,ORD-001992,credit_card,4,6046.2
PAY-009054,ORD-012913,voucher,1,2260.49
PAY-009055,ORD-001416,debit_card,1,778.06
PAY-009056,ORD-000086,debit_card,1,4270.59
PAY-009057,ORD-008736,voucher,1,3390.32
PAY-009058,ORD-005346,credit_card,4,5287.12
PAY-009059,ORD-001328,boleto,1,5134.24
PAY-009060,ORD-007994,PIX,1,1097.49
PAY-009061,ORD-003641,boleto,1,4661.12
PAY-009062,ORD-005529,voucher,1,1125.73
PAY-009063,ORD-005228,voucher,1,6244.12
PAY-009064,ORD-000724,boleto,1,1590.25
PAY-009065,ORD-003041,credit_card,11,3098.45
PAY-009066,ORD-010743,debit_card,1,112.92
PAY-009067,ORD-014549,boleto,1,7633.69
PAY-009068,ORD-007501,debit_card,1,5490.34
PAY-009069,ORD-009149,boleto,1,2893.48
PAY-009070,ORD-002667,voucher,1,394.63
PAY-009071,ORD-003540,voucher,1,403.63
PAY-009072,ORD-013893,debit_card,1,4882.0
PAY-009073,ORD-005027,credit_card,2,513.14
PAY-009074,ORD-008065,boleto,1,-260.28
PAY-009075,ORD-014565,credit_card,6,39.45
PAY-009076,ORD-004233,voucher,1,2560.8
PAY-009077,ORD-005865,credit_card,11,985.56
PAY-009078,ORD-014032,voucher,1,7247.95
PAY-009079,ORD-001172,credit_card,2,7813.64
PAY-009080,ORD-012372,voucher,1,5664.26
PAY-009081,ORD-009865,voucher,1,5517.0
PAY-009082,ORD-007493,boleto,1,4405.9
PAY-009083,ORD-004857,credit_card,12,288.72
PAY-009084,ORD-004120,debit_card,1,2601.07
PAY-009085,ORD-012369,boleto,1,4838.2
PAY-009086,ORD-005234,debit_card,1,4716.36
PAY-009087,ORD-008713,credit_card,11,1648.5
PAY-009088,ORD-003635,credit_card,6,5240.35
PAY-009089,ORD-003809,credit_card,7,4431.66
PAY-009090,ORD-005449,credit_card,12,2729.51
PAY-009091,ORD-009511,boleto,1,241.39
PAY-009092,ORD-006794,boleto,1,641.47
PAY-009093,ORD-011774,boleto,1,-15.85
PAY-009094,ORD-002994,debit_card,1,26.31
PAY-009095,ORD-005291,credit_card,11,2410.69
PAY-009096,ORD-012336,PIX,1,6294.46
PAY-009097,ORD-007201,debit_card,1,7515.69
PAY-009098,ORD-002900,debit_card,1,5547.46
PAY-009099,ORD-012029,boleto,1,1750.78
PAY-009100,ORD-010029,boleto,1,2761.88
PAY-009101,ORD-014386,boleto,1,5411.48
PAY-009102,ORD-000879,debit_card,1,3404.06
PAY-009103,ORD-014419,boleto,1,4815.81
PAY-009104,ORD-014492,voucher,1,2048.56
PAY-009105,ORD-008539,boleto,1,4218.8
PAY-009106,ORD-014697,voucher,1,448.31
PAY-009107,ORD-001920,debit_card,1,5298.87
PAY-009108,ORD-006877,voucher,1,6782.14
PAY-009109,ORD-014709,debit_card,1,2028.46
PAY-009110,ORD-010452,credit_card,10,5990.1
PAY-009111,ORD-000871,debit_card,1,1077.8
PAY-009112,ORD-004865,credit_card,2,4044.83
PAY-009113,ORD-002620,voucher,1,5844.84
PAY-009114,ORD-001971,credit_card,10,1035.61
PAY-009115,ORD-010114,debit_card,1,3005.76
PAY-009116,ORD-003930,boleto,1,7905.47
PAY-009117,ORD-014788,debit_card,1,5482.66
PAY-009118,ORD-005322,debit_card,1,2244.34
PAY-009119,ORD-001348,boleto,1,2105.04
PAY-009120,ORD-005162,credit_card,10,2464.31
PAY-009121,ORD-006256,boleto,1,5607.01
PAY-009122,ORD-008611,voucher,1,7181.6
PAY-009123,ORD-006498,debit_card,1,7947.62
PAY-009124,ORD-008827,voucher,1,5054.53
PAY-009125,ORD-007010,credit_card,4,7087.58
PAY-009126,ORD-003199,boleto,1,2726.34
PAY-009127,ORD-009540,credit_card,10,2199.39
PAY-009128,ORD-007887,voucher,1,-191.94
PAY-009129,ORD-014273,voucher,1,3945.82
PAY-009130,ORD-000470,credit_card,3,5822.89
PAY-009131,ORD-005401,credit_card,6,999.56
PAY-009132,ORD-006444,debit_card,1,2736.1
PAY-009133,ORD-012613,boleto,1,4997.07
PAY-009134,ORD-007737,boleto,1,2555.77
PAY-009135,ORD-014174,voucher,1,4695.68
PAY-009136,ORD-003661,boleto,1,4284.24
PAY-009137,ORD-004789,debit_card,1,4275.0
PAY-009138,ORD-000129,debit_card,1,1407.81
PAY-009139,ORD-001503,voucher,1,5786.2
PAY-009140,ORD-005796,debit_card,1,1543.05
PAY-009141,ORD-000727,boleto,1,6696.03
PAY-009142,ORD-004089,credit_card,6,2920.58
PAY-009143,ORD-001389,voucher,1,3212.04
PAY-009144,ORD-013461,credit_card,12,5539.13
PAY-009145,ORD-003174,voucher,1,4067.18
PAY-009146,ORD-003207,boleto,1,7153.32
PAY-009147,ORD-000590,debit_card,1,4275.55
PAY-009148,ORD-010589,voucher,1,2144.63
PAY-009149,ORD-003826,boleto,1,1458.36
PAY-009150,ORD-004157,credit_card,3,3979.44
PAY-009151,ORD-001544,voucher,1,4753.25
PAY-009152,ORD-011689,boleto,1,5225.48
PAY-009153,ORD-004785,credit_card,1,3823.04
PAY-009154,ORD-000647,boleto,1,7498.66
PAY-009155,ORD-003331,credit_card,2,1123.02
PAY-009156,ORD-001403,,1,2943.98
PAY-009157,ORD-000224,voucher,1,3909.26
PAY-009158,ORD-007285,boleto,1,7038.72
PAY-009159,ORD-011340,boleto,1,6540.88
PAY-009160,ORD-000017,credit_card,7,4016.95
PAY-009161,ORD-000869,boleto,1,3636.81
PAY-009162,ORD-008137,voucher,1,2345.83
PAY-009163,ORD-002778,credit_card,11,2826.97
PAY-009164,ORD-009055,debit_card,1,5523.85
PAY-009165,ORD-010953,boleto,1,6692.11
PAY-009166,ORD-008581,boleto,1,2592.18
PAY-009167,ORD-014360,debit_card,1,5430.21
PAY-009168,ORD-001204,voucher,1,1323.75
PAY-009169,ORD-011898,boleto,1,4308.84
PAY-009170,ORD-001798,voucher,1,4469.78
PAY-009171,ORD-002005,debit_card,1,4860.92
PAY-009172,ORD-014202,credit_card,1,4000.4
PAY-009173,ORD-005812,boleto,1,5629.04
PAY-009174,ORD-008047,voucher,1,48.83
PAY-009175,ORD-010793,voucher,1,4615.96
PAY-009176,ORD-007378,boleto,1,5354.9
PAY-009177,ORD-014765,debit_card,1,5313.11
PAY-009178,ORD-001627,,,670.05
PAY-009179,ORD-000256,voucher,1,7299.48
PAY-009180,ORD-012190,boleto,1,5198.37
PAY-009181,ORD-003081,credit_card,7,3036.42
PAY-009182,ORD-003197,debit_card,1,2567.11
PAY-009183,ORD-006319,voucher,1,1737.82
PAY-009184,ORD-005049,debit_card,1,3910.9
PAY-009185,ORD-014198,boleto,1,5566.89
PAY-009186,ORD-004411,voucher,1,1442.77
PAY-009187,ORD-005318,debit_card,,3391.45
PAY-009188,ORD-009235,voucher,1,4021.41
PAY-009189,ORD-001027,voucher,1,7398.78
PAY-009190,ORD-011592,boleto,1,1830.58
PAY-009191,ORD-009235,voucher,1,1247.61
PAY-009192,ORD-000991,boleto,1,2581.45
PAY-009193,ORD-001135,debit_card,1,6283.78
PAY-009194,ORD-014352,voucher,1,6325.5
PAY-009195,ORD-004203,boleto,1,7941.65
PAY-009196,ORD-008721,voucher,1,980.69
PAY-009197,ORD-007157,credit_card,5,3875.43
PAY-009198,ORD-014889,boleto,1,3284.7
PAY-009199,ORD-008190,boleto,1,2592.02
PAY-009200,ORD-003483,credit_card,9,3914.41
PAY-009201,ORD-012349,boleto,1,5083.6
PAY-009202,ORD-011086,debit_card,1,1095.71
PAY-009203,ORD-011132,voucher,1,2315.38
PAY-009204,ORD-010984,debit_card,1,1331.69
PAY-009205,ORD-012635,voucher,1,684.07
PAY-009206,ORD-014416,boleto,1,2441.88
PAY-009207,ORD-007227,credit_card,7,6503.7
PAY-009208,ORD-002423,credit_card,11,1168.4
PAY-009209,ORD-012349,voucher,1,7754.41
PAY-009210,ORD-011820,debit_card,1,3762.19
PAY-009211,ORD-004502,voucher,1,5011.42
PAY-009212,ORD-008677,boleto,1,4465.06
PAY-009213,ORD-003825,voucher,1,5903.54
PAY-009214,ORD-002398,debit_card,1,4176.24
PAY-009215,ORD-010407,debit_card,1,4313.4
PAY-009216,ORD-011373,debit_card,1,6400.0
PAY-009217,ORD-008302,voucher,1,5219.4
PAY-009218,ORD-005059,debit_card,1,7471.89
PAY-009219,ORD-013733,boleto,1,2042.13
PAY-009220,ORD-006596,debit_card,1,1097.12
PAY-009221,ORD-008065,boleto,1,3035.21
PAY-009222,ORD-004136,credit_card,3,4537.18
PAY-009223,ORD-004029,debit_card,1,3021.49
PAY-009224,ORD-002724,debit_card,1,6421.95
PAY-009225,ORD-006375,boleto,1,1362.96
PAY-009226,ORD-005751,credit_card,5,2962.66
PAY-009227,ORD-012508,voucher,1,6982.07
PAY-009228,ORD-010081,voucher,1,1476.75
PAY-009229,ORD-001853,boleto,1,3479.51
PAY-009230,ORD-003055,credit_card,12,1220.7
PAY-009231,ORD-005882,voucher,1,6900.5
PAY-009232,ORD-014280,boleto,1,114.01
PAY-009233,ORD-010356,boleto,1,6746.13
PAY-009234,ORD-008586,boleto,1,5055.6
PAY-009235,ORD-013995,boleto,1,4603.78
PAY-009236,ORD-006564,boleto,1,1190.99
PAY-009237,ORD-003126,boleto,1,3741.68
PAY-009238,ORD-003902,debit_card,1,4844.55
PAY-009239,ORD-012393,voucher,1,79.01
PAY-009240,ORD-012788,credit_card,9,-416.34
PAY-009241,ORD-014236,credit_card,7,381.11
PAY-009242,ORD-011943,voucher,1,5026.32
PAY-009243,ORD-011725,debit_card,1,4761.03
PAY-009244,ORD-007565,debit_card,1,2100.32
PAY-009245,ORD-010092,credit_card,11,2598.54
PAY-009246,ORD-001138,voucher,1,5289.8
PAY-009247,ORD-011047,voucher,1,869.8
PAY-009248,ORD-010561,debit_card,1,6807.42
PAY-009249,ORD-002082,voucher,1,1791.2
PAY-009250,ORD-005587,boleto,1,868.87
PAY-009251,ORD-007053,voucher,1,5736.18
PAY-009252,ORD-012075,debit_card,1,881.77
PAY-009253,ORD-013120,debit_card,1,98.87
PAY-009254,ORD-014259,debit_card,1,2663.04
PAY-009255,ORD-002846,voucher,1,6401.51
PAY-009256,ORD-009372,boleto,1,4660.54
PAY-009257,ORD-013182,debit_card,1,6495.13
PAY-009258,ORD-014361,boleto,1,1284.04
PAY-009259,ORD-008071,debit_card,1,768.7
PAY-009260,ORD-002832,debit_card,1,5243.2
PAY-009261,ORD-005500,credit_card,10,7985.14
PAY-009262,ORD-012680,debit_card,1,1652.22
PAY-009263,ORD-013678,debit_card,1,7365.64
PAY-009264,ORD-010282,debit_card,1,6125.58
PAY-009265,ORD-008203,boleto,1,2765.53
PAY-009266,ORD-014990,boleto,1,580.18
PAY-009267,ORD-007177,debit_card,1,3435.25
PAY-009268,ORD-000826,debit_card,1,3463.94
PAY-009269,ORD-006529,boleto,1,4112.03
PAY-009270,ORD-010737,voucher,1,1685.37
PAY-009271,ORD-000415,debit_card,1,-163.29
PAY-009272,ORD-001465,debit_card,1,5855.5
PAY-009273,ORD-003841,boleto,1,3884.07
PAY-009274,ORD-002877,credit_card,4,4838.49
PAY-009275,ORD-008428,debit_card,1,7897.91
PAY-009276,ORD-002575,boleto,1,7527.4
PAY-009277,ORD-000948,boleto,1,7297.59
PAY-009278,ORD-011346,debit_card,1,6236.94
PAY-009279,ORD-012784,credit_card,9,7826.05
PAY-009280,ORD-008703,boleto,1,6945.41
PAY-009281,ORD-014480,credit_card,11,5412.25
PAY-009282,ORD-010772,debit_card,1,7583.93
PAY-009283,ORD-014585,credit_card,4,2589.43
PAY-009284,ORD-007596,boleto,1,1226.28
PAY-009285,ORD-011941,boleto,1,3291.24
PAY-009286,ORD-011465,voucher,1,4382.11
PAY-009287,ORD-002548,voucher,1,1820.1
PAY-009288,ORD-009513,boleto,1,3978.98
PAY-009289,ORD-007769,credit_card,8,306.07
PAY-009290,ORD-002610,voucher,1,1214.3
PAY-009291,ORD-005329,credit_card,10,3497.38
PAY-009292,ORD-001014,debit_card,1,6840.54
PAY-009293,ORD-014906,boleto,1,7521.5
PAY-009294,ORD-005329,voucher,1,1093.16
PAY-009295,ORD-004672,debit_card,1,1915.95
PAY-009296,ORD-009253,debit_card,1,3497.42
PAY-009297,ORD-007704,credit_card,2,460.78
PAY-009298,ORD-004614,boleto,1,1011.6
PAY-009299,ORD-005996,boleto,1,1280.96
PAY-009300,ORD-014507,credit_card,2,3540.81
PAY-009301,ORD-007511,boleto,1,4356.33
PAY-009302,ORD-014174,debit_card,1,4852.58
PAY-009303,ORD-003281,voucher,1,4886.47
PAY-009304,ORD-002756,debit_card,1,1850.63
PAY-009305,ORD-003679,credit_card,2,3870.83
PAY-009306,ORD-007010,debit_card,1,254.49
PAY-009307,ORD-002300,credit_card,11,4240.94
PAY-009308,ORD-005894,debit_card,1,260.4
PAY-009309,ORD-000632,voucher,1,1706.72
PAY-009310,ORD-003872,boleto,1,6257.02
PAY-009311,ORD-009566,debit_card,1,4876.35
PAY-009312,ORD-010785,credit_card,6,4972.34
PAY-009313,ORD-008973,boleto,1,2445.23
PAY-009314,ORD-014849,boleto,1,7082.31
PAY-009315,ORD-008003,credit_card,2,1346.65
PAY-009316,ORD-005484,debit_card,1,5977.59
PAY-009317,ORD-010505,voucher,1,372.37
PAY-009318,ORD-004343,credit_card,1,6242.58
PAY-009319,ORD-001679,credit_card,11,-459.31
PAY-009320,ORD-005511,credit_card,3,2427.49
PAY-009321,ORD-007474,boleto,1,6613.02
PAY-009322,ORD-002085,credit_card,5,-379.18
PAY-009323,ORD-009021,credit_card,11,5557.44
PAY-009324,ORD-004008,boleto,1,4484.94
PAY-009325,ORD-011084,credit_card,9,2634.93
PAY-009326,ORD-011379,voucher,1,2770.3
PAY-009327,ORD-001070,voucher,1,6990.38
PAY-009328,ORD-011462,debit_card,,6625.39
PAY-009329,ORD-002111,boleto,1,7747.15
PAY-009330,ORD-003090,debit_card,1,4466.0
PAY-009331,ORD-007419,voucher,1,3598.42
PAY-009332,ORD-008360,boleto,1,1767.33
PAY-009333,ORD-014624,debit_card,1,4361.5
PAY-009334,ORD-001782,boleto,1,963.93
PAY-009335,ORD-007765,credit_card,2,763.46
PAY-009336,ORD-014597,voucher,1,4175.68
PAY-009337,ORD-008720,debit_card,1,2976.28
PAY-009338,ORD-012907,boleto,1,4105.68
PAY-009339,ORD-009681,debit_card,1,2827.96
PAY-009340,ORD-003178,boleto,1,1034.72
PAY-009341,ORD-010973,voucher,1,6125.13
PAY-009342,ORD-002764,debit_card,1,7961.35
PAY-009343,ORD-013900,credit_card,3,7131.74
PAY-009344,ORD-008106,voucher,1,3745.57
PAY-009345,ORD-013545,credit_card,9,5429.68
PAY-009346,ORD-008767,boleto,1,3103.53
PAY-009347,ORD-014692,voucher,1,3534.01
PAY-009348,ORD-004478,boleto,1,6789.91
PAY-009349,ORD-004431,voucher,1,7751.44
PAY-009350,ORD-011176,credit_card,12,3445.92
PAY-009351,ORD-009416,debit_card,1,1411.91
PAY-009352,ORD-013701,boleto,1,7613.72
PAY-009353,ORD-004782,debit_card,1,2603.21
PAY-009354,ORD-003478,debit_card,1,3489.57
PAY-009355,ORD-006037,boleto,1,5053.88
PAY-009356,ORD-007174,boleto,1,1679.14
PAY-009357,ORD-010561,credit_card,5,1965.14
PAY-009358,ORD-005886,debit_card,1,5998.58
PAY-009359,ORD-012776,voucher,1,3833.18
PAY-009360,ORD-000612,boleto,1,5136.05
PAY-009361,ORD-000937,credit_card,1,4822.55
PAY-009362,ORD-007157,voucher,1,3983.44
PAY-009363,ORD-001391,boleto,1,4908.9
PAY-009364,ORD-011812,debit_card,1,4341.95
PAY-009365,ORD-006208,voucher,1,6542.94
PAY-009366,ORD-002650,voucher,1,1559.4
PAY-009367,ORD-010437,voucher,1,200.55
PAY-009368,ORD-006579,debit_card,1,5930.89
PAY-009369,ORD-012861,credit_card,4,7346.16
PAY-009370,ORD-014940,voucher,1,6725.59
PAY-009371,ORD-007805,boleto,1,934.71
PAY-009372,ORD-011455,voucher,1,4391.17
PAY-009373,ORD-004450,credit_card,10,1187.61
PAY-009374,ORD-011765,voucher,1,1609.88
PAY-009375,ORD-004439,debit_card,1,4813.75
PAY-009376,ORD-001015,credit_card,3,6265.62
PAY-009377,ORD-007725,debit_card,1,560.62
PAY-009378,ORD-013846,credit_card,1,7898.96
PAY-009379,ORD-001216,debit_card,1,6943.77
PAY-009380,ORD-003242,voucher,1,1568.51
PAY-009381,ORD-005675,credit_card,5,4063.64
PAY-009382,ORD-008528,boleto,1,5298.7
PAY-009383,ORD-012413,voucher,1,4785.14
PAY-009384,ORD-014184,debit_card,1,3611.19
PAY-009385,ORD-009508,debit_card,1,7321.2
PAY-009386,ORD-008713,debit_card,1,1041.29
PAY-009387,ORD-001172,boleto,1,1855.62
PAY-009388,ORD-001326,boleto,1,1620.28
PAY-009389,ORD-008512,voucher,1,3816.35
PAY-009390,ORD-003831,voucher,1,2691.15
PAY-009391,ORD-003712,debit_card,1,7598.7
PAY-009392,ORD-000712,credit_card,12,2310.36
PAY-009393,ORD-007113,credit_card,6,6239.92
PAY-009394,ORD-007150,credit_card,12,2910.27
PAY-009395,ORD-002986,credit_card,9,509.59
PAY-009396,ORD-004203,boleto,1,5535.58
PAY-009397,ORD-008978,credit_card,5,7151.2
PAY-009398,ORD-007026,credit_card,6,783.08
PAY-009399,ORD-000815,voucher,1,5767.01
PAY-009400,ORD-012873,boleto,1,4114.36
PAY-009401,ORD-004572,boleto,1,1589.01
PAY-009402,ORD-003456,voucher,1,6342.82
PAY-009403,ORD-012734,debit_card,1,2780.38
PAY-009404,ORD-011782,voucher,1,7234.48
PAY-009405,ORD-011565,credit_card,12,2075.42
PAY-009406,ORD-007020,boleto,1,3431.63
PAY-009407,ORD-002002,voucher,1,-28.54
PAY-009408,ORD-003743,debit_card,1,4751.29
PAY-009409,ORD-003842,debit_card,1,-356.36
PAY-009410,ORD-003812,voucher,1,-208.86
PAY-009411,ORD-001635,credit_card,12,4914.8
PAY-009412,ORD-004262,boleto,1,7610.17
PAY-009413,ORD-012505,credit_card,4,3778.25
PAY-009414,ORD-005735,credit_card,5,508.66
PAY-009415,ORD-000991,boleto,1,2802.89
PAY-009416,ORD-007453,credit_card,11,3378.59
PAY-009417,ORD-003063,debit_card,1,4500.63
PAY-009418,ORD-005515,boleto,1,2791.97
PAY-009419,ORD-001291,credit_card,12,6238.77
PAY-009420,ORD-005648,credit_card,10,838.26
PAY-009421,ORD-010559,credit_card,8,5578.13
PAY-009422,ORD-001427,voucher,1,5140.6
PAY-009423,ORD-010990,debit_card,1,2081.31
PAY-009424,ORD-012661,voucher,1,6837.48
PAY-009425,ORD-011209,debit_card,1,5956.74
PAY-009426,ORD-011506,credit_card,11,7008.65
PAY-009427,ORD-005640,boleto,1,650.79
PAY-009428,ORD-002515,debit_card,1,2589.83
PAY-009429,ORD-013444,boleto,1,2923.39
PAY-009430,ORD-004925,voucher,1,1357.08
PAY-009431,ORD-012697,boleto,1,1951.74
PAY-009432,ORD-009430,debit_card,1,1625.01
PAY-009433,ORD-007398,credit_card,10,1511.89
PAY-009434,ORD-002868,boleto,1,394.16
PAY-009435,ORD-002834,debit_card,1,6978.16
PAY-009436,ORD-012970,voucher,1,3607.25
PAY-009437,ORD-000845,boleto,1,7366.11
PAY-009438,ORD-006692,boleto,1,5495.53
PAY-009439,ORD-008992,voucher,1,3010.87
PAY-009440,ORD-011224,voucher,1,5985.76
PAY-009441,ORD-004507,debit_card,1,5494.76
PAY-009442,ORD-014070,boleto,1,6097.18
PAY-009443,ORD-014672,credit_card,11,7632.44
PAY-009444,ORD-006373,voucher,1,4634.57
PAY-009445,ORD-012631,voucher,1,5802.26
PAY-009446,ORD-011829,voucher,1,932.36
PAY-009447,ORD-003400,voucher,1,2402.2
PAY-009448,ORD-003015,debit_card,1,7583.19
PAY-009449,ORD-000856,credit_card,2,434.82
PAY-009450,ORD-014065,boleto,1,4228.75
PAY-009451,ORD-008642,voucher,1,2192.16
PAY-009452,ORD-000052,boleto,1,4640.49
PAY-009453,ORD-007213,debit_card,1,1414.67
PAY-009454,ORD-013426,credit_card,9,3331.09
PAY-009455,ORD-001522,credit_card,1,5101.36
PAY-009456,ORD-001783,boleto,1,5678.51
PAY-009457,ORD-012748,boleto,1,4337.43
PAY-009458,ORD-012737,debit_card,1,2151.74
PAY-009459,ORD-010795,debit_card,1,2300.87
PAY-009460,ORD-003517,voucher,1,4409.22
PAY-009461,ORD-011415,voucher,1,2397.03
PAY-009462,ORD-008151,credit_card,3,4720.12
PAY-009463,ORD-008095,credit_card,2,5773.15
PAY-009464,ORD-004651,voucher,1,4321.39
PAY-009465,ORD-013338,debit_card,1,2984.5
PAY-009466,ORD-009334,credit_card,10,3312.67
PAY-009467,ORD-002218,voucher,1,7067.26
PAY-009468,ORD-011967,boleto,1,107.44
PAY-009469,ORD-004145,voucher,1,275.27
PAY-009470,ORD-014294,debit_card,1,5907.72
PAY-009471,ORD-008648,credit_card,4,5321.1
PAY-009472,ORD-010456,voucher,1,2206.31
PAY-009473,ORD-010975,debit_card,1,6622.12
PAY-009474,ORD-009016,boleto,1,6576.58
PAY-009475,ORD-005854,credit_card,4,5317.18
PAY-009476,ORD-000488,voucher,1,2534.63
PAY-009477,ORD-006182,credit_card,11,2575.28
PAY-009478,ORD-008627,voucher,1,2737.86
PAY-009479,ORD-006760,credit_card,3,1138.97
PAY-009480,ORD-012121,debit_card,1,4016.25
PAY-009481,ORD-006510,voucher,1,6461.37
PAY-009482,ORD-010380,boleto,1,2964.47
PAY-009483,ORD-001907,voucher,1,3019.2
PAY-009484,ORD-009683,voucher,1,1661.89
PAY-009485,ORD-008435,credit_card,9,887.96
PAY-009486,ORD-009136,credit_card,8,2416.39
PAY-009487,ORD-009420,boleto,1,4169.26
PAY-009488,ORD-004503,credit_card,4,2386.29
PAY-009489,ORD-014446,debit_card,1,2099.02
PAY-009490,ORD-003878,voucher,1,5690.68
PAY-009491,ORD-004422,voucher,1,1207.25
PAY-009492,ORD-005560,boleto,1,718.65
PAY-009493,ORD-000146,boleto,1,6885.71
PAY-009494,ORD-001686,boleto,1,7273.29
PAY-009495,ORD-001119,voucher,1,4838.08
PAY-009496,ORD-008606,voucher,1,1105.09
PAY-009497,ORD-001357,boleto,,3417.88
PAY-009498,ORD-003066,voucher,1,860.04
PAY-009499,ORD-007522,boleto,1,286.94
PAY-009500,ORD-006953,debit_card,1,5172.66
PAY-009501,ORD-000364,debit_card,1,7640.03
PAY-009502,ORD-013225,boleto,1,5005.6
PAY-009503,ORD-011423,credit_card,7,-154.65
PAY-009504,ORD-011585,boleto,1,2932.79
PAY-009505,ORD-002764,credit_card,10,1394.66
PAY-009506,ORD-005519,voucher,1,3111.65
PAY-009507,ORD-002670,credit_card,9,7952.15
PAY-009508,ORD-014939,debit_card,1,18.78
PAY-009509,ORD-006824,voucher,1,4451.38
PAY-009510,ORD-011028,voucher,1,5068.21
PAY-009511,ORD-009919,voucher,1,5148.26
PAY-009512,ORD-008205,debit_card,1,6473.49
PAY-009513,ORD-006599,boleto,1,1338.87
PAY-009514,ORD-010375,voucher,1,786.52
PAY-009515,ORD-003203,debit_card,1,6594.74
PAY-009516,ORD-000892,credit_card,9,4246.67
PAY-009517,ORD-013139,boleto,1,2036.46
PAY-009518,ORD-013088,boleto,1,2154.06
PAY-009519,ORD-014721,boleto,1,4428.69
PAY-009520,ORD-013623,debit_card,1,4114.73
PAY-009521,ORD-013747,credit_card,2,6647.99
PAY-009522,ORD-004105,debit_card,1,7195.24
PAY-009523,ORD-002310,voucher,1,3372.39
PAY-009524,ORD-001084,credit_card,3,4425.82
PAY-009525,ORD-003767,credit_card,3,5868.71
PAY-009526,ORD-014011,voucher,1,6751.72
PAY-009527,ORD-007708,debit_card,1,4110.52
PAY-009528,ORD-009263,debit_card,1,7658.94
PAY-009529,ORD-002136,voucher,1,4611.6
PAY-009530,ORD-009089,debit_card,1,2594.91
PAY-009531,ORD-005498,credit_card,2,7017.97
PAY-009532,ORD-001355,debit_card,1,6541.21
PAY-009533,ORD-008105,voucher,1,3937.84
PAY-009534,ORD-009824,boleto,1,4773.92
PAY-009535,ORD-001074,credit_card,4,4590.3
PAY-009536,ORD-007050,debit_card,1,2510.72
PAY-009537,ORD-000804,credit_card,9,1588.52
PAY-009538,ORD-007161,voucher,1,6983.42
PAY-009539,ORD-001392,credit_card,12,2979.35
PAY-009540,ORD-000136,credit_card,4,1505.5
PAY-009541,ORD-006199,voucher,1,4005.09
PAY-009542,ORD-013897,debit_card,1,661.3
PAY-009543,ORD-014535,voucher,1,836.31
PAY-009544,ORD-010663,debit_card,1,5361.5
PAY-009545,ORD-002437,credit_card,5,2569.64
PAY-009546,ORD-007035,boleto,1,2842.05
PAY-009547,ORD-000609,debit_card,1,2457.07
PAY-009548,ORD-005858,boleto,1,7983.88
PAY-009549,ORD-005733,credit_card,2,117.9
PAY-009550,ORD-002392,,1,2281.28
PAY-009551,ORD-010554,debit_card,1,845.58
PAY-009552,ORD-003767,debit_card,1,895.99
PAY-009553,ORD-005724,debit_card,1,3879.95
PAY-009554,ORD-001499,credit_card,4,2733.65
PAY-009555,ORD-008789,voucher,1,2615.15
PAY-009556,ORD-009312,voucher,1,1832.1
PAY-009557,ORD-010106,debit_card,1,6680.55
PAY-009558,ORD-005723,debit_card,1,4022.45
PAY-009559,ORD-010613,voucher,1,2012.63
PAY-009560,ORD-013788,voucher,1,3038.54
PAY-009561,ORD-012051,debit_card,1,950.29
PAY-009562,ORD-003102,credit_card,1,5367.18
PAY-009563,ORD-013965,voucher,1,3806.78
PAY-009564,ORD-014557,credit_card,6,4491.42
PAY-009565,ORD-009264,debit_card,1,2606.44
PAY-009566,ORD-006456,voucher,1,1676.95
PAY-009567,ORD-007136,debit_card,1,6936.24
PAY-009568,ORD-004750,voucher,1,3643.22
PAY-009569,ORD-007741,credit_card,5,2712.81
PAY-009570,ORD-009346,boleto,1,4234.89
PAY-009571,ORD-006162,voucher,1,5816.47
PAY-009572,ORD-008415,boleto,1,2306.04
PAY-009573,ORD-006043,credit_card,11,3891.48
PAY-009574,ORD-005435,credit_card,4,2261.88
PAY-009575,ORD-011785,credit_card,12,2082.24
PAY-009576,ORD-010837,credit_card,9,7047.49
PAY-009577,ORD-013249,credit_card,8,3659.26
PAY-009578,ORD-006556,debit_card,1,7753.46
PAY-009579,ORD-006239,voucher,1,5133.11
PAY-009580,ORD-008962,credit_card,5,1832.93
PAY-009581,ORD-010631,voucher,1,2452.04
PAY-009582,ORD-003654,voucher,1,3909.15
PAY-009583,ORD-013731,boleto,1,6058.2
PAY-009584,ORD-001490,voucher,1,6559.91
PAY-009585,ORD-009993,boleto,1,1256.09
PAY-009586,ORD-004793,voucher,1,7892.56
PAY-009587,ORD-001220,debit_card,1,4763.45
PAY-009588,ORD-000407,boleto,1,832.96
PAY-009589,ORD-003719,voucher,1,907.94
PAY-009590,ORD-005157,boleto,1,7885.75
PAY-009591,ORD-008416,credit_card,5,2416.57
PAY-009592,ORD-004890,boleto,1,5745.57
PAY-009593,ORD-009540,credit_card,4,6521.16
PAY-009594,ORD-006350,voucher,1,463.36
PAY-009595,ORD-012641,boleto,1,5582.91
PAY-009596,ORD-010685,debit_card,1,7663.61
PAY-009597,ORD-009173,debit_card,1,5359.41
PAY-009598,ORD-010292,voucher,1,792.14
PAY-009599,ORD-009063,debit_card,1,7730.89
PAY-009600,ORD-010772,credit_card,6,1406.68
PAY-009601,ORD-014218,voucher,1,6338.3
PAY-009602,ORD-004323,boleto,1,-277.69
PAY-009603,ORD-005743,boleto,1,370.78
PAY-009604,ORD-013995,voucher,1,7613.75
PAY-009605,ORD-010098,boleto,1,2040.69
PAY-009606,ORD-000774,debit_card,1,2073.65
PAY-009607,ORD-014207,credit_card,4,6562.49
PAY-009608,ORD-001345,boleto,1,4002.91
PAY-009609,ORD-012560,cash,1,384.48
PAY-009610,ORD-012166,voucher,1,1079.51
PAY-009611,ORD-000454,voucher,1,2855.21
PAY-009612,ORD-000715,voucher,1,3100.13
PAY-009613,ORD-011343,voucher,1,4545.42
PAY-009614,ORD-000563,credit_card,6,389.53
PAY-009615,ORD-014958,boleto,1,7584.32
PAY-009616,ORD-009964,boleto,1,2060.45
PAY-009617,ORD-012391,voucher,1,6384.89
PAY-009618,ORD-004848,voucher,1,3607.67
PAY-009619,ORD-005121,boleto,1,6092.41
PAY-009620,ORD-009711,voucher,1,2894.57
PAY-009621,ORD-011741,debit_card,1,3884.3
PAY-009622,ORD-001299,boleto,1,4883.99
PAY-009623,ORD-001540,boleto,1,642.02
PAY-009624,ORD-001677,debit_card,1,6317.88
PAY-009625,ORD-002552,debit_card,1,4983.25
PAY-009626,ORD-014558,debit_card,1,5304.7
PAY-009627,ORD-004067,debit_card,1,3823.36
PAY-009628,ORD-003483,voucher,1,5851.33
PAY-009629,ORD-004979,debit_card,1,6170.73
PAY-009630,ORD-013666,credit_card,4,4405.09
PAY-009631,ORD-000891,boleto,1,5005.18
PAY-009632,ORD-011019,debit_card,1,7041.24
PAY-009633,ORD-004217,boleto,1,783.86
PAY-009634,ORD-008645,boleto,1,5926.86
PAY-009635,ORD-012872,debit_card,1,3356.99
PAY-009636,ORD-001335,voucher,1,5780.13
PAY-009637,ORD-003630,voucher,1,7571.43
PAY-009638,ORD-004541,boleto,1,2412.43
PAY-009639,ORD-008221,debit_card,1,4381.19
PAY-009640,ORD-007311,boleto,1,2994.84
PAY-009641,ORD-006444,credit_card,6,311.95
PAY-009642,ORD-009472,boleto,1,5675.05
PAY-009643,ORD-002202,debit_card,1,1778.66
PAY-009644,ORD-014029,credit_card,6,6931.13
PAY-009645,ORD-003779,debit_card,1,5407.14
PAY-009646,ORD-010339,voucher,1,6197.07
PAY-009647,ORD-006327,debit_card,1,5736.17
PAY-009648,ORD-010109,voucher,1,5386.5
PAY-009649,ORD-000504,voucher,1,1043.03
PAY-009650,ORD-005609,credit_card,5,5341.57
PAY-009651,ORD-001702,voucher,1,5953.6
PAY-009652,ORD-014780,voucher,1,1734.64
PAY-009653,ORD-005022,voucher,1,5884.45
PAY-009654,ORD-013110,voucher,1,7421.84
PAY-009655,ORD-014844,voucher,1,2427.78
PAY-009656,ORD-000463,credit_card,3,5344.73
PAY-009657,ORD-000369,debit_card,1,7316.1
PAY-009658,ORD-004261,credit_card,2,2275.57
PAY-009659,ORD-012135,voucher,1,5230.23
PAY-009660,ORD-011223,credit_card,7,5635.38
PAY-009661,ORD-001837,voucher,1,4962.57
PAY-009662,ORD-014855,debit_card,1,6448.43
PAY-009663,ORD-005203,debit_card,1,6993.56
PAY-009664,ORD-009836,voucher,1,7203.91
PAY-009665,ORD-001867,debit_card,1,7168.12
PAY-009666,ORD-005038,debit_card,1,6342.67
PAY-009667,ORD-007297,debit_card,1,6430.58
PAY-009668,ORD-012814,boleto,1,3577.66
PAY-009669,ORD-004404,boleto,1,6814.49
PAY-009670,ORD-008901,debit_card,1,4546.48
PAY-009671,ORD-011107,boleto,1,6786.52
PAY-009672,ORD-003983,voucher,1,2584.56
PAY-009673,ORD-002057,credit_card,5,3647.49
PAY-009674,ORD-001668,voucher,1,6489.58
PAY-009675,ORD-009389,debit_card,1,3887.11
PAY-009676,ORD-012500,boleto,1,616.09
PAY-009677,ORD-003449,credit_card,1,417.87
PAY-009678,ORD-013033,debit_card,1,6428.71
PAY-009679,ORD-007907,debit_card,1,649.95
PAY-009680,ORD-005273,boleto,1,1400.29
PAY-009681,ORD-009267,debit_card,1,4091.63
PAY-009682,ORD-001605,bitcoin,1,1861.52
PAY-009683,ORD-001593,credit_card,11,348.57
PAY-009684,ORD-011590,boleto,1,4726.47
PAY-009685,ORD-012340,debit_card,1,7519.15
PAY-009686,ORD-004606,voucher,1,785.82
PAY-009687,ORD-014688,voucher,1,4025.14
PAY-009688,ORD-013710,credit_card,12,1460.71
PAY-009689,ORD-004764,boleto,1,2228.27
PAY-009690,ORD-004687,voucher,1,6244.36
PAY-009691,ORD-002327,voucher,1,3559.8
PAY-009692,ORD-004418,credit_card,2,6684.0
PAY-009693,ORD-010437,boleto,1,5342.58
PAY-009694,ORD-005865,boleto,1,5281.48
PAY-009695,ORD-007360,debit_card,1,5892.47
PAY-009696,ORD-012074,boleto,1,5674.58
PAY-009697,ORD-005862,cash,1,5149.51
PAY-009698,ORD-003185,voucher,1,454.82
PAY-009699,ORD-014243,debit_card,1,2589.64
PAY-009700,ORD-007336,debit_card,1,156.19
PAY-009701,ORD-002227,voucher,1,6135.5
PAY-009702,ORD-001301,credit_card,9,6625.94
PAY-009703,ORD-009653,debit_card,1,464.02
PAY-009704,ORD-000441,boleto,1,5333.17
PAY-009705,ORD-010562,debit_card,1,6759.51
PAY-009706,ORD-004695,credit_card,10,4538.23
PAY-009707,ORD-005434,credit_card,12,5147.95
PAY-009708,ORD-012252,credit_card,12,4461.17
PAY-009709,ORD-006943,credit_card,6,5270.3
PAY-009710,ORD-003333,credit_card,1,3900.91
PAY-009711,ORD-009381,credit_card,10,3579.17
PAY-009712,ORD-010838,credit_card,12,7866.39
PAY-009713,ORD-006047,voucher,1,3608.86
PAY-009714,ORD-005331,boleto,1,6370.39
PAY-009715,ORD-009099,credit_card,12,5142.11
PAY-009716,ORD-012964,credit_card,4,786.44
PAY-009717,ORD-003296,voucher,1,7519.45
PAY-009718,ORD-014346,debit_card,1,4515.97
PAY-009719,ORD-001335,voucher,1,6036.94
PAY-009720,ORD-013058,debit_card,1,7765.24
PAY-009721,ORD-007268,voucher,1,3537.09
PAY-009722,ORD-009191,credit_card,6,6075.8
PAY-009723,ORD-012292,voucher,1,5908.01
PAY-009724,ORD-004500,boleto,1,2578.93
PAY-009725,ORD-013814,voucher,1,4708.85
PAY-009726,ORD-008634,voucher,1,689.67
PAY-009727,ORD-009150,debit_card,1,7516.56
PAY-009728,ORD-008746,boleto,1,4746.27
PAY-009729,ORD-002679,voucher,1,7813.02
PAY-009730,ORD-014033,boleto,1,764.21
PAY-009731,ORD-002645,voucher,1,2394.02
PAY-009732,ORD-006663,boleto,1,3684.9
PAY-009733,ORD-013056,debit_card,1,4052.12
PAY-009734,ORD-011486,boleto,,1610.11
PAY-009735,ORD-005709,credit_card,12,4569.9
PAY-009736,ORD-009325,credit_card,5,3488.4
PAY-009737,ORD-006621,boleto,1,3730.53
PAY-009738,ORD-012329,boleto,1,6217.04
PAY-009739,ORD-000375,credit_card,12,3206.18
PAY-009740,ORD-012616,voucher,1,6161.9
PAY-009741,ORD-005414,voucher,1,6232.98
PAY-009742,ORD-002294,boleto,1,6522.12
PAY-009743,ORD-007873,credit_card,9,2652.2
PAY-009744,ORD-006192,debit_card,1,6124.49
PAY-009745,ORD-001801,credit_card,3,4395.53
PAY-009746,ORD-000672,voucher,1,6017.4
PAY-009747,ORD-000087,debit_card,1,3359.0
PAY-009748,ORD-003094,credit_card,4,255.84
PAY-009749,ORD-005077,voucher,1,7466.68
PAY-009750,ORD-001395,boleto,1,5749.93
PAY-009751,ORD-008436,boleto,1,3566.33
PAY-009752,ORD-013834,debit_card,1,1814.68
PAY-009753,ORD-001380,voucher,1,2555.99
PAY-009754,ORD-003804,voucher,1,6981.34
PAY-009755,ORD-010267,credit_card,6,617.6
PAY-009756,ORD-005401,voucher,1,4570.98
PAY-009757,ORD-008843,voucher,1,7577.22
PAY-009758,ORD-010621,boleto,1,626.2
PAY-009759,ORD-014161,debit_card,1,1600.38
PAY-009760,ORD-002276,voucher,1,835.99
PAY-009761,ORD-001280,credit_card,8,7677.04
PAY-009762,ORD-008372,cash,1,7703.13
PAY-009763,ORD-001351,credit_card,3,3424.53
PAY-009764,ORD-014568,voucher,1,1949.36
PAY-009765,ORD-003919,voucher,1,6489.94
PAY-009766,ORD-007952,credit_card,9,3869.33
PAY-009767,ORD-004564,credit_card,6,254.83
PAY-009768,ORD-013348,voucher,1,4280.18
PAY-009769,ORD-001276,boleto,1,4462.71
PAY-009770,ORD-000219,credit_card,12,5115.05
PAY-009771,ORD-012082,debit_card,1,1102.81
PAY-009772,ORD-010689,credit_card,12,6159.74
PAY-009773,ORD-009669,credit_card,4,3766.82
PAY-009774,ORD-003248,boleto,1,7737.94
PAY-009775,ORD-007539,credit_card,9,4971.34
PAY-009776,ORD-013841,credit_card,3,3395.23
PAY-009777,ORD-007949,debit_card,1,935.52
PAY-009778,ORD-004434,debit_card,1,3370.1
PAY-009779,ORD-009793,debit_card,1,2330.7
PAY-009780,ORD-001082,boleto,1,4779.68
PAY-009781,ORD-011215,debit_card,1,1683.73
PAY-009782,ORD-003575,boleto,1,5854.77
PAY-009783,ORD-012090,credit_card,1,3790.1
PAY-009784,ORD-000126,debit_card,1,1761.06
PAY-009785,ORD-010456,credit_card,6,5721.07
PAY-009786,ORD-004545,boleto,1,1784.2
PAY-009787,ORD-005631,credit_card,7,7466.13
PAY-009788,ORD-000793,debit_card,1,7457.67
PAY-009789,ORD-014248,voucher,1,2315.73
PAY-009790,ORD-011801,debit_card,1,7210.05
PAY-009791,ORD-002649,boleto,1,3061.08
PAY-009792,ORD-002402,boleto,1,6274.86
PAY-009793,ORD-009843,boleto,1,4975.13
PAY-009794,ORD-002997,boleto,1,24.95
PAY-009795,ORD-008057,boleto,1,7640.67
PAY-009796,ORD-012566,voucher,1,1977.8
PAY-009797,ORD-003746,debit_card,1,2639.74
PAY-009798,ORD-000024,credit_card,8,490.44
PAY-009799,ORD-008656,debit_card,1,2799.71
PAY-009800,ORD-000151,voucher,1,513.76
PAY-009801,ORD-004226,credit_card,2,1112.09
PAY-009802,ORD-003251,boleto,1,2113.77
PAY-009803,ORD-010272,credit_card,4,2524.47
PAY-009804,ORD-013580,voucher,1,7144.11
PAY-009805,ORD-004779,debit_card,1,934.71
PAY-009806,ORD-014695,boleto,1,7332.18
PAY-009807,ORD-000939,credit_card,12,6752.8
PAY-009808,ORD-008953,debit_card,1,5503.16
PAY-009809,ORD-014651,credit_card,11,587.16
PAY-009810,ORD-001355,credit_card,1,2210.37
PAY-009811,ORD-013168,voucher,1,6499.96
PAY-009812,ORD-003897,boleto,1,3602.0
PAY-009813,ORD-003015,credit_card,4,488.3
PAY-009814,ORD-012957,voucher,1,2577.41
PAY-009815,ORD-001452,voucher,1,518.99
PAY-009816,ORD-008871,voucher,1,1606.23
PAY-009817,ORD-008443,boleto,1,3733.57
PAY-009818,ORD-001206,boleto,1,4467.8
PAY-009819,ORD-010923,boleto,1,1415.94
PAY-009820,ORD-005437,credit_card,5,6111.84
PAY-009821,ORD-001422,credit_card,8,4569.5
PAY-009822,ORD-004807,debit_card,1,7081.6
PAY-009823,ORD-013743,credit_card,10,4606.8
PAY-009824,ORD-011147,boleto,1,1649.13
PAY-009825,ORD-006844,voucher,1,3770.59
PAY-009826,ORD-013623,boleto,1,145.79
PAY-009827,ORD-005980,debit_card,1,3946.67
PAY-009828,ORD-011950,credit_card,3,2977.28
PAY-009829,ORD-005706,boleto,1,7417.26
PAY-009830,ORD-013095,boleto,1,5454.02
PAY-009831,ORD-011186,voucher,1,2322.52
PAY-009832,ORD-006096,boleto,1,688.75
PAY-009833,ORD-013989,debit_card,1,7538.37
PAY-009834,ORD-007883,debit_card,1,298.31
PAY-009835,ORD-001220,voucher,1,70.81
PAY-009836,ORD-012746,boleto,1,3682.39
PAY-009837,ORD-004676,credit_card,3,-471.86
PAY-009838,ORD-006449,voucher,1,3971.81
PAY-009839,ORD-013710,credit_card,3,5411.99
PAY-009840,ORD-001359,boleto,1,3401.52
PAY-009841,ORD-010654,voucher,1,4052.4
PAY-009842,ORD-008992,voucher,1,4962.95
PAY-009843,ORD-005263,boleto,1,5144.46
PAY-009844,ORD-004044,boleto,1,3671.98
PAY-009845,ORD-011590,voucher,1,7140.41
PAY-009846,ORD-013075,credit_card,4,716.04
PAY-009847,ORD-013951,voucher,1,307.73
PAY-009848,ORD-014401,debit_card,1,2123.37
PAY-009849,ORD-008584,credit_card,5,4808.14
PAY-009850,ORD-002316,debit_card,1,3895.42
PAY-009851,ORD-009949,voucher,1,6031.97
PAY-009852,ORD-004221,credit_card,12,7152.83
PAY-009853,ORD-014590,credit_card,10,4243.94
PAY-009854,ORD-005271,boleto,1,4496.98
PAY-009855,ORD-013424,boleto,1,4266.25
PAY-009856,ORD-009200,voucher,1,2041.61
PAY-009857,ORD-011392,debit_card,1,3799.02
PAY-009858,ORD-011677,voucher,1,7872.11
PAY-009859,ORD-003839,voucher,1,6123.41
PAY-009860,ORD-009008,boleto,1,646.71
PAY-009861,ORD-007540,debit_card,1,6401.6
PAY-009862,ORD-004940,voucher,1,377.46
PAY-009863,ORD-002795,boleto,1,5164.8
PAY-009864,ORD-012376,credit_card,6,4240.46
PAY-009865,ORD-006283,voucher,1,1624.46
PAY-009866,ORD-001475,,1,325.11
PAY-009867,ORD-014322,credit_card,11,3707.12
PAY-009868,ORD-008388,credit_card,9,4619.21
PAY-009869,ORD-004256,credit_card,8,3133.05
PAY-009870,ORD-000421,debit_card,1,5679.24
PAY-009871,ORD-006195,voucher,1,6718.34
PAY-009872,ORD-007341,PIX,1,3029.88
PAY-009873,ORD-007718,debit_card,1,-190.7
PAY-009874,ORD-008340,debit_card,1,-133.19
PAY-009875,ORD-012487,credit_card,1,2829.03
PAY-009876,ORD-014428,voucher,1,5527.76
PAY-009877,ORD-013479,voucher,1,2351.84
PAY-009878,ORD-002596,voucher,1,4737.4
PAY-009879,ORD-003935,debit_card,1,5337.14
PAY-009880,ORD-005805,debit_card,1,543.08
PAY-009881,ORD-001866,boleto,1,295.38
PAY-009882,ORD-011858,debit_card,1,4068.32
PAY-009883,ORD-012388,debit_card,1,5040.37
PAY-009884,ORD-012170,voucher,1,1753.36
PAY-009885,ORD-007511,boleto,1,7782.8
PAY-009886,ORD-010904,voucher,1,6581.29
PAY-009887,ORD-006238,voucher,1,1440.73
PAY-009888,ORD-014081,credit_card,12,6053.81
PAY-009889,ORD-002441,debit_card,1,1755.13
PAY-009890,ORD-009795,voucher,1,6451.33
PAY-009891,ORD-000492,boleto,1,6561.98
PAY-009892,ORD-000861,boleto,1,2664.24
PAY-009893,ORD-010738,debit_card,1,3057.53
PAY-009894,ORD-008685,debit_card,1,5895.7
PAY-009895,ORD-014290,credit_card,6,3143.59
PAY-009896,ORD-006264,credit_card,7,2919.65
PAY-009897,ORD-001721,debit_card,1,7299.42
PAY-009898,ORD-013006,debit_card,1,3409.3
PAY-009899,ORD-003357,debit_card,1,6905.15
PAY-009900,ORD-007658,debit_card,1,735.67
PAY-009901,ORD-008306,boleto,1,3904.9
PAY-009902,ORD-014176,voucher,1,3378.81
PAY-009903,ORD-007689,boleto,1,4504.35
PAY-009904,ORD-014436,voucher,1,2624.39
PAY-009905,ORD-010816,credit_card,2,4505.7
PAY-009906,ORD-010237,credit_card,9,1945.18
PAY-009907,ORD-012384,boleto,1,1700.89
PAY-009908,ORD-008515,boleto,1,7751.56
PAY-009909,ORD-006141,credit_card,12,5373.78
PAY-009910,ORD-002945,voucher,,6171.29
PAY-009911,ORD-006231,boleto,1,6209.21
PAY-009912,ORD-013035,cash,1,97.61
PAY-009913,ORD-002326,boleto,1,898.16
PAY-009914,ORD-012211,credit_card,1,2591.16
PAY-009915,ORD-011154,voucher,1,3476.9
PAY-009916,ORD-011855,boleto,,3479.31
PAY-009917,ORD-001902,voucher,1,5315.5
PAY-009918,ORD-006572,voucher,1,6599.92
PAY-009919,ORD-004904,voucher,1,4474.3
PAY-009920,ORD-007700,credit_card,7,4274.75
PAY-009921,ORD-012290,credit_card,1,6639.55
PAY-009922,ORD-009946,credit_card,9,5203.64
PAY-009923,ORD-011511,voucher,1,2039.61
PAY-009924,ORD-000845,boleto,1,1353.92
PAY-009925,ORD-008628,boleto,1,2825.89
PAY-009926,ORD-007643,voucher,1,7956.55
PAY-009927,ORD-014891,boleto,1,3314.02
PAY-009928,ORD-001415,debit_card,1,5038.11
PAY-009929,ORD-001150,credit_card,2,3555.9
PAY-009930,ORD-013943,credit_card,6,430.89
PAY-009931,ORD-000439,boleto,1,3294.84
PAY-009932,ORD-008125,boleto,1,3977.96
PAY-009933,ORD-011044,voucher,1,3970.64
PAY-009934,ORD-012203,credit_card,9,6835.4
PAY-009935,ORD-009002,debit_card,1,2457.24
PAY-009936,ORD-012892,debit_card,1,582.23
PAY-009937,ORD-007946,debit_card,1,7743.5
PAY-009938,ORD-011076,boleto,1,3508.51
PAY-009939,ORD-013562,debit_card,1,5408.35
PAY-009940,ORD-008214,voucher,1,5339.82
PAY-009941,ORD-009500,credit_card,10,4750.43
PAY-009942,ORD-013954,debit_card,1,1004.47
PAY-009943,ORD-004225,voucher,1,1056.82
PAY-009944,ORD-013892,debit_card,1,6718.96
PAY-009945,ORD-006508,credit_card,5,2428.73
PAY-009946,ORD-013722,credit_card,2,2524.15
PAY-009947,ORD-010756,credit_card,2,3057.51
PAY-009948,ORD-001259,voucher,1,2705.3
PAY-009949,ORD-005099,boleto,1,462.05
PAY-009950,ORD-011141,credit_card,10,2058.39
PAY-009951,ORD-001789,voucher,1,1023.89
PAY-009952,ORD-002677,voucher,1,1731.02
PAY-009953,ORD-010748,voucher,1,5066.54
PAY-009954,ORD-010654,boleto,1,7582.57
PAY-009955,ORD-010504,boleto,1,4104.21
PAY-009956,ORD-013896,boleto,1,1835.41
PAY-009957,ORD-005463,voucher,1,5124.96
PAY-009958,ORD-000317,voucher,1,3424.46
PAY-009959,ORD-000823,debit_card,1,306.74
PAY-009960,ORD-011513,boleto,1,1051.47
PAY-009961,ORD-012616,voucher,1,1959.95
PAY-009962,ORD-010431,boleto,1,2111.58
PAY-009963,ORD-006188,boleto,1,4525.13
PAY-009964,ORD-003414,credit_card,1,5043.45
PAY-009965,ORD-005638,voucher,1,6608.24
PAY-009966,ORD-014502,boleto,1,5450.75
PAY-009967,ORD-003813,voucher,1,6378.93
PAY-009968,ORD-010030,voucher,1,6097.65
PAY-009969,ORD-010258,boleto,1,2023.66
PAY-009970,ORD-007260,credit_card,8,4339.94
PAY-009971,ORD-005864,boleto,1,978.2
PAY-009972,ORD-001014,debit_card,1,7146.11
PAY-009973,ORD-006819,voucher,1,3076.48
PAY-009974,ORD-013669,voucher,1,4911.83
PAY-009975,ORD-011928,voucher,1,1974.28
PAY-009976,ORD-007292,boleto,1,6398.36
PAY-009977,ORD-012254,boleto,1,5093.38
PAY-009978,ORD-002537,debit_card,1,2815.46
PAY-009979,ORD-004821,voucher,1,4255.34
PAY-009980,ORD-005768,voucher,1,3940.5
PAY-009981,ORD-009940,voucher,1,24.89
PAY-009982,ORD-011264,boleto,1,2289.35
PAY-009983,ORD-003406,debit_card,1,5736.47
PAY-009984,ORD-011072,debit_card,1,7534.6
PAY-009985,ORD-010622,voucher,1,1601.58
PAY-009986,ORD-004261,debit_card,1,1470.97
PAY-009987,ORD-011722,voucher,1,6856.47
PAY-009988,ORD-007908,credit_card,5,4287.15
PAY-009989,ORD-011026,boleto,1,5286.33
PAY-009990,ORD-014567,voucher,1,2460.13
PAY-009991,ORD-006213,voucher,,4653.57
PAY-009992,ORD-011096,voucher,1,5519.44
PAY-009993,ORD-012627,voucher,1,1243.51
PAY-009994,ORD-006195,boleto,1,4091.23
PAY-009995,ORD-001630,voucher,1,1463.61
PAY-009996,ORD-006502,debit_card,1,4044.57
PAY-009997,ORD-001368,debit_card,1,7450.84
PAY-009998,ORD-008098,credit_card,2,3003.48
PAY-009999,ORD-007960,debit_card,1,5127.2
PAY-010000,ORD-013500,debit_card,1,437.85
PAY-010001,ORD-003302,,1,3606.7
PAY-010002,ORD-004013,debit_card,1,5993.6
PAY-010003,ORD-005401,voucher,1,5762.05
PAY-010004,ORD-007973,boleto,1,6961.87
PAY-010005,ORD-011423,credit_card,1,251.93
PAY-010006,ORD-007042,credit_card,4,6382.38
PAY-010007,ORD-007308,voucher,1,210.14
PAY-010008,ORD-009801,voucher,1,4449.32
PAY-010009,ORD-014631,voucher,1,6281.29
PAY-010010,ORD-002190,boleto,1,6668.87
PAY-010011,ORD-005129,voucher,1,293.63
PAY-010012,ORD-006926,debit_card,1,6507.34
PAY-010013,ORD-013592,credit_card,1,6574.48
PAY-010014,ORD-012904,boleto,1,6393.5
PAY-010015,ORD-004154,credit_card,10,3757.73
PAY-010016,ORD-000919,debit_card,1,94.47
PAY-010017,ORD-002463,voucher,1,7806.09
PAY-010018,ORD-012632,debit_card,1,5221.92
PAY-010019,ORD-009154,voucher,1,4543.26
PAY-010020,ORD-008586,debit_card,1,1508.84
PAY-010021,ORD-008701,debit_card,1,4886.98
PAY-010022,ORD-005989,boleto,1,5953.18
PAY-010023,ORD-006784,credit_card,7,3602.71
PAY-010024,ORD-000438,credit_card,12,45.6
PAY-010025,ORD-013940,boleto,1,260.7
PAY-010026,ORD-000324,debit_card,1,7029.68
PAY-010027,ORD-007480,boleto,1,4602.22
PAY-010028,ORD-002301,boleto,1,3693.87
PAY-010029,ORD-001428,voucher,1,6799.43
PAY-010030,ORD-009395,credit_card,1,3811.14
PAY-010031,ORD-009371,credit_card,4,2965.86
PAY-010032,ORD-009496,boleto,1,2433.35
PAY-010033,ORD-001236,boleto,1,-37.97
PAY-010034,ORD-010098,voucher,1,2675.5
PAY-010035,ORD-008380,credit_card,4,5903.79
PAY-010036,ORD-004369,credit_card,9,5061.01
PAY-010037,ORD-002557,credit_card,8,5420.27
PAY-010038,ORD-005157,boleto,1,2153.16
PAY-010039,ORD-011246,debit_card,1,2521.72
PAY-010040,ORD-012386,debit_card,1,4475.01
PAY-010041,ORD-006606,debit_card,1,4685.02
PAY-010042,ORD-001912,voucher,1,4290.1
PAY-010043,ORD-013422,debit_card,1,7666.78
PAY-010044,ORD-000326,debit_card,1,4299.98
PAY-010045,ORD-013726,boleto,1,1434.08
PAY-010046,ORD-000876,boleto,1,4768.86
PAY-010047,ORD-004097,boleto,1,4168.23
PAY-010048,ORD-004619,voucher,1,1842.77
PAY-010049,ORD-001590,voucher,1,7309.91
PAY-010050,ORD-004623,debit_card,1,7457.94
PAY-010051,ORD-009394,debit_card,1,289.15
PAY-010052,ORD-001204,credit_card,2,4766.18
PAY-010053,ORD-003144,credit_card,10,5756.81
PAY-010054,ORD-012972,voucher,1,302.51
PAY-010055,ORD-008086,credit_card,1,5058.37
PAY-010056,ORD-011588,debit_card,1,1027.5
PAY-010057,ORD-011911,boleto,1,3986.99
PAY-010058,ORD-011928,voucher,1,5088.2
PAY-010059,ORD-014593,debit_card,1,5747.08
PAY-010060,ORD-000716,debit_card,1,5330.44
PAY-010061,ORD-001957,credit_card,2,4526.09
PAY-010062,ORD-005733,debit_card,1,5897.49
PAY-010063,ORD-000382,boleto,1,6874.9
PAY-010064,ORD-014217,debit_card,1,275.73
PAY-010065,ORD-011984,boleto,1,7980.16
PAY-010066,ORD-007620,voucher,1,4542.52
PAY-010067,ORD-000093,debit_card,1,2385.12
PAY-010068,ORD-003592,voucher,1,4697.1
PAY-010069,ORD-000497,debit_card,1,6556.54
PAY-010070,ORD-012108,voucher,1,4256.98
PAY-010071,ORD-008158,debit_card,1,4212.99
PAY-010072,ORD-008536,credit_card,9,568.61
PAY-010073,ORD-010458,credit_card,7,7050.36
PAY-010074,ORD-014327,debit_card,1,3999.25
PAY-010075,ORD-007125,boleto,1,1282.68
PAY-010076,ORD-009449,voucher,1,7010.82
PAY-010077,ORD-005733,voucher,1,6988.09
PAY-010078,ORD-002580,debit_card,1,3593.23
PAY-010079,ORD-001756,voucher,1,3488.16
PAY-010080,ORD-000187,voucher,1,7083.74
PAY-010081,ORD-008684,credit_card,1,3903.81
PAY-010082,ORD-001409,voucher,1,5291.48
PAY-010083,ORD-007711,boleto,1,5772.39
PAY-010084,ORD-012269,credit_card,10,1103.92
PAY-010085,ORD-014556,voucher,1,687.72
PAY-010086,ORD-001268,voucher,1,2285.55
PAY-010087,ORD-007127,credit_card,3,4219.3
PAY-010088,ORD-005817,credit_card,6,1004.78
PAY-010089,ORD-009162,credit_card,3,2777.58
PAY-010090,ORD-010076,boleto,1,6533.48
PAY-010091,ORD-011510,credit_card,12,2633.32
PAY-010092,ORD-009143,credit_card,6,2418.75
PAY-010093,ORD-003296,credit_card,3,3721.04
PAY-010094,ORD-006058,boleto,1,7251.18
PAY-010095,ORD-010326,boleto,1,1208.23
PAY-010096,ORD-012528,boleto,1,6040.4
PAY-010097,ORD-007171,voucher,1,6968.62
PAY-010098,ORD-007104,debit_card,1,3588.22
PAY-010099,ORD-012029,voucher,1,5832.66
PAY-010100,ORD-005943,credit_card,3,7103.36
PAY-010101,ORD-014191,debit_card,1,441.45
PAY-010102,ORD-003148,credit_card,5,3335.47
PAY-010103,ORD-009993,voucher,1,7914.62
PAY-010104,ORD-010105,boleto,1,5490.03
PAY-010105,ORD-008525,voucher,,279.86
PAY-010106,ORD-003105,voucher,1,4060.57
PAY-010107,ORD-011319,debit_card,1,6825.82
PAY-010108,ORD-000411,debit_card,1,5239.47
PAY-010109,ORD-006592,boleto,1,1004.14
PAY-010110,ORD-006792,boleto,1,2155.22
PAY-010111,ORD-009537,voucher,1,-421.64
PAY-010112,ORD-014045,voucher,1,5675.99
PAY-010113,ORD-006997,credit_card,2,3240.55
PAY-010114,ORD-003826,boleto,1,1018.5
PAY-010115,ORD-006058,debit_card,1,7231.81
PAY-010116,ORD-008663,credit_card,5,2931.84
PAY-010117,ORD-004233,credit_card,3,6201.14
PAY-010118,ORD-011466,boleto,1,268.84
PAY-010119,ORD-010762,boleto,1,5770.46
PAY-010120,ORD-003629,credit_card,11,4503.79
PAY-010121,ORD-006353,debit_card,1,5449.4
PAY-010122,ORD-008325,credit_card,1,2647.68
PAY-010123,ORD-008686,credit_card,6,7568.21
PAY-010124,ORD-004963,credit_card,8,5190.94
PAY-010125,ORD-003950,voucher,1,3825.25
PAY-010126,ORD-004778,voucher,1,5745.05
PAY-010127,ORD-001107,credit_card,9,4930.5
PAY-010128,ORD-000064,boleto,1,6604.95
PAY-010129,ORD-010705,debit_card,1,1504.46
PAY-010130,ORD-013235,voucher,1,7480.45
PAY-010131,ORD-008793,debit_card,1,2541.35
PAY-010132,ORD-003288,,1,16.76
PAY-010133,ORD-013808,debit_card,1,3249.13
PAY-010134,ORD-007733,boleto,1,4330.34
PAY-010135,ORD-004656,boleto,1,5255.1
PAY-010136,ORD-006401,boleto,1,6178.76
PAY-010137,ORD-003908,PIX,1,4757.84
PAY-010138,ORD-001008,credit_card,6,1062.18
PAY-010139,ORD-004235,boleto,1,4503.48
PAY-010140,ORD-007236,boleto,1,6849.69
PAY-010141,ORD-006240,boleto,1,5594.1
PAY-010142,ORD-009663,credit_card,3,7548.99
PAY-010143,ORD-006567,boleto,1,3096.57
PAY-010144,ORD-004732,debit_card,1,6549.55
PAY-010145,ORD-007438,voucher,1,335.02
PAY-010146,ORD-005797,debit_card,1,7101.24
PAY-010147,ORD-013093,boleto,1,5027.73
PAY-010148,ORD-006625,boleto,1,3802.92
PAY-010149,ORD-001938,boleto,1,4819.99
PAY-010150,ORD-007886,debit_card,1,3448.19
PAY-010151,ORD-011844,debit_card,1,6764.11
PAY-010152,ORD-006811,voucher,1,3722.15
PAY-010153,ORD-006710,,1,6689.85
PAY-010154,ORD-008979,debit_card,1,555.55
PAY-010155,ORD-004835,voucher,1,3823.97
PAY-010156,ORD-004000,voucher,1,1112.22
PAY-010157,ORD-003767,voucher,1,7287.37
PAY-010158,ORD-004518,credit_card,6,5207.36
PAY-010159,ORD-007174,voucher,1,5454.34
PAY-010160,ORD-008625,voucher,1,4602.9
PAY-010161,ORD-001806,bitcoin,1,4803.15
PAY-010162,ORD-013984,debit_card,1,4171.97
PAY-010163,ORD-001506,credit_card,6,7082.59
PAY-010164,ORD-000046,boleto,1,6522.65
PAY-010165,ORD-000900,boleto,1,1214.06
PAY-010166,ORD-003582,boleto,1,3174.09
PAY-010167,ORD-008470,debit_card,1,3089.13
PAY-010168,ORD-002384,boleto,1,4403.97
PAY-010169,ORD-004228,boleto,1,5149.62
PAY-010170,ORD-008707,credit_card,4,2337.61
PAY-010171,ORD-009618,voucher,1,305.72
PAY-010172,ORD-006975,credit_card,7,2458.95
PAY-010173,ORD-009656,credit_card,12,7559.57
PAY-010174,ORD-008273,debit_card,1,1167.39
PAY-010175,ORD-002217,credit_card,8,2403.51
PAY-010176,ORD-007819,voucher,1,2135.02
PAY-010177,ORD-005367,credit_card,6,3131.61
PAY-010178,ORD-008019,credit_card,2,3856.13
PAY-010179,ORD-011350,boleto,1,2471.01
PAY-010180,ORD-013895,credit_card,8,6187.81
PAY-010181,ORD-011754,debit_card,1,1568.3
PAY-010182,ORD-002831,boleto,1,1610.92
PAY-010183,ORD-001012,debit_card,1,7894.94
PAY-010184,ORD-000594,credit_card,10,3850.56
PAY-010185,ORD-002520,debit_card,1,1339.88
PAY-010186,ORD-001003,credit_card,3,5364.27
PAY-010187,ORD-000061,boleto,1,6737.77
PAY-010188,ORD-006302,debit_card,1,4996.42
PAY-010189,ORD-013640,debit_card,1,2497.33
PAY-010190,ORD-009775,voucher,1,4335.32
PAY-010191,ORD-002031,boleto,1,7260.07
PAY-010192,ORD-011737,boleto,1,3115.52
PAY-010193,ORD-003111,voucher,1,2000.88
PAY-010194,ORD-011295,credit_card,12,7521.55
PAY-010195,ORD-013163,voucher,1,1618.32
PAY-010196,ORD-011284,boleto,1,3259.0
PAY-010197,ORD-014466,boleto,1,3553.38
PAY-010198,ORD-006816,boleto,1,7350.43
PAY-010199,ORD-008877,debit_card,1,5416.6
PAY-010200,ORD-014394,boleto,1,6841.79
PAY-010201,ORD-008825,voucher,1,6016.91
PAY-010202,ORD-006541,voucher,1,1531.47
PAY-010203,ORD-001690,debit_card,1,5059.6
PAY-010204,ORD-008912,voucher,1,5267.85
PAY-010205,ORD-003906,boleto,1,7457.11
PAY-010206,ORD-004581,credit_card,8,2509.49
PAY-010207,ORD-001848,voucher,1,5980.51
PAY-010208,ORD-001731,boleto,1,6855.24
PAY-010209,ORD-001573,credit_card,6,2265.78
PAY-010210,ORD-005602,debit_card,1,2702.42
PAY-010211,ORD-012081,voucher,1,1514.67
PAY-010212,ORD-009328,credit_card,,7687.77
PAY-010213,ORD-005413,voucher,1,1550.88
PAY-010214,ORD-008401,boleto,1,160.01
PAY-010215,ORD-005415,debit_card,1,6119.19
PAY-010216,ORD-012183,credit_card,3,6388.15
PAY-010217,ORD-001916,voucher,1,53.61
PAY-010218,ORD-009079,credit_card,12,5117.18
PAY-010219,ORD-004138,credit_card,8,4472.41
PAY-010220,ORD-007736,voucher,1,1875.25
PAY-010221,ORD-003328,debit_card,1,2450.03
PAY-010222,ORD-001468,debit_card,1,6853.41
PAY-010223,ORD-003401,voucher,1,2894.71
PAY-010224,ORD-006610,debit_card,1,4441.19
PAY-010225,ORD-014950,debit_card,1,6651.02
PAY-010226,ORD-014567,boleto,1,2054.77
PAY-010227,ORD-000659,credit_card,5,5510.2
PAY-010228,ORD-004739,voucher,1,7786.41
PAY-010229,ORD-000755,boleto,1,1770.04
PAY-010230,ORD-001292,voucher,1,3691.5
PAY-010231,ORD-013415,credit_card,4,6440.14
PAY-010232,ORD-010465,debit_card,1,2602.12
PAY-010233,ORD-005557,boleto,1,6661.47
PAY-010234,ORD-006812,debit_card,1,6623.77
PAY-010235,ORD-006518,debit_card,1,5057.11
PAY-010236,ORD-000383,bitcoin,1,6353.74
PAY-010237,ORD-011631,credit_card,1,4649.65
PAY-010238,ORD-003494,voucher,1,6917.6
PAY-010239,ORD-014081,debit_card,1,5676.57
PAY-010240,ORD-009712,boleto,1,1842.05
PAY-010241,ORD-010526,credit_card,1,548.09
PAY-010242,ORD-002215,credit_card,12,7910.23
PAY-010243,ORD-001137,debit_card,1,5249.0
PAY-010244,ORD-014071,credit_card,5,7885.27
PAY-010245,ORD-010774,debit_card,1,5588.63
PAY-010246,ORD-001773,voucher,1,6597.04
PAY-010247,ORD-007332,debit_card,1,6090.25
PAY-010248,ORD-003355,credit_card,11,5840.15
PAY-010249,ORD-002221,cash,1,3174.26
PAY-010250,ORD-012480,credit_card,1,2831.77
PAY-010251,ORD-008430,credit_card,2,-437.4
PAY-010252,ORD-013153,credit_card,1,652.08
PAY-010253,ORD-007214,boleto,1,2748.72
PAY-010254,ORD-005281,credit_card,4,5867.58
PAY-010255,ORD-007202,boleto,1,7313.46
PAY-010256,ORD-004663,debit_card,1,4722.0
PAY-010257,ORD-011059,credit_card,5,3478.22
PAY-010258,ORD-004974,debit_card,1,5996.29
PAY-010259,ORD-004398,credit_card,9,6853.09
PAY-010260,ORD-010047,boleto,1,3301.72
PAY-010261,ORD-012002,boleto,1,1872.03
PAY-010262,ORD-003916,credit_card,2,6134.37
PAY-010263,ORD-012227,debit_card,1,1436.31
PAY-010264,ORD-007267,boleto,1,6749.72
PAY-010265,ORD-011985,boleto,1,307.49
PAY-010266,ORD-002061,credit_card,2,3913.06
PAY-010267,ORD-001789,voucher,1,4603.06
PAY-010268,ORD-008122,boleto,1,6516.74
PAY-010269,ORD-002869,debit_card,1,4592.58
PAY-010270,ORD-010300,debit_card,1,2335.76
PAY-010271,ORD-008126,credit_card,2,5330.67
PAY-010272,ORD-002289,credit_card,1,7227.39
PAY-010273,ORD-005602,boleto,1,5620.78
PAY-010274,ORD-008993,credit_card,6,7084.91
PAY-010275,ORD-006889,boleto,1,5393.78
PAY-010276,ORD-008125,voucher,1,7675.33
PAY-010277,ORD-011819,credit_card,5,6441.77
PAY-010278,ORD-011486,voucher,1,6311.1
PAY-010279,ORD-002358,voucher,1,3422.31
PAY-010280,ORD-009288,credit_card,4,358.88
PAY-010281,ORD-005480,boleto,1,6254.13
PAY-010282,ORD-004839,voucher,1,3566.98
PAY-010283,ORD-004632,voucher,1,1998.81
PAY-010284,ORD-005527,boleto,1,5738.54
PAY-010285,ORD-010972,boleto,1,6194.83
PAY-010286,ORD-003012,voucher,1,1671.3
PAY-010287,ORD-005702,credit_card,10,1942.27
PAY-010288,ORD-005792,voucher,1,6691.79
PAY-010289,ORD-002723,debit_card,1,6125.28
PAY-010290,ORD-013329,boleto,1,2364.07
PAY-010291,ORD-013547,debit_card,1,3540.37
PAY-010292,ORD-006335,voucher,1,1646.41
PAY-010293,ORD-013551,debit_card,1,1812.02
PAY-010294,ORD-009265,voucher,1,439.9
PAY-010295,ORD-004163,voucher,1,332.09
PAY-010296,ORD-005087,credit_card,5,3437.98
PAY-010297,ORD-009279,voucher,1,-427.47
PAY-010298,ORD-002576,debit_card,1,4633.22
PAY-010299,ORD-008441,debit_card,1,4495.58
PAY-010300,ORD-004158,debit_card,1,604.9
PAY-010301,ORD-012417,boleto,1,4251.06
PAY-010302,ORD-001371,credit_card,2,2739.39
PAY-010303,ORD-008508,debit_card,1,7811.55
PAY-010304,ORD-000004,voucher,1,406.72
PAY-010305,ORD-013940,boleto,1,1062.56
PAY-010306,ORD-012593,boleto,1,372.0
PAY-010307,ORD-008298,debit_card,1,3267.11
PAY-010308,ORD-014726,debit_card,1,6076.04
PAY-010309,ORD-009447,boleto,1,5836.13
PAY-010310,ORD-009319,voucher,1,160.07
PAY-010311,ORD-001592,debit_card,1,3451.65
PAY-010312,ORD-000787,credit_card,1,2682.2
PAY-010313,ORD-007452,boleto,1,2533.14
PAY-010314,ORD-012006,voucher,1,4617.6
PAY-010315,ORD-005514,credit_card,2,4927.35
PAY-010316,ORD-005736,boleto,1,3534.87
PAY-010317,ORD-009465,credit_card,8,479.55
PAY-010318,ORD-013588,voucher,1,4332.26
PAY-010319,ORD-001750,voucher,1,2289.74
PAY-010320,ORD-002826,boleto,1,7204.39
PAY-010321,ORD-010344,credit_card,12,-29.25
PAY-010322,ORD-003191,credit_card,8,6093.67
PAY-010323,ORD-014191,bitcoin,1,3136.01
PAY-010324,ORD-005584,debit_card,1,5140.33
PAY-010325,ORD-012357,credit_card,6,1806.44
PAY-010326,ORD-000989,boleto,1,577.33
PAY-010327,ORD-004040,voucher,1,4224.98
PAY-010328,ORD-012307,debit_card,1,470.19
PAY-010329,ORD-014737,voucher,1,5177.87
PAY-010330,ORD-007104,debit_card,1,6682.32
PAY-010331,ORD-010376,credit_card,1,1505.31
PAY-010332,ORD-003362,voucher,1,2738.48
PAY-010333,ORD-004281,debit_card,1,7123.74
PAY-010334,ORD-009824,debit_card,1,4793.01
PAY-010335,ORD-012406,credit_card,7,7598.19
PAY-010336,ORD-008198,voucher,1,4479.89
PAY-010337,ORD-002821,voucher,1,3651.67
PAY-010338,ORD-003220,voucher,1,4468.66
PAY-010339,ORD-006520,credit_card,10,5763.72
PAY-010340,ORD-014270,voucher,1,1341.73
PAY-010341,ORD-007736,credit_card,5,1370.68
PAY-010342,ORD-007263,boleto,1,6946.33
PAY-010343,ORD-007204,boleto,1,5869.8
PAY-010344,ORD-003999,voucher,1,275.19
PAY-010345,ORD-012157,debit_card,1,5899.03
PAY-010346,ORD-002707,debit_card,1,3854.73
PAY-010347,ORD-006840,boleto,1,2150.67
PAY-010348,ORD-009697,voucher,1,1654.3
PAY-010349,ORD-003518,debit_card,1,2310.68
PAY-010350,ORD-000521,credit_card,6,1727.0
PAY-010351,ORD-014538,boleto,1,7454.89
PAY-010352,ORD-004358,boleto,1,4154.39
PAY-010353,ORD-004730,credit_card,6,5799.93
PAY-010354,ORD-010280,credit_card,1,5981.69
PAY-010355,ORD-012049,credit_card,5,3521.48
PAY-010356,ORD-014627,boleto,1,6939.91
PAY-010357,ORD-009705,boleto,1,5836.94
PAY-010358,ORD-001516,boleto,1,6208.6
PAY-010359,ORD-012831,voucher,1,3057.29
PAY-010360,ORD-010418,boleto,1,4919.97
PAY-010361,ORD-002527,debit_card,1,5272.46
PAY-010362,ORD-008837,credit_card,10,1261.1
PAY-010363,ORD-002145,credit_card,6,2701.32
PAY-010364,ORD-006835,voucher,,1473.84
PAY-010365,ORD-014660,credit_card,9,5210.3
PAY-010366,ORD-012911,credit_card,7,6470.06
PAY-010367,ORD-011051,voucher,1,-326.75
PAY-010368,ORD-001102,debit_card,1,2769.2
PAY-010369,ORD-010741,voucher,1,744.34
PAY-010370,ORD-014971,credit_card,5,3423.71
PAY-010371,ORD-011790,debit_card,1,5625.04
PAY-010372,ORD-012450,debit_card,1,5905.74
PAY-010373,ORD-007058,voucher,1,1504.98
PAY-010374,ORD-001314,debit_card,1,2890.13
PAY-010375,ORD-012345,credit_card,8,6802.32
PAY-010376,ORD-012506,boleto,1,7942.69
PAY-010377,ORD-008756,credit_card,5,4133.75
PAY-010378,ORD-009699,debit_card,1,3928.51
PAY-010379,ORD-011187,boleto,1,6304.03
PAY-010380,ORD-008287,voucher,1,7085.95
PAY-010381,ORD-013954,voucher,1,7889.8
PAY-010382,ORD-000378,voucher,1,2226.85
PAY-010383,ORD-003725,voucher,1,3185.31
PAY-010384,ORD-014842,credit_card,7,6148.22
PAY-010385,ORD-006450,voucher,1,838.51
PAY-010386,ORD-002447,debit_card,1,3586.74
PAY-010387,ORD-003545,credit_card,12,1077.25
PAY-010388,ORD-004353,debit_card,1,3259.06
PAY-010389,ORD-000128,debit_card,1,1665.24
PAY-010390,ORD-001700,credit_card,4,2271.95
PAY-010391,ORD-000386,boleto,1,3071.23
PAY-010392,ORD-001784,voucher,1,1070.04
PAY-010393,ORD-008831,voucher,1,1528.16
PAY-010394,ORD-010889,boleto,1,7605.6
PAY-010395,ORD-009439,voucher,1,4242.86
PAY-010396,ORD-013058,boleto,1,972.88
PAY-010397,ORD-001753,debit_card,1,4305.09
PAY-010398,ORD-011831,boleto,1,3759.21
PAY-010399,ORD-013556,boleto,1,838.1
PAY-010400,ORD-009834,boleto,1,6060.07
PAY-010401,ORD-005434,boleto,1,7580.47
PAY-010402,ORD-011938,credit_card,1,2760.73
PAY-010403,ORD-000314,voucher,1,6543.02
PAY-010404,ORD-000607,credit_card,4,5860.06
PAY-010405,ORD-011877,debit_card,1,4231.78
PAY-010406,ORD-005844,boleto,1,7644.4
PAY-010407,ORD-006721,voucher,1,945.71
PAY-010408,ORD-005008,boleto,1,7597.44
PAY-010409,ORD-014988,voucher,1,6422.85
PAY-010410,ORD-005164,credit_card,6,2431.98
PAY-010411,ORD-004245,voucher,,7675.28
PAY-010412,ORD-005520,boleto,1,914.46
PAY-010413,ORD-010287,boleto,1,2369.85
PAY-010414,ORD-006984,voucher,1,7017.44
PAY-010415,ORD-006790,credit_card,11,6530.42
PAY-010416,ORD-002741,voucher,1,4982.83
PAY-010417,ORD-012194,debit_card,1,2732.14
PAY-010418,ORD-009878,voucher,1,2493.07
PAY-010419,ORD-007419,credit_card,3,585.24
PAY-010420,ORD-011775,credit_card,11,5150.6
PAY-010421,ORD-004688,credit_card,3,7628.88
PAY-010422,ORD-002179,debit_card,1,5976.8
PAY-010423,ORD-001022,voucher,1,1944.49
PAY-010424,ORD-001671,debit_card,1,7565.41
PAY-010425,ORD-001026,boleto,1,6045.86
PAY-010426,ORD-003795,debit_card,1,7587.98
PAY-010427,ORD-012329,debit_card,1,1770.67
PAY-010428,ORD-013754,boleto,1,3999.91
PAY-010429,ORD-014328,debit_card,1,7529.18
PAY-010430,ORD-014423,boleto,1,4149.47
PAY-010431,ORD-005042,debit_card,1,23.17
PAY-010432,ORD-000115,debit_card,1,1937.68
PAY-010433,ORD-003229,credit_card,7,6073.46
PAY-010434,ORD-009337,debit_card,1,3687.88
PAY-010435,ORD-009493,credit_card,7,1308.77
PAY-010436,ORD-011225,voucher,1,3710.87
PAY-010437,ORD-002574,credit_card,7,4273.71
PAY-010438,ORD-005098,credit_card,3,3286.81
PAY-010439,ORD-001419,boleto,1,2791.98
PAY-010440,ORD-008037,boleto,1,4482.26
PAY-010441,ORD-004344,boleto,1,353.88
PAY-010442,ORD-003287,boleto,1,1963.65
PAY-010443,ORD-012979,voucher,1,1118.53
PAY-010444,ORD-011763,debit_card,1,4316.11
PAY-010445,ORD-014273,credit_card,9,7728.19
PAY-010446,ORD-011376,voucher,1,2994.4
PAY-010447,ORD-002745,boleto,1,1427.31
PAY-010448,ORD-012087,voucher,1,933.21
PAY-010449,ORD-002805,debit_card,1,6065.95
PAY-010450,ORD-001197,debit_card,1,7668.85
PAY-010451,ORD-008035,credit_card,4,3579.03
PAY-010452,ORD-006750,boleto,1,6236.65
PAY-010453,ORD-005894,credit_card,7,6945.74
PAY-010454,ORD-004675,boleto,1,2219.63
PAY-010455,ORD-004978,debit_card,1,6663.76
PAY-010456,ORD-010139,credit_card,11,19.19
PAY-010457,ORD-012665,debit_card,1,4757.38
PAY-010458,ORD-007620,debit_card,,6819.72
PAY-010459,ORD-010624,bitcoin,1,1087.39
PAY-010460,ORD-004583,boleto,1,4370.64
PAY-010461,ORD-011967,credit_card,4,6128.17
PAY-010462,ORD-005580,debit_card,1,5031.86
PAY-010463,ORD-013874,debit_card,1,4576.28
PAY-010464,ORD-007442,voucher,1,245.33
PAY-010465,ORD-000616,voucher,1,2124.79
PAY-010466,ORD-003834,boleto,1,6001.92
PAY-010467,ORD-006317,debit_card,1,4486.89
PAY-010468,ORD-012717,boleto,1,3733.84
PAY-010469,ORD-006487,debit_card,1,4006.41
PAY-010470,ORD-008625,debit_card,1,5749.53
PAY-010471,ORD-012925,debit_card,1,2297.95
PAY-010472,ORD-003436,boleto,1,4482.59
PAY-010473,ORD-004726,boleto,1,6511.65
PAY-010474,ORD-013771,credit_card,2,1484.47
PAY-010475,ORD-002114,voucher,1,1562.55
PAY-010476,ORD-008986,boleto,1,855.8
PAY-010477,ORD-003056,boleto,1,4410.48
PAY-010478,ORD-014297,credit_card,2,2849.67
PAY-010479,ORD-005063,debit_card,1,-284.94
PAY-010480,ORD-001242,debit_card,1,6079.66
PAY-010481,ORD-009158,boleto,1,2381.48
PAY-010482,ORD-013160,credit_card,4,2088.66
PAY-010483,ORD-010360,boleto,1,7558.59
PAY-010484,ORD-001894,boleto,1,1333.24
PAY-010485,ORD-000571,voucher,1,4503.0
PAY-010486,ORD-005566,voucher,1,6394.43
PAY-010487,ORD-008547,credit_card,8,5521.15
PAY-010488,ORD-005142,voucher,1,2398.47
PAY-010489,ORD-006099,boleto,1,6587.95
PAY-010490,ORD-003037,boleto,1,4347.1
PAY-010491,ORD-000269,boleto,1,910.41
PAY-010492,ORD-006942,debit_card,1,3806.48
PAY-010493,ORD-005304,boleto,1,1233.99
PAY-010494,ORD-010622,debit_card,1,6040.87
PAY-010495,ORD-009250,boleto,1,49.83
PAY-010496,ORD-013745,credit_card,10,4066.47
PAY-010497,ORD-002103,debit_card,1,2078.46
PAY-010498,ORD-011063,voucher,1,1659.73
PAY-010499,ORD-001862,debit_card,1,7313.27
PAY-010500,ORD-001932,boleto,1,1139.39
PAY-010501,ORD-009301,boleto,1,692.77
PAY-010502,ORD-003759,voucher,1,4442.82
PAY-010503,ORD-010636,credit_card,9,-399.69
PAY-010504,ORD-008886,voucher,1,931.62
PAY-010505,ORD-004440,debit_card,1,685.22
PAY-010506,ORD-012098,voucher,1,3306.04
PAY-010507,ORD-002090,credit_card,5,4805.09
PAY-010508,ORD-002578,boleto,1,7364.71
PAY-010509,ORD-005204,debit_card,1,3472.72
PAY-010510,ORD-006922,debit_card,1,2007.84
PAY-010511,ORD-005270,credit_card,2,2488.03
PAY-010512,ORD-002628,voucher,1,3095.22
PAY-010513,ORD-013111,credit_card,11,2287.18
PAY-010514,ORD-012198,credit_card,4,1046.6
PAY-010515,ORD-001837,voucher,1,2669.68
PAY-010516,ORD-012083,debit_card,1,2380.63
PAY-010517,ORD-014730,voucher,1,4566.74
PAY-010518,ORD-014615,boleto,1,1987.78
PAY-010519,ORD-001466,credit_card,8,6565.61
PAY-010520,ORD-011180,voucher,1,2707.22
PAY-010521,ORD-014610,debit_card,1,7887.73
PAY-010522,ORD-005331,voucher,1,1368.7
PAY-010523,ORD-004002,debit_card,1,1577.45
PAY-010524,ORD-002220,voucher,1,1621.98
PAY-010525,ORD-014888,voucher,1,2669.4
PAY-010526,ORD-007350,credit_card,9,5575.78
PAY-010527,ORD-007141,debit_card,1,34.89
PAY-010528,ORD-005646,debit_card,1,3802.74
PAY-010529,ORD-014056,boleto,1,172.27
PAY-010530,ORD-014722,debit_card,1,3551.18
PAY-010531,ORD-007051,debit_card,1,6958.01
PAY-010532,ORD-007740,debit_card,1,2211.16
PAY-010533,ORD-007908,credit_card,3,7850.65
PAY-010534,ORD-008849,credit_card,7,4138.91
PAY-010535,ORD-004308,boleto,1,6463.8
PAY-010536,ORD-003042,boleto,1,-216.0
PAY-010537,ORD-009971,debit_card,1,6229.86
PAY-010538,ORD-010147,boleto,1,1460.88
PAY-010539,ORD-012364,credit_card,8,1672.23
PAY-010540,ORD-014997,boleto,1,594.84
PAY-010541,ORD-011936,voucher,1,1695.08
PAY-010542,ORD-013286,boleto,1,2067.09
PAY-010543,ORD-011168,credit_card,2,2168.92
PAY-010544,ORD-004575,debit_card,1,2955.84
PAY-010545,ORD-013235,boleto,1,5290.34
PAY-010546,ORD-007587,boleto,1,4010.79
PAY-010547,ORD-010852,boleto,1,7867.51
PAY-010548,ORD-001044,boleto,1,2884.22
PAY-010549,ORD-006984,debit_card,1,2331.71
PAY-010550,ORD-010136,credit_card,4,6223.04
PAY-010551,ORD-009394,debit_card,1,6321.2
PAY-010552,ORD-009279,voucher,1,6443.91
PAY-010553,ORD-002668,debit_card,1,4178.72
PAY-010554,ORD-013775,boleto,1,2797.52
PAY-010555,ORD-004683,voucher,1,830.92
PAY-010556,ORD-007747,boleto,1,7476.63
PAY-010557,ORD-008343,voucher,1,3508.1
PAY-010558,ORD-014072,boleto,1,6152.55
PAY-010559,ORD-012952,credit_card,5,1572.85
PAY-010560,ORD-002058,voucher,1,4897.11
PAY-010561,ORD-008487,debit_card,1,639.81
PAY-010562,ORD-003060,boleto,1,-289.86
PAY-010563,ORD-013220,debit_card,1,4477.79
PAY-010564,ORD-002429,voucher,1,3065.61
PAY-010565,ORD-000803,voucher,1,5817.41
PAY-010566,ORD-004492,boleto,1,3734.06
PAY-010567,ORD-013854,debit_card,1,7476.73
PAY-010568,ORD-012153,boleto,1,3700.72
PAY-010569,ORD-000766,boleto,1,7537.98
PAY-010570,ORD-002275,boleto,1,6844.92
PAY-010571,ORD-008217,voucher,1,1227.86
PAY-010572,ORD-002321,credit_card,12,2480.95
PAY-010573,ORD-008890,voucher,1,5870.17
PAY-010574,ORD-006976,boleto,1,3982.12
PAY-010575,ORD-003826,voucher,1,3820.99
PAY-010576,ORD-009930,boleto,1,5216.15
PAY-010577,ORD-004603,boleto,1,2803.54
PAY-010578,ORD-002553,boleto,1,6915.7
PAY-010579,ORD-009181,voucher,1,7858.95
PAY-010580,ORD-006562,boleto,1,5414.31
PAY-010581,ORD-000735,debit_card,1,1633.73
PAY-010582,ORD-005980,voucher,1,2781.62
PAY-010583,ORD-011559,debit_card,1,4213.27
PAY-010584,ORD-010454,debit_card,1,4655.28
PAY-010585,ORD-012747,voucher,1,3828.44
PAY-010586,ORD-001722,credit_card,12,851.58
PAY-010587,ORD-004211,credit_card,9,5517.3
PAY-010588,ORD-003403,debit_card,1,6972.68
PAY-010589,ORD-003306,voucher,1,3961.91
PAY-010590,ORD-011871,debit_card,1,7510.6
PAY-010591,ORD-010010,voucher,1,1446.86
PAY-010592,ORD-003621,credit_card,7,7811.12
PAY-010593,ORD-006284,voucher,1,357.99
PAY-010594,ORD-006120,boleto,1,7447.54
PAY-010595,ORD-013097,boleto,1,6019.26
PAY-010596,ORD-000004,credit_card,5,5340.35
PAY-010597,ORD-006243,debit_card,1,4988.55
PAY-010598,ORD-008438,boleto,1,6515.22
PAY-010599,ORD-000629,debit_card,1,7651.86
PAY-010600,ORD-010101,voucher,1,825.74
PAY-010601,ORD-012808,credit_card,3,2111.29
PAY-010602,ORD-008584,voucher,1,2900.12
PAY-010603,ORD-001950,debit_card,1,6850.21
PAY-010604,ORD-010334,boleto,1,3430.92
PAY-010605,ORD-001579,boleto,1,5764.11
PAY-010606,ORD-004677,voucher,1,3794.95
PAY-010607,ORD-014469,debit_card,1,6362.12
PAY-010608,ORD-006231,debit_card,1,7527.19
PAY-010609,ORD-006233,credit_card,12,828.96
PAY-010610,ORD-011890,voucher,1,618.64
PAY-010611,ORD-012059,debit_card,1,7617.39
PAY-010612,ORD-001821,bitcoin,1,5709.95
PAY-010613,ORD-003754,debit_card,1,3176.33
PAY-010614,ORD-005385,credit_card,3,2286.34
PAY-010615,ORD-007424,debit_card,1,7649.79
PAY-010616,ORD-003890,debit_card,1,4472.19
PAY-010617,ORD-001045,voucher,1,3838.97
PAY-010618,ORD-014623,voucher,1,2705.44
PAY-010619,ORD-008657,credit_card,6,7054.94
PAY-010620,ORD-011731,credit_card,5,903.21
PAY-010621,ORD-014855,boleto,1,7485.85
PAY-010622,ORD-001093,voucher,1,4466.97
PAY-010623,ORD-001307,voucher,1,2353.01
PAY-010624,ORD-007225,debit_card,1,4950.93
PAY-010625,ORD-008232,credit_card,10,151.46
PAY-010626,ORD-004527,debit_card,1,2148.68
PAY-010627,ORD-002001,credit_card,6,4009.67
PAY-010628,ORD-012581,credit_card,12,2404.46
PAY-010629,ORD-014724,boleto,1,3128.54
PAY-010630,ORD-008057,voucher,1,2679.21
PAY-010631,ORD-013931,credit_card,12,4763.93
PAY-010632,ORD-012460,credit_card,11,6474.83
PAY-010633,ORD-014801,debit_card,1,3249.68
PAY-010634,ORD-006588,boleto,1,4047.12
PAY-010635,ORD-010131,bitcoin,1,1038.97
PAY-010636,ORD-007152,boleto,1,5565.0
PAY-010637,ORD-011025,boleto,1,1794.44
PAY-010638,ORD-003107,boleto,1,6098.14
PAY-010639,ORD-012104,debit_card,1,1447.56
PAY-010640,ORD-003951,voucher,1,6625.93
PAY-010641,ORD-011174,voucher,1,2576.43
PAY-010642,ORD-007068,debit_card,1,6767.22
PAY-010643,ORD-004034,credit_card,3,4968.86
PAY-010644,ORD-006879,credit_card,9,363.14
PAY-010645,ORD-000903,credit_card,12,28.47
PAY-010646,ORD-000336,debit_card,1,4880.17
PAY-010647,ORD-000254,credit_card,8,7946.46
PAY-010648,ORD-014276,voucher,1,5825.08
PAY-010649,ORD-007029,voucher,1,4337.35
PAY-010650,ORD-010937,voucher,1,-232.28
PAY-010651,ORD-012999,boleto,1,6697.38
PAY-010652,ORD-002728,boleto,1,2777.75
PAY-010653,ORD-008162,debit_card,1,5336.93
PAY-010654,ORD-012036,credit_card,9,4271.97
PAY-010655,ORD-010562,boleto,1,-455.82
PAY-010656,ORD-011003,voucher,1,6710.08
PAY-010657,ORD-014189,debit_card,1,5167.07
PAY-010658,ORD-001001,boleto,1,6119.59
PAY-010659,ORD-007602,voucher,1,7434.61
PAY-010660,ORD-011382,boleto,1,5104.76
PAY-010661,ORD-007059,voucher,1,6898.64
PAY-010662,ORD-010235,voucher,1,4578.71
PAY-010663,ORD-010001,debit_card,1,2273.04
PAY-010664,ORD-013767,voucher,1,5000.86
PAY-010665,ORD-006028,debit_card,1,5526.78
PAY-010666,ORD-008090,cash,1,6522.46
PAY-010667,ORD-008236,debit_card,1,1045.06
PAY-010668,ORD-007318,voucher,1,5429.75
PAY-010669,ORD-005555,debit_card,1,6914.29
PAY-010670,ORD-001337,debit_card,1,2426.93
PAY-010671,ORD-003288,boleto,1,476.75
PAY-010672,ORD-008370,debit_card,1,5622.77
PAY-010673,ORD-010424,voucher,1,7734.84
PAY-010674,ORD-008639,voucher,1,4586.18
PAY-010675,ORD-007039,debit_card,1,5219.13
PAY-010676,ORD-012920,boleto,1,6214.93
PAY-010677,ORD-002589,credit_card,11,759.32
PAY-010678,ORD-002049,voucher,1,1501.17
PAY-010679,ORD-014685,credit_card,7,3173.11
PAY-010680,ORD-006406,credit_card,10,2072.76
PAY-010681,ORD-007424,credit_card,2,3589.43
PAY-010682,ORD-012318,PIX,1,389.98
PAY-010683,ORD-014137,voucher,1,1409.38
PAY-010684,ORD-010600,debit_card,1,7036.02
PAY-010685,ORD-005311,boleto,1,7415.53
PAY-010686,ORD-005082,voucher,1,4343.31
PAY-010687,ORD-000099,credit_card,4,1944.82
PAY-010688,ORD-009791,credit_card,,4786.37
PAY-010689,ORD-005773,boleto,1,1107.43
PAY-010690,ORD-010595,boleto,1,7302.37
PAY-010691,ORD-005942,credit_card,6,1212.47
PAY-010692,ORD-011447,debit_card,1,6144.53
PAY-010693,ORD-009477,debit_card,1,3674.8
PAY-010694,ORD-002222,voucher,1,7128.33
PAY-010695,ORD-013290,voucher,1,-244.65
PAY-010696,ORD-008656,boleto,1,1378.3
PAY-010697,ORD-004305,credit_card,4,903.25
PAY-010698,ORD-012496,credit_card,4,5859.11
PAY-010699,ORD-007524,voucher,1,-31.73
PAY-010700,ORD-004666,boleto,1,6628.76
PAY-010701,ORD-010030,voucher,1,1318.0
PAY-010702,ORD-007998,credit_card,8,6796.61
PAY-010703,ORD-003916,debit_card,1,4346.42
PAY-010704,ORD-004390,voucher,1,2893.67
PAY-010705,ORD-008577,credit_card,2,5129.1
PAY-010706,ORD-007275,debit_card,1,2524.46
PAY-010707,ORD-006643,voucher,1,2484.09
PAY-010708,ORD-004096,debit_card,1,7931.08
PAY-010709,ORD-000414,voucher,1,7997.19
PAY-010710,ORD-012600,boleto,1,2714.48
PAY-010711,ORD-002384,boleto,1,960.46
PAY-010712,ORD-006935,credit_card,2,6829.17
PAY-010713,ORD-005517,debit_card,1,638.31
PAY-010714,ORD-002227,credit_card,1,347.16
PAY-010715,ORD-012684,credit_card,7,3670.47
PAY-010716,ORD-003757,boleto,1,1622.74
PAY-010717,ORD-014881,voucher,1,6358.47
PAY-010718,ORD-013290,voucher,1,533.48
PAY-010719,ORD-005999,debit_card,1,4688.07
PAY-010720,ORD-012397,voucher,1,4285.58
PAY-010721,ORD-005659,debit_card,1,3385.4
PAY-010722,ORD-011036,boleto,,4137.12
PAY-010723,ORD-002661,credit_card,4,1675.17
PAY-010724,ORD-009030,voucher,1,3953.98
PAY-010725,ORD-005658,boleto,1,5876.81
PAY-010726,ORD-009559,credit_card,2,992.87
PAY-010727,ORD-008743,credit_card,4,2693.42
PAY-010728,ORD-013592,voucher,1,3590.21
PAY-010729,ORD-009006,voucher,1,5890.76
PAY-010730,ORD-004420,voucher,1,1416.9
PAY-010731,ORD-000762,debit_card,1,5310.33
PAY-010732,ORD-005756,PIX,1,6950.53
PAY-010733,ORD-004976,credit_card,5,5114.4
PAY-010734,ORD-005666,voucher,1,5076.08
PAY-010735,ORD-003289,debit_card,1,2556.59
PAY-010736,ORD-009085,boleto,1,7338.37
PAY-010737,ORD-001544,credit_card,1,321.33
PAY-010738,ORD-002747,boleto,1,3639.19
PAY-010739,ORD-007597,voucher,1,1890.56
PAY-010740,ORD-012918,credit_card,9,6963.98
PAY-010741,ORD-003337,voucher,1,2421.52
PAY-010742,ORD-000282,credit_card,7,6056.04
PAY-010743,ORD-002112,debit_card,1,6720.27
PAY-010744,ORD-008062,voucher,1,2447.61
PAY-010745,ORD-003105,debit_card,,7726.41
PAY-010746,ORD-004284,credit_card,11,6871.28
PAY-010747,ORD-007888,credit_card,8,3069.33
PAY-010748,ORD-007086,voucher,1,5686.5
PAY-010749,ORD-012473,boleto,1,7846.39
PAY-010750,ORD-008496,boleto,1,7282.64
PAY-010751,ORD-007717,voucher,1,7839.77
PAY-010752,ORD-009275,boleto,1,782.39
PAY-010753,ORD-006116,credit_card,4,5207.18
PAY-010754,ORD-011453,debit_card,1,7634.92
PAY-010755,ORD-007074,boleto,1,4441.47
PAY-010756,ORD-002901,credit_card,5,7605.09
PAY-010757,ORD-014885,credit_card,10,7005.84
PAY-010758,ORD-012022,boleto,1,4125.26
PAY-010759,ORD-010772,voucher,1,5204.57
PAY-010760,ORD-004237,boleto,1,6719.25
PAY-010761,ORD-004074,voucher,1,257.02
PAY-010762,ORD-012368,voucher,,3177.41
PAY-010763,ORD-007925,boleto,1,2794.78
PAY-010764,ORD-004286,debit_card,1,4965.45
PAY-010765,ORD-003450,debit_card,1,6290.38
PAY-010766,ORD-003341,boleto,1,1267.33
PAY-010767,ORD-006988,credit_card,11,3316.4
PAY-010768,ORD-003237,voucher,1,1671.41
PAY-010769,ORD-008205,credit_card,8,-312.93
PAY-010770,ORD-000804,debit_card,1,6735.57
PAY-010771,ORD-009820,voucher,1,3203.21
PAY-010772,ORD-011985,debit_card,1,173.42
PAY-010773,ORD-001718,credit_card,3,443.48
PAY-010774,ORD-009090,debit_card,1,5642.51
PAY-010775,ORD-014725,debit_card,1,2339.42
PAY-010776,ORD-002807,credit_card,5,6014.65
PAY-010777,ORD-011473,voucher,1,7931.79
PAY-010778,ORD-001065,boleto,1,4867.82
PAY-010779,ORD-012340,boleto,1,2821.37
PAY-010780,ORD-007403,voucher,1,967.04
PAY-010781,ORD-010104,voucher,1,261.26
PAY-010782,ORD-008945,credit_card,8,5448.01
PAY-010783,ORD-010229,voucher,1,583.57
PAY-010784,ORD-005516,debit_card,1,4618.73
PAY-010785,ORD-002576,boleto,1,6425.45
PAY-010786,ORD-006538,credit_card,12,3957.94
PAY-010787,ORD-003917,voucher,1,810.08
PAY-010788,ORD-009113,debit_card,1,1900.93
PAY-010789,ORD-014572,credit_card,10,2272.98
PAY-010790,ORD-013729,debit_card,1,5559.2
PAY-010791,ORD-000660,credit_card,1,6200.23
PAY-010792,ORD-000652,credit_card,4,5195.89
PAY-010793,ORD-000049,debit_card,1,-333.33
PAY-010794,ORD-005172,boleto,1,5402.38
PAY-010795,ORD-008630,credit_card,4,838.32
PAY-010796,ORD-009624,credit_card,12,6257.83
PAY-010797,ORD-002403,boleto,1,151.03
PAY-010798,ORD-000110,voucher,1,3570.69
PAY-010799,ORD-010136,credit_card,5,2922.68
PAY-010800,ORD-012540,debit_card,1,1430.56
PAY-010801,ORD-001016,credit_card,10,3792.1
PAY-010802,ORD-013573,boleto,1,2899.82
PAY-010803,ORD-012740,boleto,1,6017.4
PAY-010804,ORD-007499,credit_card,7,575.57
PAY-010805,ORD-014776,credit_card,12,5517.87
PAY-010806,ORD-003336,boleto,1,3463.92
PAY-010807,ORD-002225,,1,-331.26
PAY-010808,ORD-014566,boleto,1,1928.45
PAY-010809,ORD-009412,boleto,1,2216.81
PAY-010810,ORD-010728,debit_card,1,5890.06
PAY-010811,ORD-002872,credit_card,10,2450.2
PAY-010812,ORD-001872,credit_card,10,5879.59
PAY-010813,ORD-006380,debit_card,1,-481.46
PAY-010814,ORD-011712,boleto,1,7133.34
PAY-010815,ORD-012192,debit_card,1,5861.23
PAY-010816,ORD-012853,boleto,1,7301.47
PAY-010817,ORD-002045,voucher,1,5259.49
PAY-010818,ORD-013953,credit_card,11,1494.01
PAY-010819,ORD-002252,debit_card,1,6390.79
PAY-010820,ORD-000155,credit_card,7,4127.67
PAY-010821,ORD-012483,boleto,1,7742.27
PAY-010822,ORD-001015,debit_card,1,7235.17
PAY-010823,ORD-004118,debit_card,1,609.87
PAY-010824,ORD-014807,debit_card,1,3865.68
PAY-010825,ORD-011213,debit_card,1,4375.39
PAY-010826,ORD-013378,credit_card,11,7197.95
PAY-010827,ORD-001174,debit_card,1,6588.71
PAY-010828,ORD-001423,credit_card,4,1261.57
PAY-010829,ORD-007893,debit_card,1,4276.71
PAY-010830,ORD-002945,debit_card,1,4385.04
PAY-010831,ORD-006332,boleto,1,1636.24
PAY-010832,ORD-009866,credit_card,8,3483.97
PAY-010833,ORD-008993,boleto,1,3611.68
PAY-010834,ORD-010379,voucher,1,347.24
PAY-010835,ORD-012993,debit_card,1,3616.96
PAY-010836,ORD-008461,voucher,1,6347.55
PAY-010837,ORD-002953,voucher,1,3221.21
PAY-010838,ORD-014240,voucher,1,7961.49
PAY-010839,ORD-002302,debit_card,1,5050.47
PAY-010840,ORD-013689,boleto,1,1978.69
PAY-010841,ORD-000772,credit_card,,778.2
PAY-010842,ORD-013798,debit_card,1,7451.69
PAY-010843,ORD-004908,debit_card,1,1146.65
PAY-010844,ORD-011830,credit_card,2,86.18
PAY-010845,ORD-013607,debit_card,1,5010.23
PAY-010846,ORD-012187,credit_card,1,1713.52
PAY-010847,ORD-003339,boleto,1,6243.68
PAY-010848,ORD-011838,voucher,1,5496.34
PAY-010849,ORD-006242,debit_card,1,7327.35
PAY-010850,ORD-002596,debit_card,1,5495.65
PAY-010851,ORD-003774,credit_card,2,7643.51
PAY-010852,ORD-006458,credit_card,7,7127.57
PAY-010853,ORD-008370,credit_card,8,7173.39
PAY-010854,ORD-003029,boleto,1,6862.51
PAY-010855,ORD-000433,debit_card,1,1227.72
PAY-010856,ORD-007880,voucher,1,321.54
PAY-010857,ORD-009491,voucher,1,2457.64
PAY-010858,ORD-008888,credit_card,7,1124.29
PAY-010859,ORD-001570,debit_card,1,5429.39
PAY-010860,ORD-007578,boleto,1,4439.98
PAY-010861,ORD-005317,boleto,1,333.45
PAY-010862,ORD-006061,credit_card,9,1888.49
PAY-010863,ORD-006968,debit_card,1,1084.53
PAY-010864,ORD-004734,boleto,1,592.06
PAY-010865,ORD-003585,debit_card,1,7428.51
PAY-010866,ORD-000078,voucher,1,7006.11
PAY-010867,ORD-008925,boleto,1,6336.9
PAY-010868,ORD-010025,boleto,1,3096.84
PAY-010869,ORD-002541,credit_card,10,2265.78
PAY-010870,ORD-011851,debit_card,1,5556.4
PAY-010871,ORD-009671,boleto,1,3255.89
PAY-010872,ORD-000016,voucher,1,6702.24
PAY-010873,ORD-004855,voucher,1,5911.06
PAY-010874,ORD-009172,boleto,1,5858.39
PAY-010875,ORD-001341,debit_card,1,2804.12
PAY-010876,ORD-012517,boleto,1,2456.9
PAY-010877,ORD-000098,boleto,1,6533.6
PAY-010878,ORD-008097,debit_card,1,7701.53
PAY-010879,ORD-009291,voucher,1,1498.08
PAY-010880,ORD-000427,voucher,1,3162.25
PAY-010881,ORD-003235,debit_card,1,6306.47
PAY-010882,ORD-013139,debit_card,1,4654.43
PAY-010883,ORD-004921,boleto,1,7697.1
PAY-010884,ORD-010986,voucher,1,3960.13
PAY-010885,ORD-002099,voucher,1,5383.0
PAY-010886,ORD-009943,voucher,1,3728.32
PAY-010887,ORD-008733,debit_card,1,93.93
PAY-010888,ORD-006229,debit_card,1,6381.18
PAY-010889,ORD-001511,voucher,1,7769.69
PAY-010890,ORD-014960,voucher,1,2161.68
PAY-010891,ORD-012448,boleto,1,6632.55
PAY-010892,ORD-014978,voucher,1,756.45
PAY-010893,ORD-010480,,1,4799.58
PAY-010894,ORD-007465,voucher,1,1856.44
PAY-010895,ORD-007619,credit_card,3,52.36
PAY-010896,ORD-003093,boleto,1,173.38
PAY-010897,ORD-009187,boleto,1,1779.41
PAY-010898,ORD-005787,voucher,1,7834.88
PAY-010899,ORD-005310,credit_card,7,6073.32
PAY-010900,ORD-006475,boleto,1,4972.66
PAY-010901,ORD-014473,voucher,1,448.14
PAY-010902,ORD-012550,credit_card,2,1090.86
PAY-010903,ORD-000617,credit_card,8,1822.23
PAY-010904,ORD-012600,debit_card,,3842.29
PAY-010905,ORD-014724,voucher,1,7891.9
PAY-010906,ORD-006469,credit_card,10,5865.55
PAY-010907,ORD-011888,credit_card,9,3366.54
PAY-010908,ORD-000596,boleto,1,447.81
PAY-010909,ORD-009783,boleto,1,5214.79
PAY-010910,ORD-013143,boleto,1,7278.71
PAY-010911,ORD-008518,boleto,1,5892.38
PAY-010912,ORD-005827,voucher,1,3142.14
PAY-010913,ORD-012262,boleto,1,6940.55
PAY-010914,ORD-011659,voucher,1,6869.36
PAY-010915,ORD-008741,debit_card,1,1930.82
PAY-010916,ORD-002400,credit_card,2,7934.74
PAY-010917,ORD-013613,voucher,1,7449.35
PAY-010918,ORD-010113,voucher,1,5446.04
PAY-010919,ORD-009995,voucher,1,6490.58
PAY-010920,ORD-010219,boleto,1,1947.82
PAY-010921,ORD-009390,boleto,1,3557.18
PAY-010922,ORD-011963,credit_card,9,1479.51
PAY-010923,ORD-012912,voucher,1,2157.94
PAY-010924,ORD-007896,voucher,1,4634.26
PAY-010925,ORD-009933,debit_card,1,4889.61
PAY-010926,ORD-010135,boleto,1,967.58
PAY-010927,ORD-002646,voucher,1,916.1
PAY-010928,ORD-006670,boleto,1,7737.29
PAY-010929,ORD-002324,boleto,1,6384.02
PAY-010930,ORD-010743,debit_card,1,796.89
PAY-010931,ORD-012752,credit_card,6,3574.89
PAY-010932,ORD-012038,debit_card,1,4781.45
PAY-010933,ORD-000587,boleto,1,-197.97
PAY-010934,ORD-005970,debit_card,1,1677.46
PAY-010935,ORD-007289,boleto,1,4789.99
PAY-010936,ORD-012704,voucher,1,2569.19
PAY-010937,ORD-007178,credit_card,6,6515.27
PAY-010938,ORD-000412,debit_card,1,2401.06
PAY-010939,ORD-003852,credit_card,9,3013.65
PAY-010940,ORD-004029,debit_card,1,7812.2
PAY-010941,ORD-014535,credit_card,2,5337.04
PAY-010942,ORD-011371,bitcoin,1,3496.28
PAY-010943,ORD-003571,credit_card,10,1314.32
PAY-010944,ORD-009038,credit_card,2,54.53
PAY-010945,ORD-007309,voucher,1,7606.46
PAY-010946,ORD-000106,voucher,1,965.2
PAY-010947,ORD-006275,boleto,1,3538.91
PAY-010948,ORD-004237,credit_card,9,186.55
PAY-010949,ORD-014855,boleto,1,7360.99
PAY-010950,ORD-005985,credit_card,8,7922.93
PAY-010951,ORD-004472,voucher,1,246.82
PAY-010952,ORD-002017,boleto,1,5831.85
PAY-010953,ORD-005344,voucher,1,7711.08
PAY-010954,ORD-013864,debit_card,1,772.9
PAY-010955,ORD-012152,credit_card,1,5231.02
PAY-010956,ORD-010319,credit_card,4,5837.5
PAY-010957,ORD-005602,credit_card,10,7401.0
PAY-010958,ORD-010311,credit_card,2,7798.82
PAY-010959,ORD-013427,cash,1,7894.72
PAY-010960,ORD-010002,credit_card,6,7330.06
PAY-010961,ORD-011868,boleto,1,7348.0
PAY-010962,ORD-001964,voucher,1,1461.12
PAY-010963,ORD-004307,voucher,1,5037.4
PAY-010964,ORD-005183,voucher,1,1955.01
PAY-010965,ORD-004127,voucher,1,6295.91
PAY-010966,ORD-014524,boleto,1,2373.58
PAY-010967,ORD-000815,boleto,1,978.97
PAY-010968,ORD-003931,credit_card,6,6085.04
PAY-010969,ORD-001999,debit_card,1,4612.66
PAY-010970,ORD-000168,voucher,1,7846.75
PAY-010971,ORD-014777,credit_card,10,1774.11
PAY-010972,ORD-003346,debit_card,1,6572.17
PAY-010973,ORD-005336,voucher,1,3673.11
PAY-010974,ORD-013754,boleto,1,7564.51
PAY-010975,ORD-009515,boleto,1,1741.76
PAY-010976,ORD-001317,boleto,,7201.94
PAY-010977,ORD-013898,boleto,1,5488.13
PAY-010978,ORD-004847,credit_card,1,4974.79
PAY-010979,ORD-006305,credit_card,7,3824.79
PAY-010980,ORD-003648,boleto,1,4501.57
PAY-010981,ORD-002113,debit_card,1,4406.63
PAY-010982,ORD-008864,boleto,1,6844.73
PAY-010983,ORD-013397,voucher,1,476.56
PAY-010984,ORD-011985,voucher,1,933.97
PAY-010985,ORD-005848,boleto,1,7747.52
PAY-010986,ORD-013481,voucher,1,3726.54
PAY-010987,ORD-005437,boleto,1,5816.12
PAY-010988,ORD-006558,voucher,1,5077.08
PAY-010989,ORD-012417,credit_card,6,6588.97
PAY-010990,ORD-010433,boleto,1,1330.51
PAY-010991,ORD-005597,voucher,1,6225.69
PAY-010992,ORD-011174,boleto,1,6898.4
PAY-010993,ORD-006000,boleto,1,2378.23
PAY-010994,ORD-012527,voucher,1,2570.72
PAY-010995,ORD-005846,credit_card,10,3572.34
PAY-010996,ORD-013981,voucher,1,551.36
PAY-010997,ORD-008114,debit_card,1,7437.8
PAY-010998,ORD-006967,boleto,1,6867.95
PAY-010999,ORD-001923,debit_card,1,115.52
PAY-011000,ORD-009507,boleto,1,5325.09
PAY-011001,ORD-013557,debit_card,1,6311.47
PAY-011002,ORD-004818,credit_card,11,5254.73
PAY-011003,ORD-011602,boleto,1,5507.68
PAY-011004,ORD-005918,boleto,1,7076.9
PAY-011005,ORD-000625,debit_card,1,3554.15
PAY-011006,ORD-014509,boleto,1,3122.9
PAY-011007,ORD-012597,debit_card,1,2755.44
PAY-011008,ORD-011788,debit_card,1,1832.11
PAY-011009,ORD-012577,credit_card,8,3338.81
PAY-011010,ORD-012974,boleto,1,5787.74
PAY-011011,ORD-012519,credit_card,2,6869.72
PAY-011012,ORD-013709,credit_card,6,7240.92
PAY-011013,ORD-006359,debit_card,1,1920.6
PAY-011014,ORD-006721,credit_card,6,-31.85
PAY-011015,ORD-009914,debit_card,1,7934.17
PAY-011016,ORD-012914,credit_card,1,4914.33
PAY-011017,ORD-011608,voucher,1,5801.54
PAY-011018,ORD-003528,boleto,1,842.22
PAY-011019,ORD-001824,voucher,1,298.84
PAY-011020,ORD-006565,boleto,1,3931.2
PAY-011021,ORD-006524,debit_card,1,-26.35
PAY-011022,ORD-010177,voucher,1,5304.74
PAY-011023,ORD-010140,boleto,1,6557.23
PAY-011024,ORD-001635,credit_card,8,5940.65
PAY-011025,ORD-002461,debit_card,1,2694.66
PAY-011026,ORD-004196,voucher,1,7421.6
PAY-011027,ORD-003398,boleto,1,6690.72
PAY-011028,ORD-007963,credit_card,1,6420.47
PAY-011029,ORD-004946,voucher,1,7106.79
PAY-011030,ORD-005137,credit_card,1,1951.84
PAY-011031,ORD-014467,credit_card,6,6770.69
PAY-011032,ORD-014035,credit_card,3,5393.09
PAY-011033,ORD-005477,credit_card,3,6579.66
PAY-011034,ORD-006317,debit_card,1,7411.85
PAY-011035,ORD-008925,voucher,,6873.12
PAY-011036,ORD-004534,voucher,1,7537.9
PAY-011037,ORD-003351,boleto,1,1387.25
PAY-011038,ORD-002934,debit_card,1,671.46
PAY-011039,ORD-004315,boleto,1,375.88
PAY-011040,ORD-006599,boleto,1,2127.73
PAY-011041,ORD-006952,voucher,1,3296.96
PAY-011042,ORD-009613,debit_card,1,7587.47
PAY-011043,ORD-004257,voucher,1,7295.64
PAY-011044,ORD-001750,credit_card,4,2498.98
PAY-011045,ORD-008034,credit_card,7,967.74
PAY-011046,ORD-001888,credit_card,6,7488.85
PAY-011047,ORD-000647,credit_card,5,5218.95
PAY-011048,ORD-004232,credit_card,10,4758.81
PAY-011049,ORD-009577,credit_card,1,5541.29
PAY-011050,ORD-010995,voucher,1,2211.81
PAY-011051,ORD-014645,debit_card,1,3335.02
PAY-011052,ORD-011149,credit_card,5,1495.6
PAY-011053,ORD-005572,credit_card,1,1227.03
PAY-011054,ORD-013760,debit_card,1,3437.93
PAY-011055,ORD-000886,debit_card,1,1707.45
PAY-011056,ORD-004633,boleto,1,7067.65
PAY-011057,ORD-009047,boleto,1,2969.7
PAY-011058,ORD-010753,debit_card,1,1400.16
PAY-011059,ORD-011146,voucher,1,7486.84
PAY-011060,ORD-005742,voucher,1,3140.9
PAY-011061,ORD-011227,voucher,1,6948.56
PAY-011062,ORD-005760,credit_card,2,6253.76
PAY-011063,ORD-009157,voucher,1,7244.41
PAY-011064,ORD-008410,boleto,1,5540.15
PAY-011065,ORD-005157,credit_card,12,3607.31
PAY-011066,ORD-013696,debit_card,1,5375.62
PAY-011067,ORD-011158,debit_card,1,39.92
PAY-011068,ORD-003106,boleto,1,-76.41
PAY-011069,ORD-001174,voucher,1,588.86
PAY-011070,ORD-009651,voucher,1,4180.21
PAY-011071,ORD-001515,boleto,1,596.98
PAY-011072,ORD-008293,credit_card,1,6109.47
PAY-011073,ORD-014459,debit_card,1,3507.74
PAY-011074,ORD-014464,credit_card,3,6913.53
PAY-011075,ORD-005450,voucher,1,5466.89
PAY-011076,ORD-006486,voucher,1,2873.92
PAY-011077,ORD-010291,boleto,1,582.2
PAY-011078,ORD-010887,boleto,1,7942.31
PAY-011079,ORD-014325,voucher,1,493.48
PAY-011080,ORD-006528,boleto,1,4092.14
PAY-011081,ORD-012446,boleto,1,3101.34
PAY-011082,ORD-002530,voucher,1,2505.92
PAY-011083,ORD-005786,credit_card,11,7180.8
PAY-011084,ORD-000057,credit_card,11,4358.99
PAY-011085,ORD-014073,voucher,,3276.36
PAY-011086,ORD-011646,credit_card,9,1188.26
PAY-011087,ORD-007619,voucher,1,2987.86
PAY-011088,ORD-010114,credit_card,8,377.24
PAY-011089,ORD-007710,debit_card,1,5624.81
PAY-011090,ORD-014992,credit_card,5,1751.87
PAY-011091,ORD-005047,debit_card,1,7181.44
PAY-011092,ORD-009822,debit_card,1,3293.57
PAY-011093,ORD-007329,voucher,1,4547.18
PAY-011094,ORD-008365,credit_card,2,230.7
PAY-011095,ORD-007176,credit_card,8,1161.54
PAY-011096,ORD-007144,debit_card,1,6996.57
PAY-011097,ORD-011625,debit_card,1,7085.15
PAY-011098,ORD-004107,credit_card,9,4923.71
PAY-011099,ORD-007518,voucher,1,3985.34
PAY-011100,ORD-013914,debit_card,1,30.32
PAY-011101,ORD-010109,debit_card,1,3966.74
PAY-011102,ORD-014030,credit_card,5,6296.82
PAY-011103,ORD-012349,voucher,1,5392.36
PAY-011104,ORD-012379,voucher,1,2276.86
PAY-011105,ORD-003694,credit_card,7,5589.88
PAY-011106,ORD-002391,voucher,1,50.58
PAY-011107,ORD-000778,voucher,1,6300.76
PAY-011108,ORD-002663,credit_card,7,6379.93
PAY-011109,ORD-013682,debit_card,1,2350.08
PAY-011110,ORD-010291,voucher,1,6965.87
PAY-011111,ORD-014936,credit_card,1,6259.03
PAY-011112,ORD-000993,debit_card,1,6292.4
PAY-011113,ORD-006818,credit_card,5,6835.41
PAY-011114,ORD-011652,credit_card,4,5741.51
PAY-011115,ORD-006184,boleto,1,7078.89
PAY-011116,ORD-014934,credit_card,2,2073.25
PAY-011117,ORD-007821,boleto,1,7627.37
PAY-011118,ORD-013335,debit_card,1,3554.32
PAY-011119,ORD-014202,debit_card,1,2041.47
PAY-011120,ORD-009224,debit_card,1,7930.96
PAY-011121,ORD-010382,boleto,1,1546.13
PAY-011122,ORD-011165,boleto,1,589.9
PAY-011123,ORD-006368,credit_card,3,1148.78
PAY-011124,ORD-001725,credit_card,1,5679.35
PAY-011125,ORD-012017,credit_card,7,1605.39
PAY-011126,ORD-001869,bitcoin,1,3402.85
PAY-011127,ORD-003563,debit_card,1,3819.08
PAY-011128,ORD-014487,debit_card,1,3692.6
PAY-011129,ORD-011266,debit_card,1,3862.28
PAY-011130,ORD-003254,boleto,1,5737.89
PAY-011131,ORD-010996,credit_card,1,1434.08
PAY-011132,ORD-010014,voucher,1,987.32
PAY-011133,ORD-004509,credit_card,8,1638.63
PAY-011134,ORD-010532,debit_card,1,7968.17
PAY-011135,ORD-000267,boleto,1,90.05
PAY-011136,ORD-000310,boleto,1,1918.24
PAY-011137,ORD-003709,boleto,1,668.61
PAY-011138,ORD-003294,voucher,1,5666.15
PAY-011139,ORD-011597,voucher,1,3117.29
PAY-011140,ORD-008320,debit_card,1,2933.71
PAY-011141,ORD-008277,boleto,1,4891.08
PAY-011142,ORD-006029,debit_card,1,6130.11
PAY-011143,ORD-008095,debit_card,1,6123.45
PAY-011144,ORD-002062,debit_card,1,1790.39
PAY-011145,ORD-003971,boleto,1,3229.17
PAY-011146,ORD-006282,boleto,1,5558.59
PAY-011147,ORD-004127,voucher,1,7834.76
PAY-011148,ORD-002197,voucher,1,6246.41
PAY-011149,ORD-005142,voucher,1,4507.3
PAY-011150,ORD-014915,voucher,1,3288.72
PAY-011151,ORD-010725,voucher,1,4339.14
PAY-011152,ORD-011689,voucher,1,2287.52
PAY-011153,ORD-005261,voucher,1,6441.7
PAY-011154,ORD-011829,boleto,1,2245.87
PAY-011155,ORD-004387,credit_card,11,6852.22
PAY-011156,ORD-014499,,1,174.18
PAY-011157,ORD-004273,boleto,1,7358.49
PAY-011158,ORD-003741,voucher,1,7170.19
PAY-011159,ORD-008773,credit_card,2,4504.76
PAY-011160,ORD-009174,voucher,1,31.92
PAY-011161,ORD-010966,voucher,1,682.84
PAY-011162,ORD-014303,credit_card,4,4474.8
PAY-011163,ORD-002522,credit_card,7,3055.34
PAY-011164,ORD-011436,boleto,1,7556.9
PAY-011165,ORD-006584,voucher,1,1555.47
PAY-011166,ORD-002838,voucher,1,4254.62
PAY-011167,ORD-011922,credit_card,2,6222.58
PAY-011168,ORD-013710,credit_card,7,3001.74
PAY-011169,ORD-001020,voucher,1,6742.01
PAY-011170,ORD-000805,credit_card,12,16.92
PAY-011171,ORD-010264,boleto,1,3846.46
PAY-011172,ORD-007463,voucher,1,4759.06
PAY-011173,ORD-006189,credit_card,4,6462.07
PAY-011174,ORD-014792,voucher,1,1145.3
PAY-011175,ORD-010513,voucher,1,1994.74
PAY-011176,ORD-004573,credit_card,2,2204.62
PAY-011177,ORD-005027,credit_card,7,4199.04
PAY-011178,ORD-011052,credit_card,5,7475.07
PAY-011179,ORD-014959,voucher,1,46.05
PAY-011180,ORD-006610,boleto,1,3206.71
PAY-011181,ORD-003942,debit_card,1,880.3
PAY-011182,ORD-014633,boleto,1,4672.79
PAY-011183,ORD-005669,voucher,1,6720.88
PAY-011184,ORD-005479,voucher,1,6226.99
PAY-011185,ORD-008903,credit_card,3,4461.25
PAY-011186,ORD-010131,voucher,1,6881.7
PAY-011187,ORD-013888,credit_card,12,6654.34
PAY-011188,ORD-003944,boleto,1,3690.98
PAY-011189,ORD-006328,voucher,1,2145.81
PAY-011190,ORD-013575,debit_card,1,1981.99
PAY-011191,ORD-007860,boleto,1,2559.57
PAY-011192,ORD-000892,voucher,1,5306.3
PAY-011193,ORD-008351,boleto,1,1496.79
PAY-011194,ORD-013190,boleto,1,5417.35
PAY-011195,ORD-012924,debit_card,1,718.91
PAY-011196,ORD-006644,boleto,1,6435.21
PAY-011197,ORD-011367,debit_card,1,5533.45
PAY-011198,ORD-010603,credit_card,3,4868.9
PAY-011199,ORD-013394,voucher,1,1364.65
PAY-011200,ORD-006156,voucher,1,5737.28
PAY-011201,ORD-004930,boleto,1,653.41
PAY-011202,ORD-013924,debit_card,1,7836.14
PAY-011203,ORD-005844,voucher,1,1598.45
PAY-011204,ORD-008101,debit_card,1,4690.03
PAY-011205,ORD-000760,voucher,1,5007.69
PAY-011206,ORD-012061,voucher,1,2149.8
PAY-011207,ORD-010153,debit_card,1,6722.07
PAY-011208,ORD-013381,credit_card,5,776.97
PAY-011209,ORD-010602,credit_card,7,448.73
PAY-011210,ORD-003860,voucher,1,1878.58
PAY-011211,ORD-002128,credit_card,2,7168.64
PAY-011212,ORD-007702,credit_card,10,4599.44
PAY-011213,ORD-000776,credit_card,11,5232.89
PAY-011214,ORD-000706,credit_card,4,1018.51
PAY-011215,ORD-014797,voucher,1,360.55
PAY-011216,ORD-014172,debit_card,1,1231.86
PAY-011217,ORD-002465,credit_card,1,7818.87
PAY-011218,ORD-005046,debit_card,1,253.82
PAY-011219,ORD-010459,boleto,1,6830.24
PAY-011220,ORD-013903,voucher,1,2765.3
PAY-011221,ORD-002255,credit_card,4,4699.46
PAY-011222,ORD-003932,debit_card,1,6800.07
PAY-011223,ORD-010784,voucher,1,7571.27
PAY-011224,ORD-004817,debit_card,1,6906.43
PAY-011225,ORD-009991,voucher,1,3674.09
PAY-011226,ORD-004811,boleto,1,458.6
PAY-011227,ORD-014850,credit_card,5,2287.42
PAY-011228,ORD-002803,credit_card,12,-388.15
PAY-011229,ORD-013728,voucher,1,5655.33
PAY-011230,ORD-004596,boleto,1,990.95
PAY-011231,ORD-001792,voucher,1,3547.06
PAY-011232,ORD-013013,boleto,1,6970.98
PAY-011233,ORD-002565,debit_card,1,276.43
PAY-011234,ORD-009238,boleto,1,3023.79
PAY-011235,ORD-004398,voucher,1,2828.2
PAY-011236,ORD-005171,credit_card,3,2742.51
PAY-011237,ORD-001916,debit_card,1,6051.02
PAY-011238,ORD-012517,boleto,1,3782.03
PAY-011239,ORD-008674,voucher,1,1377.52
PAY-011240,ORD-008285,boleto,1,2978.52
PAY-011241,ORD-013715,debit_card,1,960.3
PAY-011242,ORD-013724,voucher,1,2867.83
PAY-011243,ORD-008465,boleto,1,4077.61
PAY-011244,ORD-005116,voucher,1,4646.28
PAY-011245,ORD-000793,credit_card,,5383.34
PAY-011246,ORD-009422,voucher,1,7232.98
PAY-011247,ORD-004066,credit_card,2,6858.32
PAY-011248,ORD-007485,boleto,1,1342.67
PAY-011249,ORD-009159,credit_card,3,3322.04
PAY-011250,ORD-005923,voucher,1,158.75
PAY-011251,ORD-001270,boleto,1,4939.24
PAY-011252,ORD-002518,debit_card,1,3408.23
PAY-011253,ORD-006662,debit_card,1,6154.81
PAY-011254,ORD-014391,debit_card,1,5927.36
PAY-011255,ORD-006926,boleto,1,5780.93
PAY-011256,ORD-008281,credit_card,3,1728.67
PAY-011257,ORD-011066,voucher,1,5072.17
PAY-011258,ORD-014505,voucher,1,2525.91
PAY-011259,ORD-007519,debit_card,1,6322.3
PAY-011260,ORD-007683,debit_card,1,1970.24
PAY-011261,ORD-002764,boleto,1,625.56
PAY-011262,ORD-007752,boleto,1,503.37
PAY-011263,ORD-004358,debit_card,1,5613.02
PAY-011264,ORD-004581,debit_card,1,3546.76
PAY-011265,ORD-010131,debit_card,1,7492.16
PAY-011266,ORD-011019,debit_card,1,2705.87
PAY-011267,ORD-013414,voucher,1,3082.62
PAY-011268,ORD-005386,debit_card,1,2925.69
PAY-011269,ORD-006765,debit_card,1,7997.99
PAY-011270,ORD-005723,voucher,1,7673.15
PAY-011271,ORD-011732,voucher,1,6065.33
PAY-011272,ORD-012108,debit_card,1,7084.67
PAY-011273,ORD-006236,boleto,1,3103.17
PAY-011274,ORD-014784,credit_card,10,5541.49
PAY-011275,ORD-007763,debit_card,1,3626.09
PAY-011276,ORD-011923,credit_card,5,7021.54
PAY-011277,ORD-014552,debit_card,1,7211.79
PAY-011278,ORD-006104,voucher,1,6436.81
PAY-011279,ORD-002630,credit_card,10,876.38
PAY-011280,ORD-010499,boleto,1,7284.21
PAY-011281,ORD-000910,debit_card,1,596.71
PAY-011282,ORD-006370,debit_card,1,5707.74
PAY-011283,ORD-014785,credit_card,10,2087.01
PAY-011284,ORD-012623,voucher,1,1779.24
PAY-011285,ORD-012861,boleto,1,1323.9
PAY-011286,ORD-005749,voucher,1,2835.34
PAY-011287,ORD-012066,voucher,1,7922.38
PAY-011288,ORD-000577,boleto,1,2217.17
PAY-011289,ORD-011756,debit_card,1,51.94
PAY-011290,ORD-013699,debit_card,1,5852.9
PAY-011291,ORD-002349,debit_card,1,4809.47
PAY-011292,ORD-013056,voucher,1,-385.5
PAY-011293,ORD-012385,debit_card,1,3862.22
PAY-011294,ORD-011690,voucher,1,1949.78
PAY-011295,ORD-009982,boleto,1,2794.46
PAY-011296,ORD-014405,credit_card,3,4450.72
PAY-011297,ORD-011031,credit_card,1,3435.33
PAY-011298,ORD-010953,debit_card,1,7306.9
PAY-011299,ORD-007485,debit_card,1,2007.02
PAY-011300,ORD-000736,debit_card,1,6358.76
PAY-011301,ORD-009356,debit_card,1,310.21
PAY-011302,ORD-005093,boleto,1,6101.02
PAY-011303,ORD-011128,boleto,1,5671.93
PAY-011304,ORD-001717,credit_card,3,7325.3
PAY-011305,ORD-007425,debit_card,1,7681.0
PAY-011306,ORD-004944,debit_card,1,2233.88
PAY-011307,ORD-002740,voucher,1,390.02
PAY-011308,ORD-002963,boleto,1,6975.16
PAY-011309,ORD-005450,voucher,1,6426.37
PAY-011310,ORD-012718,debit_card,1,6688.19
PAY-011311,ORD-014676,voucher,1,453.95
PAY-011312,ORD-002098,voucher,1,5179.32
PAY-011313,ORD-005057,boleto,1,6403.99
PAY-011314,ORD-012851,boleto,1,682.03
PAY-011315,ORD-007943,boleto,1,2543.16
PAY-011316,ORD-004111,credit_card,6,4747.14
PAY-011317,ORD-007604,credit_card,9,3588.25
PAY-011318,ORD-001595,voucher,1,7977.06
PAY-011319,ORD-008609,credit_card,4,5085.29
PAY-011320,ORD-006698,voucher,1,961.16
PAY-011321,ORD-003154,voucher,1,2397.0
PAY-011322,ORD-013348,boleto,1,77.25
PAY-011323,ORD-002748,voucher,1,1844.91
PAY-011324,ORD-009512,voucher,1,2560.49
PAY-011325,ORD-002657,boleto,1,6591.34
PAY-011326,ORD-014087,credit_card,6,2757.92
PAY-011327,ORD-011076,credit_card,11,6489.22
PAY-011328,ORD-011243,voucher,1,5872.03
PAY-011329,ORD-000729,debit_card,1,282.13
PAY-011330,ORD-004666,credit_card,11,3468.31
PAY-011331,ORD-009403,credit_card,7,4006.48
PAY-011332,ORD-000758,boleto,1,6233.84
PAY-011333,ORD-000494,boleto,1,864.45
PAY-011334,ORD-003078,boleto,1,6417.79
PAY-011335,ORD-005332,debit_card,1,7702.15
PAY-011336,ORD-010887,boleto,1,4460.15
PAY-011337,ORD-014365,debit_card,1,6531.19
PAY-011338,ORD-000037,debit_card,1,6532.68
PAY-011339,ORD-007983,boleto,1,4399.0
PAY-011340,ORD-007854,voucher,1,-166.59
PAY-011341,ORD-010886,boleto,1,6564.43
PAY-011342,ORD-003352,boleto,1,4185.12
PAY-011343,ORD-008099,voucher,1,-263.22
PAY-011344,ORD-010226,,1,5951.01
PAY-011345,ORD-012577,credit_card,6,1573.13
PAY-011346,ORD-007541,voucher,1,6795.62
PAY-011347,ORD-003322,voucher,1,5249.15
PAY-011348,ORD-008824,boleto,1,2394.74
PAY-011349,ORD-004164,credit_card,1,6402.08
PAY-011350,ORD-013305,voucher,1,5102.73
PAY-011351,ORD-001548,voucher,1,6563.83
PAY-011352,ORD-004272,debit_card,1,3699.43
PAY-011353,ORD-014543,boleto,1,2535.28
PAY-011354,ORD-004629,debit_card,1,5529.65
PAY-011355,ORD-001567,credit_card,10,2291.43
PAY-011356,ORD-007078,credit_card,7,7033.51
PAY-011357,ORD-001584,boleto,1,2466.55
PAY-011358,ORD-008617,boleto,1,5174.62
PAY-011359,ORD-007150,voucher,1,5169.28
PAY-011360,ORD-001426,voucher,1,3821.29
PAY-011361,ORD-011815,debit_card,1,2430.49
PAY-011362,ORD-006867,boleto,1,3293.14
PAY-011363,ORD-002692,debit_card,1,5277.13
PAY-011364,ORD-008017,boleto,1,5015.77
PAY-011365,ORD-001849,voucher,1,7755.55
PAY-011366,ORD-002014,voucher,1,597.28
PAY-011367,ORD-012351,voucher,1,808.79
PAY-011368,ORD-012143,debit_card,1,1567.85
PAY-011369,ORD-006375,voucher,1,2122.34
PAY-011370,ORD-005697,voucher,1,4850.02
PAY-011371,ORD-007768,voucher,1,5494.52
PAY-011372,ORD-004285,boleto,1,-60.57
PAY-011373,ORD-011237,debit_card,1,3311.89
PAY-011374,ORD-004795,boleto,1,1816.59
PAY-011375,ORD-004730,credit_card,6,3272.89
PAY-011376,ORD-007529,voucher,1,102.08
PAY-011377,ORD-004657,voucher,1,7994.77
PAY-011378,ORD-010784,voucher,1,5418.42
PAY-011379,ORD-002045,debit_card,1,2273.07
PAY-011380,ORD-011213,boleto,1,4720.24
PAY-011381,ORD-010521,voucher,1,5939.5
PAY-011382,ORD-001784,credit_card,1,2105.24
PAY-011383,ORD-003001,debit_card,1,3983.0
PAY-011384,ORD-001030,debit_card,1,2078.57
PAY-011385,ORD-009930,boleto,1,2874.3
PAY-011386,ORD-013909,debit_card,1,4707.53
PAY-011387,ORD-009434,voucher,1,7118.66
PAY-011388,ORD-006822,boleto,1,5576.74
PAY-011389,ORD-004866,debit_card,1,5621.57
PAY-011390,ORD-013102,debit_card,1,4441.11
PAY-011391,ORD-001737,credit_card,2,7785.87
PAY-011392,ORD-003272,credit_card,5,2551.58
PAY-011393,ORD-005986,credit_card,12,5404.07
PAY-011394,ORD-001518,credit_card,4,1707.62
PAY-011395,ORD-002877,credit_card,1,1069.79
PAY-011396,ORD-013563,credit_card,10,6254.05
PAY-011397,ORD-000363,cash,1,3175.65
PAY-011398,ORD-003808,boleto,1,127.21
PAY-011399,ORD-005787,debit_card,1,669.63
PAY-011400,ORD-009487,credit_card,4,3624.94
PAY-011401,ORD-005383,debit_card,1,99.02
PAY-011402,ORD-004593,voucher,1,3365.58
PAY-011403,ORD-008304,boleto,1,4791.64
PAY-011404,ORD-010782,credit_card,12,6230.36
PAY-011405,ORD-010360,boleto,1,5930.27
PAY-011406,ORD-012776,voucher,1,5083.47
PAY-011407,ORD-002766,voucher,1,6827.87
PAY-011408,ORD-014959,voucher,1,4506.99
PAY-011409,ORD-006429,boleto,1,4123.64
PAY-011410,ORD-014030,boleto,1,2027.02
PAY-011411,ORD-006843,boleto,1,6541.03
PAY-011412,ORD-002884,cash,1,7830.79
PAY-011413,ORD-007665,credit_card,4,7154.03
PAY-011414,ORD-009304,voucher,1,3759.77
PAY-011415,ORD-012010,boleto,1,4139.05
PAY-011416,ORD-001683,boleto,1,2018.24
PAY-011417,ORD-010086,credit_card,12,4610.5
PAY-011418,ORD-013111,debit_card,1,1534.79
PAY-011419,ORD-008179,boleto,1,7701.63
PAY-011420,ORD-012220,debit_card,1,369.53
PAY-011421,ORD-014846,voucher,1,322.42
PAY-011422,ORD-014880,debit_card,1,3707.84
PAY-011423,ORD-001872,debit_card,1,4911.48
PAY-011424,ORD-009213,debit_card,1,-81.84
PAY-011425,ORD-011924,voucher,1,429.93
PAY-011426,ORD-005276,voucher,1,4361.38
PAY-011427,ORD-000073,credit_card,3,7599.25
PAY-011428,ORD-012896,boleto,1,423.48
PAY-011429,ORD-013546,voucher,1,6794.0
PAY-011430,ORD-012172,debit_card,1,297.66
PAY-011431,ORD-001148,debit_card,1,2854.96
PAY-011432,ORD-014795,voucher,1,5294.1
PAY-011433,ORD-010674,debit_card,1,4942.58
PAY-011434,ORD-012926,debit_card,1,7707.82
PAY-011435,ORD-009746,credit_card,11,570.5
PAY-011436,ORD-005153,boleto,1,4152.14
PAY-011437,ORD-010422,credit_card,1,-134.25
PAY-011438,ORD-011739,credit_card,10,7329.17
PAY-011439,ORD-005890,credit_card,10,3158.72
PAY-011440,ORD-011666,voucher,1,947.49
PAY-011441,ORD-014089,debit_card,1,5338.35
PAY-011442,ORD-001434,credit_card,3,2629.44
PAY-011443,ORD-014037,voucher,1,6681.86
PAY-011444,ORD-011217,boleto,1,7139.65
PAY-011445,ORD-008665,boleto,1,7743.21
PAY-011446,ORD-014590,debit_card,1,7778.53
PAY-011447,ORD-000807,debit_card,1,6970.91
PAY-011448,ORD-010382,boleto,1,4355.01
PAY-011449,ORD-004916,voucher,1,4425.92
PAY-011450,ORD-005052,,1,6536.88
PAY-011451,ORD-009076,credit_card,4,6939.78
PAY-011452,ORD-000512,boleto,1,1613.45
PAY-011453,ORD-008639,credit_card,10,6012.3
PAY-011454,ORD-010386,voucher,1,6924.74
PAY-011455,ORD-001561,boleto,1,5055.26
PAY-011456,ORD-000878,voucher,1,1438.53
PAY-011457,ORD-014541,voucher,1,22.03
PAY-011458,ORD-013897,,1,4899.78
PAY-011459,ORD-007624,voucher,1,2730.32
PAY-011460,ORD-014042,credit_card,5,5781.25
PAY-011461,ORD-010748,credit_card,3,3339.07
PAY-011462,ORD-001671,boleto,1,7092.41
PAY-011463,ORD-012666,debit_card,1,3493.8
PAY-011464,ORD-013685,debit_card,1,1702.45
PAY-011465,ORD-004302,credit_card,11,1065.75
PAY-011466,ORD-006181,voucher,1,6124.0
PAY-011467,ORD-005011,boleto,1,949.52
PAY-011468,ORD-008092,voucher,1,4464.0
PAY-011469,ORD-003527,voucher,1,7326.38
PAY-011470,ORD-004256,credit_card,10,5153.29
PAY-011471,ORD-014038,boleto,1,844.58
PAY-011472,ORD-001918,credit_card,8,5850.0
PAY-011473,ORD-004020,credit_card,4,2822.32
PAY-011474,ORD-009805,voucher,1,789.71
PAY-011475,ORD-010455,voucher,1,-85.43
PAY-011476,ORD-001259,boleto,1,6127.3
PAY-011477,ORD-005155,debit_card,1,6840.64
PAY-011478,ORD-001948,voucher,1,135.28
PAY-011479,ORD-000791,debit_card,1,5212.08
PAY-011480,ORD-009606,debit_card,1,6206.31
PAY-011481,ORD-005074,voucher,1,5521.09
PAY-011482,ORD-005915,boleto,1,6773.77
PAY-011483,ORD-013616,boleto,1,6799.33
PAY-011484,ORD-002559,boleto,1,5008.1
PAY-011485,ORD-002626,credit_card,4,3204.78
PAY-011486,ORD-013405,debit_card,1,5893.9
PAY-011487,ORD-003015,credit_card,2,1146.11
PAY-011488,ORD-013623,credit_card,6,7102.77
PAY-011489,ORD-005478,debit_card,1,5231.68
PAY-011490,ORD-012240,debit_card,1,5877.13
PAY-011491,ORD-007268,boleto,1,4723.24
PAY-011492,ORD-009372,boleto,1,6308.68
PAY-011493,ORD-000114,boleto,1,5689.13
PAY-011494,ORD-009665,PIX,9,2843.77
PAY-011495,ORD-007044,voucher,1,-221.99
PAY-011496,ORD-001436,voucher,1,5608.23
PAY-011497,ORD-002354,boleto,1,4763.3
PAY-011498,ORD-014559,voucher,1,6715.95
PAY-011499,ORD-000364,debit_card,1,7611.25
PAY-011500,ORD-010734,boleto,1,6107.5
PAY-011501,ORD-012116,voucher,1,3834.91
PAY-011502,ORD-005641,credit_card,7,111.34
PAY-011503,ORD-012358,debit_card,1,7573.43
PAY-011504,ORD-002394,credit_card,12,2242.95
PAY-011505,ORD-013399,voucher,1,746.85
PAY-011506,ORD-008263,credit_card,5,5401.0
PAY-011507,ORD-006308,credit_card,6,1322.05
PAY-011508,ORD-006175,debit_card,1,7806.45
PAY-011509,ORD-005769,debit_card,1,156.69
PAY-011510,ORD-013897,boleto,1,399.83
PAY-011511,ORD-009271,credit_card,1,-306.75
PAY-011512,ORD-008434,boleto,1,1206.9
PAY-011513,ORD-001796,boleto,1,5725.94
PAY-011514,ORD-012831,boleto,1,1097.05
PAY-011515,ORD-003348,voucher,1,4912.24
PAY-011516,ORD-006179,credit_card,2,1968.03
PAY-011517,ORD-001037,debit_card,1,489.97
PAY-011518,ORD-014720,debit_card,1,5175.37
PAY-011519,ORD-001137,boleto,1,6977.58
PAY-011520,ORD-001165,debit_card,1,4021.02
PAY-011521,ORD-012843,debit_card,1,6599.24
PAY-011522,ORD-004361,voucher,1,-1.99
PAY-011523,ORD-004847,boleto,1,3788.15
PAY-011524,ORD-010938,boleto,1,2906.65
PAY-011525,ORD-013317,debit_card,1,4489.76
PAY-011526,ORD-001732,voucher,1,6089.33
PAY-011527,ORD-005529,credit_card,4,2973.44
PAY-011528,ORD-002325,boleto,1,7595.53
PAY-011529,ORD-010112,credit_card,12,5585.6
PAY-011530,ORD-006286,debit_card,1,7576.88
PAY-011531,ORD-012925,credit_card,8,5462.93
PAY-011532,ORD-005831,boleto,1,2288.46
PAY-011533,ORD-005416,debit_card,1,2289.27
PAY-011534,ORD-006668,boleto,1,7382.36
PAY-011535,ORD-006763,credit_card,7,5389.18
PAY-011536,ORD-005142,debit_card,1,144.56
PAY-011537,ORD-010885,voucher,1,3109.51
PAY-011538,ORD-010649,debit_card,1,5430.77
PAY-011539,ORD-005528,boleto,1,4112.15
PAY-011540,ORD-011043,bitcoin,1,1682.81
PAY-011541,ORD-003461,debit_card,1,2840.91
PAY-011542,ORD-008196,boleto,1,7068.93
PAY-011543,ORD-010230,credit_card,12,5336.99
PAY-011544,ORD-011315,credit_card,9,5236.84
PAY-011545,ORD-012584,credit_card,8,4740.16
PAY-011546,ORD-006917,credit_card,12,536.88
PAY-011547,ORD-005340,debit_card,1,1194.03
PAY-011548,ORD-005226,boleto,1,6464.31
PAY-011549,ORD-000387,debit_card,1,1347.29
PAY-011550,ORD-007273,voucher,1,7363.08
PAY-011551,ORD-011406,voucher,1,2544.64
PAY-011552,ORD-010222,boleto,1,409.22
PAY-011553,ORD-013063,credit_card,12,6344.63
PAY-011554,ORD-006364,voucher,1,5586.37
PAY-011555,ORD-006355,debit_card,1,5481.2
PAY-011556,ORD-006934,debit_card,1,592.05
PAY-011557,ORD-000802,credit_card,3,5196.92
PAY-011558,ORD-009808,credit_card,11,1939.03
PAY-011559,ORD-012018,credit_card,5,5894.67
PAY-011560,ORD-012296,voucher,1,263.01
PAY-011561,ORD-002938,voucher,1,3423.16
PAY-011562,ORD-003957,debit_card,,1988.31
PAY-011563,ORD-013612,debit_card,1,2415.53
PAY-011564,ORD-004254,boleto,1,1126.61
PAY-011565,ORD-008968,boleto,1,6534.96
PAY-011566,ORD-005653,credit_card,10,5967.55
PAY-011567,ORD-011010,PIX,1,3928.86
PAY-011568,ORD-001123,boleto,1,7775.11
PAY-011569,ORD-002361,debit_card,1,7984.59
PAY-011570,ORD-013839,credit_card,12,7419.85
PAY-011571,ORD-008662,voucher,1,150.68
PAY-011572,ORD-006377,credit_card,8,7913.21
PAY-011573,ORD-007630,boleto,1,4511.52
PAY-011574,ORD-013833,credit_card,11,1999.85
PAY-011575,ORD-008918,debit_card,1,886.97
PAY-011576,ORD-006658,debit_card,1,3139.76
PAY-011577,ORD-012176,debit_card,1,5797.86
PAY-011578,ORD-001023,boleto,1,2559.42
PAY-011579,ORD-011701,credit_card,10,5928.68
PAY-011580,ORD-001724,boleto,1,1505.27
PAY-011581,ORD-003159,debit_card,1,3208.08
PAY-011582,ORD-011296,credit_card,4,707.41
PAY-011583,ORD-009569,boleto,1,-390.53
PAY-011584,ORD-000416,boleto,1,4983.76
PAY-011585,ORD-000738,credit_card,5,4272.67
PAY-011586,ORD-009746,credit_card,12,2571.76
PAY-011587,ORD-008166,debit_card,1,2506.74
PAY-011588,ORD-000388,boleto,1,1650.5
PAY-011589,ORD-001916,debit_card,1,-84.75
PAY-011590,ORD-001260,voucher,1,3748.87
PAY-011591,ORD-014458,credit_card,4,6158.91
PAY-011592,ORD-001177,credit_card,12,7622.44
PAY-011593,ORD-009602,debit_card,1,292.76
PAY-011594,ORD-014740,voucher,1,840.67
PAY-011595,ORD-006723,credit_card,5,3100.93
PAY-011596,ORD-012110,credit_card,3,1799.33
PAY-011597,ORD-002289,voucher,1,766.22
PAY-011598,ORD-014689,debit_card,,1208.27
PAY-011599,ORD-000880,boleto,1,769.01
PAY-011600,ORD-010626,credit_card,5,5543.34
PAY-011601,ORD-001869,voucher,1,7008.93
PAY-011602,ORD-012976,credit_card,4,6697.9
PAY-011603,ORD-009217,debit_card,1,5308.02
PAY-011604,ORD-010645,boleto,1,1563.01
PAY-011605,ORD-011679,debit_card,1,6625.1
PAY-011606,ORD-008301,debit_card,1,5598.33
PAY-011607,ORD-012991,boleto,1,4001.36
PAY-011608,ORD-007957,debit_card,1,4880.16
PAY-011609,ORD-009862,voucher,1,2647.5
PAY-011610,ORD-012553,credit_card,8,7348.65
PAY-011611,ORD-014471,credit_card,1,29.15
PAY-011612,ORD-011959,credit_card,6,2153.22
PAY-011613,ORD-012678,voucher,1,7374.52
PAY-011614,ORD-007258,boleto,1,5691.89
PAY-011615,ORD-000522,credit_card,9,2867.09
PAY-011616,ORD-009251,debit_card,1,5678.56
PAY-011617,ORD-011891,voucher,1,5254.94
PAY-011618,ORD-003110,boleto,1,2327.69
PAY-011619,ORD-014440,debit_card,1,3790.9
PAY-011620,ORD-013976,credit_card,11,2073.16
PAY-011621,ORD-001080,voucher,1,5629.54
PAY-011622,ORD-006406,boleto,1,697.69
PAY-011623,ORD-004114,boleto,1,5805.68
PAY-011624,ORD-009659,voucher,1,2457.53
PAY-011625,ORD-004120,voucher,1,6988.41
PAY-011626,ORD-011464,credit_card,7,2698.66
PAY-011627,ORD-008498,debit_card,1,7752.24
PAY-011628,ORD-003044,credit_card,11,2936.33
PAY-011629,ORD-014464,boleto,1,328.8
PAY-011630,ORD-011594,voucher,1,1221.93
PAY-011631,ORD-011311,debit_card,1,3974.44
PAY-011632,ORD-012416,boleto,1,6803.91
PAY-011633,ORD-005578,debit_card,1,2834.4
PAY-011634,ORD-012883,voucher,1,5630.33
PAY-011635,ORD-002518,boleto,1,3390.22
PAY-011636,ORD-002884,boleto,1,3673.62
PAY-011637,ORD-007036,debit_card,1,1422.3
PAY-011638,ORD-013240,voucher,1,3396.17
PAY-011639,ORD-004921,boleto,1,5352.63
PAY-011640,ORD-007896,credit_card,4,1069.82
PAY-011641,ORD-011945,boleto,1,901.07
PAY-011642,ORD-005448,credit_card,10,2113.99
PAY-011643,ORD-002372,debit_card,1,2548.88
PAY-011644,ORD-006575,boleto,1,4528.1
PAY-011645,ORD-001431,boleto,,7050.07
PAY-011646,ORD-002992,credit_card,11,4599.12
PAY-011647,ORD-002369,debit_card,1,2545.57
PAY-011648,ORD-007461,debit_card,1,1551.7
PAY-011649,ORD-008817,credit_card,11,455.41
PAY-011650,ORD-003621,voucher,1,3062.74
PAY-011651,ORD-010348,boleto,1,1025.31
PAY-011652,ORD-001189,credit_card,8,7256.81
PAY-011653,ORD-001295,credit_card,8,7216.68
PAY-011654,ORD-000205,boleto,1,3490.94
PAY-011655,ORD-007719,debit_card,1,7610.49
PAY-011656,ORD-012808,debit_card,1,3484.39
PAY-011657,ORD-004585,voucher,1,7399.54
PAY-011658,ORD-000245,voucher,1,3463.53
PAY-011659,ORD-003688,debit_card,1,5652.05
PAY-011660,ORD-012115,voucher,1,7729.29
PAY-011661,ORD-004625,debit_card,1,3505.91
PAY-011662,ORD-010197,credit_card,7,4025.8
PAY-011663,ORD-005392,debit_card,1,344.28
PAY-011664,ORD-005209,voucher,1,4359.15
PAY-011665,ORD-010181,credit_card,9,1608.79
PAY-011666,ORD-005573,boleto,1,7348.39
PAY-011667,ORD-011468,debit_card,1,1099.06
PAY-011668,ORD-012237,debit_card,1,2109.33
PAY-011669,ORD-010511,credit_card,2,1867.26
PAY-011670,ORD-011215,boleto,1,1075.92
PAY-011671,ORD-005568,boleto,1,2661.52
PAY-011672,ORD-012424,boleto,1,4130.54
PAY-011673,ORD-012189,PIX,4,4043.82
PAY-011674,ORD-007745,credit_card,11,4225.89
PAY-011675,ORD-007957,boleto,1,2849.9
PAY-011676,ORD-002955,boleto,1,5432.79
PAY-011677,ORD-006542,debit_card,1,4558.24
PAY-011678,ORD-002994,voucher,,7081.68
PAY-011679,ORD-009164,boleto,1,951.83
PAY-011680,ORD-014690,voucher,1,1013.04
PAY-011681,ORD-005442,voucher,1,4096.23
PAY-011682,ORD-005349,debit_card,1,2688.13
PAY-011683,ORD-001477,credit_card,2,4025.3
PAY-011684,ORD-011959,boleto,1,1013.08
PAY-011685,ORD-002787,boleto,1,3778.89
PAY-011686,ORD-012272,boleto,1,4002.95
PAY-011687,ORD-008649,credit_card,4,4151.29
PAY-011688,ORD-006607,credit_card,3,6738.32
PAY-011689,ORD-000062,voucher,1,5429.58
PAY-011690,ORD-006107,credit_card,1,5728.9
PAY-011691,ORD-002943,debit_card,1,1461.64
PAY-011692,ORD-012041,boleto,1,7637.23
PAY-011693,ORD-000678,credit_card,2,1324.63
PAY-011694,ORD-000730,debit_card,1,5850.01
PAY-011695,ORD-012385,voucher,1,6873.42
PAY-011696,ORD-000560,voucher,,658.27
PAY-011697,ORD-012861,debit_card,1,2006.94
PAY-011698,ORD-007667,boleto,1,1641.3
PAY-011699,ORD-013475,voucher,1,3569.75
PAY-011700,ORD-012465,voucher,1,6882.93
PAY-011701,ORD-002076,voucher,1,5867.75
PAY-011702,ORD-009478,boleto,1,1469.63
PAY-011703,ORD-000676,debit_card,1,2639.72
PAY-011704,ORD-006350,credit_card,2,5255.76
PAY-011705,ORD-011288,credit_card,11,6134.16
PAY-011706,ORD-004796,boleto,1,3971.5
PAY-011707,ORD-009740,voucher,1,834.92
PAY-011708,ORD-010349,boleto,1,174.41
PAY-011709,ORD-000647,credit_card,8,6716.22
PAY-011710,ORD-012147,debit_card,1,3630.71
PAY-011711,ORD-009334,credit_card,5,1055.15
PAY-011712,ORD-009134,boleto,1,5297.63
PAY-011713,ORD-013585,boleto,1,1115.55
PAY-011714,ORD-014469,boleto,1,2998.46
PAY-011715,ORD-013327,debit_card,1,5257.84
PAY-011716,ORD-013515,debit_card,1,7058.47
PAY-011717,ORD-008357,debit_card,1,63.71
PAY-011718,ORD-007363,voucher,1,453.01
PAY-011719,ORD-003435,voucher,1,1394.91
PAY-011720,ORD-008190,boleto,1,1248.31
PAY-011721,ORD-001777,debit_card,1,802.31
PAY-011722,ORD-014769,credit_card,5,4808.12
PAY-011723,ORD-006370,debit_card,1,4540.49
PAY-011724,ORD-005389,credit_card,6,3506.2
PAY-011725,ORD-003859,debit_card,1,3924.6
PAY-011726,ORD-002761,boleto,1,6525.53
PAY-011727,ORD-005317,credit_card,7,4718.57
PAY-011728,ORD-009059,voucher,1,4931.44
PAY-011729,ORD-007410,voucher,1,5547.43
PAY-011730,ORD-002399,voucher,1,2096.23
PAY-011731,ORD-012949,boleto,1,1618.85
PAY-011732,ORD-002630,voucher,1,5369.62
PAY-011733,ORD-003724,voucher,1,407.17
PAY-011734,ORD-003590,voucher,1,3822.39
PAY-011735,ORD-009681,boleto,1,112.92
PAY-011736,ORD-002883,voucher,1,481.73
PAY-011737,ORD-007876,boleto,1,6689.2
PAY-011738,ORD-004493,debit_card,1,971.63
PAY-011739,ORD-011842,voucher,1,1137.16
PAY-011740,ORD-002828,debit_card,1,1926.46
PAY-011741,ORD-009299,boleto,1,3743.75
PAY-011742,ORD-007461,voucher,1,5261.09
PAY-011743,ORD-011839,boleto,1,498.31
PAY-011744,ORD-010431,voucher,1,584.0
PAY-011745,ORD-014172,voucher,1,3339.82
PAY-011746,ORD-014417,voucher,1,6730.88
PAY-011747,ORD-005565,boleto,1,53.78
PAY-011748,ORD-009740,debit_card,1,2229.11
PAY-011749,ORD-010598,boleto,1,7900.93
PAY-011750,ORD-003183,boleto,1,4422.42
PAY-011751,ORD-014570,boleto,1,322.56
PAY-011752,ORD-004185,boleto,1,4447.82
PAY-011753,ORD-013165,boleto,1,2554.29
PAY-011754,ORD-007534,credit_card,8,704.75
PAY-011755,ORD-010147,voucher,1,4390.22
PAY-011756,ORD-013023,debit_card,1,6430.89
PAY-011757,ORD-003501,voucher,1,7373.37
PAY-011758,ORD-009496,debit_card,1,1757.1
PAY-011759,ORD-011148,boleto,1,2496.89
PAY-011760,ORD-014961,voucher,1,6719.6
PAY-011761,ORD-009407,boleto,1,5407.89
PAY-011762,ORD-008623,boleto,1,133.53
PAY-011763,ORD-006269,boleto,1,921.59
PAY-011764,ORD-001008,credit_card,7,7975.77
PAY-011765,ORD-008683,boleto,1,1703.6
PAY-011766,ORD-009693,debit_card,1,2491.87
PAY-011767,ORD-009341,credit_card,2,640.7
PAY-011768,ORD-003417,credit_card,12,6952.15
PAY-011769,ORD-002732,boleto,1,4689.53
PAY-011770,ORD-014865,debit_card,1,4148.23
PAY-011771,ORD-001212,voucher,1,3355.68
PAY-011772,ORD-006758,voucher,1,775.61
PAY-011773,ORD-014707,boleto,1,5191.07
PAY-011774,ORD-011168,debit_card,1,3876.83
PAY-011775,ORD-013432,boleto,1,7465.61
PAY-011776,ORD-010849,voucher,1,4996.58
PAY-011777,ORD-009738,boleto,1,4278.0
PAY-011778,ORD-008700,debit_card,1,561.27
PAY-011779,ORD-013346,debit_card,1,7832.96
PAY-011780,ORD-009460,voucher,1,4168.73
PAY-011781,ORD-013605,debit_card,1,4686.36
PAY-011782,ORD-009195,credit_card,10,6719.01
PAY-011783,ORD-012656,credit_card,3,6085.77
PAY-011784,ORD-012695,voucher,1,7083.2
PAY-011785,ORD-001468,credit_card,4,6794.68
PAY-011786,ORD-004229,debit_card,1,2861.35
PAY-011787,ORD-014395,voucher,1,699.25
PAY-011788,ORD-001292,voucher,1,1487.92
PAY-011789,ORD-002821,PIX,3,1837.82
PAY-011790,ORD-014740,debit_card,1,7747.85
PAY-011791,ORD-014021,boleto,1,6323.97
PAY-011792,ORD-000257,credit_card,2,6738.65
PAY-011793,ORD-010659,credit_card,7,1228.74
PAY-011794,ORD-003765,debit_card,1,4162.29
PAY-011795,ORD-003100,debit_card,1,2554.15
PAY-011796,ORD-000904,debit_card,1,2273.0
PAY-011797,ORD-000940,boleto,1,2404.29
PAY-011798,ORD-010910,credit_card,2,5815.42
PAY-011799,ORD-001581,boleto,1,524.86
PAY-011800,ORD-007137,debit_card,1,2262.58
PAY-011801,ORD-011987,voucher,1,1739.19
PAY-011802,ORD-002162,boleto,1,6856.96
PAY-011803,ORD-001442,boleto,1,1054.33
PAY-011804,ORD-008193,debit_card,1,7468.05
PAY-011805,ORD-001483,credit_card,7,2191.11
PAY-011806,ORD-002110,credit_card,12,5570.45
PAY-011807,ORD-004735,debit_card,1,1224.36
PAY-011808,ORD-003535,debit_card,1,6937.76
PAY-011809,ORD-012260,voucher,1,3420.9
PAY-011810,ORD-003066,boleto,1,6001.62
PAY-011811,ORD-001561,voucher,1,2323.59
PAY-011812,ORD-001629,boleto,1,3467.99
PAY-011813,ORD-001947,boleto,1,2634.71
PAY-011814,ORD-010942,boleto,1,2522.69
PAY-011815,ORD-007025,voucher,1,1391.31
PAY-011816,ORD-001697,credit_card,4,5048.17
PAY-011817,ORD-014010,boleto,1,4287.45
PAY-011818,ORD-002416,credit_card,1,3964.42
PAY-011819,ORD-000261,boleto,1,5877.51
PAY-011820,ORD-011667,voucher,1,5767.26
PAY-011821,ORD-001448,boleto,1,6888.55
PAY-011822,ORD-011292,voucher,1,5621.64
PAY-011823,ORD-010675,boleto,1,493.96
PAY-011824,ORD-002700,voucher,1,5696.16
PAY-011825,ORD-010572,credit_card,7,6093.94
PAY-011826,ORD-004144,voucher,1,6626.43
PAY-011827,ORD-002139,voucher,1,1054.4
PAY-011828,ORD-004713,voucher,1,4571.67
PAY-011829,ORD-006738,boleto,1,6554.08
PAY-011830,ORD-012594,voucher,1,3341.89
PAY-011831,ORD-013246,debit_card,1,2079.72
PAY-011832,ORD-006548,boleto,1,7915.03
PAY-011833,ORD-002456,credit_card,7,2663.82
PAY-011834,ORD-014242,debit_card,1,1724.75
PAY-011835,ORD-000930,boleto,1,2991.74
PAY-011836,ORD-014546,credit_card,,6499.91
PAY-011837,ORD-001361,boleto,1,4906.01
PAY-011838,ORD-008456,voucher,1,6509.41
PAY-011839,ORD-012842,credit_card,1,7948.15
PAY-011840,ORD-013585,debit_card,1,7120.27
PAY-011841,ORD-000761,debit_card,1,278.57
PAY-011842,ORD-012546,debit_card,1,7951.99
PAY-011843,ORD-005679,credit_card,11,3739.53
PAY-011844,ORD-012104,boleto,1,4605.91
PAY-011845,ORD-006384,voucher,1,522.13
PAY-011846,ORD-014656,credit_card,8,1755.5
PAY-011847,ORD-012504,debit_card,1,7235.58
PAY-011848,ORD-006914,debit_card,1,2992.27
PAY-011849,ORD-010853,credit_card,6,2578.46
PAY-011850,ORD-012305,boleto,1,1409.08
PAY-011851,ORD-003500,credit_card,7,7406.42
PAY-011852,ORD-000199,voucher,1,6412.46
PAY-011853,ORD-006495,credit_card,8,2306.93
PAY-011854,ORD-006438,voucher,1,6853.92
PAY-011855,ORD-006998,voucher,1,899.64
PAY-011856,ORD-005297,voucher,1,3565.27
PAY-011857,ORD-005571,boleto,1,6710.17
PAY-011858,ORD-003116,voucher,1,107.64
PAY-011859,ORD-009371,boleto,1,3206.94
PAY-011860,ORD-008072,boleto,1,2443.73
PAY-011861,ORD-006883,boleto,1,4306.84
PAY-011862,ORD-002361,voucher,1,2530.4
PAY-011863,ORD-012111,voucher,1,3602.27
PAY-011864,ORD-002802,boleto,1,3417.14
PAY-011865,ORD-012714,voucher,1,973.87
PAY-011866,ORD-008380,debit_card,1,7054.76
PAY-011867,ORD-009086,boleto,1,1361.5
PAY-011868,ORD-008726,boleto,1,842.36
PAY-011869,ORD-001255,voucher,1,5009.06
PAY-011870,ORD-000142,voucher,1,916.0
PAY-011871,ORD-010640,credit_card,6,1082.85
PAY-011872,ORD-014289,debit_card,1,2718.27
PAY-011873,ORD-003790,credit_card,4,6003.86
PAY-011874,ORD-012367,credit_card,1,278.93
PAY-011875,ORD-002585,voucher,1,7241.22
PAY-011876,ORD-010064,credit_card,9,5108.13
PAY-011877,ORD-005698,voucher,1,3067.8
PAY-011878,ORD-000986,credit_card,3,4947.58
PAY-011879,ORD-003373,voucher,1,1963.55
PAY-011880,ORD-002933,voucher,1,-18.98
PAY-011881,ORD-005960,credit_card,6,463.44
PAY-011882,ORD-008080,boleto,1,1695.93
PAY-011883,ORD-008613,boleto,1,3449.93
PAY-011884,ORD-002631,boleto,1,5403.55
PAY-011885,ORD-003733,boleto,1,7035.51
PAY-011886,ORD-012705,boleto,1,4201.23
PAY-011887,ORD-008512,credit_card,4,5360.06
PAY-011888,ORD-013497,voucher,1,4374.65
PAY-011889,ORD-006969,credit_card,7,4171.49
PAY-011890,ORD-010161,voucher,1,5753.91
PAY-011891,ORD-006114,credit_card,3,3062.54
PAY-011892,ORD-007958,boleto,1,4708.03
PAY-011893,ORD-012190,debit_card,1,2637.06
PAY-011894,ORD-012072,credit_card,6,5470.15
PAY-011895,ORD-003207,boleto,1,216.16
PAY-011896,ORD-006519,voucher,1,3907.1
PAY-011897,ORD-008142,voucher,1,2696.53
PAY-011898,ORD-002500,boleto,1,6327.15
PAY-011899,ORD-011294,credit_card,1,535.0
PAY-011900,ORD-012455,credit_card,2,668.44
PAY-011901,ORD-012328,debit_card,1,7266.65
PAY-011902,ORD-012259,credit_card,10,3610.14
PAY-011903,ORD-011968,boleto,1,3518.02
PAY-011904,ORD-005421,debit_card,1,1065.23
PAY-011905,ORD-001402,debit_card,1,3529.72
PAY-011906,ORD-011802,boleto,1,3389.91
PAY-011907,ORD-006964,credit_card,3,1758.27
PAY-011908,ORD-002155,debit_card,1,6763.82
PAY-011909,ORD-008754,credit_card,3,721.01
PAY-011910,ORD-003186,credit_card,2,7637.21
PAY-011911,ORD-010117,voucher,1,7267.04
PAY-011912,ORD-012950,credit_card,6,322.37
PAY-011913,ORD-011327,credit_card,7,6409.26
PAY-011914,ORD-007980,boleto,1,560.68
PAY-011915,ORD-003263,voucher,1,1355.42
PAY-011916,ORD-007246,boleto,1,748.58
PAY-011917,ORD-013618,voucher,1,5289.76
PAY-011918,ORD-010778,credit_card,4,5309.96
PAY-011919,ORD-003986,boleto,1,1287.78
PAY-011920,ORD-009831,debit_card,1,3844.93
PAY-011921,ORD-000507,boleto,1,5359.69
PAY-011922,ORD-002053,voucher,1,5147.23
PAY-011923,ORD-014909,boleto,1,7510.54
PAY-011924,ORD-005641,debit_card,1,2746.53
PAY-011925,ORD-006526,voucher,1,4037.01
PAY-011926,ORD-002726,voucher,1,1638.13
PAY-011927,ORD-013069,boleto,1,7192.68
PAY-011928,ORD-001284,boleto,1,7170.05
PAY-011929,ORD-013725,voucher,1,823.63
PAY-011930,ORD-003943,credit_card,6,235.65
PAY-011931,ORD-003007,boleto,1,2650.09
PAY-011932,ORD-009992,debit_card,1,1678.13
PAY-011933,ORD-014863,debit_card,1,1361.79
PAY-011934,ORD-007661,voucher,1,5920.62
PAY-011935,ORD-013542,debit_card,1,1070.22
PAY-011936,ORD-010796,boleto,1,7997.86
PAY-011937,ORD-013480,credit_card,8,7873.9
PAY-011938,ORD-003205,debit_card,1,140.39
PAY-011939,ORD-005058,voucher,1,4422.06
PAY-011940,ORD-000001,debit_card,1,5164.0
PAY-011941,ORD-005891,voucher,1,2017.25
PAY-011942,ORD-004190,voucher,1,6579.18
PAY-011943,ORD-011121,credit_card,5,4917.88
PAY-011944,ORD-006008,debit_card,1,5626.25
PAY-011945,ORD-008488,credit_card,5,3538.49
PAY-011946,ORD-005862,credit_card,6,904.96
PAY-011947,ORD-000701,debit_card,,2573.29
PAY-011948,ORD-001995,boleto,1,4580.92
PAY-011949,ORD-004298,boleto,1,703.41
PAY-011950,ORD-012173,boleto,1,719.59
PAY-011951,ORD-004304,voucher,1,7335.87
PAY-011952,ORD-010017,credit_card,2,6044.17
PAY-011953,ORD-000397,voucher,1,3203.46
PAY-011954,ORD-013009,credit_card,2,436.6
PAY-011955,ORD-011230,boleto,1,1714.33
PAY-011956,ORD-012694,credit_card,2,6318.49
PAY-011957,ORD-008289,voucher,1,3919.36
PAY-011958,ORD-001295,voucher,1,4289.62
PAY-011959,ORD-006549,credit_card,1,3144.37
PAY-011960,ORD-005140,credit_card,2,5782.56
PAY-011961,ORD-008919,boleto,1,5283.66
PAY-011962,ORD-014253,credit_card,11,3824.5
PAY-011963,ORD-012984,debit_card,1,6640.25
PAY-011964,ORD-004733,credit_card,5,6428.68
PAY-011965,ORD-010357,voucher,1,450.47
PAY-011966,ORD-002666,voucher,1,6079.63
PAY-011967,ORD-012968,credit_card,7,2491.11
PAY-011968,ORD-005448,debit_card,1,6767.76
PAY-011969,ORD-000312,debit_card,1,1033.49
PAY-011970,ORD-001353,voucher,1,586.12
PAY-011971,ORD-008470,voucher,1,2482.74
PAY-011972,ORD-010601,voucher,1,4230.67
PAY-011973,ORD-007733,debit_card,1,6910.7
PAY-011974,ORD-010161,voucher,1,4751.37
PAY-011975,ORD-003931,debit_card,1,3435.39
PAY-011976,ORD-002931,boleto,1,1275.4
PAY-011977,ORD-013455,boleto,1,7787.61
PAY-011978,ORD-003552,boleto,1,1135.65
PAY-011979,ORD-002874,debit_card,1,2858.6
PAY-011980,ORD-011610,boleto,1,6874.5
PAY-011981,ORD-011899,voucher,1,3098.36
PAY-011982,ORD-012397,debit_card,1,3896.48
PAY-011983,ORD-008002,credit_card,9,586.04
PAY-011984,ORD-002363,boleto,1,364.19
PAY-011985,ORD-002440,boleto,1,5931.91
PAY-011986,ORD-008077,boleto,1,5592.92
PAY-011987,ORD-006976,credit_card,7,2365.69
PAY-011988,ORD-002715,voucher,1,6637.87
PAY-011989,ORD-007926,bitcoin,11,4103.09
PAY-011990,ORD-014205,debit_card,1,5844.93
PAY-011991,ORD-009912,voucher,1,1200.14
PAY-011992,ORD-001112,voucher,1,3125.81
PAY-011993,ORD-003579,credit_card,1,4348.71
PAY-011994,ORD-013556,debit_card,1,2063.43
PAY-011995,ORD-009872,debit_card,1,549.65
PAY-011996,ORD-004592,voucher,1,2452.43
PAY-011997,ORD-009561,voucher,1,7625.37
PAY-011998,ORD-003550,debit_card,1,2084.17
PAY-011999,ORD-004176,debit_card,,7427.55
PAY-012000,ORD-007434,voucher,1,1879.48
PAY-012001,ORD-004907,credit_card,11,7024.45
PAY-012002,ORD-002888,debit_card,1,5171.94
PAY-012003,ORD-010443,voucher,1,7302.56
PAY-012004,ORD-009125,boleto,1,3738.46
PAY-012005,ORD-008671,boleto,1,4120.5
PAY-012006,ORD-007224,boleto,1,5151.27
PAY-012007,ORD-011603,debit_card,1,3032.26
PAY-012008,ORD-000085,credit_card,6,7977.44
PAY-012009,ORD-002858,debit_card,1,3925.01
PAY-012010,ORD-013503,credit_card,8,6287.18
PAY-012011,ORD-005147,debit_card,1,1743.06
PAY-012012,ORD-000271,credit_card,6,1440.89
PAY-012013,ORD-000608,credit_card,3,5909.78
PAY-012014,ORD-004713,boleto,1,7940.65
PAY-012015,ORD-013404,boleto,1,5746.98
PAY-012016,ORD-011486,debit_card,1,4508.66
PAY-012017,ORD-005055,credit_card,11,6479.08
PAY-012018,ORD-000474,voucher,1,1768.39
PAY-012019,ORD-000535,voucher,1,367.33
PAY-012020,ORD-012225,credit_card,7,5791.96
PAY-012021,ORD-013554,boleto,1,703.67
PAY-012022,ORD-009519,debit_card,1,7615.48
PAY-012023,ORD-000526,credit_card,7,2873.48
PAY-012024,ORD-010911,debit_card,1,3561.31
PAY-012025,ORD-008561,boleto,1,1454.84
PAY-012026,ORD-009429,debit_card,1,1271.32
PAY-012027,ORD-002376,credit_card,3,5750.58
PAY-012028,ORD-001843,credit_card,11,5427.16
PAY-012029,ORD-007305,voucher,1,4589.05
PAY-012030,ORD-011311,voucher,1,830.89
PAY-012031,ORD-002083,debit_card,1,7953.86
PAY-012032,ORD-013568,boleto,1,5357.23
PAY-012033,ORD-006693,debit_card,1,2359.56
PAY-012034,ORD-008286,credit_card,8,4402.44
PAY-012035,ORD-001925,debit_card,1,5428.35
PAY-012036,ORD-009295,voucher,1,5847.6
PAY-012037,ORD-014299,debit_card,1,1671.01
PAY-012038,ORD-014010,debit_card,1,6313.93
PAY-012039,ORD-011709,voucher,1,4402.33
PAY-012040,ORD-011430,credit_card,3,4707.69
PAY-012041,ORD-002870,voucher,1,474.78
PAY-012042,ORD-004271,voucher,1,287.6
PAY-012043,ORD-014827,debit_card,1,5814.81
PAY-012044,ORD-011525,credit_card,6,7674.18
PAY-012045,ORD-011995,boleto,1,2856.95
PAY-012046,ORD-004551,debit_card,1,1938.67
PAY-012047,ORD-004301,voucher,1,7924.54
PAY-012048,ORD-005605,credit_card,2,1469.83
PAY-012049,ORD-004502,boleto,1,3356.73
PAY-012050,ORD-006629,debit_card,1,3354.48
PAY-012051,ORD-004492,debit_card,1,1163.28
PAY-012052,ORD-004178,credit_card,8,5040.59
PAY-012053,ORD-012342,voucher,1,4398.85
PAY-012054,ORD-012146,credit_card,12,7269.46
PAY-012055,ORD-013053,boleto,1,4351.04
PAY-012056,ORD-007515,boleto,1,4565.35
PAY-012057,ORD-011197,boleto,1,3974.19
PAY-012058,ORD-012346,debit_card,1,6404.21
PAY-012059,ORD-006306,debit_card,1,3819.59
PAY-012060,ORD-010482,debit_card,1,3445.07
PAY-012061,ORD-014086,boleto,1,7529.65
PAY-012062,ORD-014422,credit_card,6,-233.61
PAY-012063,ORD-000025,voucher,1,1777.57
PAY-012064,ORD-007090,boleto,1,2136.76
PAY-012065,ORD-001952,credit_card,1,651.79
PAY-012066,ORD-006685,credit_card,12,7365.03
PAY-012067,ORD-011839,boleto,1,7917.11
PAY-012068,ORD-003114,voucher,1,6052.46
PAY-012069,ORD-006012,voucher,1,2377.35
PAY-012070,ORD-002120,voucher,1,4920.97
PAY-012071,ORD-011621,boleto,1,-23.16
PAY-012072,ORD-010377,debit_card,1,-399.86
PAY-012073,ORD-001850,voucher,1,5739.51
PAY-012074,ORD-001611,boleto,1,2063.0
PAY-012075,ORD-006241,credit_card,10,5050.75
PAY-012076,ORD-012999,boleto,1,627.36
PAY-012077,ORD-014780,credit_card,1,872.34
PAY-012078,ORD-012939,credit_card,6,6627.54
PAY-012079,ORD-002812,voucher,1,7526.41
PAY-012080,ORD-013093,voucher,1,6315.08
PAY-012081,ORD-014702,debit_card,1,454.59
PAY-012082,ORD-012211,credit_card,10,2930.98
PAY-012083,ORD-004806,credit_card,11,938.67
PAY-012084,ORD-008059,boleto,1,3555.0
PAY-012085,ORD-014122,debit_card,1,5330.87
PAY-012086,ORD-004182,credit_card,10,1203.1
PAY-012087,ORD-013217,voucher,1,6399.39
PAY-012088,ORD-001783,debit_card,1,-40.77
PAY-012089,ORD-003794,voucher,1,7974.47
PAY-012090,ORD-004370,voucher,1,1472.45
PAY-012091,ORD-004276,debit_card,1,4347.45
PAY-012092,ORD-002837,debit_card,1,7230.75
PAY-012093,ORD-012787,debit_card,1,5444.16
PAY-012094,ORD-005314,boleto,1,5974.24
PAY-012095,ORD-014141,credit_card,7,7028.02
PAY-012096,ORD-007860,voucher,1,4651.96
PAY-012097,ORD-011684,credit_card,10,5679.95
PAY-012098,ORD-002667,voucher,1,3267.11
PAY-012099,ORD-002755,boleto,1,6631.08
PAY-012100,ORD-012428,voucher,1,3265.77
PAY-012101,ORD-011338,voucher,1,4466.82
PAY-012102,ORD-004262,debit_card,1,4498.86
PAY-012103,ORD-005784,cash,1,7539.42
PAY-012104,ORD-013108,debit_card,1,2828.35
PAY-012105,ORD-013411,boleto,1,4305.49
PAY-012106,ORD-001722,credit_card,11,7266.95
PAY-012107,ORD-007572,voucher,1,2133.02
PAY-012108,ORD-013518,credit_card,4,513.99
PAY-012109,ORD-008747,voucher,1,5079.82
PAY-012110,ORD-002900,debit_card,1,4103.07
PAY-012111,ORD-002334,voucher,1,7203.52
PAY-012112,ORD-001002,debit_card,1,3641.32
PAY-012113,ORD-013347,debit_card,1,4688.08
PAY-012114,ORD-011708,debit_card,1,5434.97
PAY-012115,ORD-000809,voucher,1,2098.82
PAY-012116,ORD-014487,voucher,1,835.65
PAY-012117,ORD-014397,debit_card,1,6703.84
PAY-012118,ORD-013162,boleto,1,7505.0
PAY-012119,ORD-001390,debit_card,1,1788.35
PAY-012120,ORD-001141,boleto,1,5315.73
PAY-012121,ORD-008503,credit_card,4,3256.35
PAY-012122,ORD-010785,voucher,1,5652.04
PAY-012123,ORD-013264,voucher,1,482.19
PAY-012124,ORD-007570,credit_card,5,4075.37
PAY-012125,ORD-012717,debit_card,1,4086.67
PAY-012126,ORD-003734,credit_card,9,3288.35
PAY-012127,ORD-007685,boleto,1,7802.72
PAY-012128,ORD-011781,voucher,1,1729.56
PAY-012129,ORD-006368,voucher,1,5437.21
PAY-012130,ORD-008296,credit_card,3,1364.3
PAY-012131,ORD-006314,credit_card,3,6555.09
PAY-012132,ORD-008962,boleto,1,3793.89
PAY-012133,ORD-010715,boleto,1,4547.93
PAY-012134,ORD-009856,credit_card,9,6026.55
PAY-012135,ORD-011768,debit_card,1,5557.26
PAY-012136,ORD-001328,boleto,1,7303.93
PAY-012137,ORD-006348,boleto,1,5170.83
PAY-012138,ORD-006011,boleto,1,7851.76
PAY-012139,ORD-007377,debit_card,1,2009.76
PAY-012140,ORD-004029,debit_card,1,7516.96
PAY-012141,ORD-003230,voucher,1,6551.74
PAY-012142,ORD-004029,voucher,1,249.94
PAY-012143,ORD-004228,debit_card,1,7003.52
PAY-012144,ORD-003400,credit_card,7,4883.06
PAY-012145,ORD-012277,boleto,1,3645.16
PAY-012146,ORD-010345,debit_card,1,4214.85
PAY-012147,ORD-007722,credit_card,9,1154.03
PAY-012148,ORD-009984,voucher,1,2539.93
PAY-012149,ORD-005830,boleto,1,3211.1
PAY-012150,ORD-009594,boleto,1,1752.35
PAY-012151,ORD-014707,voucher,1,1127.51
PAY-012152,ORD-006551,voucher,1,307.29
PAY-012153,ORD-011052,debit_card,1,4370.87
PAY-012154,ORD-011833,boleto,1,6365.72
PAY-012155,ORD-013654,boleto,1,5892.09
PAY-012156,ORD-005420,voucher,1,5248.51
PAY-012157,ORD-008722,boleto,1,2954.02
PAY-012158,ORD-006394,debit_card,1,1128.43
PAY-012159,ORD-013987,debit_card,1,1924.32
PAY-012160,ORD-010278,credit_card,3,7486.41
PAY-012161,ORD-010793,debit_card,1,6631.82
PAY-012162,ORD-014017,debit_card,1,5564.7
PAY-012163,ORD-014891,boleto,1,5248.87
PAY-012164,ORD-010706,debit_card,1,3501.17
PAY-012165,ORD-000982,debit_card,1,5455.29
PAY-012166,ORD-008036,credit_card,11,7038.39
PAY-012167,ORD-005887,boleto,1,310.24
PAY-012168,ORD-011208,voucher,1,3879.62
PAY-012169,ORD-013527,debit_card,1,6165.9
PAY-012170,ORD-007866,boleto,1,3047.67
PAY-012171,ORD-007341,debit_card,1,6496.1
PAY-012172,ORD-009896,credit_card,2,4749.98
PAY-012173,ORD-001084,boleto,1,-200.53
PAY-012174,ORD-007846,credit_card,9,5770.64
PAY-012175,ORD-011504,boleto,1,3627.97
PAY-012176,ORD-004325,boleto,1,2863.43
PAY-012177,ORD-001260,credit_card,8,4043.32
PAY-012178,ORD-014140,debit_card,1,2930.63
PAY-012179,ORD-013274,voucher,1,1416.88
PAY-012180,ORD-013982,voucher,1,6293.01
PAY-012181,ORD-013500,boleto,1,7188.06
PAY-012182,ORD-009813,debit_card,1,1633.48
PAY-012183,ORD-007300,credit_card,3,1278.26
PAY-012184,ORD-003559,boleto,1,2657.87
PAY-012185,ORD-001171,credit_card,9,896.81
PAY-012186,ORD-004440,debit_card,1,4952.02
PAY-012187,ORD-010081,credit_card,11,-109.71
PAY-012188,ORD-008693,voucher,1,4659.1
PAY-012189,ORD-001314,voucher,1,2648.16
PAY-012190,ORD-007511,boleto,1,7494.79
PAY-012191,ORD-000553,debit_card,1,5551.71
PAY-012192,ORD-003176,voucher,1,112.94
PAY-012193,ORD-014022,voucher,1,6476.93
PAY-012194,ORD-002167,debit_card,1,3463.96
PAY-012195,ORD-008350,voucher,1,7775.77
PAY-012196,ORD-005088,voucher,1,6141.26
PAY-012197,ORD-007650,credit_card,6,-418.63
PAY-012198,ORD-008723,voucher,1,970.06
PAY-012199,ORD-014106,credit_card,1,6966.22
PAY-012200,ORD-010641,credit_card,7,2531.02
PAY-012201,ORD-003410,voucher,1,6729.91
PAY-012202,ORD-010051,boleto,1,210.36
PAY-012203,ORD-001189,boleto,1,6101.28
PAY-012204,ORD-004151,debit_card,1,2567.68
PAY-012205,ORD-006946,credit_card,4,4356.64
PAY-012206,ORD-002804,voucher,1,5488.8
PAY-012207,ORD-010363,boleto,1,6804.82
PAY-012208,ORD-011202,voucher,1,3769.45
PAY-012209,ORD-006308,credit_card,1,5960.68
PAY-012210,ORD-010351,debit_card,1,4970.22
PAY-012211,ORD-013704,debit_card,1,6850.44
PAY-012212,ORD-012796,credit_card,5,914.56
PAY-012213,ORD-008333,credit_card,10,5741.75
PAY-012214,ORD-010398,credit_card,11,4838.33
PAY-012215,ORD-009011,boleto,1,2416.14
PAY-012216,ORD-004929,boleto,1,4688.43
PAY-012217,ORD-003454,boleto,1,3223.21
PAY-012218,ORD-003901,voucher,1,345.77
PAY-012219,ORD-007301,boleto,1,4714.32
PAY-012220,ORD-001764,credit_card,11,6543.8
PAY-012221,ORD-014160,credit_card,7,2250.92
PAY-012222,ORD-003020,voucher,1,3465.45
PAY-012223,ORD-013750,debit_card,1,2147.62
PAY-012224,ORD-014239,debit_card,1,4428.06
PAY-012225,ORD-010486,boleto,1,6672.38
PAY-012226,ORD-001086,boleto,,6449.87
PAY-012227,ORD-006520,boleto,1,249.81
PAY-012228,ORD-006935,voucher,1,3213.99
PAY-012229,ORD-002248,voucher,1,25.71
PAY-012230,ORD-011190,voucher,1,1958.43
PAY-012231,ORD-004706,debit_card,1,6111.14
PAY-012232,ORD-010010,voucher,1,7486.29
PAY-012233,ORD-001614,credit_card,9,5449.77
PAY-012234,ORD-012086,boleto,1,5817.88
PAY-012235,ORD-003127,credit_card,8,7594.73
PAY-012236,ORD-004852,debit_card,1,7611.16
PAY-012237,ORD-012861,boleto,1,6308.93
PAY-012238,ORD-008180,debit_card,1,3803.51
PAY-012239,ORD-013288,credit_card,1,2406.89
PAY-012240,ORD-013138,boleto,1,1645.26
PAY-012241,ORD-004630,boleto,1,6917.35
PAY-012242,ORD-000291,debit_card,1,1031.58
PAY-012243,ORD-014883,credit_card,,594.37
PAY-012244,ORD-004171,debit_card,1,2178.69
PAY-012245,ORD-004562,voucher,1,301.57
PAY-012246,ORD-014737,credit_card,2,1102.13
PAY-012247,ORD-012474,boleto,1,4979.4
PAY-012248,ORD-004639,voucher,1,6580.18
PAY-012249,ORD-000624,debit_card,1,7442.27
PAY-012250,ORD-003976,debit_card,1,6303.21
PAY-012251,ORD-003947,credit_card,1,7454.2
PAY-012252,ORD-002878,boleto,1,6964.84
PAY-012253,ORD-008886,boleto,1,1894.11
PAY-012254,ORD-005403,debit_card,1,7047.26
PAY-012255,ORD-011471,credit_card,12,83.95
PAY-012256,ORD-014951,voucher,1,5372.71
PAY-012257,ORD-013537,voucher,1,5846.44
PAY-012258,ORD-004258,voucher,1,6546.09
PAY-012259,ORD-006169,voucher,1,1630.85
PAY-012260,ORD-004650,boleto,1,7687.44
PAY-012261,ORD-000057,credit_card,9,5099.35
PAY-012262,ORD-008269,debit_card,1,5012.17
PAY-012263,ORD-011198,debit_card,1,7482.59
PAY-012264,ORD-005737,boleto,1,3462.27
PAY-012265,ORD-007051,debit_card,1,7121.48
PAY-012266,ORD-012028,boleto,1,-383.25
PAY-012267,ORD-008695,credit_card,3,3502.87
PAY-012268,ORD-008617,boleto,1,-55.75
PAY-012269,ORD-000745,boleto,1,531.04
PAY-012270,ORD-013638,debit_card,1,5637.09
PAY-012271,ORD-004760,boleto,1,5301.9
PAY-012272,ORD-003271,credit_card,11,5344.02
PAY-012273,ORD-009436,boleto,1,4753.03
PAY-012274,ORD-002867,boleto,1,3382.85
PAY-012275,ORD-007599,boleto,1,4457.59
PAY-012276,ORD-000949,debit_card,1,322.75
PAY-012277,ORD-007816,voucher,1,7298.97
PAY-012278,ORD-003549,credit_card,8,2344.86
PAY-012279,ORD-007662,credit_card,12,3763.01
PAY-012280,ORD-004581,boleto,1,4466.57
PAY-012281,ORD-008586,boleto,1,7584.67
PAY-012282,ORD-001475,voucher,1,4004.38
PAY-012283,ORD-007192,boleto,1,103.57
PAY-012284,ORD-011531,voucher,1,3814.05
PAY-012285,ORD-014238,boleto,1,3359.64
PAY-012286,ORD-001616,debit_card,1,6318.65
PAY-012287,ORD-003951,credit_card,1,1589.8
PAY-012288,ORD-005789,credit_card,12,2434.08
PAY-012289,ORD-005010,boleto,1,859.68
PAY-012290,ORD-001408,voucher,1,3080.6
PAY-012291,ORD-005707,boleto,1,2195.36
PAY-012292,ORD-011096,debit_card,1,3969.54
PAY-012293,ORD-002618,voucher,1,2788.07
PAY-012294,ORD-002759,credit_card,2,4206.15
PAY-012295,ORD-001763,boleto,1,1280.03
PAY-012296,ORD-000988,debit_card,1,4021.89
PAY-012297,ORD-004457,boleto,1,1927.06
PAY-012298,ORD-004180,boleto,1,4912.61
PAY-012299,ORD-007166,debit_card,1,53.23
PAY-012300,ORD-001050,debit_card,1,2873.04
PAY-012301,ORD-011397,credit_card,4,2732.44
PAY-012302,ORD-010524,boleto,1,2000.66
PAY-012303,ORD-007248,voucher,1,4624.94
PAY-012304,ORD-009054,debit_card,1,6584.58
PAY-012305,ORD-000888,boleto,1,2268.79
PAY-012306,ORD-002459,voucher,1,1534.24
PAY-012307,ORD-004147,debit_card,1,5056.29
PAY-012308,ORD-010917,credit_card,8,7988.39
PAY-012309,ORD-000561,boleto,1,7107.14
PAY-012310,ORD-013235,debit_card,1,1374.01
PAY-012311,ORD-010807,boleto,1,1904.68
PAY-012312,ORD-000404,credit_card,11,2645.61
PAY-012313,ORD-001840,credit_card,9,5757.01
PAY-012314,ORD-010480,boleto,1,5992.42
PAY-012315,ORD-014677,debit_card,1,4882.84
PAY-012316,ORD-014196,voucher,1,4158.83
PAY-012317,ORD-014011,debit_card,1,7950.68
PAY-012318,ORD-009455,boleto,1,4284.11
PAY-012319,ORD-010019,,1,885.32
PAY-012320,ORD-001113,credit_card,7,1510.89
PAY-012321,ORD-014945,boleto,1,1050.7
PAY-012322,ORD-000954,voucher,1,6008.87
PAY-012323,ORD-012851,PIX,1,3251.25
PAY-012324,ORD-013455,debit_card,1,4798.84
PAY-012325,ORD-007541,voucher,1,2936.87
PAY-012326,ORD-001577,credit_card,10,6660.3
PAY-012327,ORD-001468,voucher,1,5090.47
PAY-012328,ORD-014630,debit_card,1,1024.28
PAY-012329,ORD-013835,credit_card,2,3531.16
PAY-012330,ORD-008207,debit_card,1,6958.82
PAY-012331,ORD-002194,boleto,1,4684.15
PAY-012332,ORD-003223,debit_card,1,7479.51
PAY-012333,ORD-007680,debit_card,1,379.56
PAY-012334,ORD-009971,voucher,1,6162.68
PAY-012335,ORD-014121,debit_card,1,4580.22
PAY-012336,ORD-009447,credit_card,3,6400.86
PAY-012337,ORD-006191,,3,5977.01
PAY-012338,ORD-013716,debit_card,1,7177.74
PAY-012339,ORD-002082,voucher,1,4306.53
PAY-012340,ORD-012150,credit_card,,7754.95
PAY-012341,ORD-014117,voucher,1,7726.96
PAY-012342,ORD-004389,credit_card,5,1596.27
PAY-012343,ORD-001817,boleto,1,4198.52
PAY-012344,ORD-006789,credit_card,11,5067.47
PAY-012345,ORD-013933,voucher,1,5670.19
PAY-012346,ORD-014605,debit_card,1,7351.63
PAY-012347,ORD-001334,debit_card,1,3810.1
PAY-012348,ORD-007707,voucher,1,3152.46
PAY-012349,ORD-003786,boleto,1,5975.48
PAY-012350,ORD-013759,debit_card,1,6246.56
PAY-012351,ORD-006875,credit_card,2,4680.51
PAY-012352,ORD-005554,credit_card,1,4817.45
PAY-012353,ORD-009793,credit_card,4,5589.83
PAY-012354,ORD-004736,voucher,1,1113.39
PAY-012355,ORD-006889,debit_card,1,-389.99
PAY-012356,ORD-003331,boleto,1,4688.52
PAY-012357,ORD-006141,voucher,1,6366.81
PAY-012358,ORD-011797,debit_card,1,7727.26
PAY-012359,ORD-013349,boleto,1,4427.79
PAY-012360,ORD-011624,debit_card,1,6525.0
PAY-012361,ORD-003017,debit_card,1,3416.73
PAY-012362,ORD-010427,debit_card,1,3220.2
PAY-012363,ORD-000059,boleto,1,2621.41
PAY-012364,ORD-009790,credit_card,12,3592.94
PAY-012365,ORD-008978,credit_card,5,1776.69
PAY-012366,ORD-001117,voucher,1,4862.41
PAY-012367,ORD-011326,voucher,1,1008.47
PAY-012368,ORD-002526,credit_card,10,2346.38
PAY-012369,ORD-013123,voucher,1,5639.5
PAY-012370,ORD-007111,voucher,1,95.39
PAY-012371,ORD-010578,voucher,1,4969.16
PAY-012372,ORD-012506,credit_card,9,4103.68
PAY-012373,ORD-003799,debit_card,1,7961.63
PAY-012374,ORD-008189,credit_card,4,3179.24
PAY-012375,ORD-009973,boleto,1,2989.45
PAY-012376,ORD-009773,boleto,1,-213.71
PAY-012377,ORD-006698,boleto,1,6342.09
PAY-012378,ORD-007861,debit_card,1,49.2
PAY-012379,ORD-005320,voucher,1,4745.03
PAY-012380,ORD-007720,voucher,1,4495.61
PAY-012381,ORD-004822,credit_card,3,6511.16
PAY-012382,ORD-006623,credit_card,1,4018.83
PAY-012383,ORD-007597,boleto,1,1995.4
PAY-012384,ORD-009977,voucher,1,3643.05
PAY-012385,ORD-007067,debit_card,1,2500.42
PAY-012386,ORD-008907,credit_card,1,-348.48
PAY-012387,ORD-003597,boleto,1,1771.85
PAY-012388,ORD-005398,debit_card,1,7807.05
PAY-012389,ORD-013984,debit_card,1,5946.15
PAY-012390,ORD-010453,voucher,1,-200.95
PAY-012391,ORD-011366,voucher,1,1150.56
PAY-012392,ORD-008260,boleto,1,648.11
PAY-012393,ORD-012459,voucher,1,5420.62
PAY-012394,ORD-007355,voucher,1,7180.48
PAY-012395,ORD-006459,boleto,1,4328.01
PAY-012396,ORD-010967,credit_card,3,7322.28
PAY-012397,ORD-000848,debit_card,1,556.82
PAY-012398,ORD-008880,voucher,1,7084.49
PAY-012399,ORD-014359,debit_card,1,5260.3
PAY-012400,ORD-011550,boleto,1,6993.79
PAY-012401,ORD-001891,credit_card,11,1645.79
PAY-012402,ORD-006928,voucher,1,7940.7
PAY-012403,ORD-011838,voucher,1,1052.81
PAY-012404,ORD-002183,voucher,1,3722.72
PAY-012405,ORD-013294,debit_card,1,2761.48
PAY-012406,ORD-004625,boleto,1,6890.74
PAY-012407,ORD-000572,credit_card,11,2978.83
PAY-012408,ORD-009505,boleto,1,3958.47
PAY-012409,ORD-006793,credit_card,11,4026.1
PAY-012410,ORD-007292,debit_card,1,5769.77
PAY-012411,ORD-001533,credit_card,6,2244.44
PAY-012412,ORD-001824,voucher,1,476.92
PAY-012413,ORD-012012,debit_card,1,7346.36
PAY-012414,ORD-001785,credit_card,7,1883.58
PAY-012415,ORD-007355,credit_card,9,6848.95
PAY-012416,ORD-008383,voucher,1,7008.71
PAY-012417,ORD-000696,credit_card,12,6443.3
PAY-012418,ORD-003203,boleto,1,1485.25
PAY-012419,ORD-000629,boleto,,289.88
PAY-012420,ORD-008441,credit_card,4,6175.31
PAY-012421,ORD-008480,credit_card,11,421.44
PAY-012422,ORD-009387,boleto,1,2704.23
PAY-012423,ORD-001026,credit_card,7,2024.62
PAY-012424,ORD-005275,credit_card,3,477.55
PAY-012425,ORD-012063,credit_card,5,791.2
PAY-012426,ORD-007257,boleto,1,3057.93
PAY-012427,ORD-012487,voucher,1,780.89
PAY-012428,ORD-005898,voucher,1,1420.99
PAY-012429,ORD-008160,debit_card,1,1584.43
PAY-012430,ORD-005251,credit_card,11,4143.33
PAY-012431,ORD-002990,voucher,1,2650.54
PAY-012432,ORD-003196,debit_card,1,3037.49
PAY-012433,ORD-009303,credit_card,7,5587.4
PAY-012434,ORD-012788,boleto,1,6134.92
PAY-012435,ORD-006116,debit_card,1,2284.67
PAY-012436,ORD-008393,boleto,1,2848.34
PAY-012437,ORD-010828,boleto,1,5771.91
PAY-012438,ORD-011710,boleto,1,627.1
PAY-012439,ORD-008033,debit_card,1,1594.74
PAY-012440,ORD-005973,debit_card,1,723.18
PAY-012441,ORD-000115,voucher,1,6707.52
PAY-012442,ORD-001509,credit_card,5,6848.95
PAY-012443,ORD-004517,voucher,1,7505.02
PAY-012444,ORD-004346,boleto,1,5992.97
PAY-012445,ORD-008459,boleto,1,6313.08
PAY-012446,ORD-010860,debit_card,1,4727.9
PAY-012447,ORD-014384,debit_card,1,3330.97
PAY-012448,ORD-008614,voucher,1,7265.64
PAY-012449,ORD-014112,debit_card,1,1332.33
PAY-012450,ORD-005350,boleto,1,1137.07
PAY-012451,ORD-002509,voucher,1,254.31
PAY-012452,ORD-014379,voucher,1,2028.93
PAY-012453,ORD-013350,voucher,1,2438.76
PAY-012454,ORD-010906,voucher,1,5824.08
PAY-012455,ORD-008017,voucher,1,4375.01
PAY-012456,ORD-003835,voucher,1,4002.2
PAY-012457,ORD-000173,boleto,1,5897.75
PAY-012458,ORD-014154,credit_card,1,6174.83
PAY-012459,ORD-001263,voucher,1,4741.01
PAY-012460,ORD-001215,credit_card,3,7498.66
PAY-012461,ORD-008545,credit_card,2,2458.38
PAY-012462,ORD-007531,debit_card,1,4649.39
PAY-012463,ORD-014625,voucher,1,2926.95
PAY-012464,ORD-003300,voucher,1,260.66
PAY-012465,ORD-011803,boleto,1,4953.13
PAY-012466,ORD-001235,debit_card,1,5974.22
PAY-012467,ORD-012550,bitcoin,1,975.21
PAY-012468,ORD-004512,voucher,1,1442.02
PAY-012469,ORD-014898,voucher,1,4026.21
PAY-012470,ORD-006379,credit_card,5,2714.38
PAY-012471,ORD-010880,credit_card,4,319.86
PAY-012472,ORD-001726,debit_card,1,2859.71
PAY-012473,ORD-006187,credit_card,4,2792.41
PAY-012474,ORD-011583,credit_card,7,2913.18
PAY-012475,ORD-008754,credit_card,6,348.71
PAY-012476,ORD-011340,credit_card,10,2570.98
PAY-012477,ORD-011740,credit_card,2,4561.61
PAY-012478,ORD-012562,debit_card,1,4870.62
PAY-012479,ORD-003667,credit_card,3,4732.29
PAY-012480,ORD-013677,credit_card,9,7251.8
PAY-012481,ORD-004093,debit_card,1,3662.89
PAY-012482,ORD-006406,boleto,1,5853.06
PAY-012483,ORD-011700,credit_card,6,553.09
PAY-012484,ORD-002108,debit_card,1,4435.06
PAY-012485,ORD-004403,credit_card,12,3570.19
PAY-012486,ORD-014340,voucher,1,7698.98
PAY-012487,ORD-002187,voucher,1,6411.41
PAY-012488,ORD-002354,debit_card,1,4457.06
PAY-012489,ORD-004875,debit_card,1,234.63
PAY-012490,ORD-003579,credit_card,9,3175.31
PAY-012491,ORD-007984,voucher,1,4745.29
PAY-012492,ORD-000976,debit_card,1,3398.29
PAY-012493,ORD-004292,voucher,1,7941.1
PAY-012494,ORD-002839,debit_card,1,6464.52
PAY-012495,ORD-000352,credit_card,10,5233.86
PAY-012496,ORD-005735,boleto,1,151.11
PAY-012497,ORD-011130,voucher,1,5302.0
PAY-012498,ORD-005572,credit_card,1,1870.93
PAY-012499,ORD-008568,debit_card,1,1724.48
PAY-012500,ORD-001646,credit_card,7,1846.68
PAY-012501,ORD-014301,boleto,1,5516.51
PAY-012502,ORD-010703,voucher,1,1083.34
PAY-012503,ORD-000016,debit_card,1,7778.28
PAY-012504,ORD-008681,debit_card,1,2398.07
PAY-012505,ORD-008102,credit_card,10,814.28
PAY-012506,ORD-006353,boleto,1,6070.84
PAY-012507,ORD-011278,voucher,1,-79.39
PAY-012508,ORD-007766,voucher,1,5902.96
PAY-012509,ORD-010194,voucher,1,7142.55
PAY-012510,ORD-001680,voucher,1,460.68
PAY-012511,ORD-008378,voucher,1,7812.44
PAY-012512,ORD-002317,PIX,1,1412.93
PAY-012513,ORD-012826,debit_card,1,6234.68
PAY-012514,ORD-002962,boleto,1,3473.84
PAY-012515,ORD-002029,debit_card,1,825.15
PAY-012516,ORD-002991,credit_card,11,7732.62
PAY-012517,ORD-001537,debit_card,1,5335.12
PAY-012518,ORD-012873,credit_card,12,6183.7
PAY-012519,ORD-004477,boleto,1,7515.45
PAY-012520,ORD-004128,boleto,1,4783.56
PAY-012521,ORD-006296,credit_card,7,3078.26
PAY-012522,ORD-012219,credit_card,11,4029.22
PAY-012523,ORD-004722,voucher,1,5323.55
PAY-012524,ORD-007267,voucher,1,6797.69
PAY-012525,ORD-005696,boleto,1,5233.58
PAY-012526,ORD-002106,voucher,1,457.64
PAY-012527,ORD-002148,voucher,1,7408.74
PAY-012528,ORD-006754,debit_card,1,4533.15
PAY-012529,ORD-005167,debit_card,1,7642.88
PAY-012530,ORD-014924,boleto,1,5793.92
PAY-012531,ORD-010062,credit_card,12,46.79
PAY-012532,ORD-002686,credit_card,3,2754.44
PAY-012533,ORD-012346,boleto,1,892.02
PAY-012534,ORD-009035,boleto,1,5107.34
PAY-012535,ORD-003508,boleto,1,356.06
PAY-012536,ORD-003818,voucher,1,7181.03
PAY-012537,ORD-000086,credit_card,12,6281.06
PAY-012538,ORD-002600,voucher,1,4093.75
PAY-012539,ORD-006917,boleto,1,415.9
PAY-012540,ORD-005645,boleto,1,5964.63
PAY-012541,ORD-012059,voucher,1,6298.29
PAY-012542,ORD-014588,debit_card,1,5877.16
PAY-012543,ORD-005392,credit_card,10,659.4
PAY-012544,ORD-001306,voucher,1,327.61
PAY-012545,ORD-007947,credit_card,11,5983.15
PAY-012546,ORD-008010,credit_card,9,6903.37
PAY-012547,ORD-011700,boleto,1,4220.81
PAY-012548,ORD-014753,credit_card,9,2038.34
PAY-012549,ORD-004046,voucher,1,6464.98
PAY-012550,ORD-006005,boleto,1,1690.21
PAY-012551,ORD-000420,debit_card,1,1062.02
PAY-012552,ORD-008585,credit_card,3,5563.23
PAY-012553,ORD-004663,boleto,1,308.68
PAY-012554,ORD-001605,voucher,1,3927.94
PAY-012555,ORD-002719,credit_card,2,6989.1
PAY-012556,ORD-007404,credit_card,5,1834.6
PAY-012557,ORD-014407,boleto,1,5574.77
PAY-012558,ORD-003058,voucher,1,2401.59
PAY-012559,ORD-005568,boleto,1,1707.11
PAY-012560,ORD-008242,boleto,1,515.03
PAY-012561,ORD-010809,credit_card,11,2515.31
PAY-012562,ORD-006810,debit_card,1,2752.18
PAY-012563,ORD-010103,debit_card,1,7521.7
PAY-012564,ORD-014322,debit_card,1,6139.97
PAY-012565,ORD-009308,voucher,1,6601.54
PAY-012566,ORD-006036,credit_card,7,6979.56
PAY-012567,ORD-001967,credit_card,8,3994.66
PAY-012568,ORD-001339,credit_card,4,4504.28
PAY-012569,ORD-000955,credit_card,11,4561.83
PAY-012570,ORD-003655,voucher,1,3446.11
PAY-012571,ORD-002278,boleto,1,6145.15
PAY-012572,ORD-008227,credit_card,4,3992.0
PAY-012573,ORD-009234,debit_card,1,1200.92
PAY-012574,ORD-006132,debit_card,1,3644.5
PAY-012575,ORD-001779,debit_card,1,7280.99
PAY-012576,ORD-012701,debit_card,1,7666.19
PAY-012577,ORD-008991,boleto,1,6591.92
PAY-012578,ORD-006357,debit_card,1,3535.19
PAY-012579,ORD-012544,boleto,1,531.02
PAY-012580,ORD-005543,debit_card,1,3654.58
PAY-012581,ORD-003795,voucher,1,6830.24
PAY-012582,ORD-000140,debit_card,1,1295.79
PAY-012583,ORD-011568,credit_card,7,6485.01
PAY-012584,ORD-011160,debit_card,1,4076.38
PAY-012585,ORD-009610,credit_card,11,4584.66
PAY-012586,ORD-012758,boleto,1,2901.28
PAY-012587,ORD-009559,voucher,1,3769.07
PAY-012588,ORD-000966,credit_card,5,7225.01
PAY-012589,ORD-008930,voucher,1,3599.81
PAY-012590,ORD-005270,credit_card,9,6824.46
PAY-012591,ORD-002444,debit_card,1,5046.93
PAY-012592,ORD-012213,debit_card,1,766.88
PAY-012593,ORD-013799,credit_card,3,6222.17
PAY-012594,ORD-006901,voucher,1,1638.86
PAY-012595,ORD-005013,voucher,1,2811.8
PAY-012596,ORD-008713,credit_card,12,2435.64
PAY-012597,ORD-012408,boleto,1,2636.22
PAY-012598,ORD-008923,boleto,1,6078.91
PAY-012599,ORD-009354,voucher,1,3096.45
PAY-012600,ORD-009456,boleto,1,5350.4
PAY-012601,ORD-002721,boleto,1,3292.27
PAY-012602,ORD-009838,debit_card,1,6929.28
PAY-012603,ORD-012503,debit_card,1,7117.08
PAY-012604,ORD-013834,boleto,1,3483.96
PAY-012605,ORD-007899,voucher,1,-397.22
PAY-012606,ORD-013444,boleto,1,6911.45
PAY-012607,ORD-013927,debit_card,1,222.08
PAY-012608,ORD-014706,credit_card,3,5419.66
PAY-012609,ORD-004025,voucher,1,6746.21
PAY-012610,ORD-000068,boleto,1,1854.17
PAY-012611,ORD-001503,bitcoin,12,6391.05
PAY-012612,ORD-002618,debit_card,1,2446.09
PAY-012613,ORD-012108,voucher,1,6729.43
PAY-012614,ORD-012267,credit_card,11,6668.08
PAY-012615,ORD-009932,credit_card,1,2055.32
PAY-012616,ORD-008404,credit_card,5,5854.29
PAY-012617,ORD-003957,voucher,1,5434.84
PAY-012618,ORD-007889,credit_card,8,1938.04
PAY-012619,ORD-003503,credit_card,8,2218.13
PAY-012620,ORD-008051,debit_card,1,170.94
PAY-012621,ORD-002690,boleto,1,1496.38
PAY-012622,ORD-000675,voucher,1,5315.29
PAY-012623,ORD-002052,voucher,1,7221.81
PAY-012624,ORD-003226,boleto,1,2412.23
PAY-012625,ORD-001831,boleto,1,5783.04
PAY-012626,ORD-007765,boleto,1,3295.95
PAY-012627,ORD-000794,credit_card,2,369.8
PAY-012628,ORD-006639,credit_card,2,322.99
PAY-012629,ORD-007639,debit_card,1,6782.18
PAY-012630,ORD-005798,debit_card,1,2658.68
PAY-012631,ORD-010495,boleto,1,6178.54
PAY-012632,ORD-009545,debit_card,1,1214.3
PAY-012633,ORD-013871,boleto,1,2214.37
PAY-012634,ORD-002750,boleto,1,6104.52
PAY-012635,ORD-005961,voucher,1,2234.37
PAY-012636,ORD-000233,voucher,1,2432.32
PAY-012637,ORD-001062,credit_card,4,7773.85
PAY-012638,ORD-013235,boleto,1,841.61
PAY-012639,ORD-001139,credit_card,9,6490.61
PAY-012640,ORD-014707,credit_card,2,1147.85
PAY-012641,ORD-010937,debit_card,1,1479.95
PAY-012642,ORD-003084,debit_card,1,6568.75
PAY-012643,ORD-003898,boleto,1,1171.06
PAY-012644,ORD-005149,debit_card,1,6698.59
PAY-012645,ORD-008172,debit_card,1,6215.23
PAY-012646,ORD-006096,credit_card,1,4126.91
PAY-012647,ORD-005261,credit_card,8,3472.8
PAY-012648,ORD-008066,debit_card,1,4936.5
PAY-012649,ORD-002183,boleto,1,4206.81
PAY-012650,ORD-004469,credit_card,4,7352.22
PAY-012651,ORD-006751,voucher,1,1465.32
PAY-012652,ORD-007156,voucher,1,7471.6
PAY-012653,ORD-007498,voucher,1,7665.57
PAY-012654,ORD-001051,voucher,1,5828.82
PAY-012655,ORD-008903,credit_card,4,4934.92
PAY-012656,ORD-006566,credit_card,12,2668.88
PAY-012657,ORD-007580,voucher,1,4019.89
PAY-012658,ORD-006817,debit_card,1,2050.1
PAY-012659,ORD-013793,voucher,1,3573.59
PAY-012660,ORD-000471,credit_card,5,2399.3
PAY-012661,ORD-010276,debit_card,1,1528.67
PAY-012662,ORD-006272,debit_card,1,2950.16
PAY-012663,ORD-002938,boleto,1,1909.64
PAY-012664,ORD-005883,boleto,1,7251.57
PAY-012665,ORD-004686,credit_card,11,3189.18
PAY-012666,ORD-007581,debit_card,1,1240.14
PAY-012667,ORD-004039,debit_card,1,1893.81
PAY-012668,ORD-008265,debit_card,1,661.72
PAY-012669,ORD-013608,debit_card,1,5076.48
PAY-012670,ORD-000618,voucher,1,2688.81
PAY-012671,ORD-008130,boleto,1,5890.93
PAY-012672,ORD-004252,debit_card,1,4201.3
PAY-012673,ORD-011376,voucher,1,4252.74
PAY-012674,ORD-007581,voucher,1,6239.16
PAY-012675,ORD-004297,debit_card,1,2962.5
PAY-012676,ORD-000599,boleto,1,7102.85
PAY-012677,ORD-002771,voucher,1,7083.75
PAY-012678,ORD-004763,boleto,1,4284.56
PAY-012679,ORD-006545,voucher,1,2419.66
PAY-012680,ORD-001191,credit_card,4,883.74
PAY-012681,ORD-003288,debit_card,1,7375.31
PAY-012682,ORD-005275,debit_card,1,1840.76
PAY-012683,ORD-002607,voucher,1,4126.33
PAY-012684,ORD-007211,boleto,1,2164.54
PAY-012685,ORD-002003,debit_card,1,6814.09
PAY-012686,ORD-003461,credit_card,6,5748.02
PAY-012687,ORD-007545,credit_card,5,738.27
PAY-012688,ORD-010081,boleto,1,860.04
PAY-012689,ORD-013108,debit_card,1,3001.17
PAY-012690,ORD-009860,debit_card,1,5216.95
PAY-012691,ORD-012768,voucher,1,1024.7
PAY-012692,ORD-008403,debit_card,1,5212.9
PAY-012693,ORD-004421,debit_card,1,4256.68
PAY-012694,ORD-007446,boleto,1,4996.22
PAY-012695,ORD-000469,debit_card,1,573.87
PAY-012696,ORD-014231,credit_card,3,1930.03
PAY-012697,ORD-001516,credit_card,1,3307.07
PAY-012698,ORD-002113,boleto,1,5334.93
PAY-012699,ORD-005866,boleto,1,4047.77
PAY-012700,ORD-005161,boleto,1,1071.46
PAY-012701,ORD-002875,voucher,1,6659.4
PAY-012702,ORD-013657,credit_card,2,1498.39
PAY-012703,ORD-008515,debit_card,1,5307.49
PAY-012704,ORD-011517,debit_card,1,5136.72
PAY-012705,ORD-007908,voucher,1,1168.24
PAY-012706,ORD-006910,voucher,1,386.93
PAY-012707,ORD-010550,boleto,1,7813.15
PAY-012708,ORD-003340,voucher,1,3118.24
PAY-012709,ORD-013028,voucher,1,6443.64
PAY-012710,ORD-007178,credit_card,10,5948.72
PAY-012711,ORD-003568,credit_card,5,1928.86
PAY-012712,ORD-009817,debit_card,1,3369.05
PAY-012713,ORD-009202,credit_card,12,801.1
PAY-012714,ORD-000507,boleto,1,1209.42
PAY-012715,ORD-009817,boleto,1,1148.16
PAY-012716,ORD-004427,boleto,1,1612.27
PAY-012717,ORD-014526,credit_card,6,15.95
PAY-012718,ORD-003126,credit_card,11,6032.5
PAY-012719,ORD-002533,debit_card,1,3012.12
PAY-012720,ORD-008113,debit_card,1,6018.72
PAY-012721,ORD-006967,debit_card,1,4020.83
PAY-012722,ORD-009154,voucher,1,1943.82
PAY-012723,ORD-005475,voucher,1,911.05
PAY-012724,ORD-005131,boleto,1,4841.72
PAY-012725,ORD-014602,voucher,1,5835.89
PAY-012726,ORD-012856,boleto,1,5681.25
PAY-012727,ORD-004867,PIX,1,7792.37
PAY-012728,ORD-014964,credit_card,1,2877.95
PAY-012729,ORD-008108,boleto,1,4998.52
PAY-012730,ORD-000351,voucher,1,7750.46
PAY-012731,ORD-004701,boleto,1,2239.23
PAY-012732,ORD-013984,debit_card,1,3179.74
PAY-012733,ORD-011569,voucher,1,7514.77
PAY-012734,ORD-014055,debit_card,1,5844.83
PAY-012735,ORD-005873,voucher,1,2168.77
PAY-012736,ORD-010843,credit_card,5,1182.35
PAY-012737,ORD-013786,debit_card,1,7961.05
PAY-012738,ORD-010228,credit_card,4,4126.22
PAY-012739,ORD-012985,voucher,1,4971.55
PAY-012740,ORD-004284,debit_card,1,3672.39
PAY-012741,ORD-000189,boleto,1,7245.07
PAY-012742,ORD-012749,boleto,1,360.68
PAY-012743,ORD-011754,boleto,1,2470.93
PAY-012744,ORD-000288,voucher,1,1815.94
PAY-012745,ORD-014434,voucher,1,6765.48
PAY-012746,ORD-011590,debit_card,1,3467.16
PAY-012747,ORD-007498,boleto,1,6066.92
PAY-012748,ORD-000101,debit_card,1,2162.75
PAY-012749,ORD-009921,voucher,1,4661.55
PAY-012750,ORD-005574,debit_card,1,6469.31
PAY-012751,ORD-004677,debit_card,1,6817.37
PAY-012752,ORD-001426,debit_card,1,7740.35
PAY-012753,ORD-001044,credit_card,1,4848.84
PAY-012754,ORD-004044,debit_card,1,7243.97
PAY-012755,ORD-014639,debit_card,1,6008.32
PAY-012756,ORD-005562,voucher,1,6594.49
PAY-012757,ORD-012035,debit_card,1,1202.03
PAY-012758,ORD-002947,voucher,1,4755.6
PAY-012759,ORD-011258,credit_card,3,5824.86
PAY-012760,ORD-000396,debit_card,1,1327.92
PAY-012761,ORD-010784,voucher,1,4805.2
PAY-012762,ORD-010219,voucher,1,5944.75
PAY-012763,ORD-005105,debit_card,1,1843.58
PAY-012764,ORD-012057,credit_card,12,704.2
PAY-012765,ORD-011905,voucher,1,1470.35
PAY-012766,ORD-004905,credit_card,3,7301.24
PAY-012767,ORD-006733,voucher,1,5041.8
PAY-012768,ORD-008015,boleto,1,2694.42
PAY-012769,ORD-006719,credit_card,1,5082.19
PAY-012770,ORD-008715,credit_card,3,4060.14
PAY-012771,ORD-008987,debit_card,1,6494.55
PAY-012772,ORD-006665,debit_card,1,7449.5
PAY-012773,ORD-006754,boleto,1,1403.47
PAY-012774,ORD-004733,boleto,1,5628.91
PAY-012775,ORD-012747,credit_card,9,3384.69
PAY-012776,ORD-006038,voucher,1,-422.98
PAY-012777,ORD-010057,credit_card,7,6119.61
PAY-012778,ORD-000244,voucher,1,5348.9
PAY-012779,ORD-006695,voucher,1,6107.87
PAY-012780,ORD-007350,debit_card,1,1215.55
PAY-012781,ORD-004712,voucher,1,7831.4
PAY-012782,ORD-003758,credit_card,8,7725.83
PAY-012783,ORD-001740,debit_card,1,3599.04
PAY-012784,ORD-011730,voucher,1,7149.84
PAY-012785,ORD-005840,voucher,1,3035.04
PAY-012786,ORD-005643,boleto,1,6134.7
PAY-012787,ORD-014596,voucher,1,1910.47
PAY-012788,ORD-012265,boleto,1,7533.07
PAY-012789,ORD-014327,boleto,1,6876.47
PAY-012790,ORD-011841,boleto,1,6855.8
PAY-012791,ORD-009581,credit_card,2,-120.09
PAY-012792,ORD-008215,credit_card,7,7999.64
PAY-012793,ORD-002685,debit_card,1,4028.88
PAY-012794,ORD-011761,debit_card,1,1318.65
PAY-012795,ORD-009237,voucher,1,2034.82
PAY-012796,ORD-010918,debit_card,1,724.25
PAY-012797,ORD-006887,debit_card,1,71.4
PAY-012798,ORD-005397,credit_card,3,4795.91
PAY-012799,ORD-006440,credit_card,9,3973.77
PAY-012800,ORD-011583,voucher,1,3504.86
PAY-012801,ORD-001533,voucher,1,7956.69
PAY-012802,ORD-007555,debit_card,1,7866.39
PAY-012803,ORD-007824,boleto,1,4472.9
PAY-012804,ORD-003216,credit_card,3,3253.44
PAY-012805,ORD-011840,debit_card,1,3887.34
PAY-012806,ORD-013820,credit_card,4,1664.21
PAY-012807,ORD-013183,debit_card,1,688.23
PAY-012808,ORD-000594,voucher,1,380.36
PAY-012809,ORD-003974,debit_card,1,2635.77
PAY-012810,ORD-012657,credit_card,6,7949.07
PAY-012811,ORD-012352,boleto,1,6848.89
PAY-012812,ORD-001014,credit_card,12,6705.58
PAY-012813,ORD-007746,credit_card,2,1376.69
PAY-012814,ORD-001188,credit_card,12,3435.28
PAY-012815,ORD-007627,voucher,1,936.25
PAY-012816,ORD-003414,voucher,1,3546.65
PAY-012817,ORD-010824,voucher,1,2340.34
PAY-012818,ORD-011799,cash,1,1965.21
PAY-012819,ORD-002852,boleto,1,4275.11
PAY-012820,ORD-004158,debit_card,1,799.89
PAY-012821,ORD-009227,boleto,1,3265.11
PAY-012822,ORD-013943,credit_card,10,830.5
PAY-012823,ORD-013881,voucher,,1469.3
PAY-012824,ORD-000204,voucher,1,3279.21
PAY-012825,ORD-000376,voucher,1,1982.24
PAY-012826,ORD-011936,debit_card,1,4588.42
PAY-012827,ORD-000292,voucher,1,7336.97
PAY-012828,ORD-014721,credit_card,9,4855.14
PAY-012829,ORD-001805,debit_card,1,4911.6
PAY-012830,ORD-014331,credit_card,8,3261.78
PAY-012831,ORD-007721,voucher,1,2303.88
PAY-012832,ORD-003250,credit_card,2,2588.99
PAY-012833,ORD-004099,debit_card,1,3628.62
PAY-012834,ORD-007400,credit_card,12,2953.93
PAY-012835,ORD-000156,debit_card,1,2729.92
PAY-012836,ORD-003980,voucher,1,2139.13
PAY-012837,ORD-007918,voucher,1,6195.63
PAY-012838,ORD-014923,boleto,1,4631.64
PAY-012839,ORD-008579,credit_card,2,914.02
PAY-012840,ORD-004722,voucher,1,110.92
PAY-012841,ORD-006000,credit_card,3,5351.82
PAY-012842,ORD-005026,debit_card,1,1359.09
PAY-012843,ORD-008908,boleto,1,2090.57
PAY-012844,ORD-014288,credit_card,1,7068.01
PAY-012845,ORD-008058,voucher,1,2909.63
PAY-012846,ORD-004203,voucher,1,4048.53
PAY-012847,ORD-003612,,1,1728.88
PAY-012848,ORD-013499,voucher,1,2475.08
PAY-012849,ORD-003538,voucher,1,2797.21
PAY-012850,ORD-011580,boleto,1,5755.71
PAY-012851,ORD-005240,debit_card,1,4866.09
PAY-012852,ORD-013653,debit_card,1,2759.35
PAY-012853,ORD-004649,credit_card,7,5571.09
PAY-012854,ORD-003755,credit_card,2,7043.43
PAY-012855,ORD-006330,debit_card,1,7243.75
PAY-012856,ORD-007424,credit_card,7,1854.85
PAY-012857,ORD-012519,credit_card,1,4542.68
PAY-012858,ORD-005331,debit_card,,4050.65
PAY-012859,ORD-005600,debit_card,1,7924.95
PAY-012860,ORD-001976,voucher,1,-183.08
PAY-012861,ORD-001668,credit_card,6,2626.08
PAY-012862,ORD-003202,boleto,1,4322.91
PAY-012863,ORD-007429,debit_card,1,1171.63
PAY-012864,ORD-007812,debit_card,1,2046.38
PAY-012865,ORD-004922,bitcoin,12,5164.51
PAY-012866,ORD-012789,voucher,1,6222.36
PAY-012867,ORD-014981,credit_card,5,961.5
PAY-012868,ORD-014289,credit_card,4,4444.85
PAY-012869,ORD-006292,boleto,1,1039.97
PAY-012870,ORD-001346,boleto,1,805.47
PAY-012871,ORD-003628,credit_card,11,960.22
PAY-012872,ORD-009408,debit_card,1,3245.78
PAY-012873,ORD-010856,boleto,1,5897.59
PAY-012874,ORD-011350,debit_card,1,6416.16
PAY-012875,ORD-007901,boleto,1,6487.08
PAY-012876,ORD-004663,voucher,1,5877.67
PAY-012877,ORD-001506,debit_card,1,4814.05
PAY-012878,ORD-010337,voucher,1,3345.6
PAY-012879,ORD-004802,debit_card,1,5397.45
PAY-012880,ORD-014090,debit_card,1,-264.03
PAY-012881,ORD-013701,debit_card,1,846.08
PAY-012882,ORD-002476,voucher,1,7072.78
PAY-012883,ORD-014555,debit_card,1,4780.8
PAY-012884,ORD-003633,credit_card,10,1657.29
PAY-012885,ORD-000243,credit_card,12,191.65
PAY-012886,ORD-012035,voucher,1,1758.99
PAY-012887,ORD-008269,debit_card,1,3817.08
PAY-012888,ORD-004657,credit_card,3,737.96
PAY-012889,ORD-007080,debit_card,1,3420.64
PAY-012890,ORD-005531,boleto,1,5194.97
PAY-012891,ORD-006987,voucher,1,4559.4
PAY-012892,ORD-000491,credit_card,8,5216.73
PAY-012893,ORD-000337,debit_card,1,5373.83
PAY-012894,ORD-011089,credit_card,2,4701.4
PAY-012895,ORD-012101,boleto,1,2896.69
PAY-012896,ORD-002811,debit_card,1,4097.29
PAY-012897,ORD-008303,credit_card,5,7397.17
PAY-012898,ORD-000507,debit_card,1,6961.03
PAY-012899,ORD-014638,boleto,1,5047.0
PAY-012900,ORD-006087,voucher,1,2006.04
PAY-012901,ORD-005935,debit_card,1,1695.16
PAY-012902,ORD-002218,credit_card,8,1398.27
PAY-012903,ORD-012786,credit_card,6,3953.95
PAY-012904,ORD-012054,boleto,1,5201.65
PAY-012905,ORD-010084,boleto,1,6079.03
PAY-012906,ORD-003529,boleto,1,6870.3
PAY-012907,ORD-007733,debit_card,1,7640.01
PAY-012908,ORD-004886,voucher,1,5894.53
PAY-012909,ORD-003449,debit_card,1,1265.52
PAY-012910,ORD-006242,debit_card,1,7771.05
PAY-012911,ORD-014888,debit_card,1,1171.49
PAY-012912,ORD-001910,voucher,1,4685.36
PAY-012913,ORD-012283,voucher,1,6888.17
PAY-012914,ORD-003353,voucher,1,2045.1
PAY-012915,ORD-012372,voucher,1,6182.83
PAY-012916,ORD-010905,voucher,1,1594.19
PAY-012917,ORD-011975,credit_card,8,5388.77
PAY-012918,ORD-008322,credit_card,9,4751.67
PAY-012919,ORD-001561,voucher,1,3833.16
PAY-012920,ORD-005682,voucher,1,2212.55
PAY-012921,ORD-000828,credit_card,6,7247.37
PAY-012922,ORD-002907,debit_card,1,4136.98
PAY-012923,ORD-014572,voucher,1,6543.7
PAY-012924,ORD-007748,credit_card,4,5193.07
PAY-012925,ORD-004053,credit_card,8,4279.98
PAY-012926,ORD-002841,debit_card,1,6732.26
PAY-012927,ORD-000378,debit_card,1,5080.23
PAY-012928,ORD-002743,debit_card,1,-316.5
PAY-012929,ORD-012247,debit_card,1,5734.36
PAY-012930,ORD-009613,credit_card,12,1162.03
PAY-012931,ORD-007962,boleto,1,3073.13
PAY-012932,ORD-005195,voucher,1,2567.23
PAY-012933,ORD-004180,debit_card,1,4934.67
PAY-012934,ORD-006563,debit_card,1,481.29
PAY-012935,ORD-011211,voucher,1,6043.28
PAY-012936,ORD-002050,debit_card,1,5315.88
PAY-012937,ORD-003454,credit_card,5,3009.85
PAY-012938,ORD-002993,voucher,1,4567.56
PAY-012939,ORD-014666,boleto,1,1115.62
PAY-012940,ORD-004841,boleto,1,7478.84
PAY-012941,ORD-003686,debit_card,1,1434.83
PAY-012942,ORD-002006,debit_card,1,339.87
PAY-012943,ORD-004550,credit_card,4,537.02
PAY-012944,ORD-005418,boleto,1,5718.92
PAY-012945,ORD-006649,voucher,1,7978.18
PAY-012946,ORD-004918,boleto,1,2628.2
PAY-012947,ORD-004757,credit_card,10,6599.52
PAY-012948,ORD-014168,credit_card,12,5044.83
PAY-012949,ORD-001000,debit_card,1,4855.91
PAY-012950,ORD-009117,debit_card,1,4994.6
PAY-012951,ORD-003042,credit_card,7,725.33
PAY-012952,ORD-010874,credit_card,4,1227.68
PAY-012953,ORD-007990,voucher,1,6538.36
PAY-012954,ORD-003787,credit_card,10,6779.98
PAY-012955,ORD-006024,boleto,1,4268.4
PAY-012956,ORD-006163,credit_card,10,4468.06
PAY-012957,ORD-009258,voucher,1,3417.88
PAY-012958,ORD-014758,voucher,1,6844.15
PAY-012959,ORD-006099,credit_card,4,2354.47
PAY-012960,ORD-005847,debit_card,1,859.23
PAY-012961,ORD-010942,credit_card,2,2150.29
PAY-012962,ORD-009644,debit_card,1,4130.06
PAY-012963,ORD-008669,debit_card,1,5113.93
PAY-012964,ORD-000416,credit_card,6,6838.29
PAY-012965,ORD-005248,debit_card,1,1147.97
PAY-012966,ORD-005707,voucher,1,4410.19
PAY-012967,ORD-002563,credit_card,12,7906.38
PAY-012968,ORD-001200,voucher,1,230.12
PAY-012969,ORD-003813,debit_card,1,4630.66
PAY-012970,ORD-005322,voucher,1,7492.49
PAY-012971,ORD-011179,credit_card,1,3313.0
PAY-012972,ORD-014818,voucher,1,5102.23
PAY-012973,ORD-014006,debit_card,1,3613.83
PAY-012974,ORD-006766,debit_card,1,3765.12
PAY-012975,ORD-004175,boleto,1,2316.83
PAY-012976,ORD-005439,debit_card,1,5497.43
PAY-012977,ORD-007094,debit_card,1,3777.67
PAY-012978,ORD-007862,boleto,1,7166.92
PAY-012979,ORD-003103,boleto,1,161.04
PAY-012980,ORD-004532,voucher,1,5423.63
PAY-012981,ORD-001303,voucher,1,2220.65
PAY-012982,ORD-000056,voucher,1,436.89
PAY-012983,ORD-012163,credit_card,6,1339.65
PAY-012984,ORD-012533,boleto,1,3039.21
PAY-012985,ORD-014164,boleto,1,1296.01
PAY-012986,ORD-004159,credit_card,8,3640.85
PAY-012987,ORD-007996,debit_card,1,3570.62
PAY-012988,ORD-005738,debit_card,1,5761.1
PAY-012989,ORD-002945,voucher,1,4370.68
PAY-012990,ORD-006353,boleto,1,2755.65
PAY-012991,ORD-014488,boleto,1,6383.21
PAY-012992,ORD-013982,voucher,1,348.45
PAY-012993,ORD-006343,voucher,1,5016.4
PAY-012994,ORD-010604,debit_card,1,5644.69
PAY-012995,ORD-012151,credit_card,2,5302.06
PAY-012996,ORD-004045,voucher,1,1126.09
PAY-012997,ORD-000100,boleto,1,6350.79
PAY-012998,ORD-009008,boleto,1,3575.87
PAY-012999,ORD-000513,credit_card,1,1346.9
PAY-013000,ORD-004059,boleto,1,1551.34
PAY-013001,ORD-013814,debit_card,1,5977.45
PAY-013002,ORD-013288,debit_card,1,1889.18
PAY-013003,ORD-000200,debit_card,1,3568.2
PAY-013004,ORD-013290,boleto,1,5212.04
PAY-013005,ORD-000356,credit_card,3,5818.12
PAY-013006,ORD-003837,debit_card,1,3376.68
PAY-013007,ORD-013538,credit_card,1,5092.68
PAY-013008,ORD-011091,credit_card,11,1271.47
PAY-013009,ORD-010167,debit_card,1,7190.4
PAY-013010,ORD-000302,debit_card,1,4783.42
PAY-013011,ORD-006035,boleto,1,7096.11
PAY-013012,ORD-006923,boleto,1,3496.3
PAY-013013,ORD-000014,debit_card,1,5691.34
PAY-013014,ORD-007075,voucher,1,3521.73
PAY-013015,ORD-007448,voucher,1,5078.49
PAY-013016,ORD-009835,debit_card,1,1808.15
PAY-013017,ORD-005020,credit_card,11,3574.48
PAY-013018,ORD-002115,credit_card,8,2927.49
PAY-013019,ORD-002349,voucher,1,7184.2
PAY-013020,ORD-000537,debit_card,1,6659.4
PAY-013021,ORD-009474,credit_card,6,4451.35
PAY-013022,ORD-011392,boleto,1,-158.87
PAY-013023,ORD-009132,credit_card,8,4118.51
PAY-013024,ORD-002566,credit_card,6,4184.11
PAY-013025,ORD-007753,debit_card,1,1671.98
PAY-013026,ORD-008878,voucher,1,7968.35
PAY-013027,ORD-008805,voucher,1,247.14
PAY-013028,ORD-005254,debit_card,1,2879.44
PAY-013029,ORD-005223,bitcoin,1,2104.02
PAY-013030,ORD-003049,voucher,1,7784.12
PAY-013031,ORD-004980,credit_card,4,7867.6
PAY-013032,ORD-006562,credit_card,12,3290.5
PAY-013033,ORD-004806,credit_card,11,1121.97
PAY-013034,ORD-013529,credit_card,7,2413.43
PAY-013035,ORD-005410,boleto,1,5213.6
PAY-013036,ORD-014666,voucher,1,4761.05
PAY-013037,ORD-006601,voucher,1,2067.39
PAY-013038,ORD-005396,debit_card,1,4056.98
PAY-013039,ORD-005584,voucher,1,1372.64
PAY-013040,ORD-000506,debit_card,1,1089.62
PAY-013041,ORD-010357,debit_card,1,1107.32
PAY-013042,ORD-002478,boleto,1,2587.09
PAY-013043,ORD-011593,voucher,1,-464.16
PAY-013044,ORD-004304,boleto,1,3669.57
PAY-013045,ORD-003965,boleto,1,3787.46
PAY-013046,ORD-012205,boleto,1,1824.96
PAY-013047,ORD-004684,boleto,1,451.27
PAY-013048,ORD-008736,voucher,1,7781.48
PAY-013049,ORD-011281,voucher,1,3501.93
PAY-013050,ORD-004895,credit_card,6,2160.98
PAY-013051,ORD-006761,credit_card,3,2378.82
PAY-013052,ORD-000597,debit_card,1,3877.69
PAY-013053,ORD-014549,boleto,1,2462.91
PAY-013054,ORD-005682,debit_card,1,1943.87
PAY-013055,ORD-002052,,2,-485.77
PAY-013056,ORD-013547,debit_card,1,630.03
PAY-013057,ORD-007704,credit_card,6,7449.18
PAY-013058,ORD-003976,debit_card,1,2341.94
PAY-013059,ORD-014495,boleto,1,6216.98
PAY-013060,ORD-009159,boleto,1,2298.1
PAY-013061,ORD-011228,debit_card,1,3720.05
PAY-013062,ORD-002394,voucher,1,602.71
PAY-013063,ORD-008763,debit_card,1,3197.54
PAY-013064,ORD-004275,debit_card,1,5797.28
PAY-013065,ORD-012300,debit_card,1,2985.07
PAY-013066,ORD-003231,debit_card,1,2064.92
PAY-013067,ORD-005536,boleto,1,2297.7
PAY-013068,ORD-012123,credit_card,11,4968.53
PAY-013069,ORD-010684,debit_card,1,3601.08
PAY-013070,ORD-009613,voucher,1,4772.95
PAY-013071,ORD-009463,boleto,1,4034.54
PAY-013072,ORD-005693,credit_card,5,3150.39
PAY-013073,ORD-012430,boleto,1,983.7
PAY-013074,ORD-007667,debit_card,1,3828.35
PAY-013075,ORD-001983,credit_card,5,1879.86
PAY-013076,ORD-008097,credit_card,4,3970.43
PAY-013077,ORD-011050,boleto,1,2675.66
PAY-013078,ORD-010700,credit_card,6,3954.05
PAY-013079,ORD-006622,voucher,1,5045.16
PAY-013080,ORD-004554,debit_card,1,2524.38
PAY-013081,ORD-008038,voucher,1,6739.28
PAY-013082,ORD-005250,voucher,1,2192.02
PAY-013083,ORD-000946,boleto,1,3273.33
PAY-013084,ORD-013643,boleto,1,1745.5
PAY-013085,ORD-011041,debit_card,1,6714.56
PAY-013086,ORD-005972,boleto,1,5141.32
PAY-013087,ORD-003797,boleto,1,2888.75
PAY-013088,ORD-001285,voucher,1,6157.59
PAY-013089,ORD-004673,voucher,1,1290.46
PAY-013090,ORD-004870,debit_card,1,4443.23
PAY-013091,ORD-014459,voucher,1,6579.61
PAY-013092,ORD-012429,boleto,1,7446.91
PAY-013093,ORD-009762,boleto,1,2262.7
PAY-013094,ORD-004896,credit_card,10,7463.09
PAY-013095,ORD-013971,debit_card,1,5055.62
PAY-013096,ORD-003833,boleto,1,7646.54
PAY-013097,ORD-012480,boleto,1,6530.53
PAY-013098,ORD-005257,boleto,1,2629.7
PAY-013099,ORD-012829,voucher,1,100.24
PAY-013100,ORD-005684,credit_card,2,7177.56
PAY-013101,ORD-007404,voucher,1,1003.26
PAY-013102,ORD-008825,credit_card,10,6169.67
PAY-013103,ORD-002372,credit_card,12,1784.48
PAY-013104,ORD-008642,voucher,1,-287.91
PAY-013105,ORD-002599,debit_card,1,1577.02
PAY-013106,ORD-009199,boleto,1,3406.49
PAY-013107,ORD-009849,debit_card,1,6577.77
PAY-013108,ORD-011100,boleto,1,3394.65
PAY-013109,ORD-012744,voucher,1,2749.94
PAY-013110,ORD-008802,voucher,1,1668.05
PAY-013111,ORD-004222,boleto,1,264.8
PAY-013112,ORD-003212,debit_card,1,5391.25
PAY-013113,ORD-012934,voucher,1,6020.8
PAY-013114,ORD-002546,voucher,1,4286.34
PAY-013115,ORD-009522,voucher,1,5073.58
PAY-013116,ORD-013896,credit_card,2,4639.81
PAY-013117,ORD-006401,debit_card,1,3571.16
PAY-013118,ORD-013773,debit_card,1,6105.87
PAY-013119,ORD-001579,credit_card,9,1017.58
PAY-013120,ORD-001412,credit_card,7,3969.41
PAY-013121,ORD-009627,debit_card,1,5685.89
PAY-013122,ORD-003431,credit_card,9,774.27
PAY-013123,ORD-009407,voucher,1,6597.05
PAY-013124,ORD-010443,credit_card,3,341.44
PAY-013125,ORD-006079,credit_card,9,5939.24
PAY-013126,ORD-005193,debit_card,1,1423.31
PAY-013127,ORD-014407,voucher,1,423.05
PAY-013128,ORD-012023,voucher,1,6860.18
PAY-013129,ORD-004117,voucher,1,7214.93
PAY-013130,ORD-003433,boleto,1,7021.93
PAY-013131,ORD-014349,boleto,1,387.52
PAY-013132,ORD-010225,credit_card,4,6405.26
PAY-013133,ORD-005904,voucher,1,5873.26
PAY-013134,ORD-002341,debit_card,1,4986.49
PAY-013135,ORD-005609,boleto,1,3918.51
PAY-013136,ORD-005954,boleto,1,-71.28
PAY-013137,ORD-004769,voucher,1,918.63
PAY-013138,ORD-009966,boleto,1,4417.1
PAY-013139,ORD-004133,boleto,1,2812.74
PAY-013140,ORD-000921,voucher,1,-240.35
PAY-013141,ORD-012127,voucher,1,3186.79
PAY-013142,ORD-008121,debit_card,1,5679.37
PAY-013143,ORD-003122,debit_card,1,5470.24
PAY-013144,ORD-008123,boleto,1,1454.4
PAY-013145,ORD-005843,credit_card,8,4921.68
PAY-013146,ORD-005915,debit_card,1,1718.45
PAY-013147,ORD-011999,boleto,1,4109.52
PAY-013148,ORD-007728,credit_card,10,620.43
PAY-013149,ORD-003261,voucher,1,3864.02
PAY-013150,ORD-004320,boleto,1,4438.93
PAY-013151,ORD-005750,debit_card,1,6208.54
PAY-013152,ORD-000320,boleto,1,5727.35
PAY-013153,ORD-004563,debit_card,,3725.94
PAY-013154,ORD-000272,debit_card,1,678.96
PAY-013155,ORD-006376,debit_card,1,6941.35
PAY-013156,ORD-013975,boleto,1,1103.37
PAY-013157,ORD-002125,boleto,1,5603.4
PAY-013158,ORD-008042,debit_card,1,6696.64
PAY-013159,ORD-008933,voucher,1,2619.79
PAY-013160,ORD-007246,voucher,1,3694.67
PAY-013161,ORD-004479,debit_card,1,1829.3
PAY-013162,ORD-013482,credit_card,8,7298.76
PAY-013163,ORD-001111,voucher,1,1772.37
PAY-013164,ORD-011087,debit_card,1,7960.64
PAY-013165,ORD-003510,debit_card,1,7122.3
PAY-013166,ORD-004356,voucher,1,6506.99
PAY-013167,ORD-011242,boleto,1,2402.77
PAY-013168,ORD-004745,debit_card,1,1391.09
PAY-013169,ORD-010405,debit_card,1,5873.15
PAY-013170,ORD-011748,boleto,1,958.21
PAY-013171,ORD-005847,voucher,1,179.0
PAY-013172,ORD-008568,boleto,1,7996.87
PAY-013173,ORD-014134,credit_card,1,2224.24
PAY-013174,ORD-005437,debit_card,1,2200.63
PAY-013175,ORD-012492,voucher,1,4679.57
PAY-013176,ORD-003035,boleto,1,4134.01
PAY-013177,ORD-000632,boleto,1,7338.48
PAY-013178,ORD-011269,voucher,1,4394.41
PAY-013179,ORD-007034,boleto,1,7891.17
PAY-013180,ORD-011630,voucher,1,6776.17
PAY-013181,ORD-005416,debit_card,1,4486.87
PAY-013182,ORD-003823,debit_card,1,7247.82
PAY-013183,ORD-005337,boleto,1,4463.39
PAY-013184,ORD-001389,voucher,1,4061.93
PAY-013185,ORD-008126,boleto,1,5939.13
PAY-013186,ORD-011802,boleto,1,1796.89
PAY-013187,ORD-007272,boleto,1,7167.67
PAY-013188,ORD-002233,debit_card,1,-288.19
PAY-013189,ORD-006690,boleto,1,2667.09
PAY-013190,ORD-008802,credit_card,11,5332.52
PAY-013191,ORD-013736,boleto,1,2343.04
PAY-013192,ORD-014402,debit_card,1,2196.09
PAY-013193,ORD-008155,debit_card,1,4414.85
PAY-013194,ORD-013678,voucher,1,1216.05
PAY-013195,ORD-007482,voucher,1,2134.46
PAY-013196,ORD-008082,debit_card,1,240.1
PAY-013197,ORD-008537,debit_card,1,4667.64
PAY-013198,ORD-008466,boleto,1,4303.58
PAY-013199,ORD-010645,voucher,1,4909.82
PAY-013200,ORD-008695,voucher,1,7619.85
PAY-013201,ORD-011823,credit_card,4,178.02
PAY-013202,ORD-008068,debit_card,1,3250.82
PAY-013203,ORD-010284,debit_card,1,565.07
PAY-013204,ORD-003518,credit_card,4,7326.64
PAY-013205,ORD-014733,boleto,1,6130.19
PAY-013206,ORD-001240,boleto,1,1437.29
PAY-013207,ORD-013199,boleto,1,6280.68
PAY-013208,ORD-013360,boleto,1,7980.78
PAY-013209,ORD-004059,credit_card,2,1570.0
PAY-013210,ORD-009582,debit_card,1,7559.73
PAY-013211,ORD-005980,voucher,1,1425.21
PAY-013212,ORD-013421,boleto,1,3856.88
PAY-013213,ORD-003317,debit_card,1,4031.52
PAY-013214,ORD-008862,credit_card,11,6015.95
PAY-013215,ORD-011891,credit_card,7,2406.55
PAY-013216,ORD-012271,boleto,1,4938.86
PAY-013217,ORD-001392,voucher,1,6961.46
PAY-013218,ORD-013666,voucher,1,1158.59
PAY-013219,ORD-012096,credit_card,7,3935.28
PAY-013220,ORD-006927,credit_card,3,2356.62
PAY-013221,ORD-009127,debit_card,1,2204.69
PAY-013222,ORD-009145,voucher,1,4215.45
PAY-013223,ORD-009852,boleto,1,3852.58
PAY-013224,ORD-003875,voucher,1,1574.06
PAY-013225,ORD-012665,voucher,1,4516.36
PAY-013226,ORD-002885,debit_card,1,2119.67
PAY-013227,ORD-010620,voucher,1,4074.8
PAY-013228,ORD-009129,boleto,1,3211.66
PAY-013229,ORD-013932,voucher,1,7228.66
PAY-013230,ORD-014526,debit_card,1,4160.55
PAY-013231,ORD-007565,credit_card,5,-227.06
PAY-013232,ORD-001962,credit_card,4,4715.19
PAY-013233,ORD-014729,voucher,1,224.46
PAY-013234,ORD-010321,boleto,1,3066.55
PAY-013235,ORD-009505,boleto,1,4475.17
PAY-013236,ORD-004358,debit_card,1,1993.85
PAY-013237,ORD-001262,credit_card,3,3460.79
PAY-013238,ORD-011627,voucher,1,4505.87
PAY-013239,ORD-007701,credit_card,7,213.39
PAY-013240,ORD-001519,credit_card,7,5574.89
PAY-013241,ORD-010680,credit_card,1,6044.63
PAY-013242,ORD-004901,credit_card,7,7711.65
PAY-013243,ORD-003063,debit_card,1,4310.27
PAY-013244,ORD-013681,debit_card,1,1919.91
PAY-013245,ORD-001848,credit_card,12,7909.86
PAY-013246,ORD-000241,cash,1,4060.66
PAY-013247,ORD-004240,boleto,1,4227.04
PAY-013248,ORD-006066,boleto,1,7266.38
PAY-013249,ORD-001271,debit_card,1,5858.44
PAY-013250,ORD-000651,voucher,1,5256.02
PAY-013251,ORD-002973,boleto,1,7767.47
PAY-013252,ORD-005257,debit_card,1,4733.72
PAY-013253,ORD-004373,voucher,1,1492.0
PAY-013254,ORD-011191,credit_card,12,5626.06
PAY-013255,ORD-009653,voucher,1,7056.75
PAY-013256,ORD-003078,voucher,1,7865.71
PAY-013257,ORD-002361,credit_card,3,1812.63
PAY-013258,ORD-006978,credit_card,6,7780.46
PAY-013259,ORD-008419,credit_card,5,4986.64
PAY-013260,ORD-012369,boleto,1,3494.98
PAY-013261,ORD-002166,credit_card,11,3055.51
PAY-013262,ORD-006017,credit_card,2,3677.93
PAY-013263,ORD-004738,voucher,1,5600.36
PAY-013264,ORD-001120,voucher,1,2859.04
PAY-013265,ORD-008398,credit_card,9,4403.98
PAY-013266,ORD-008662,voucher,1,289.9
PAY-013267,ORD-006196,voucher,1,7499.03
PAY-013268,ORD-003323,credit_card,8,1873.89
PAY-013269,ORD-009882,boleto,1,5619.47
PAY-013270,ORD-011025,voucher,1,5173.25
PAY-013271,ORD-000327,debit_card,1,2186.63
PAY-013272,ORD-011417,voucher,1,168.87
PAY-013273,ORD-014788,credit_card,10,269.47
PAY-013274,ORD-006262,debit_card,,6226.5
PAY-013275,ORD-012585,credit_card,10,7418.42
PAY-013276,ORD-014908,boleto,1,1852.52
PAY-013277,ORD-006101,boleto,1,566.8
PAY-013278,ORD-003875,boleto,1,7930.83
PAY-013279,ORD-008523,debit_card,1,2001.28
PAY-013280,ORD-014550,boleto,1,2908.09
PAY-013281,ORD-013105,debit_card,1,1424.04
PAY-013282,ORD-005886,debit_card,1,5416.98
PAY-013283,ORD-005950,debit_card,1,2034.84
PAY-013284,ORD-002784,boleto,1,6640.69
PAY-013285,ORD-001558,credit_card,6,3939.34
PAY-013286,ORD-013532,credit_card,3,5545.14
PAY-013287,ORD-000717,boleto,1,1347.38
PAY-013288,ORD-003671,credit_card,9,5763.78
PAY-013289,ORD-003972,boleto,1,1955.94
PAY-013290,ORD-013562,debit_card,1,3549.85
PAY-013291,ORD-006209,credit_card,5,996.24
PAY-013292,ORD-003520,boleto,1,663.34
PAY-013293,ORD-013321,debit_card,1,7260.97
PAY-013294,ORD-010487,debit_card,1,576.97
PAY-013295,ORD-004695,voucher,1,7038.08
PAY-013296,ORD-007164,boleto,1,4293.8
PAY-013297,ORD-014676,debit_card,1,5603.82
PAY-013298,ORD-006564,boleto,1,7910.64
PAY-013299,ORD-004383,boleto,1,5343.4
PAY-013300,ORD-010479,boleto,1,1805.54
PAY-013301,ORD-010366,boleto,1,7683.97
PAY-013302,ORD-009747,debit_card,1,4671.86
PAY-013303,ORD-006749,boleto,1,6225.37
PAY-013304,ORD-009169,credit_card,9,6807.96
PAY-013305,ORD-006113,voucher,1,5893.34
PAY-013306,ORD-004392,credit_card,9,6668.39
PAY-013307,ORD-004686,boleto,1,2798.06
PAY-013308,ORD-007210,boleto,1,6441.19
PAY-013309,ORD-014495,debit_card,1,7129.0
PAY-013310,ORD-010324,credit_card,4,3985.53
PAY-013311,ORD-003187,debit_card,1,4755.75
PAY-013312,ORD-002476,boleto,1,2453.29
PAY-013313,ORD-009400,boleto,1,6523.7
PAY-013314,ORD-013505,credit_card,7,5862.81
PAY-013315,ORD-011327,debit_card,1,2867.45
PAY-013316,ORD-013510,voucher,1,6272.54
PAY-013317,ORD-002936,debit_card,1,651.14
PAY-013318,ORD-014636,voucher,1,1897.27
PAY-013319,ORD-012792,credit_card,11,7287.23
PAY-013320,ORD-002723,voucher,1,983.11
PAY-013321,ORD-012334,credit_card,2,-239.68
PAY-013322,ORD-003944,voucher,1,6244.28
PAY-013323,ORD-005814,credit_card,8,2149.34
PAY-013324,ORD-011606,boleto,1,3747.51
PAY-013325,ORD-002985,boleto,1,7279.89
PAY-013326,ORD-002909,debit_card,1,3414.71
PAY-013327,ORD-008291,boleto,1,1638.54
PAY-013328,ORD-003949,voucher,1,7462.04
PAY-013329,ORD-011170,boleto,1,6384.77
PAY-013330,ORD-013070,credit_card,5,2276.45
PAY-013331,ORD-005615,debit_card,1,4789.11
PAY-013332,ORD-000247,credit_card,6,7101.49
PAY-013333,ORD-012633,debit_card,1,7084.31
PAY-013334,ORD-014789,credit_card,8,1913.33
PAY-013335,ORD-010001,debit_card,1,1523.67
PAY-013336,ORD-010014,voucher,1,4479.1
PAY-013337,ORD-001224,credit_card,9,1554.05
PAY-013338,ORD-005796,boleto,1,7719.13
PAY-013339,ORD-008415,voucher,1,3782.17
PAY-013340,ORD-013022,credit_card,3,5119.56
PAY-013341,ORD-014640,voucher,1,7805.13
PAY-013342,ORD-011810,credit_card,7,4777.72
PAY-013343,ORD-009717,credit_card,2,2137.66
PAY-013344,ORD-003915,debit_card,1,3969.89
PAY-013345,ORD-011915,boleto,1,2645.13
PAY-013346,ORD-008875,debit_card,1,7106.52
PAY-013347,ORD-003261,boleto,1,6220.07
PAY-013348,ORD-010014,debit_card,1,2689.1
PAY-013349,ORD-002982,boleto,1,2913.52
PAY-013350,ORD-005076,debit_card,1,2112.54
PAY-013351,ORD-010888,debit_card,1,1922.6
PAY-013352,ORD-003311,credit_card,5,5655.88
PAY-013353,ORD-009689,debit_card,1,5513.22
PAY-013354,ORD-001670,voucher,1,1155.42
PAY-013355,ORD-013073,credit_card,1,2541.65
PAY-013356,ORD-011447,debit_card,1,7814.99
PAY-013357,ORD-001133,debit_card,1,5697.35
PAY-013358,ORD-007325,debit_card,1,3641.92
PAY-013359,ORD-000120,debit_card,1,5169.92
PAY-013360,ORD-008097,debit_card,1,1590.14
PAY-013361,ORD-005405,debit_card,1,3833.64
PAY-013362,ORD-001378,voucher,1,2415.51
PAY-013363,ORD-014557,voucher,1,520.38
PAY-013364,ORD-003148,debit_card,1,1903.49
PAY-013365,ORD-014272,boleto,1,5977.29
PAY-013366,ORD-002056,credit_card,6,7670.43
PAY-013367,ORD-006073,boleto,1,3804.45
PAY-013368,ORD-002557,credit_card,3,804.87
PAY-013369,ORD-008334,boleto,1,1591.5
PAY-013370,ORD-012276,voucher,1,700.85
PAY-013371,ORD-013819,voucher,1,6285.17
PAY-013372,ORD-007941,debit_card,1,47.11
PAY-013373,ORD-004779,boleto,1,3689.53
PAY-013374,ORD-000848,debit_card,1,3438.67
PAY-013375,ORD-009660,voucher,1,5386.88
PAY-013376,ORD-001792,voucher,1,2426.98
PAY-013377,ORD-006719,voucher,1,7618.09
PAY-013378,ORD-001815,voucher,1,4432.33
PAY-013379,ORD-002681,credit_card,3,7190.43
PAY-013380,ORD-001115,credit_card,3,2487.29
PAY-013381,ORD-001047,debit_card,1,1084.28
PAY-013382,ORD-013603,boleto,1,407.04
PAY-013383,ORD-011453,credit_card,9,693.26
PAY-013384,ORD-004006,voucher,1,7547.77
PAY-013385,ORD-014377,credit_card,4,5842.6
PAY-013386,ORD-008305,credit_card,7,3177.27
PAY-013387,ORD-004981,voucher,1,5646.59
PAY-013388,ORD-005975,boleto,1,643.61
PAY-013389,ORD-008873,boleto,1,6879.77
PAY-013390,ORD-005613,debit_card,1,3999.99
PAY-013391,ORD-011619,boleto,,7326.79
PAY-013392,ORD-013514,voucher,1,142.86
PAY-013393,ORD-010570,credit_card,8,618.95
PAY-013394,ORD-004639,voucher,,7415.18
PAY-013395,ORD-012580,debit_card,1,4587.03
PAY-013396,ORD-008805,PIX,9,4630.72
PAY-013397,ORD-011452,credit_card,7,891.48
PAY-013398,ORD-009723,boleto,1,2029.31
PAY-013399,ORD-014648,debit_card,1,6681.3
PAY-013400,ORD-001634,voucher,1,7984.27
PAY-013401,ORD-000746,credit_card,11,7539.42
PAY-013402,ORD-004188,credit_card,3,3031.08
PAY-013403,ORD-011696,voucher,1,33.03
PAY-013404,ORD-004691,debit_card,1,3001.61
PAY-013405,ORD-002914,voucher,1,6930.45
PAY-013406,ORD-005999,boleto,1,6120.64
PAY-013407,ORD-008093,credit_card,11,6305.55
PAY-013408,ORD-004731,credit_card,9,6646.15
PAY-013409,ORD-002283,boleto,1,3987.84
PAY-013410,ORD-014096,debit_card,1,2825.66
PAY-013411,ORD-012823,boleto,1,5165.49
PAY-013412,ORD-004877,credit_card,11,6229.64
PAY-013413,ORD-010375,credit_card,7,5719.62
PAY-013414,ORD-012574,voucher,1,3403.43
PAY-013415,ORD-011404,voucher,1,6722.15
PAY-013416,ORD-000446,boleto,1,4522.54
PAY-013417,ORD-003295,voucher,1,3487.75
PAY-013418,ORD-003860,boleto,1,5412.83
PAY-013419,ORD-014059,debit_card,1,2808.7
PAY-013420,ORD-005359,voucher,1,3306.87
PAY-013421,ORD-012639,cash,1,2606.08
PAY-013422,ORD-002458,boleto,1,349.9
PAY-013423,ORD-012524,credit_card,7,5120.89
PAY-013424,ORD-001194,voucher,1,1365.29
PAY-013425,ORD-007635,debit_card,1,4250.82
PAY-013426,ORD-014972,boleto,1,460.01
PAY-013427,ORD-011196,boleto,1,6423.58
PAY-013428,ORD-006331,boleto,1,4990.74
PAY-013429,ORD-003637,voucher,1,265.15
PAY-013430,ORD-004468,debit_card,1,2067.73
PAY-013431,ORD-013435,credit_card,6,7291.32
PAY-013432,ORD-000694,boleto,1,1441.39
PAY-013433,ORD-000848,credit_card,2,3456.29
PAY-013434,ORD-008551,voucher,1,2535.92
PAY-013435,ORD-002672,voucher,1,3083.52
PAY-013436,ORD-012530,debit_card,1,4015.99
PAY-013437,ORD-001225,boleto,1,614.1
PAY-013438,ORD-007923,voucher,1,7641.01
PAY-013439,ORD-002809,boleto,1,5380.76
PAY-013440,ORD-012808,boleto,1,7686.98
PAY-013441,ORD-012722,debit_card,1,1013.99
PAY-013442,ORD-002627,voucher,1,2100.58
PAY-013443,ORD-010243,boleto,1,2166.43
PAY-013444,ORD-012268,boleto,1,2119.36
PAY-013445,ORD-002534,voucher,1,7718.71
PAY-013446,ORD-010256,credit_card,3,7720.19
PAY-013447,ORD-006614,boleto,1,7032.14
PAY-013448,ORD-010195,voucher,1,5721.37
PAY-013449,ORD-008896,boleto,1,2501.95
PAY-013450,ORD-010910,boleto,1,4047.14
PAY-013451,ORD-003284,debit_card,1,7705.15
PAY-013452,ORD-013350,credit_card,3,4501.04
PAY-013453,ORD-009101,boleto,1,1873.52
PAY-013454,ORD-004962,credit_card,7,6846.44
PAY-013455,ORD-012137,credit_card,4,2320.57
PAY-013456,ORD-009349,credit_card,4,6893.78
PAY-013457,ORD-014716,credit_card,1,3306.31
PAY-013458,ORD-001912,voucher,1,3552.09
PAY-013459,ORD-011274,voucher,1,7618.89
PAY-013460,ORD-002926,debit_card,1,821.36
PAY-013461,ORD-014315,,1,5062.66
PAY-013462,ORD-004284,debit_card,1,7628.29
PAY-013463,ORD-011037,boleto,1,5674.55
PAY-013464,ORD-007011,boleto,1,5337.89
PAY-013465,ORD-004518,debit_card,1,5422.11
PAY-013466,ORD-013773,debit_card,1,1257.76
PAY-013467,ORD-000931,credit_card,1,2724.73
PAY-013468,ORD-013810,boleto,1,6524.21
PAY-013469,ORD-009308,boleto,1,2905.75
PAY-013470,ORD-012041,debit_card,1,3085.12
PAY-013471,ORD-014078,boleto,1,7352.78
PAY-013472,ORD-006529,boleto,1,3082.87
PAY-013473,ORD-002299,boleto,1,6538.34
PAY-013474,ORD-010987,bitcoin,1,7481.23
PAY-013475,ORD-011301,debit_card,1,5203.88
PAY-013476,ORD-005745,voucher,1,1728.77
PAY-013477,ORD-005429,boleto,1,7877.75
PAY-013478,ORD-010801,debit_card,1,4488.52
PAY-013479,ORD-004645,voucher,1,4866.43
PAY-013480,ORD-012649,boleto,1,7283.91
PAY-013481,ORD-003706,debit_card,1,5068.49
PAY-013482,ORD-005087,boleto,1,4488.54
PAY-013483,ORD-008856,debit_card,1,7894.38
PAY-013484,ORD-014695,credit_card,5,746.29
PAY-013485,ORD-006306,boleto,1,4246.26
PAY-013486,ORD-008291,boleto,1,846.97
PAY-013487,ORD-003221,boleto,1,2735.03
PAY-013488,ORD-005655,voucher,1,3136.42
PAY-013489,ORD-001272,boleto,1,5524.92
PAY-013490,ORD-007699,credit_card,12,6122.93
PAY-013491,ORD-009284,credit_card,11,5230.27
PAY-013492,ORD-001472,debit_card,1,5444.22
PAY-013493,ORD-006747,credit_card,10,4794.94
PAY-013494,ORD-013900,boleto,1,831.96
PAY-013495,ORD-007575,credit_card,1,6796.08
PAY-013496,ORD-014633,credit_card,12,2469.18
PAY-013497,ORD-014552,boleto,1,5467.91
PAY-013498,ORD-011782,PIX,1,3759.2
PAY-013499,ORD-014002,debit_card,1,7930.56
PAY-013500,ORD-014735,boleto,1,6512.11
PAY-013501,ORD-001238,voucher,1,4392.16
PAY-013502,ORD-008565,boleto,1,4486.3
PAY-013503,ORD-000715,credit_card,8,4795.17
PAY-013504,ORD-000585,credit_card,9,6757.78
PAY-013505,ORD-000410,voucher,1,218.26
PAY-013506,ORD-001747,debit_card,1,3142.27
PAY-013507,ORD-007407,boleto,1,5991.58
PAY-013508,ORD-000678,boleto,1,475.43
PAY-013509,ORD-012265,debit_card,1,7311.26
PAY-013510,ORD-009881,voucher,1,1245.69
PAY-013511,ORD-004913,voucher,1,966.05
PAY-013512,ORD-004600,voucher,1,3723.87
PAY-013513,ORD-000339,voucher,1,4939.99
PAY-013514,ORD-010980,voucher,1,7929.54
PAY-013515,ORD-000030,debit_card,1,7762.08
PAY-013516,ORD-010172,boleto,1,7213.8
PAY-013517,ORD-003403,credit_card,3,1170.35
PAY-013518,ORD-008045,voucher,1,3856.38
PAY-013519,ORD-005572,credit_card,4,6724.63
PAY-013520,ORD-005867,boleto,1,839.27
PAY-013521,ORD-014347,voucher,1,4252.12
PAY-013522,ORD-014045,voucher,1,376.22
PAY-013523,ORD-004999,debit_card,1,726.97
PAY-013524,ORD-006208,credit_card,12,716.61
PAY-013525,ORD-007105,debit_card,1,3319.97
PAY-013526,ORD-006577,debit_card,1,7837.04
PAY-013527,ORD-010427,boleto,1,4455.24
PAY-013528,ORD-007967,boleto,1,3494.78
PAY-013529,ORD-013357,boleto,1,1430.39
PAY-013530,ORD-005724,debit_card,1,3472.06
PAY-013531,ORD-004286,debit_card,1,2060.03
PAY-013532,ORD-009170,boleto,1,404.06
PAY-013533,ORD-004083,voucher,1,5929.33
PAY-013534,ORD-011366,voucher,1,3587.78
PAY-013535,ORD-005535,debit_card,1,5069.82
PAY-013536,ORD-012287,credit_card,3,6571.32
PAY-013537,ORD-010418,boleto,1,4029.98
PAY-013538,ORD-003328,credit_card,10,3077.81
PAY-013539,ORD-002432,boleto,1,7218.54
PAY-013540,ORD-006624,debit_card,1,6577.76
PAY-013541,ORD-000710,cash,1,4754.89
PAY-013542,ORD-001458,voucher,1,1132.96
PAY-013543,ORD-002435,debit_card,1,7959.38
PAY-013544,ORD-001946,credit_card,8,37.35
PAY-013545,ORD-006099,credit_card,11,4789.32
PAY-013546,ORD-009367,credit_card,4,1349.99
PAY-013547,ORD-003730,voucher,1,5154.85
PAY-013548,ORD-004111,boleto,1,272.82
PAY-013549,ORD-002758,boleto,1,712.86
PAY-013550,ORD-001200,voucher,1,1405.78
PAY-013551,ORD-011576,credit_card,7,3121.98
PAY-013552,ORD-011884,voucher,1,5339.02
PAY-013553,ORD-005485,debit_card,1,3376.52
PAY-013554,ORD-011026,debit_card,1,4477.9
PAY-013555,ORD-000319,credit_card,6,215.78
PAY-013556,ORD-006720,debit_card,1,6178.72
PAY-013557,ORD-009468,credit_card,2,3091.94
PAY-013558,ORD-004666,boleto,1,4149.05
PAY-013559,ORD-011681,boleto,1,7712.42
PAY-013560,ORD-004681,boleto,1,5585.08
PAY-013561,ORD-010538,credit_card,10,2842.57
PAY-013562,ORD-007702,boleto,1,4587.62
PAY-013563,ORD-013405,debit_card,1,2937.94
PAY-013564,ORD-004892,voucher,1,5101.28
PAY-013565,ORD-004342,boleto,1,4233.48
PAY-013566,ORD-005557,debit_card,1,7016.83
PAY-013567,ORD-013409,credit_card,8,5537.45
PAY-013568,ORD-008850,debit_card,1,6292.45
PAY-013569,ORD-011917,boleto,1,3618.84
PAY-013570,ORD-002223,boleto,1,6351.75
PAY-013571,ORD-011630,credit_card,11,6497.0
PAY-013572,ORD-006547,boleto,1,1548.26
PAY-013573,ORD-000425,voucher,1,3583.31
PAY-013574,ORD-004799,voucher,1,6560.89
PAY-013575,ORD-000198,voucher,1,223.6
PAY-013576,ORD-001590,boleto,1,6013.06
PAY-013577,ORD-004558,credit_card,5,7340.13
PAY-013578,ORD-006420,boleto,1,6677.32
PAY-013579,ORD-014743,boleto,1,3617.4
PAY-013580,ORD-012287,voucher,1,315.52
PAY-013581,ORD-011129,boleto,1,1653.26
PAY-013582,ORD-004844,debit_card,1,2016.26
PAY-013583,ORD-000138,voucher,1,6155.37
PAY-013584,ORD-000060,credit_card,4,4640.32
PAY-013585,ORD-007883,credit_card,3,6673.12
PAY-013586,ORD-011827,voucher,1,4027.62
PAY-013587,ORD-012975,credit_card,9,5192.83
PAY-013588,ORD-011700,credit_card,12,4851.62
PAY-013589,ORD-008130,debit_card,1,7390.64
PAY-013590,ORD-004670,voucher,1,2535.81
PAY-013591,ORD-008983,debit_card,1,5248.34
PAY-013592,ORD-012381,boleto,1,6322.33
PAY-013593,ORD-004094,boleto,1,4999.13
PAY-013594,ORD-008509,debit_card,1,983.56
PAY-013595,ORD-003898,voucher,1,7550.57
PAY-013596,ORD-006184,boleto,1,4835.32
PAY-013597,ORD-009707,credit_card,8,6330.38
PAY-013598,ORD-003699,debit_card,1,7039.74
PAY-013599,ORD-013375,credit_card,2,4500.17
PAY-013600,ORD-001845,credit_card,2,6311.87
PAY-013601,ORD-005532,voucher,1,2248.01
PAY-013602,ORD-002816,credit_card,3,175.06
PAY-013603,ORD-003714,boleto,,5707.48
PAY-013604,ORD-001167,voucher,1,1724.78
PAY-013605,ORD-006310,voucher,1,5227.77
PAY-013606,ORD-002426,boleto,1,5994.85
PAY-013607,ORD-014906,boleto,1,1302.5
PAY-013608,ORD-007991,boleto,1,805.48
PAY-013609,ORD-002130,boleto,1,1190.17
PAY-013610,ORD-011267,debit_card,1,5360.44
PAY-013611,ORD-000361,credit_card,9,1019.44
PAY-013612,ORD-007418,boleto,1,3775.08
PAY-013613,ORD-014741,boleto,1,948.42
PAY-013614,ORD-009904,voucher,1,7024.16
PAY-013615,ORD-005989,boleto,1,7946.18
PAY-013616,ORD-006753,voucher,1,4588.81
PAY-013617,ORD-004192,boleto,1,7290.56
PAY-013618,ORD-001631,boleto,1,2759.58
PAY-013619,ORD-014856,credit_card,1,4942.97
PAY-013620,ORD-008190,debit_card,1,3727.65
PAY-013621,ORD-006125,debit_card,1,7794.78
PAY-013622,ORD-001780,credit_card,2,1450.86
PAY-013623,ORD-014601,debit_card,1,7656.82
PAY-013624,ORD-009233,voucher,1,7892.35
PAY-013625,ORD-012651,debit_card,1,3282.48
PAY-013626,ORD-003743,boleto,1,4015.35
PAY-013627,ORD-005822,debit_card,1,5932.86
PAY-013628,ORD-003466,credit_card,1,2420.25
PAY-013629,ORD-011450,boleto,1,4383.62
PAY-013630,ORD-008514,debit_card,1,6249.19
PAY-013631,ORD-014241,debit_card,1,1615.38
PAY-013632,ORD-013397,credit_card,1,1551.82
PAY-013633,ORD-000840,debit_card,1,2560.55
PAY-013634,ORD-006971,voucher,1,4888.65
PAY-013635,ORD-003889,credit_card,4,3339.08
PAY-013636,ORD-005489,credit_card,10,1142.45
PAY-013637,ORD-011802,boleto,1,4843.3
PAY-013638,ORD-002998,boleto,1,1404.13
PAY-013639,ORD-012434,debit_card,1,4568.46
PAY-013640,ORD-004254,voucher,1,2943.03
PAY-013641,ORD-007374,boleto,1,779.9
PAY-013642,ORD-012766,credit_card,8,1135.92
PAY-013643,ORD-008681,voucher,1,5187.3
PAY-013644,ORD-004110,credit_card,3,6369.65
PAY-013645,ORD-013445,voucher,1,1017.86
PAY-013646,ORD-008590,boleto,1,5773.77
PAY-013647,ORD-014702,debit_card,1,4172.92
PAY-013648,ORD-004640,debit_card,1,1682.02
PAY-013649,ORD-005011,debit_card,1,6929.95
PAY-013650,ORD-000366,debit_card,1,6540.9
PAY-013651,ORD-005262,voucher,1,4240.79
PAY-013652,ORD-001263,voucher,1,6239.6
PAY-013653,ORD-010854,voucher,1,4413.6
PAY-013654,ORD-002179,boleto,1,3335.04
PAY-013655,ORD-006421,boleto,1,2452.22
PAY-013656,ORD-011935,boleto,1,1059.62
PAY-013657,ORD-010574,credit_card,1,7809.65
PAY-013658,ORD-013308,credit_card,4,7731.83
PAY-013659,ORD-001638,credit_card,6,2029.01
PAY-013660,ORD-002658,credit_card,11,5136.71
PAY-013661,ORD-010383,voucher,1,4455.83
PAY-013662,ORD-005678,debit_card,1,5870.78
PAY-013663,ORD-002966,debit_card,1,7168.86
PAY-013664,ORD-003947,voucher,,4948.35
PAY-013665,ORD-001235,debit_card,1,2080.1
PAY-013666,ORD-005366,debit_card,1,2394.74
PAY-013667,ORD-003363,credit_card,7,71.43
PAY-013668,ORD-009305,voucher,1,7400.85
PAY-013669,ORD-009168,boleto,1,2205.27
PAY-013670,ORD-014295,voucher,1,921.82
PAY-013671,ORD-009349,voucher,1,3585.12
PAY-013672,ORD-007175,credit_card,1,300.26
PAY-013673,ORD-003332,credit_card,2,2780.85
PAY-013674,ORD-014096,credit_card,12,5546.77
PAY-013675,ORD-003057,boleto,1,2254.89
PAY-013676,ORD-010201,credit_card,8,5400.84
PAY-013677,ORD-005926,voucher,1,1112.36
PAY-013678,ORD-011563,debit_card,1,5516.91
PAY-013679,ORD-001897,voucher,1,2039.71
PAY-013680,ORD-008687,debit_card,1,2636.18
PAY-013681,ORD-007105,credit_card,4,2008.24
PAY-013682,ORD-002719,voucher,1,7634.74
PAY-013683,ORD-013444,voucher,1,3082.28
PAY-013684,ORD-008895,boleto,1,4561.12
PAY-013685,ORD-000689,credit_card,11,838.5
PAY-013686,ORD-008272,credit_card,2,7457.69
PAY-013687,ORD-008014,voucher,1,6353.32
PAY-013688,ORD-010201,boleto,1,1486.01
PAY-013689,ORD-004066,cash,1,3402.21
PAY-013690,ORD-001366,boleto,1,-363.78
PAY-013691,ORD-009186,credit_card,8,254.85
PAY-013692,ORD-005105,credit_card,11,-239.67
PAY-013693,ORD-006190,debit_card,1,2511.81
PAY-013694,ORD-009674,debit_card,1,6319.12
PAY-013695,ORD-010361,voucher,1,2736.75
PAY-013696,ORD-002372,voucher,1,2039.69
PAY-013697,ORD-006677,voucher,1,2883.24
PAY-013698,ORD-002250,boleto,1,4584.73
PAY-013699,ORD-003779,debit_card,1,1146.35
PAY-013700,ORD-008777,debit_card,1,1763.64
PAY-013701,ORD-013213,credit_card,2,6089.39
PAY-013702,ORD-009918,voucher,1,4505.19
PAY-013703,ORD-003317,credit_card,12,2166.12
PAY-013704,ORD-004242,credit_card,12,1269.67
PAY-013705,ORD-003674,credit_card,8,7406.79
PAY-013706,ORD-001005,boleto,1,2395.12
PAY-013707,ORD-011129,boleto,1,6292.54
PAY-013708,ORD-005610,debit_card,1,7436.95
PAY-013709,ORD-010292,voucher,1,2597.7
PAY-013710,ORD-003560,credit_card,7,4242.55
PAY-013711,ORD-005261,boleto,1,3664.1
PAY-013712,ORD-008039,boleto,1,1202.42
PAY-013713,ORD-013801,credit_card,10,6985.96
PAY-013714,ORD-008346,debit_card,1,5522.25
PAY-013715,ORD-010170,debit_card,1,4621.6
PAY-013716,ORD-013195,debit_card,1,1919.56
PAY-013717,ORD-002631,boleto,1,1765.82
PAY-013718,ORD-001473,debit_card,1,3060.95
PAY-013719,ORD-002514,credit_card,6,3890.87
PAY-013720,ORD-010430,voucher,1,7160.83
PAY-013721,ORD-013857,boleto,1,4299.86
PAY-013722,ORD-000055,boleto,1,5649.46
PAY-013723,ORD-005363,debit_card,1,5946.9
PAY-013724,ORD-002573,credit_card,6,1796.33
PAY-013725,ORD-002037,debit_card,1,7260.09
PAY-013726,ORD-001027,debit_card,1,3660.56
PAY-013727,ORD-012104,boleto,1,4789.28
PAY-013728,ORD-008197,voucher,1,529.11
PAY-013729,ORD-013474,voucher,1,7114.19
PAY-013730,ORD-002681,boleto,1,728.91
PAY-013731,ORD-006223,debit_card,1,1089.62
PAY-013732,ORD-003110,credit_card,1,5147.3
PAY-013733,ORD-004916,voucher,1,3888.88
PAY-013734,ORD-011417,credit_card,3,4385.38
PAY-013735,ORD-012154,voucher,1,5997.1
PAY-013736,ORD-005925,debit_card,1,2403.91
PAY-013737,ORD-011274,debit_card,1,4637.51
PAY-013738,ORD-002647,debit_card,1,3651.71
PAY-013739,ORD-005464,boleto,1,4900.06
PAY-013740,ORD-014388,debit_card,1,3222.78
PAY-013741,ORD-012205,credit_card,9,6074.81
PAY-013742,ORD-004116,credit_card,5,3780.48
PAY-013743,ORD-009418,credit_card,11,7831.23
PAY-013744,ORD-012431,debit_card,1,1686.43
PAY-013745,ORD-003185,boleto,1,-316.7
PAY-013746,ORD-009841,debit_card,1,7576.01
PAY-013747,ORD-009098,debit_card,1,1315.4
PAY-013748,ORD-002301,voucher,,4729.24
PAY-013749,ORD-003546,boleto,1,6691.67
PAY-013750,ORD-003119,voucher,1,2852.34
PAY-013751,ORD-003287,voucher,1,5120.16
PAY-013752,ORD-009384,voucher,1,6440.14
PAY-013753,ORD-010520,voucher,1,2706.99
PAY-013754,ORD-005566,voucher,1,3608.26
PAY-013755,ORD-009023,voucher,1,3148.06
PAY-013756,ORD-001234,voucher,1,3772.94
PAY-013757,ORD-006102,boleto,1,3867.3
PAY-013758,ORD-000495,voucher,1,1568.91
PAY-013759,ORD-000502,credit_card,5,484.67
PAY-013760,ORD-000364,voucher,1,7598.88
PAY-013761,ORD-009900,credit_card,11,2000.02
PAY-013762,ORD-005942,credit_card,11,7527.92
PAY-013763,ORD-011293,credit_card,3,6171.5
PAY-013764,ORD-012944,voucher,1,7981.14
PAY-013765,ORD-008741,debit_card,1,1782.45
PAY-013766,ORD-001251,debit_card,1,6297.88
PAY-013767,ORD-011665,debit_card,1,2159.79
PAY-013768,ORD-006745,debit_card,1,553.14
PAY-013769,ORD-010727,boleto,1,5670.31
PAY-013770,ORD-000201,voucher,1,6580.48
PAY-013771,ORD-004247,credit_card,11,3539.49
PAY-013772,ORD-008313,debit_card,1,7563.5
PAY-013773,ORD-007840,voucher,1,4064.68
PAY-013774,ORD-002236,boleto,1,5013.32
PAY-013775,ORD-013084,voucher,1,4434.76
PAY-013776,ORD-013422,credit_card,12,5618.08
PAY-013777,ORD-012713,boleto,1,5633.54
PAY-013778,ORD-009111,debit_card,1,5984.07
PAY-013779,ORD-006798,boleto,1,1715.34
PAY-013780,ORD-008372,voucher,1,4880.16
PAY-013781,ORD-008593,boleto,1,2699.81
PAY-013782,ORD-008050,credit_card,3,7491.73
PAY-013783,ORD-003086,voucher,1,4062.41
PAY-013784,ORD-007953,debit_card,,1738.72
PAY-013785,ORD-007998,debit_card,1,3908.99
PAY-013786,ORD-000760,debit_card,1,-214.08
PAY-013787,ORD-004162,voucher,1,3825.47
PAY-013788,ORD-003616,debit_card,1,4178.93
PAY-013789,ORD-012706,voucher,1,1494.54
PAY-013790,ORD-007488,boleto,1,-313.89
PAY-013791,ORD-007180,boleto,1,4757.53
PAY-013792,ORD-000802,boleto,1,7258.89
PAY-013793,ORD-014540,debit_card,1,5667.81
PAY-013794,ORD-012283,voucher,1,2938.07
PAY-013795,ORD-007731,credit_card,12,2831.68
PAY-013796,ORD-002038,credit_card,,6533.84
PAY-013797,ORD-012564,boleto,1,1569.76
PAY-013798,ORD-011629,bitcoin,1,7781.63
PAY-013799,ORD-009844,debit_card,1,7710.48
PAY-013800,ORD-005623,boleto,1,197.48
PAY-013801,ORD-012121,debit_card,1,3633.26
PAY-013802,ORD-009085,debit_card,1,7717.73
PAY-013803,ORD-007806,debit_card,1,3233.69
PAY-013804,ORD-012569,debit_card,1,4058.75
PAY-013805,ORD-012544,debit_card,1,6935.29
PAY-013806,ORD-011554,boleto,1,6785.13
PAY-013807,ORD-012798,voucher,1,2645.92
PAY-013808,ORD-010273,credit_card,11,6121.13
PAY-013809,ORD-005246,boleto,1,3173.95
PAY-013810,ORD-006515,boleto,1,5758.71
PAY-013811,ORD-006569,voucher,1,3558.51
PAY-013812,ORD-007038,boleto,1,4416.36
PAY-013813,ORD-009182,debit_card,1,7872.47
PAY-013814,ORD-000652,voucher,1,757.59
PAY-013815,ORD-002995,boleto,1,6637.58
PAY-013816,ORD-004107,credit_card,10,3721.65
PAY-013817,ORD-011458,voucher,1,997.08
PAY-013818,ORD-014380,voucher,1,2184.19
PAY-013819,ORD-008370,boleto,1,1743.54
PAY-013820,ORD-011744,boleto,1,6308.43
PAY-013821,ORD-005299,credit_card,10,2268.36
PAY-013822,ORD-009308,debit_card,1,1620.87
PAY-013823,ORD-000095,debit_card,1,5761.7
PAY-013824,ORD-001651,voucher,1,7098.19
PAY-013825,ORD-009511,debit_card,1,6753.62
PAY-013826,ORD-004013,debit_card,1,1227.27
PAY-013827,ORD-009323,boleto,1,4518.1
PAY-013828,ORD-004905,debit_card,1,3403.98
PAY-013829,ORD-003839,debit_card,1,5721.72
PAY-013830,ORD-004703,,1,3442.01
PAY-013831,ORD-000908,debit_card,1,4017.7
PAY-013832,ORD-007305,debit_card,1,832.14
PAY-013833,ORD-006470,voucher,1,5510.93
PAY-013834,ORD-012870,voucher,1,3047.56
PAY-013835,ORD-008470,debit_card,1,5926.84
PAY-013836,ORD-012795,boleto,1,132.13
PAY-013837,ORD-011645,credit_card,7,5576.93
PAY-013838,ORD-001919,voucher,1,4340.69
PAY-013839,ORD-005114,credit_card,11,7683.64
PAY-013840,ORD-000311,boleto,1,1755.7
PAY-013841,ORD-008419,debit_card,1,5146.79
PAY-013842,ORD-007775,credit_card,9,7862.45
PAY-013843,ORD-012648,boleto,1,7282.81
PAY-013844,ORD-013823,credit_card,7,3687.84
PAY-013845,ORD-000242,voucher,1,5300.1
PAY-013846,ORD-009904,debit_card,1,4381.93
PAY-013847,ORD-006907,boleto,1,4341.03
PAY-013848,ORD-011564,credit_card,8,1485.52
PAY-013849,ORD-004565,debit_card,1,3473.67
PAY-013850,ORD-012674,boleto,1,6261.2
PAY-013851,ORD-005652,boleto,1,4119.4
PAY-013852,ORD-014305,debit_card,1,156.76
PAY-013853,ORD-011855,credit_card,2,6045.93
PAY-013854,ORD-003818,voucher,1,4047.97
PAY-013855,ORD-013688,debit_card,1,3630.61
PAY-013856,ORD-006221,debit_card,1,5984.8
PAY-013857,ORD-003561,voucher,1,3905.43
PAY-013858,ORD-009446,debit_card,1,2138.96
PAY-013859,ORD-014114,boleto,1,4171.0
PAY-013860,ORD-000663,credit_card,12,5595.06
PAY-013861,ORD-006356,boleto,1,404.81
PAY-013862,ORD-009477,boleto,1,5388.54
PAY-013863,ORD-002199,boleto,1,7797.06
PAY-013864,ORD-009234,boleto,1,5057.32
PAY-013865,ORD-011790,boleto,1,604.89
PAY-013866,ORD-006174,debit_card,1,193.72
PAY-013867,ORD-012722,voucher,1,312.23
PAY-013868,ORD-001255,debit_card,1,548.05
PAY-013869,ORD-010013,voucher,1,5653.17
PAY-013870,ORD-000290,,1,2191.69
PAY-013871,ORD-003943,credit_card,4,5847.25
PAY-013872,ORD-012789,credit_card,10,6102.72
PAY-013873,ORD-009904,credit_card,3,7605.78
PAY-013874,ORD-013384,voucher,1,6212.47
PAY-013875,ORD-008879,voucher,1,5074.38
PAY-013876,ORD-003663,credit_card,12,2560.74
PAY-013877,ORD-013516,credit_card,2,979.54
PAY-013878,ORD-001052,voucher,1,3499.32
PAY-013879,ORD-010514,boleto,1,4311.15
PAY-013880,ORD-010374,credit_card,12,6020.87
PAY-013881,ORD-002323,credit_card,6,231.71
PAY-013882,ORD-011099,debit_card,1,2582.83
PAY-013883,ORD-009759,voucher,1,579.74
PAY-013884,ORD-002501,boleto,1,7845.42
PAY-013885,ORD-004641,boleto,1,-469.42
PAY-013886,ORD-012194,debit_card,1,5458.29
PAY-013887,ORD-000418,boleto,1,3762.88
PAY-013888,ORD-010390,credit_card,10,3252.96
PAY-013889,ORD-008044,credit_card,4,6548.82
PAY-013890,ORD-001424,credit_card,10,816.85
PAY-013891,ORD-004248,debit_card,1,6794.49
PAY-013892,ORD-011889,boleto,1,7215.29
PAY-013893,ORD-008445,debit_card,1,1764.15
PAY-013894,ORD-007097,credit_card,3,1103.62
PAY-013895,ORD-013531,voucher,1,7005.1
PAY-013896,ORD-000970,boleto,1,7346.08
PAY-013897,ORD-000815,boleto,1,2838.64
PAY-013898,ORD-009481,voucher,1,6296.67
PAY-013899,ORD-003566,boleto,1,7544.66
PAY-013900,ORD-013734,credit_card,4,4478.22
PAY-013901,ORD-014746,voucher,1,1394.11
PAY-013902,ORD-000194,debit_card,1,4815.62
PAY-013903,ORD-003964,boleto,1,488.44
PAY-013904,ORD-010442,debit_card,1,4289.1
PAY-013905,ORD-012370,debit_card,1,443.53
PAY-013906,ORD-003266,debit_card,1,1114.52
PAY-013907,ORD-012674,credit_card,9,2421.27
PAY-013908,ORD-006690,debit_card,1,7612.86
PAY-013909,ORD-008690,credit_card,4,6679.29
PAY-013910,ORD-012496,debit_card,1,7859.13
PAY-013911,ORD-004208,credit_card,12,4765.98
PAY-013912,ORD-006958,debit_card,1,4476.92
PAY-013913,ORD-008836,debit_card,1,6868.71
PAY-013914,ORD-011241,boleto,1,2047.8
PAY-013915,ORD-000153,voucher,1,4609.71
PAY-013916,ORD-013384,debit_card,1,5512.99
PAY-013917,ORD-012702,debit_card,1,3944.02
PAY-013918,ORD-013465,debit_card,1,4997.69
PAY-013919,ORD-013124,debit_card,1,7111.75
PAY-013920,ORD-003894,debit_card,1,1194.61
PAY-013921,ORD-014532,voucher,1,1313.89
PAY-013922,ORD-002430,boleto,1,6460.55
PAY-013923,ORD-013913,debit_card,1,1810.18
PAY-013924,ORD-014152,boleto,1,2874.84
PAY-013925,ORD-007727,credit_card,8,6843.15
PAY-013926,ORD-002073,voucher,1,2363.06
PAY-013927,ORD-010996,credit_card,12,131.93
PAY-013928,ORD-012468,voucher,1,2390.09
PAY-013929,ORD-004354,debit_card,1,1964.94
PAY-013930,ORD-004890,credit_card,8,6027.62
PAY-013931,ORD-002315,debit_card,1,1837.65
PAY-013932,ORD-000460,debit_card,1,2880.45
PAY-013933,ORD-013932,boleto,1,7107.02
PAY-013934,ORD-006046,voucher,1,3608.25
PAY-013935,ORD-005332,boleto,1,3073.51
PAY-013936,ORD-011622,debit_card,1,2157.2
PAY-013937,ORD-008390,debit_card,1,7884.75
PAY-013938,ORD-003641,credit_card,3,6266.28
PAY-013939,ORD-002669,boleto,1,4257.77
PAY-013940,ORD-013997,voucher,1,897.57
PAY-013941,ORD-010279,debit_card,1,3408.48
PAY-013942,ORD-005771,voucher,1,4941.62
PAY-013943,ORD-006467,boleto,1,1160.54
PAY-013944,ORD-010807,voucher,1,6828.82
PAY-013945,ORD-003667,debit_card,1,1129.22
PAY-013946,ORD-013993,debit_card,1,278.62
PAY-013947,ORD-000210,boleto,1,1526.66
PAY-013948,ORD-002348,boleto,1,6683.72
PAY-013949,ORD-013681,voucher,1,1281.72
PAY-013950,ORD-008607,boleto,1,612.14
PAY-013951,ORD-008370,voucher,1,7009.7
PAY-013952,ORD-001813,voucher,1,1574.11
PAY-013953,ORD-007995,voucher,1,6827.29
PAY-013954,ORD-001940,credit_card,1,-328.39
PAY-013955,ORD-006558,voucher,1,3758.04
PAY-013956,ORD-012730,credit_card,9,6070.68
PAY-013957,ORD-002630,voucher,1,369.66
PAY-013958,ORD-007363,boleto,1,1057.21
PAY-013959,ORD-006316,debit_card,1,3265.55
PAY-013960,ORD-009769,boleto,1,6460.41
PAY-013961,ORD-004670,voucher,1,792.84
PAY-013962,ORD-014065,boleto,1,6560.3
PAY-013963,ORD-004670,voucher,1,3543.23
PAY-013964,ORD-009745,credit_card,12,3199.1
PAY-013965,ORD-002400,voucher,1,721.41
PAY-013966,ORD-011922,debit_card,1,1851.19
PAY-013967,ORD-014688,debit_card,1,6338.49
PAY-013968,ORD-006423,boleto,1,5706.3
PAY-013969,ORD-014924,credit_card,8,5669.47
PAY-013970,ORD-010774,debit_card,1,6172.72
PAY-013971,ORD-006637,boleto,1,7255.2
PAY-013972,ORD-003482,voucher,1,7488.07
PAY-013973,ORD-012975,boleto,1,4524.06
PAY-013974,ORD-008144,boleto,1,2474.79
PAY-013975,ORD-002541,credit_card,2,6777.15
PAY-013976,ORD-004270,debit_card,1,1344.24
PAY-013977,ORD-011529,boleto,1,7587.72
PAY-013978,ORD-005575,voucher,1,2259.97
PAY-013979,ORD-011621,debit_card,1,6765.0
PAY-013980,ORD-011927,voucher,1,3707.79
PAY-013981,ORD-001561,debit_card,1,3899.03
PAY-013982,ORD-001318,voucher,1,404.63
PAY-013983,ORD-007785,credit_card,1,5017.05
PAY-013984,ORD-004353,voucher,1,2505.37
PAY-013985,ORD-009163,debit_card,1,5142.36
PAY-013986,ORD-007586,credit_card,5,5062.19
PAY-013987,ORD-005981,debit_card,1,1322.11
PAY-013988,ORD-008716,voucher,1,2634.68
PAY-013989,ORD-002228,debit_card,1,5614.84
PAY-013990,ORD-009837,credit_card,1,2231.59
PAY-013991,ORD-013308,boleto,1,6719.13
PAY-013992,ORD-008928,credit_card,10,6308.1
PAY-013993,ORD-006276,credit_card,2,402.38
PAY-013994,ORD-000670,boleto,1,561.4
PAY-013995,ORD-014083,debit_card,1,7656.67
PAY-013996,ORD-000260,credit_card,10,3780.74
PAY-013997,ORD-011177,boleto,1,7561.14
PAY-013998,ORD-008005,voucher,1,-111.56
PAY-013999,ORD-007327,debit_card,1,1226.7
PAY-014000,ORD-002671,debit_card,1,440.1
PAY-014001,ORD-002347,debit_card,1,6929.54
PAY-014002,ORD-003149,credit_card,11,5855.25
PAY-014003,ORD-008788,voucher,,6040.78
PAY-014004,ORD-002620,voucher,1,7961.16
PAY-014005,ORD-004359,debit_card,1,2527.86
PAY-014006,ORD-010640,voucher,1,4749.38
PAY-014007,ORD-008043,credit_card,8,4068.48
PAY-014008,ORD-011933,boleto,1,2213.26
PAY-014009,ORD-011700,debit_card,1,1857.28
PAY-014010,ORD-000975,boleto,1,5192.83
PAY-014011,ORD-011787,voucher,1,5727.02
PAY-014012,ORD-007163,debit_card,1,4428.29
PAY-014013,ORD-011575,credit_card,8,-30.68
PAY-014014,ORD-001966,bitcoin,1,1635.55
PAY-014015,ORD-005222,credit_card,6,3418.79
PAY-014016,ORD-002374,debit_card,1,6091.72
PAY-014017,ORD-009930,credit_card,8,6425.78
PAY-014018,ORD-010411,boleto,1,2656.59
PAY-014019,ORD-007808,boleto,1,3524.06
PAY-014020,ORD-001884,credit_card,2,5943.41
PAY-014021,ORD-001491,voucher,1,4247.13
PAY-014022,ORD-009886,debit_card,1,192.28
PAY-014023,ORD-007932,credit_card,8,4329.47
PAY-014024,ORD-007291,credit_card,5,4767.95
PAY-014025,ORD-000371,voucher,1,410.21
PAY-014026,ORD-008740,credit_card,7,2736.49
PAY-014027,ORD-009627,credit_card,12,519.42
PAY-014028,ORD-008215,boleto,1,7784.16
PAY-014029,ORD-001622,boleto,1,7720.41
PAY-014030,ORD-010510,voucher,1,4565.75
PAY-014031,ORD-009174,voucher,1,2746.99
PAY-014032,ORD-011492,debit_card,1,92.0
PAY-014033,ORD-011314,debit_card,1,379.57
PAY-014034,ORD-001700,boleto,1,3654.71
PAY-014035,ORD-011267,boleto,1,4015.78
PAY-014036,ORD-010200,voucher,1,5279.68
PAY-014037,ORD-003563,debit_card,1,4310.1
PAY-014038,ORD-006448,boleto,1,5715.82
PAY-014039,ORD-010773,credit_card,1,2801.32
PAY-014040,ORD-013756,boleto,1,3110.72
PAY-014041,ORD-001100,voucher,1,3623.44
PAY-014042,ORD-004619,credit_card,8,1624.46
PAY-014043,ORD-008458,voucher,1,7777.71
PAY-014044,ORD-004621,voucher,1,83.15
PAY-014045,ORD-007795,boleto,1,5909.78
PAY-014046,ORD-005542,boleto,1,3952.78
PAY-014047,ORD-006287,credit_card,12,7775.99
PAY-014048,ORD-008619,,1,6072.23
PAY-014049,ORD-010796,boleto,1,1497.9
PAY-014050,ORD-011497,debit_card,1,6024.99
PAY-014051,ORD-013760,credit_card,8,2034.5
PAY-014052,ORD-004423,debit_card,1,5930.7
PAY-014053,ORD-011084,credit_card,9,4000.05
PAY-014054,ORD-001725,voucher,1,3024.7
PAY-014055,ORD-010708,boleto,1,2273.81
PAY-014056,ORD-005857,debit_card,1,5384.9
PAY-014057,ORD-011549,credit_card,3,697.75
PAY-014058,ORD-006837,debit_card,1,4570.52
PAY-014059,ORD-008253,debit_card,,5497.12
PAY-014060,ORD-004230,credit_card,3,4415.21
PAY-014061,ORD-007389,voucher,1,2228.96
PAY-014062,ORD-006718,boleto,1,4083.93
PAY-014063,ORD-014449,debit_card,1,7233.27
PAY-014064,ORD-014248,credit_card,2,3983.64
PAY-014065,ORD-008785,debit_card,1,4652.77
PAY-014066,ORD-004254,voucher,1,4680.66
PAY-014067,ORD-005273,debit_card,1,370.2
PAY-014068,ORD-006124,voucher,1,2534.96
PAY-014069,ORD-006802,boleto,1,7244.21
PAY-014070,ORD-010099,voucher,1,3178.21
PAY-014071,ORD-005128,voucher,1,94.6
PAY-014072,ORD-000134,credit_card,10,2178.69
PAY-014073,ORD-004967,debit_card,1,161.74
PAY-014074,ORD-014933,boleto,1,2843.48
PAY-014075,ORD-003013,voucher,1,2782.04
PAY-014076,ORD-006664,debit_card,1,5561.89
PAY-014077,ORD-003327,voucher,1,7614.29
PAY-014078,ORD-002348,boleto,1,7616.27
PAY-014079,ORD-006212,credit_card,6,4119.69
PAY-014080,ORD-009319,boleto,1,7969.54
PAY-014081,ORD-002216,credit_card,12,4351.32
PAY-014082,ORD-010463,debit_card,1,7953.5
PAY-014083,ORD-001798,boleto,1,1029.63
PAY-014084,ORD-001690,debit_card,1,5776.43
PAY-014085,ORD-013222,voucher,1,6448.37
PAY-014086,ORD-003046,boleto,1,2632.36
PAY-014087,ORD-000966,voucher,1,5102.04
PAY-014088,ORD-005146,credit_card,5,6121.47
PAY-014089,ORD-013573,credit_card,1,5432.55
PAY-014090,ORD-002684,credit_card,6,2562.1
PAY-014091,ORD-003034,credit_card,12,6880.93
PAY-014092,ORD-003928,credit_card,2,235.61
PAY-014093,ORD-007740,credit_card,5,2693.05
PAY-014094,ORD-013512,voucher,1,7351.42
PAY-014095,ORD-009483,debit_card,1,637.3
PAY-014096,ORD-004494,boleto,1,2130.06
PAY-014097,ORD-001263,debit_card,1,7426.84
PAY-014098,ORD-003161,voucher,1,4304.07
PAY-014099,ORD-010605,voucher,1,7578.76
PAY-014100,ORD-002197,debit_card,1,4264.52
PAY-014101,ORD-010078,,5,6845.27
PAY-014102,ORD-012493,boleto,1,4474.27
PAY-014103,ORD-014883,boleto,1,2827.89
PAY-014104,ORD-006154,debit_card,1,5339.7
PAY-014105,ORD-009690,voucher,1,3217.53
PAY-014106,ORD-003692,debit_card,1,1891.29
PAY-014107,ORD-011184,boleto,1,4570.67
PAY-014108,ORD-011361,credit_card,12,6002.41
PAY-014109,ORD-009811,boleto,1,5552.5
PAY-014110,ORD-003313,voucher,1,2595.88
PAY-014111,ORD-008827,boleto,1,5677.0
PAY-014112,ORD-006823,boleto,1,2114.37
PAY-014113,ORD-002550,credit_card,1,3036.08
PAY-014114,ORD-012482,credit_card,4,3505.58
PAY-014115,ORD-003390,boleto,1,6895.44
PAY-014116,ORD-008225,boleto,1,7259.25
PAY-014117,ORD-006872,boleto,1,5982.05
PAY-014118,ORD-007267,credit_card,6,2523.01
PAY-014119,ORD-002187,credit_card,10,5628.54
PAY-014120,ORD-005464,boleto,1,2899.41
PAY-014121,ORD-013326,boleto,1,6541.23
PAY-014122,ORD-012142,credit_card,7,1402.12
PAY-014123,ORD-012225,debit_card,1,3080.57
PAY-014124,ORD-004393,debit_card,1,1118.36
PAY-014125,ORD-007405,boleto,1,1179.22
PAY-014126,ORD-012317,voucher,1,4470.85
PAY-014127,ORD-002354,debit_card,1,3489.8
PAY-014128,ORD-006435,boleto,1,4606.32
PAY-014129,ORD-004798,voucher,1,7712.88
PAY-014130,ORD-001277,credit_card,12,7979.65
PAY-014131,ORD-006554,boleto,1,617.42
PAY-014132,ORD-012605,debit_card,1,6561.86
PAY-014133,ORD-013751,boleto,1,6786.82
PAY-014134,ORD-004202,boleto,1,7491.32
PAY-014135,ORD-012561,credit_card,2,1381.01
PAY-014136,ORD-010575,boleto,1,7931.89
PAY-014137,ORD-001944,credit_card,8,2167.34
PAY-014138,ORD-001355,,1,7910.17
PAY-014139,ORD-012671,debit_card,1,7465.34
PAY-014140,ORD-011175,debit_card,1,4108.82
PAY-014141,ORD-003199,voucher,1,5257.78
PAY-014142,ORD-007037,debit_card,1,3289.23
PAY-014143,ORD-012940,boleto,1,6517.08
PAY-014144,ORD-006121,debit_card,1,2540.62
PAY-014145,ORD-013227,boleto,1,3802.92
PAY-014146,ORD-007125,debit_card,1,3653.31
PAY-014147,ORD-008169,debit_card,1,1402.18
PAY-014148,ORD-007919,debit_card,1,5891.78
PAY-014149,ORD-006683,debit_card,1,2634.72
PAY-014150,ORD-007408,boleto,1,6200.5
PAY-014151,ORD-011448,debit_card,1,1955.72
PAY-014152,ORD-004090,debit_card,1,4387.82
PAY-014153,ORD-004299,debit_card,1,4153.59
PAY-014154,ORD-010603,PIX,1,5479.07
PAY-014155,ORD-005640,credit_card,8,6119.44
PAY-014156,ORD-004722,credit_card,7,6223.23
PAY-014157,ORD-004768,debit_card,1,4214.42
PAY-014158,ORD-003508,debit_card,1,6392.35
PAY-014159,ORD-005551,boleto,1,5601.34
PAY-014160,ORD-005836,boleto,1,4747.02
PAY-014161,ORD-002701,boleto,1,7428.46
PAY-014162,ORD-002586,credit_card,1,915.62
PAY-014163,ORD-001036,voucher,1,5949.1
PAY-014164,ORD-000670,debit_card,1,2178.1
PAY-014165,ORD-008706,boleto,1,7390.25
PAY-014166,ORD-009010,voucher,1,6393.62
PAY-014167,ORD-006548,voucher,1,2264.08
PAY-014168,ORD-009421,credit_card,2,711.93
PAY-014169,ORD-006238,credit_card,4,1058.79
PAY-014170,ORD-011243,credit_card,9,7137.69
PAY-014171,ORD-000638,boleto,1,62.99
PAY-014172,ORD-011050,voucher,1,3206.86
PAY-014173,ORD-005705,credit_card,1,2629.59
PAY-014174,ORD-007704,debit_card,1,1678.19
PAY-014175,ORD-001420,credit_card,10,-252.96
PAY-014176,ORD-002603,credit_card,10,3807.33
PAY-014177,ORD-003261,boleto,1,6338.35
PAY-014178,ORD-004183,debit_card,1,2150.77
PAY-014179,ORD-012075,voucher,1,5580.18
PAY-014180,ORD-011654,boleto,1,2236.14
PAY-014181,ORD-010374,boleto,1,3176.37
PAY-014182,ORD-011125,boleto,1,5280.85
PAY-014183,ORD-007460,voucher,1,1880.7
PAY-014184,ORD-007822,credit_card,5,6060.23
PAY-014185,ORD-009586,debit_card,1,2764.4
PAY-014186,ORD-010180,voucher,1,1500.69
PAY-014187,ORD-005195,debit_card,1,5853.73
PAY-014188,ORD-014076,credit_card,,5484.04
PAY-014189,ORD-009359,debit_card,1,184.9
PAY-014190,ORD-002930,debit_card,1,5918.55
PAY-014191,ORD-012024,boleto,1,1336.18
PAY-014192,ORD-000791,boleto,1,5215.11
PAY-014193,ORD-013995,voucher,1,2740.22
PAY-014194,ORD-010932,boleto,1,607.14
PAY-014195,ORD-011056,debit_card,1,6931.22
PAY-014196,ORD-011926,debit_card,1,5883.96
PAY-014197,ORD-005029,debit_card,1,141.85
PAY-014198,ORD-010885,voucher,1,1574.05
PAY-014199,ORD-009722,voucher,1,6566.05
PAY-014200,ORD-000917,boleto,1,2409.73
PAY-014201,ORD-008346,voucher,1,7260.79
PAY-014202,ORD-004339,debit_card,1,3438.75
PAY-014203,ORD-007848,voucher,1,6754.46
PAY-014204,ORD-008708,voucher,1,4157.88
PAY-014205,ORD-008464,voucher,1,1185.6
PAY-014206,ORD-001085,credit_card,8,4231.97
PAY-014207,ORD-013493,debit_card,1,26.41
PAY-014208,ORD-002162,voucher,1,7694.45
PAY-014209,ORD-000654,boleto,1,2875.64
PAY-014210,ORD-005243,debit_card,1,6456.79
PAY-014211,ORD-004995,voucher,1,7997.71
PAY-014212,ORD-005471,voucher,1,1158.12
PAY-014213,ORD-003248,boleto,1,-372.8
PAY-014214,ORD-012101,boleto,1,887.37
PAY-014215,ORD-012706,credit_card,7,3254.67
PAY-014216,ORD-001897,debit_card,1,6800.16
PAY-014217,ORD-001191,debit_card,1,2578.32
PAY-014218,ORD-010430,voucher,1,3527.04
PAY-014219,ORD-010962,credit_card,8,2901.94
PAY-014220,ORD-003190,debit_card,1,2088.12
PAY-014221,ORD-013833,boleto,1,2265.08
PAY-014222,ORD-003870,voucher,1,-125.76
PAY-014223,ORD-011825,debit_card,1,2527.87
PAY-014224,ORD-006821,voucher,1,7667.21
PAY-014225,ORD-010258,credit_card,4,5457.22
PAY-014226,ORD-004489,boleto,1,5372.5
PAY-014227,ORD-000123,credit_card,2,6169.05
PAY-014228,ORD-011162,boleto,1,6075.28
PAY-014229,ORD-001713,credit_card,6,7199.64
PAY-014230,ORD-001220,voucher,1,3400.93
PAY-014231,ORD-003537,debit_card,1,700.32
PAY-014232,ORD-000836,credit_card,12,5760.22
PAY-014233,ORD-010512,boleto,1,3759.51
PAY-014234,ORD-005777,boleto,1,1575.4
PAY-014235,ORD-002860,credit_card,11,6983.68
PAY-014236,ORD-006274,boleto,1,6881.06
PAY-014237,ORD-014453,debit_card,1,3645.03
PAY-014238,ORD-011457,voucher,1,2936.89
PAY-014239,ORD-011886,credit_card,6,1740.78
PAY-014240,ORD-002101,boleto,1,6775.37
PAY-014241,ORD-001146,voucher,1,3904.3
PAY-014242,ORD-014038,voucher,1,2932.08
PAY-014243,ORD-014315,debit_card,1,3925.28
PAY-014244,ORD-001878,credit_card,5,2182.83
PAY-014245,ORD-009994,boleto,1,5748.33
PAY-014246,ORD-005566,debit_card,1,6281.83
PAY-014247,ORD-003371,boleto,1,638.87
PAY-014248,ORD-013365,credit_card,3,651.71
PAY-014249,ORD-010518,debit_card,1,7446.96
PAY-014250,ORD-014835,voucher,1,1076.12
PAY-014251,ORD-009080,boleto,1,2076.8
PAY-014252,ORD-007680,credit_card,4,86.8
PAY-014253,ORD-008859,voucher,1,3162.11
PAY-014254,ORD-006364,boleto,1,6426.04
PAY-014255,ORD-010636,boleto,1,1208.26
PAY-014256,ORD-013732,credit_card,6,6510.26
PAY-014257,ORD-007577,voucher,1,3641.65
PAY-014258,ORD-008259,voucher,1,5235.84
PAY-014259,ORD-004753,boleto,1,4379.9
PAY-014260,ORD-006520,credit_card,3,7826.0
PAY-014261,ORD-002177,credit_card,6,5379.08
PAY-014262,ORD-004083,boleto,1,6280.59
PAY-014263,ORD-006396,debit_card,1,6458.29
PAY-014264,ORD-001631,boleto,1,5569.14
PAY-014265,ORD-014295,boleto,1,7539.96
PAY-014266,ORD-007946,debit_card,1,7483.33
PAY-014267,ORD-000084,voucher,1,6286.92
PAY-014268,ORD-012057,boleto,1,983.65
PAY-014269,ORD-005817,credit_card,10,4898.89
PAY-014270,ORD-014419,credit_card,4,6797.06
PAY-014271,ORD-010655,boleto,1,-218.03
PAY-014272,ORD-013476,debit_card,1,2467.43
PAY-014273,ORD-007656,credit_card,6,1325.59
PAY-014274,ORD-006449,debit_card,1,6547.17
PAY-014275,ORD-001805,boleto,1,1589.33
PAY-014276,ORD-009644,credit_card,9,2116.66
PAY-014277,ORD-014803,debit_card,1,6174.35
PAY-014278,ORD-005282,debit_card,1,7429.37
PAY-014279,ORD-006207,voucher,1,6220.98
PAY-014280,ORD-002682,boleto,1,1535.54
PAY-014281,ORD-009039,credit_card,6,5576.69
PAY-014282,ORD-005625,boleto,1,3266.32
PAY-014283,ORD-000807,PIX,1,1335.82
PAY-014284,ORD-002161,debit_card,1,5482.0
PAY-014285,ORD-014763,debit_card,1,3551.38
PAY-014286,ORD-012271,voucher,1,2324.37
PAY-014287,ORD-002867,voucher,1,1684.11
PAY-014288,ORD-006730,credit_card,9,627.45
PAY-014289,ORD-007650,debit_card,1,7210.22
PAY-014290,ORD-001990,credit_card,7,7042.82
PAY-014291,ORD-014558,debit_card,1,1122.14
PAY-014292,ORD-014711,voucher,1,6525.89
PAY-014293,ORD-006735,debit_card,1,1870.66
PAY-014294,ORD-006607,credit_card,2,1257.5
PAY-014295,ORD-008041,boleto,1,3404.5
PAY-014296,ORD-008230,credit_card,4,5816.1
PAY-014297,ORD-001747,debit_card,1,7804.95
PAY-014298,ORD-004450,voucher,1,7036.92
PAY-014299,ORD-005085,credit_card,9,2517.99
PAY-014300,ORD-009887,voucher,1,759.22
PAY-014301,ORD-004763,boleto,1,2494.6
PAY-014302,ORD-007373,credit_card,4,184.07
PAY-014303,ORD-000613,debit_card,1,7612.56
PAY-014304,ORD-014572,debit_card,1,3459.94
PAY-014305,ORD-006501,voucher,1,7258.07
PAY-014306,ORD-006476,voucher,1,6513.98
PAY-014307,ORD-012072,credit_card,2,6744.04
PAY-014308,ORD-010445,debit_card,1,3057.4
PAY-014309,ORD-001353,debit_card,1,4958.41
PAY-014310,ORD-009001,debit_card,1,2332.8
PAY-014311,ORD-010676,credit_card,7,2139.36
PAY-014312,ORD-008558,voucher,1,5748.12
PAY-014313,ORD-008568,PIX,1,588.87
PAY-014314,ORD-011669,boleto,1,557.79
PAY-014315,ORD-002190,debit_card,1,4177.01
PAY-014316,ORD-008540,boleto,1,7404.03
PAY-014317,ORD-012431,voucher,1,1824.67
PAY-014318,ORD-001945,voucher,1,6838.21
PAY-014319,ORD-014032,credit_card,10,5204.85
PAY-014320,ORD-004294,voucher,1,3654.45
PAY-014321,ORD-002944,boleto,1,7434.93
PAY-014322,ORD-000159,boleto,1,6327.51
PAY-014323,ORD-006471,debit_card,1,2156.91
PAY-014324,ORD-001675,boleto,1,596.56
PAY-014325,ORD-010686,boleto,1,7302.2
PAY-014326,ORD-000367,debit_card,1,7659.67
PAY-014327,ORD-002022,debit_card,1,4555.71
PAY-014328,ORD-014340,debit_card,1,1216.37
PAY-014329,ORD-010007,voucher,1,4480.52
PAY-014330,ORD-001053,voucher,1,2213.34
PAY-014331,ORD-009666,voucher,1,3975.12
PAY-014332,ORD-006105,boleto,1,5576.9
PAY-014333,ORD-013166,voucher,1,7206.94
PAY-014334,ORD-007979,debit_card,1,7736.58
PAY-014335,ORD-006010,boleto,1,5218.07
PAY-014336,ORD-005641,debit_card,1,4207.81
PAY-014337,ORD-012839,boleto,1,5860.4
PAY-014338,ORD-014810,debit_card,1,1190.3
PAY-014339,ORD-000811,debit_card,1,1575.27
PAY-014340,ORD-012575,boleto,1,215.97
PAY-014341,ORD-008704,voucher,1,7716.36
PAY-014342,ORD-001213,voucher,1,550.05
PAY-014343,ORD-010175,credit_card,1,2220.13
PAY-014344,ORD-007581,boleto,1,2293.61
PAY-014345,ORD-011841,voucher,1,2676.45
PAY-014346,ORD-000561,boleto,1,2926.56
PAY-014347,ORD-004594,boleto,1,7610.97
PAY-014348,ORD-005027,voucher,1,588.11
PAY-014349,ORD-004720,debit_card,1,6293.8
PAY-014350,ORD-008282,debit_card,1,7642.48
PAY-014351,ORD-002419,debit_card,1,142.54
PAY-014352,ORD-007965,boleto,1,7953.07
PAY-014353,ORD-009112,debit_card,1,6223.41
PAY-014354,ORD-006721,voucher,1,5598.59
PAY-014355,ORD-011461,voucher,1,331.86
PAY-014356,ORD-000335,voucher,1,4343.5
PAY-014357,ORD-003444,debit_card,1,773.31
PAY-014358,ORD-003016,boleto,1,6467.43
PAY-014359,ORD-009151,boleto,1,5662.8
PAY-014360,ORD-004537,voucher,1,5648.71
PAY-014361,ORD-003698,credit_card,7,518.3
PAY-014362,ORD-008705,credit_card,1,1057.77
PAY-014363,ORD-002034,boleto,1,106.58
PAY-014364,ORD-000309,debit_card,1,7156.55
PAY-014365,ORD-000787,voucher,1,1394.85
PAY-014366,ORD-006029,voucher,1,3876.36
PAY-014367,ORD-012718,debit_card,1,215.79
PAY-014368,ORD-001173,boleto,1,4324.33
PAY-014369,ORD-012093,debit_card,1,479.1
PAY-014370,ORD-009328,boleto,1,4356.18
PAY-014371,ORD-004496,credit_card,2,7440.94
PAY-014372,ORD-000742,debit_card,1,1061.4
PAY-014373,ORD-002470,credit_card,6,4999.39
PAY-014374,ORD-005087,boleto,1,6787.32
PAY-014375,ORD-009656,debit_card,1,274.59
PAY-014376,ORD-003417,voucher,1,2194.08
PAY-014377,ORD-012065,credit_card,5,5693.17
PAY-014378,ORD-001018,debit_card,1,2532.91
PAY-014379,ORD-005913,credit_card,5,1453.57
PAY-014380,ORD-001422,voucher,1,1341.55
PAY-014381,ORD-006858,boleto,1,2319.84
PAY-014382,ORD-000552,boleto,1,1289.75
PAY-014383,ORD-008802,debit_card,1,6965.17
PAY-014384,ORD-009854,debit_card,1,4303.04
PAY-014385,ORD-009331,credit_card,9,2842.07
PAY-014386,ORD-009275,debit_card,1,7404.59
PAY-014387,ORD-004447,boleto,1,-35.94
PAY-014388,ORD-003972,debit_card,1,1524.46
PAY-014389,ORD-004022,boleto,1,596.31
PAY-014390,ORD-005811,voucher,1,6730.3
PAY-014391,ORD-012842,credit_card,6,5435.76
PAY-014392,ORD-005905,boleto,1,951.0
PAY-014393,ORD-004429,voucher,1,2286.17
PAY-014394,ORD-001001,voucher,1,3603.9
PAY-014395,ORD-009583,voucher,1,188.75
PAY-014396,ORD-014938,voucher,1,7945.4
PAY-014397,ORD-012119,debit_card,1,3156.77
PAY-014398,ORD-007270,debit_card,1,4671.26
PAY-014399,ORD-008108,debit_card,1,5884.85
PAY-014400,ORD-010919,debit_card,1,4939.18
PAY-014401,ORD-003065,credit_card,8,1209.1
PAY-014402,ORD-014393,voucher,1,1374.78
PAY-014403,ORD-004124,voucher,1,4111.75
PAY-014404,ORD-005001,credit_card,8,4675.4
PAY-014405,ORD-008808,boleto,1,2619.13
PAY-014406,ORD-004039,credit_card,3,3697.07
PAY-014407,ORD-001586,debit_card,1,5627.15
PAY-014408,ORD-002872,debit_card,1,1287.84
PAY-014409,ORD-010593,boleto,1,7178.99
PAY-014410,ORD-007287,voucher,1,160.58
PAY-014411,ORD-004237,debit_card,1,762.28
PAY-014412,ORD-003600,boleto,1,4116.63
PAY-014413,ORD-013905,credit_card,7,3196.32
PAY-014414,ORD-012791,voucher,1,1462.45
PAY-014415,ORD-004685,voucher,1,4762.11
PAY-014416,ORD-006362,voucher,1,5799.04
PAY-014417,ORD-014486,debit_card,1,-301.52
PAY-014418,ORD-001272,boleto,1,7878.62
PAY-014419,ORD-010335,bitcoin,1,7422.61
PAY-014420,ORD-009904,voucher,1,2526.88
PAY-014421,ORD-011610,voucher,1,6386.5
PAY-014422,ORD-007601,voucher,1,226.94
PAY-014423,ORD-013498,debit_card,1,4187.56
PAY-014424,ORD-013166,voucher,1,5228.56
PAY-014425,ORD-014681,debit_card,1,590.91
PAY-014426,ORD-005485,debit_card,1,1989.88
PAY-014427,ORD-010065,credit_card,1,448.3
PAY-014428,ORD-010884,debit_card,1,6101.16
PAY-014429,ORD-000374,voucher,1,950.56
PAY-014430,ORD-005479,credit_card,1,3453.19
PAY-014431,ORD-014055,debit_card,1,4048.34
PAY-014432,ORD-008397,boleto,1,3203.77
PAY-014433,ORD-004758,debit_card,1,5594.5
PAY-014434,ORD-014856,credit_card,4,1230.63
PAY-014435,ORD-004970,boleto,1,2344.83
PAY-014436,ORD-006322,boleto,1,4933.9
PAY-014437,ORD-013438,voucher,1,6510.35
PAY-014438,ORD-003296,boleto,1,767.23
PAY-014439,ORD-001440,credit_card,1,439.0
PAY-014440,ORD-005086,voucher,1,1484.99
PAY-014441,ORD-004797,boleto,1,4049.79
PAY-014442,ORD-011617,debit_card,1,2306.75
PAY-014443,ORD-002236,voucher,1,2380.96
PAY-014444,ORD-010314,boleto,1,7042.78
PAY-014445,ORD-006963,boleto,1,7187.58
PAY-014446,ORD-014945,credit_card,4,6314.77
PAY-014447,ORD-011800,boleto,1,2657.72
PAY-014448,ORD-010046,credit_card,6,6173.3
PAY-014449,ORD-002285,credit_card,6,5584.91
PAY-014450,ORD-001805,credit_card,12,457.98
PAY-014451,ORD-012098,credit_card,11,2107.28
PAY-014452,ORD-009886,credit_card,10,5513.79
PAY-014453,ORD-001555,voucher,1,7660.18
PAY-014454,ORD-009597,credit_card,4,5412.03
PAY-014455,ORD-006350,boleto,1,7132.47
PAY-014456,ORD-010276,voucher,1,6431.86
PAY-014457,ORD-009026,boleto,1,4541.59
PAY-014458,ORD-004203,debit_card,1,4345.68
PAY-014459,ORD-012957,credit_card,9,6591.69
PAY-014460,ORD-004462,debit_card,1,2246.54
PAY-014461,ORD-002841,debit_card,1,7149.43
PAY-014462,ORD-009621,debit_card,1,1384.33
PAY-014463,ORD-010036,debit_card,1,2276.45
PAY-014464,ORD-011259,boleto,1,710.77
PAY-014465,ORD-009665,credit_card,11,4695.99
PAY-014466,ORD-001483,boleto,1,680.76
PAY-014467,ORD-010878,debit_card,1,1466.78
PAY-014468,ORD-007668,voucher,1,3040.26
PAY-014469,ORD-010165,debit_card,1,6288.07
PAY-014470,ORD-009758,credit_card,1,6525.38
PAY-014471,ORD-001210,bitcoin,3,4188.02
PAY-014472,ORD-008035,voucher,1,6598.16
PAY-014473,ORD-011012,PIX,1,5342.68
PAY-014474,ORD-000107,debit_card,1,7518.03
PAY-014475,ORD-003337,debit_card,1,7155.88
PAY-014476,ORD-005745,debit_card,1,6320.64
PAY-014477,ORD-011677,boleto,1,7565.23
PAY-014478,ORD-011844,debit_card,1,4661.89
PAY-014479,ORD-009094,credit_card,11,2569.42
PAY-014480,ORD-000744,credit_card,3,5308.52
PAY-014481,ORD-013509,credit_card,5,198.56
PAY-014482,ORD-005138,voucher,1,6887.14
PAY-014483,ORD-014385,credit_card,10,3792.2
PAY-014484,ORD-000135,credit_card,11,3103.83
PAY-014485,ORD-004651,debit_card,1,6812.99
PAY-014486,ORD-012774,credit_card,,4553.05
PAY-014487,ORD-009180,voucher,1,1263.68
PAY-014488,ORD-010502,debit_card,1,1560.69
PAY-014489,ORD-012392,debit_card,1,966.27
PAY-014490,ORD-003442,debit_card,1,4705.46
PAY-014491,ORD-006979,voucher,1,238.62
PAY-014492,ORD-009793,debit_card,1,4921.96
PAY-014493,ORD-004483,credit_card,5,1933.26
PAY-014494,ORD-008478,credit_card,1,5913.91
PAY-014495,ORD-005579,debit_card,1,3127.85
PAY-014496,ORD-003263,debit_card,1,7020.02
PAY-014497,ORD-006836,boleto,1,6058.07
PAY-014498,ORD-000269,voucher,1,7998.97
PAY-014499,ORD-013321,debit_card,1,6183.04
PAY-014500,ORD-001798,debit_card,1,1028.16
PAY-014501,ORD-007260,debit_card,1,7251.15
PAY-014502,ORD-014957,boleto,,4511.62
PAY-014503,ORD-007402,voucher,1,2958.74
PAY-014504,ORD-010936,boleto,1,1044.46
PAY-014505,ORD-004284,debit_card,1,7033.91
PAY-014506,ORD-011471,boleto,1,4456.01
PAY-014507,ORD-008000,credit_card,9,2487.76
PAY-014508,ORD-011791,credit_card,1,298.42
PAY-014509,ORD-005876,credit_card,12,7633.07
PAY-014510,ORD-012272,boleto,1,4456.66
PAY-014511,ORD-009454,credit_card,11,4645.82
PAY-014512,ORD-008476,voucher,1,3159.78
PAY-014513,ORD-002937,credit_card,12,3228.6
PAY-014514,ORD-005848,voucher,1,7600.98
PAY-014515,ORD-000004,debit_card,1,-243.8
PAY-014516,ORD-000532,boleto,1,5637.19
PAY-014517,ORD-000777,boleto,1,5681.96
PAY-014518,ORD-005901,debit_card,1,7100.94
PAY-014519,ORD-010062,credit_card,10,1907.41
PAY-014520,ORD-014338,boleto,1,4619.36
PAY-014521,ORD-014715,credit_card,12,4913.14
PAY-014522,ORD-013336,credit_card,5,5642.6
PAY-014523,ORD-014212,boleto,1,588.38
PAY-014524,ORD-007588,debit_card,1,4375.02
PAY-014525,ORD-001179,debit_card,1,920.81
PAY-014526,ORD-009845,debit_card,1,3405.59
PAY-014527,ORD-002259,voucher,1,3821.36
PAY-014528,ORD-014250,debit_card,1,5133.34
PAY-014529,ORD-014447,credit_card,12,-67.8
PAY-014530,ORD-006735,debit_card,1,2389.97
PAY-014531,ORD-005086,voucher,1,7960.95
PAY-014532,ORD-009917,debit_card,1,3815.71
PAY-014533,ORD-012703,boleto,1,2365.52
PAY-014534,ORD-000359,credit_card,2,5103.67
PAY-014535,ORD-010625,boleto,1,154.95
PAY-014536,ORD-003851,debit_card,1,1425.36
PAY-014537,ORD-014865,voucher,1,5416.87
PAY-014538,ORD-012944,voucher,1,1225.58
PAY-014539,ORD-013346,voucher,1,4436.17
PAY-014540,ORD-008691,boleto,1,1349.34
PAY-014541,ORD-005252,credit_card,4,6296.05
PAY-014542,ORD-003708,voucher,1,7275.29
PAY-014543,ORD-005267,voucher,1,6385.96
PAY-014544,ORD-008079,debit_card,1,4210.37
PAY-014545,ORD-007174,boleto,1,3991.03
PAY-014546,ORD-007263,debit_card,1,6821.11
PAY-014547,ORD-008537,debit_card,1,4907.88
PAY-014548,ORD-001789,credit_card,5,6953.81
PAY-014549,ORD-000127,boleto,,3501.09
PAY-014550,ORD-010309,credit_card,7,508.06
PAY-014551,ORD-001480,debit_card,1,6674.05
PAY-014552,ORD-005131,boleto,1,3495.99
PAY-014553,ORD-012496,boleto,1,6777.06
PAY-014554,ORD-001803,credit_card,2,928.13
PAY-014555,ORD-005495,boleto,1,3201.04
PAY-014556,ORD-004513,debit_card,1,4185.49
PAY-014557,ORD-014944,voucher,1,2799.74
PAY-014558,ORD-002107,voucher,1,4422.08
PAY-014559,ORD-014641,credit_card,9,2807.02
PAY-014560,ORD-005564,debit_card,1,91.44
PAY-014561,ORD-011963,voucher,1,6436.42
PAY-014562,ORD-008736,debit_card,1,1565.55
PAY-014563,ORD-010894,voucher,1,1596.56
PAY-014564,ORD-004279,credit_card,10,1892.44
PAY-014565,ORD-002326,voucher,1,768.97
PAY-014566,ORD-004001,boleto,1,3764.36
PAY-014567,ORD-007027,voucher,1,7404.87
PAY-014568,ORD-014231,voucher,1,109.12
PAY-014569,ORD-004898,voucher,1,5621.41
PAY-014570,ORD-012693,voucher,1,7775.03
PAY-014571,ORD-005587,voucher,1,334.62
PAY-014572,ORD-014681,voucher,1,433.95
PAY-014573,ORD-004894,credit_card,3,43.87
PAY-014574,ORD-005127,debit_card,1,2873.24
PAY-014575,ORD-006450,credit_card,,4911.13
PAY-014576,ORD-004649,debit_card,1,3574.59
PAY-014577,ORD-010768,credit_card,1,6074.31
PAY-014578,ORD-003028,debit_card,1,5126.41
PAY-014579,ORD-009156,debit_card,1,4625.02
PAY-014580,ORD-011024,voucher,1,3531.83
PAY-014581,ORD-005174,boleto,1,7693.4
PAY-014582,ORD-006389,voucher,1,1190.53
PAY-014583,ORD-000247,credit_card,12,2322.21
PAY-014584,ORD-007559,voucher,1,4369.69
PAY-014585,ORD-012243,voucher,1,1855.8
PAY-014586,ORD-008846,credit_card,2,1169.6
PAY-014587,ORD-013642,boleto,1,4933.95
PAY-014588,ORD-001021,boleto,1,1015.18
PAY-014589,ORD-012143,credit_card,12,1045.2
PAY-014590,ORD-012804,debit_card,1,1585.3
PAY-014591,ORD-005449,boleto,1,1911.72
PAY-014592,ORD-006572,voucher,1,3107.76
PAY-014593,ORD-014277,credit_card,3,6711.41
PAY-014594,ORD-013297,voucher,1,6969.67
PAY-014595,ORD-003625,credit_card,5,756.67
PAY-014596,ORD-003402,credit_card,5,3298.61
PAY-014597,ORD-008204,credit_card,1,2733.28
PAY-014598,ORD-006554,credit_card,1,1036.45
PAY-014599,ORD-012354,boleto,1,5047.45
PAY-014600,ORD-012837,credit_card,5,4519.9
PAY-014601,ORD-014671,voucher,1,4822.14
PAY-014602,ORD-006931,voucher,1,3736.92
PAY-014603,ORD-008064,voucher,1,7681.8
PAY-014604,ORD-010556,debit_card,1,2684.06
PAY-014605,ORD-001000,debit_card,1,1450.77
PAY-014606,ORD-007592,credit_card,5,7261.45
PAY-014607,ORD-012464,boleto,1,7038.07
PAY-014608,ORD-008640,debit_card,1,6430.06
PAY-014609,ORD-014576,credit_card,1,3940.28
PAY-014610,ORD-002538,credit_card,5,7838.91
PAY-014611,ORD-006388,debit_card,1,7008.9
PAY-014612,ORD-000515,voucher,1,1662.73
PAY-014613,ORD-012712,debit_card,1,7184.85
PAY-014614,ORD-003487,voucher,1,2045.9
PAY-014615,ORD-000908,credit_card,2,1515.51
PAY-014616,ORD-000730,credit_card,10,3499.61
PAY-014617,ORD-012649,voucher,1,3733.43
PAY-014618,ORD-006099,debit_card,1,5160.97
PAY-014619,ORD-013444,boleto,1,121.68
PAY-014620,ORD-007687,debit_card,1,5495.89
PAY-014621,ORD-002677,credit_card,3,5720.85
PAY-014622,ORD-014939,boleto,1,4710.12
PAY-014623,ORD-007173,credit_card,11,2591.68
PAY-014624,ORD-006400,credit_card,11,6324.6
PAY-014625,ORD-012642,credit_card,7,5101.81
PAY-014626,ORD-003782,debit_card,1,2115.75
PAY-014627,ORD-013111,voucher,1,176.2
PAY-014628,ORD-010485,voucher,1,1975.23
PAY-014629,ORD-012995,voucher,1,1159.06
PAY-014630,ORD-013095,debit_card,1,1766.7
PAY-014631,ORD-007468,debit_card,1,5754.83
PAY-014632,ORD-000457,credit_card,10,-282.16
PAY-014633,ORD-013196,voucher,1,2816.94
PAY-014634,ORD-013421,voucher,1,3967.84
PAY-014635,ORD-007057,credit_card,6,6650.38
PAY-014636,ORD-011062,credit_card,2,-189.07
PAY-014637,ORD-009633,debit_card,1,2132.15
PAY-014638,ORD-012163,boleto,1,576.24
PAY-014639,ORD-003237,voucher,1,374.44
PAY-014640,ORD-012431,boleto,1,2773.4
PAY-014641,ORD-007952,debit_card,1,4109.35
PAY-014642,ORD-007177,boleto,1,5613.13
PAY-014643,ORD-007126,voucher,1,6375.61
PAY-014644,ORD-003240,credit_card,2,5818.8
PAY-014645,ORD-010271,voucher,1,1472.77
PAY-014646,ORD-001736,voucher,1,7109.63
PAY-014647,ORD-003006,credit_card,2,7456.84
PAY-014648,ORD-011509,boleto,1,1446.11
PAY-014649,ORD-012992,boleto,1,4047.86
PAY-014650,ORD-007473,voucher,1,7967.14
PAY-014651,ORD-007742,voucher,1,598.81
PAY-014652,ORD-012453,debit_card,,2537.5
PAY-014653,ORD-011071,debit_card,1,247.96
PAY-014654,ORD-012604,debit_card,1,5033.87
PAY-014655,ORD-009444,voucher,1,555.44
PAY-014656,ORD-007827,debit_card,1,1755.67
PAY-014657,ORD-006086,voucher,1,4297.2
PAY-014658,ORD-003286,boleto,1,3149.81
PAY-014659,ORD-008318,boleto,1,5238.11
PAY-014660,ORD-013487,debit_card,1,4929.65
PAY-014661,ORD-009768,voucher,1,1790.77
PAY-014662,ORD-000210,debit_card,1,822.44
PAY-014663,ORD-000475,voucher,1,2477.48
PAY-014664,ORD-007672,credit_card,11,3885.51
PAY-014665,ORD-005682,boleto,1,4596.07
PAY-014666,ORD-012195,credit_card,10,912.22
PAY-014667,ORD-006281,voucher,1,3795.18
PAY-014668,ORD-004178,credit_card,8,6856.95
PAY-014669,ORD-009676,credit_card,6,6628.78
PAY-014670,ORD-004057,boleto,1,2800.26
PAY-014671,ORD-009298,credit_card,4,1667.4
PAY-014672,ORD-004709,voucher,1,287.31
PAY-014673,ORD-006297,boleto,1,156.04
PAY-014674,ORD-004339,voucher,1,6626.06
PAY-014675,ORD-007016,debit_card,1,6946.3
PAY-014676,ORD-009386,debit_card,1,127.03
PAY-014677,ORD-002711,boleto,1,7820.77
PAY-014678,ORD-001296,boleto,1,7354.62
PAY-014679,ORD-011096,boleto,1,5735.76
PAY-014680,ORD-003318,debit_card,1,7093.07
PAY-014681,ORD-007079,credit_card,11,3202.3
PAY-014682,ORD-010580,boleto,1,6771.29
PAY-014683,ORD-012927,credit_card,6,4213.12
PAY-014684,ORD-008256,debit_card,1,1323.71
PAY-014685,ORD-004818,debit_card,1,6112.41
PAY-014686,ORD-008166,credit_card,4,2005.07
PAY-014687,ORD-006811,voucher,1,5044.04
PAY-014688,ORD-006278,boleto,1,5098.39
PAY-014689,ORD-004370,boleto,1,3738.54
PAY-014690,ORD-008994,boleto,1,4676.54
PAY-014691,ORD-001312,voucher,1,3256.5
PAY-014692,ORD-013994,credit_card,2,5019.35
PAY-014693,ORD-001894,voucher,1,1669.54
PAY-014694,ORD-005813,voucher,1,1171.02
PAY-014695,ORD-011302,credit_card,9,7843.35
PAY-014696,ORD-014414,debit_card,1,5243.01
PAY-014697,ORD-011684,voucher,1,2568.28
PAY-014698,ORD-002607,boleto,1,3028.75
PAY-014699,ORD-002151,debit_card,1,7676.95
PAY-014700,ORD-003154,voucher,1,291.41
PAY-014701,ORD-005533,debit_card,1,3107.78
PAY-014702,ORD-010464,voucher,1,2923.81
PAY-014703,ORD-003732,debit_card,1,350.17
PAY-014704,ORD-013584,boleto,1,4779.17
PAY-014705,ORD-009460,credit_card,1,6125.8
PAY-014706,ORD-002584,credit_card,9,-11.85
PAY-014707,ORD-007808,boleto,1,7853.81
PAY-014708,ORD-003818,debit_card,1,2281.8
PAY-014709,ORD-001247,credit_card,7,6569.26
PAY-014710,ORD-012233,boleto,1,3985.25
PAY-014711,ORD-011470,boleto,1,493.57
PAY-014712,ORD-006946,credit_card,5,5610.91
PAY-014713,ORD-002685,boleto,1,1747.32
PAY-014714,ORD-002909,debit_card,1,7732.92
PAY-014715,ORD-007440,credit_card,9,5932.43
PAY-014716,ORD-006698,boleto,1,3469.77
PAY-014717,ORD-005244,debit_card,1,5926.83
PAY-014718,ORD-014731,debit_card,1,1153.46
PAY-014719,ORD-002706,voucher,,411.33
PAY-014720,ORD-001938,boleto,1,7565.72
PAY-014721,ORD-005383,debit_card,1,1389.48
PAY-014722,ORD-012435,voucher,1,5364.55
PAY-014723,ORD-002616,boleto,1,-397.37
PAY-014724,ORD-004573,credit_card,11,3368.54
PAY-014725,ORD-011054,debit_card,1,4428.91
PAY-014726,ORD-009545,boleto,1,7809.15
PAY-014727,ORD-004099,voucher,1,6514.9
PAY-014728,ORD-013286,credit_card,6,1104.11
PAY-014729,ORD-000900,debit_card,1,3286.89
PAY-014730,ORD-006701,voucher,1,5138.17
PAY-014731,ORD-012891,debit_card,1,7251.74
PAY-014732,ORD-011894,debit_card,1,3838.67
PAY-014733,ORD-006160,credit_card,5,6794.58
PAY-014734,ORD-005477,boleto,1,4558.68
PAY-014735,ORD-001751,debit_card,1,6752.49
PAY-014736,ORD-010362,debit_card,1,7574.69
PAY-014737,ORD-010701,debit_card,1,936.71
PAY-014738,ORD-009421,boleto,1,5935.25
PAY-014739,ORD-009602,credit_card,9,495.28
PAY-014740,ORD-005368,credit_card,7,585.26
PAY-014741,ORD-013432,credit_card,2,6491.28
PAY-014742,ORD-012115,credit_card,4,7821.09
PAY-014743,ORD-013755,credit_card,2,4922.87
PAY-014744,ORD-004211,voucher,1,5118.03
PAY-014745,ORD-011046,voucher,1,2698.86
PAY-014746,ORD-009867,debit_card,1,3732.75
PAY-014747,ORD-013981,debit_card,1,5888.4
PAY-014748,ORD-013519,debit_card,1,5679.6
PAY-014749,ORD-009372,debit_card,1,1207.54
PAY-014750,ORD-004900,boleto,1,7474.55
PAY-014751,ORD-014211,boleto,1,4857.27
PAY-014752,ORD-006928,debit_card,1,6082.89
PAY-014753,ORD-004786,credit_card,12,616.94
PAY-014754,ORD-001823,voucher,1,431.99
PAY-014755,ORD-006340,credit_card,12,1078.4
PAY-014756,ORD-001684,debit_card,1,5529.94
PAY-014757,ORD-009896,voucher,1,-50.36
PAY-014758,ORD-003626,debit_card,1,1460.77
PAY-014759,ORD-013782,credit_card,10,3166.0
PAY-014760,ORD-012483,voucher,1,3645.73
PAY-014761,ORD-007137,voucher,1,4844.46
PAY-014762,ORD-001910,debit_card,1,5876.23
PAY-014763,ORD-000459,boleto,1,2567.94
PAY-014764,ORD-006126,boleto,1,7794.78
PAY-014765,ORD-011993,debit_card,1,-227.65
PAY-014766,ORD-012102,debit_card,1,137.77
PAY-014767,ORD-011021,voucher,1,6375.41
PAY-014768,ORD-006061,credit_card,3,7537.84
PAY-014769,ORD-004194,boleto,1,6689.95
PAY-014770,ORD-004579,boleto,1,7127.43
PAY-014771,ORD-008399,credit_card,2,342.19
PAY-014772,ORD-001305,boleto,1,1693.07
PAY-014773,ORD-002564,voucher,1,5133.38
PAY-014774,ORD-013805,voucher,1,7009.5
PAY-014775,ORD-006654,boleto,1,4275.17
PAY-014776,ORD-005045,voucher,1,528.39
PAY-014777,ORD-003687,credit_card,4,88.72
PAY-014778,ORD-008333,debit_card,1,4159.23
PAY-014779,ORD-005756,debit_card,1,2584.47
PAY-014780,ORD-007315,debit_card,1,6818.95
PAY-014781,ORD-008920,credit_card,12,6299.08
PAY-014782,ORD-000304,boleto,1,1361.06
PAY-014783,ORD-000919,credit_card,12,7529.6
PAY-014784,ORD-000103,voucher,1,2113.75
PAY-014785,ORD-004534,PIX,1,2901.2
PAY-014786,ORD-004716,credit_card,7,823.65
PAY-014787,ORD-012612,debit_card,1,3958.91
PAY-014788,ORD-007203,boleto,1,6829.55
PAY-014789,ORD-001922,boleto,1,6581.61
PAY-014790,ORD-014465,boleto,1,3557.81
PAY-014791,ORD-006991,credit_card,6,6080.35
PAY-014792,ORD-014171,voucher,1,6770.82
PAY-014793,ORD-010959,debit_card,1,4774.91
PAY-014794,ORD-011008,PIX,1,2129.83
PAY-014795,ORD-009473,debit_card,1,1401.68
PAY-014796,ORD-013415,credit_card,1,7598.69
PAY-014797,ORD-009417,boleto,1,6736.44
PAY-014798,ORD-010575,boleto,1,1338.78
PAY-014799,ORD-006709,credit_card,7,1656.62
PAY-014800,ORD-011424,debit_card,1,7139.34
PAY-014801,ORD-009524,voucher,1,6070.03
PAY-014802,ORD-003633,debit_card,1,2217.87
PAY-014803,ORD-010978,boleto,1,7809.44
PAY-014804,ORD-000926,debit_card,1,4636.55
PAY-014805,ORD-013320,credit_card,9,2900.12
PAY-014806,ORD-009530,voucher,1,4231.69
PAY-014807,ORD-014085,debit_card,1,5590.95
PAY-014808,ORD-011959,debit_card,1,5548.04
PAY-014809,ORD-007528,credit_card,7,3113.48
PAY-014810,ORD-014598,credit_card,11,4505.02
PAY-014811,ORD-004105,voucher,1,1772.44
PAY-014812,ORD-004191,debit_card,1,5372.75
PAY-014813,ORD-008527,boleto,1,2238.55
PAY-014814,ORD-011175,boleto,1,3527.48
PAY-014815,ORD-003625,boleto,1,3558.31
PAY-014816,ORD-009754,voucher,1,4825.9
PAY-014817,ORD-001113,voucher,1,968.18
PAY-014818,ORD-004114,boleto,1,2009.22
PAY-014819,ORD-014038,debit_card,1,6106.17
PAY-014820,ORD-002640,boleto,1,162.2
PAY-014821,ORD-006024,credit_card,11,7414.3
PAY-014822,ORD-010721,voucher,1,4184.33
PAY-014823,ORD-006970,voucher,1,873.72
PAY-014824,ORD-005345,credit_card,7,7296.58
PAY-014825,ORD-000847,boleto,1,1602.71
PAY-014826,ORD-011094,boleto,1,4304.43
PAY-014827,ORD-013009,voucher,1,5434.62
PAY-014828,ORD-009341,boleto,1,528.17
PAY-014829,ORD-000863,boleto,1,4691.27
PAY-014830,ORD-008839,credit_card,2,5258.98
PAY-014831,ORD-013654,boleto,1,7723.17
PAY-014832,ORD-011010,debit_card,1,1259.84
PAY-014833,ORD-011184,voucher,1,1004.01
PAY-014834,ORD-009926,credit_card,11,1682.89
PAY-014835,ORD-013707,boleto,1,5444.76
PAY-014836,ORD-002949,boleto,1,2685.52
PAY-014837,ORD-006780,debit_card,1,3885.94
PAY-014838,ORD-006100,credit_card,7,2946.19
PAY-014839,ORD-007127,boleto,1,4903.45
PAY-014840,ORD-000554,boleto,1,5276.82
PAY-014841,ORD-007905,credit_card,4,4970.84
PAY-014842,ORD-004837,boleto,1,3576.14
PAY-014843,ORD-009954,voucher,1,4041.3
PAY-014844,ORD-012167,credit_card,5,4785.97
PAY-014845,ORD-009159,voucher,1,4884.19
PAY-014846,ORD-001030,boleto,1,6967.19
PAY-014847,ORD-000782,debit_card,1,1653.02
PAY-014848,ORD-009998,credit_card,8,1784.2
PAY-014849,ORD-007134,debit_card,1,4481.43
PAY-014850,ORD-013732,voucher,1,683.01
PAY-014851,ORD-007948,voucher,1,7535.47
PAY-014852,ORD-000962,credit_card,5,1167.6
PAY-014853,ORD-008859,credit_card,5,4994.71
PAY-014854,ORD-001142,boleto,1,2647.54
PAY-014855,ORD-012162,voucher,1,1262.05
PAY-014856,ORD-005349,debit_card,1,7005.04
PAY-014857,ORD-004171,voucher,1,3186.01
PAY-014858,ORD-006918,debit_card,1,1337.93
PAY-014859,ORD-011364,credit_card,11,2873.69
PAY-014860,ORD-006320,debit_card,1,996.4
PAY-014861,ORD-005989,voucher,1,394.75
PAY-014862,ORD-001755,boleto,1,1804.9
PAY-014863,ORD-005938,voucher,1,2226.71
PAY-014864,ORD-006127,debit_card,1,3592.97
PAY-014865,ORD-012604,credit_card,7,7015.83
PAY-014866,ORD-005345,debit_card,1,2984.45
PAY-014867,ORD-010519,boleto,1,6450.67
PAY-014868,ORD-012769,credit_card,1,5993.96
PAY-014869,ORD-005188,debit_card,1,5762.7
PAY-014870,ORD-013967,voucher,1,2713.91
PAY-014871,ORD-013642,credit_card,1,995.07
PAY-014872,ORD-013806,boleto,1,2584.44
PAY-014873,ORD-000620,voucher,1,1768.9
PAY-014874,ORD-000453,boleto,1,3201.62
PAY-014875,ORD-001172,credit_card,2,6152.46
PAY-014876,ORD-007073,boleto,1,2459.66
PAY-014877,ORD-013668,voucher,1,6935.44
PAY-014878,ORD-001656,credit_card,11,384.59
PAY-014879,ORD-009550,voucher,1,551.69
PAY-014880,ORD-005773,boleto,1,1978.53
PAY-014881,ORD-004880,debit_card,1,1043.09
PAY-014882,ORD-003719,credit_card,11,3843.68
PAY-014883,ORD-000378,boleto,1,6844.63
PAY-014884,ORD-000435,debit_card,1,7417.58
PAY-014885,ORD-004718,credit_card,9,5550.92
PAY-014886,ORD-013733,voucher,1,360.7
PAY-014887,ORD-006030,debit_card,1,5455.33
PAY-014888,ORD-009404,credit_card,3,4686.69
PAY-014889,ORD-012136,boleto,1,4267.95
PAY-014890,ORD-006752,debit_card,1,680.88
PAY-014891,ORD-006765,credit_card,2,5892.93
PAY-014892,ORD-009576,boleto,1,7330.19
PAY-014893,ORD-014973,debit_card,1,2615.24
PAY-014894,ORD-007496,voucher,1,812.38
PAY-014895,ORD-000001,credit_card,10,7930.23
PAY-014896,ORD-007200,voucher,1,3928.51
PAY-014897,ORD-003054,credit_card,2,2801.77
PAY-014898,ORD-014601,voucher,1,3006.67
PAY-014899,ORD-009680,credit_card,11,1958.28
PAY-014900,ORD-010685,debit_card,1,2475.78
PAY-014901,ORD-009071,credit_card,5,7016.86
PAY-014902,ORD-003454,debit_card,1,3586.45
PAY-014903,ORD-014903,credit_card,6,3758.84
PAY-014904,ORD-011382,bitcoin,1,4219.81
PAY-014905,ORD-007377,boleto,1,4782.51
PAY-014906,ORD-007606,boleto,1,5022.69
PAY-014907,ORD-011743,boleto,1,5752.97
PAY-014908,ORD-003676,voucher,1,2334.66
PAY-014909,ORD-012349,credit_card,6,3116.55
PAY-014910,ORD-004650,voucher,1,3135.17
PAY-014911,ORD-005501,credit_card,6,1833.6
PAY-014912,ORD-007556,credit_card,9,3667.68
PAY-014913,ORD-008958,debit_card,1,4314.98
PAY-014914,ORD-010785,debit_card,1,2565.02
PAY-014915,ORD-004619,debit_card,1,6857.05
PAY-014916,ORD-013307,boleto,1,6945.09
PAY-014917,ORD-013449,debit_card,1,6789.15
PAY-014918,ORD-013762,credit_card,3,-133.62
PAY-014919,ORD-010678,voucher,,3375.13
PAY-014920,ORD-003789,debit_card,1,6955.94
PAY-014921,ORD-011692,debit_card,1,5163.04
PAY-014922,ORD-008619,credit_card,1,2678.1
PAY-014923,ORD-008450,voucher,1,3322.95
PAY-014924,ORD-009418,boleto,1,3712.66
PAY-014925,ORD-010281,credit_card,10,6289.62
PAY-014926,ORD-012803,credit_card,2,492.14
PAY-014927,ORD-013640,debit_card,1,-22.88
PAY-014928,ORD-007555,boleto,1,6837.26
PAY-014929,ORD-010023,credit_card,6,911.19
PAY-014930,ORD-008078,credit_card,1,6549.6
PAY-014931,ORD-006989,boleto,1,1176.81
PAY-014932,ORD-005567,credit_card,5,5710.35
PAY-014933,ORD-013282,credit_card,6,7587.02
PAY-014934,ORD-010512,credit_card,6,1813.86
PAY-014935,ORD-009614,credit_card,8,5559.22
PAY-014936,ORD-008611,debit_card,1,7741.52
PAY-014937,ORD-000558,boleto,1,3565.64
PAY-014938,ORD-000706,credit_card,1,6772.59
PAY-014939,ORD-001910,voucher,1,6582.53
PAY-014940,ORD-011801,credit_card,1,4655.26
PAY-014941,ORD-013420,boleto,1,3632.13
PAY-014942,ORD-012608,credit_card,1,7186.27
PAY-014943,ORD-007326,credit_card,1,7759.57
PAY-014944,ORD-004086,debit_card,1,543.21
PAY-014945,ORD-014517,boleto,1,2952.13
PAY-014946,ORD-006825,voucher,1,5280.74
PAY-014947,ORD-002875,boleto,1,659.02
PAY-014948,ORD-011910,voucher,1,4053.77
PAY-014949,ORD-013909,boleto,1,1061.78
PAY-014950,ORD-004940,debit_card,1,3738.88
PAY-014951,ORD-008226,credit_card,10,6692.25
PAY-014952,ORD-011494,credit_card,12,1064.85
PAY-014953,ORD-008423,boleto,1,5991.56
PAY-014954,ORD-004100,credit_card,8,1062.77
PAY-014955,ORD-007640,credit_card,3,2590.28
PAY-014956,ORD-006385,boleto,1,5086.63
PAY-014957,ORD-001718,debit_card,1,5802.29
PAY-014958,ORD-003188,debit_card,1,3324.44
PAY-014959,ORD-012887,credit_card,12,4295.07
PAY-014960,ORD-012534,debit_card,1,3624.83
PAY-014961,ORD-008791,debit_card,1,6291.87
PAY-014962,ORD-001366,debit_card,1,2101.92
PAY-014963,ORD-002488,voucher,1,1228.33
PAY-014964,ORD-006810,credit_card,1,2122.12
PAY-014965,ORD-000111,credit_card,7,5736.77
PAY-014966,ORD-009505,boleto,1,6814.79
PAY-014967,ORD-000610,credit_card,10,3333.91
PAY-014968,ORD-006261,voucher,1,4935.08
PAY-014969,ORD-011921,voucher,1,3044.67
PAY-014970,ORD-003290,boleto,1,6141.63
PAY-014971,ORD-003934,boleto,1,430.54
PAY-014972,ORD-011435,voucher,1,5866.1
PAY-014973,ORD-007122,voucher,1,7701.83
PAY-014974,ORD-010536,debit_card,1,7282.52
PAY-014975,ORD-004747,boleto,,7085.15
PAY-014976,ORD-010005,boleto,1,5350.09
PAY-014977,ORD-008598,voucher,1,162.86
PAY-014978,ORD-012765,credit_card,1,1307.65
PAY-014979,ORD-008428,credit_card,10,1614.14
PAY-014980,ORD-013155,credit_card,11,506.3
PAY-014981,ORD-004694,voucher,1,4439.51
PAY-014982,ORD-001211,boleto,1,5064.33
PAY-014983,ORD-000676,voucher,1,3107.14
PAY-014984,ORD-014357,boleto,1,2742.62
PAY-014985,ORD-012399,credit_card,8,326.24
PAY-014986,ORD-007522,boleto,1,5432.41
PAY-014987,ORD-001386,boleto,1,2235.54
PAY-014988,ORD-012442,debit_card,1,4156.65
PAY-014989,ORD-009160,credit_card,8,6333.09
PAY-014990,ORD-001279,voucher,1,2235.19
PAY-014991,ORD-007474,voucher,1,25.01
PAY-014992,ORD-013413,boleto,1,6609.32
PAY-014993,ORD-002034,boleto,1,392.05
PAY-014994,ORD-000575,credit_card,4,511.34
PAY-014995,ORD-002261,voucher,1,2999.17
PAY-014996,ORD-002130,voucher,1,4804.43
PAY-014997,ORD-001046,boleto,1,7338.45
PAY-014998,ORD-006978,debit_card,1,3219.57
PAY-014999,ORD-004195,boleto,1,1051.58
PAY-015000,ORD-003674,voucher,1,4052.65
