review_id,order_id,score,title,comment,created_at
REV-000001,ORD-006249,3,Pesimo,Pesimo,2021-11-11 14:28:00
REV-000001,ORD-006249,3,Pesimo,Pesimo,2021-11-11 14:28:00
REV-000003,ORD-012469,4,Llego roto,Llego roto,2021-03-17 01:24:00
REV-000004,ORD-005372,,Mejor de lo esperado,,2021-06-13 12:04:00
REV-000005,ORD-008952,5,OK,OK,2023-01-01 12:56:00
REV-000006,ORD-000755,1,,,2021-04-07 07:28:00
REV-000007,ORD-008580,3,Llego roto,,2023-11-24 14:29:00
REV-000008,ORD-008374,4,Excelente producto,Excelente producto,2021-07-25 02:42:00
REV-000009,ORD-012691,2,Pesimo,Pesimo,2021-02-24 20:10:00
REV-000010,ORD-004121,2,Cumple expectativas,,2022-04-22 00:27:00
REV-000011,ORD-014715,4,OK,,2024-02-05 16:58:00
REV-000012,ORD-004341,1,Muy bueno,Muy bueno,2022-02-13 01:20:00
REV-000013,ORD-004424,1,Muy bueno,Muy bueno,2021-11-30 12:37:00
REV-000014,ORD-000204,5,Muy bueno,Muy bueno,2022-11-09 09:01:00
REV-000015,ORD-001060,5,OK,,2021-06-06 01:01:00
REV-000016,ORD-010742,3,Pesimo,Pesimo,2021-08-22 06:25:00
REV-000017,ORD-005388,2,Malo,,2023-02-27 21:50:00
REV-000018,ORD-012046,1,No lo recomiendo,No lo recomiendo,2021-02-04 04:08:00
REV-000019,ORD-012178,5,Llego roto,,2022-12-06 01:30:00
REV-000020,ORD-000744,4,Llego roto,Llego roto,2024-05-08 02:20:00
REV-000021,ORD-006472,3,Cumple expectativas,,2024-01-27 12:17:00
REV-000022,ORD-012178,2,Excelente producto,Excelente producto,2022-07-11 03:24:00
REV-000023,ORD-007757,3,No lo recomiendo,,2022-12-20 05:12:00
REV-000024,ORD-008588,1,,,2024-06-06 13:12:00
REV-000025,ORD-005752,1,Buena calidad,Buena calidad,2021-07-03 15:41:00
REV-000026,ORD-001803,4,Mejor de lo esperado,Mejor de lo esperado,2021-07-10 15:29:00
REV-000027,ORD-010920,3,,,2022-08-28 05:55:00
REV-000028,ORD-011606,3,Malo,,2022-07-18 19:36:00
REV-000029,ORD-005495,2,Llego roto,Llego roto,2022-10-12 15:46:00
REV-000030,ORD-010141,5,Mejor de lo esperado,Mejor de lo esperado,2023-11-09 11:33:00
REV-000031,ORD-014933,2,Recomendado,,2022-03-16 02:43:00
REV-000032,ORD-006161,1,Llego roto,,2023-04-04 14:24:00
REV-000033,ORD-008921,2,Llego roto,,2024-03-16 12:37:00
REV-000034,ORD-001603,1,Llego roto,Llego roto,2021-12-19 11:33:00
REV-000035,ORD-000016,2,Mejor de lo esperado,Mejor de lo esperado,2022-11-09 13:14:00
REV-000036,ORD-003358,5,Pesimo,Pesimo,2022-02-05 04:48:00
REV-000037,ORD-009774,3,Regular,Regular,2023-09-10 11:46:00
REV-000038,ORD-006448,4,Pesimo,Pesimo,2024-05-10 13:22:00
REV-000039,ORD-975015,2,Malo,,2023-09-17 14:17:00
REV-000040,ORD-007948,1,Pesimo,,2021-04-24 16:21:00
REV-000041,ORD-007112,3,,,2022-01-06 17:05:00
REV-000042,ORD-012636,4,Excelente producto,,2023-02-06 11:41:00
REV-000043,ORD-004949,1,Pesimo,Pesimo,2022-11-06 01:34:00
REV-000044,ORD-010466,5,Llego roto,Llego roto,2024-04-04 17:14:00
REV-000045,ORD-010625,4,Buena calidad,,2023-09-11 12:17:00
REV-000046,ORD-010657,5,Buena calidad,,2022-07-19 01:56:00
REV-000047,ORD-008510,5,Mejor de lo esperado,Mejor de lo esperado,2021-04-06 21:06:00
REV-000048,ORD-007159,4,No lo recomiendo,No lo recomiendo,2023-10-23 06:30:00
REV-000049,ORD-007906,3,Pesimo,Pesimo,2024-02-17 08:10:00
REV-000050,ORD-006379,4,Mejor de lo esperado,Mejor de lo esperado,2024-05-23 21:39:00
REV-000051,ORD-001125,2,Muy bueno,,2022-05-04 09:58:00
REV-000052,ORD-011606,3,Mejor de lo esperado,Mejor de lo esperado,2022-02-20 16:15:00
REV-000053,ORD-001609,3,Malo,Malo,2023-03-17 18:05:00
REV-000054,ORD-003199,3,Muy bueno,,2022-06-29 21:12:00
REV-000055,ORD-001458,4,Recomendado,Recomendado,2021-10-25 00:38:00
REV-000056,ORD-002963,4,Recomendado,,2023-06-14 04:59:00
REV-000057,ORD-012211,4,Excelente producto,Excelente producto,2023-12-07 17:00:00
REV-000058,ORD-005724,3,Mejor de lo esperado,Mejor de lo esperado,2022-10-06 12:21:00
REV-000059,ORD-004507,1,Malo,Malo,2023-08-22 20:40:00
REV-000060,ORD-005324,5,Excelente producto,Excelente producto,2022-01-13 20:02:00
REV-000061,ORD-009213,4,Regular,,2022-10-31 21:30:00
REV-000062,ORD-009558,4,Buena calidad,,2022-05-09 20:56:00
REV-000063,ORD-005449,2,Cumple expectativas,,2024-02-07 21:50:00
REV-000064,ORD-971888,5,OK,,2021-10-11 09:55:00
REV-000065,ORD-010711,3,Recomendado,Recomendado,2021-10-01 07:36:00
REV-000066,ORD-008646,5,Pesimo,,2022-07-22 23:17:00
REV-000067,ORD-010742,3,Malo,Malo,2023-10-30 06:11:00
REV-000068,ORD-013444,1,Recomendado,,2023-09-12 09:20:00
REV-000069,ORD-008748,5,Buena calidad,Buena calidad,2023-04-07 18:03:00
REV-000070,ORD-011844,3,Recomendado,,2023-03-04 23:50:00
REV-000071,ORD-000791,2,Malo,Malo,2022-12-15 04:15:00
REV-000072,ORD-002946,4,Cumple expectativas,Cumple expectativas,2023-03-26 18:09:00
REV-000073,ORD-013076,3,Cumple expectativas,Cumple expectativas,2021-11-18 13:18:00
REV-000074,ORD-009232,4,Mejor de lo esperado,,2022-10-16 21:00:00
REV-000075,ORD-000404,5,Recomendado,,2023-01-06 14:35:00
REV-000076,ORD-006503,5,Pesimo,Pesimo,2023-04-22 06:37:00
REV-000077,ORD-003481,5,Llego roto,Llego roto,2022-05-26 14:42:00
REV-000078,ORD-006875,1,Cumple expectativas,Cumple expectativas,2022-04-23 09:50:00
REV-000079,ORD-013118,2,Llego roto,,2024-05-28 07:40:00
REV-000080,ORD-009051,4,Pesimo,Pesimo,2024-05-02 21:46:00
REV-000081,ORD-003859,3,Buena calidad,,2022-06-11 06:04:00
REV-000082,ORD-014886,2,Mejor de lo esperado,Mejor de lo esperado,2022-06-12 09:35:00
REV-000083,ORD-002926,3,Mejor de lo esperado,Mejor de lo esperado,2023-09-03 17:43:00
REV-000084,ORD-013013,2,Recomendado,Recomendado,2024-05-09 03:55:00
REV-000085,ORD-906343,5,Regular,,2023-08-29 08:26:00
REV-000086,ORD-010946,4,Muy bueno,Muy bueno,2021-07-22 04:46:00
REV-000087,ORD-009770,2,OK,OK,2023-07-21 06:24:00
REV-000088,ORD-010747,-1,Regular,Regular,2023-06-19 02:45:00
REV-000089,ORD-006632,5,Pesimo,Pesimo,2024-02-22 01:48:00
REV-000090,ORD-004332,3,Mejor de lo esperado,Mejor de lo esperado,2023-03-15 15:13:00
REV-000091,ORD-002606,1,Muy bueno,,2023-08-23 20:18:00
REV-000092,ORD-004642,0,Buena calidad,Buena calidad,2022-03-17 14:34:00
REV-000093,ORD-000587,3,Mejor de lo esperado,,2023-10-26 02:58:00
REV-000094,ORD-009778,2,Llego roto,,2022-05-07 07:16:00
REV-000095,ORD-008193,3,Llego roto,Llego roto,2022-12-05 10:55:00
REV-000096,ORD-014149,5,Regular,Regular,2021-08-23 03:40:00
REV-000097,ORD-010848,1,Excelente producto,,2022-04-05 13:03:00
REV-000098,ORD-001534,2,Regular,,2022-02-07 08:02:00
REV-000099,ORD-000286,1,Pesimo,Pesimo,2024-01-11 23:14:00
REV-000100,ORD-007331,1,Excelente producto,,2021-10-24 15:01:00
REV-000101,ORD-009909,5,Cumple expectativas,,2021-05-18 19:15:00
REV-000102,ORD-010056,1,OK,,2022-02-23 19:05:00
REV-000103,ORD-011404,2,Mejor de lo esperado,Mejor de lo esperado,2023-02-20 21:18:00
REV-000104,ORD-011288,4,,,2024-04-25 04:38:00
REV-000105,ORD-001872,4,Mejor de lo esperado,,2021-02-13 17:04:00
REV-000106,ORD-014992,5,Llego roto,Llego roto,2021-09-30 05:12:00
REV-000107,ORD-013872,3,Excelente producto,,2021-11-19 10:20:00
REV-000108,ORD-014311,5,Llego roto,,2022-04-08 16:26:00
REV-000109,ORD-003950,4,Buena calidad,,2022-06-02 08:50:00
REV-000110,ORD-004218,5,No lo recomiendo,,2023-03-12 06:56:00
REV-000111,ORD-011984,1,Mejor de lo esperado,Mejor de lo esperado,2022-07-01 16:47:00
REV-000112,ORD-004840,3,Buena calidad,Buena calidad,2023-02-14 18:16:00
REV-000113,ORD-000286,10,,,2023-09-18 15:34:00
REV-000114,ORD-012308,1,Malo,Malo,2023-12-25 13:06:00
REV-000115,ORD-011263,4,Mejor de lo esperado,,2023-02-02 00:13:00
REV-000116,ORD-008564,5,Cumple expectativas,Cumple expectativas,2021-06-05 20:02:00
REV-000117,ORD-013829,3,Muy bueno,Muy bueno,2022-12-21 10:55:00
REV-000118,ORD-010800,2,Regular,Regular,2023-01-09 04:34:00
REV-000119,ORD-006886,5,Pesimo,Pesimo,2024-03-10 14:10:00
REV-000120,ORD-010222,4,Malo,Malo,2021-02-07 13:46:00
REV-000121,ORD-003721,3,Excelente producto,Excelente producto,2023-05-14 20:28:00
REV-000122,ORD-010867,2,Buena calidad,Buena calidad,2023-10-17 13:45:00
REV-000123,ORD-014686,4,Muy bueno,,2021-12-08 05:21:00
REV-000124,ORD-006908,2,,,2022-10-17 09:59:00
REV-000125,ORD-012914,5,Mejor de lo esperado,Mejor de lo esperado,2022-02-18 12:07:00
REV-000126,ORD-013520,5,Cumple expectativas,Cumple expectativas,2023-02-07 23:09:00
REV-000127,ORD-009183,2,Excelente producto,Excelente producto,2022-10-12 11:02:00
REV-000128,ORD-013742,1,Pesimo,,2022-03-15 09:00:00
REV-000129,ORD-010197,2,Mejor de lo esperado,Mejor de lo esperado,2023-01-17 09:11:00
REV-000130,ORD-003788,2,Mejor de lo esperado,Mejor de lo esperado,2022-08-19 11:43:00
REV-000131,ORD-006386,4,Buena calidad,,2023-05-10 01:26:00
REV-000132,ORD-006167,1,No lo recomiendo,No lo recomiendo,2024-03-07 02:49:00
REV-000133,ORD-008645,1,Excelente producto,Excelente producto,2021-07-11 10:56:00
REV-000134,ORD-009285,3,Malo,Malo,2022-03-12 08:02:00
REV-000135,ORD-000190,4,Excelente producto,Excelente producto,2021-10-13 07:31:00
REV-000136,ORD-003733,1,Excelente producto,,2023-07-13 04:56:00
REV-000137,ORD-000464,4,Excelente producto,Excelente producto,2021-10-05 22:21:00
REV-000138,ORD-012680,3,Cumple expectativas,,2024-05-09 02:19:00
REV-000139,ORD-011041,3,Pesimo,,2021-03-24 12:46:00
REV-000140,ORD-007250,1,Recomendado,,2022-03-30 12:28:00
REV-000141,ORD-013397,3,Muy bueno,Muy bueno,2022-03-16 20:23:00
REV-000142,ORD-002658,5,OK,OK,2021-10-23 15:13:00
REV-000143,ORD-000761,1,Excelente producto,,2023-12-07 00:18:00
REV-000144,ORD-009242,5,Pesimo,Pesimo,2023-12-10 13:53:00
REV-000145,ORD-010188,1,Recomendado,Recomendado,2021-07-16 08:01:00
REV-000146,ORD-010267,5,Llego roto,,2021-07-28 06:13:00
REV-000147,ORD-008630,2,No lo recomiendo,,2022-01-05 03:20:00
REV-000148,ORD-009147,2,OK,OK,2023-03-15 00:37:00
REV-000149,ORD-007456,1,Mejor de lo esperado,Mejor de lo esperado,2022-06-28 00:55:00
REV-000150,ORD-014586,1,Malo,Malo,2023-05-15 22:35:00
REV-000151,ORD-007102,1,Malo,Malo,2022-04-01 23:22:00
REV-000152,ORD-011858,5,Regular,Regular,2021-10-21 19:47:00
REV-000153,ORD-004324,4,Mejor de lo esperado,Mejor de lo esperado,2022-02-23 07:38:00
REV-000154,ORD-005771,3,Regular,,2021-08-08 04:59:00
REV-000155,ORD-005803,2,Cumple expectativas,Cumple expectativas,2023-10-08 17:16:00
REV-000156,ORD-011846,4,Excelente producto,Excelente producto,2024-03-06 06:42:00
REV-000157,ORD-009049,2,OK,OK,2021-02-24 03:58:00
REV-000158,ORD-007779,2,Muy bueno,Muy bueno,2021-11-29 08:16:00
REV-000159,ORD-011519,2,Llego roto,,2022-12-21 10:31:00
REV-000160,ORD-994160,4,Pesimo,Pesimo,2021-05-28 07:36:00
REV-000161,ORD-004074,3,Cumple expectativas,,2021-07-07 20:20:00
REV-000162,ORD-008945,4,Regular,,2022-01-24 05:53:00
REV-000163,ORD-005734,1,Cumple expectativas,Cumple expectativas,2024-01-01 09:54:00
REV-000164,ORD-005175,2,Malo,,2021-07-10 20:23:00
REV-000165,ORD-013580,2,Pesimo,,2021-08-26 15:13:00
REV-000166,ORD-007154,4,Regular,Regular,2023-03-14 09:26:00
REV-000167,ORD-003453,5,Mejor de lo esperado,,2021-07-18 13:27:00
REV-000168,ORD-008231,2,Regular,Regular,2022-01-10 03:14:00
REV-000169,ORD-005287,1,OK,,2022-11-30 06:36:00
REV-000170,ORD-011883,4,,,2022-08-11 16:49:00
REV-000171,ORD-002209,1,Excelente producto,Excelente producto,2022-01-09 03:06:00
REV-000172,ORD-011856,2,Regular,,2023-07-01 18:44:00
REV-000173,ORD-014300,0,Buena calidad,,2021-12-10 04:24:00
REV-000174,ORD-001974,4,,,2024-03-06 12:31:00
REV-000175,ORD-002380,5,,,2023-09-11 17:05:00
REV-000176,ORD-002467,2,Buena calidad,Buena calidad,2024-02-12 09:30:00
REV-000177,ORD-005290,5,OK,OK,2024-03-25 21:11:00
REV-000178,ORD-001599,5,Llego roto,Llego roto,2021-04-08 02:52:00
REV-000179,ORD-006291,1,Pesimo,Pesimo,2024-01-04 15:50:00
REV-000180,ORD-010566,1,OK,OK,2021-06-30 01:26:00
REV-000181,ORD-014869,1,Cumple expectativas,Cumple expectativas,2023-09-01 12:39:00
REV-000182,ORD-009008,2,Excelente producto,Excelente producto,2021-05-28 07:11:00
REV-000183,ORD-003745,3,Recomendado,Recomendado,2023-02-09 02:05:00
REV-000184,ORD-009478,5,Excelente producto,,2022-10-10 03:43:00
REV-000040,ORD-007948,1,Pesimo,,2021-04-24 16:21:00
REV-000186,ORD-006049,5,Pesimo,Pesimo,2023-06-21 09:58:00
REV-000187,ORD-003880,5,Pesimo,,2021-07-24 09:04:00
REV-000188,ORD-002692,3,No lo recomiendo,No lo recomiendo,2022-05-17 06:57:00
REV-000189,ORD-007056,4,Mejor de lo esperado,,2024-01-10 12:55:00
REV-000190,ORD-014838,2,Pesimo,,2023-09-15 12:19:00
REV-000191,ORD-008718,2,Excelente producto,Excelente producto,2021-04-18 04:20:00
REV-000192,ORD-007045,2,Llego roto,Llego roto,2023-10-26 15:31:00
REV-000193,ORD-013397,1,Recomendado,Recomendado,2022-09-24 00:53:00
REV-000194,ORD-006340,4,No lo recomiendo,,2022-05-03 22:37:00
REV-000195,ORD-014538,1,No lo recomiendo,No lo recomiendo,2021-05-09 22:34:00
REV-000196,ORD-007766,3,Recomendado,Recomendado,2021-08-18 18:41:00
REV-000197,ORD-004099,3,No lo recomiendo,No lo recomiendo,2023-06-07 16:03:00
REV-000198,ORD-014415,4,Regular,,2021-08-07 02:58:00
REV-000199,ORD-014455,2,Muy bueno,,2022-11-13 13:14:00
REV-000200,ORD-005479,3,Buena calidad,Buena calidad,2023-09-16 13:36:00
REV-000201,ORD-006753,2,OK,OK,2021-06-25 13:15:00
REV-000202,ORD-004504,4,Regular,,2022-07-14 09:53:00
REV-000203,ORD-006803,2,No lo recomiendo,No lo recomiendo,2024-03-31 23:34:00
REV-000204,ORD-013203,2,OK,,2022-08-10 10:29:00
REV-000205,ORD-011282,1,,,2021-09-25 02:39:00
REV-000206,ORD-011122,1,Pesimo,,2021-02-12 18:36:00
REV-000207,ORD-002817,2,Mejor de lo esperado,,2024-02-01 02:00:00
REV-000208,ORD-001046,3,Pesimo,,2021-08-21 00:52:00
REV-000209,ORD-010453,5,Mejor de lo esperado,Mejor de lo esperado,2022-04-07 08:10:00
REV-000210,ORD-004762,4,,,2022-05-03 09:40:00
REV-000211,ORD-013267,5,Mejor de lo esperado,,2021-06-08 15:51:00
REV-000212,ORD-001460,3,Regular,Regular,2022-12-25 19:14:00
REV-000213,ORD-005540,3,Buena calidad,Buena calidad,2021-02-17 08:11:00
REV-000214,ORD-014463,4,Excelente producto,Excelente producto,2021-02-14 17:15:00
REV-000215,ORD-013216,3,Mejor de lo esperado,Mejor de lo esperado,2023-04-20 01:53:00
REV-000216,ORD-000291,1,Buena calidad,,2024-02-29 13:42:00
REV-000217,ORD-014734,2,Muy bueno,,2022-11-09 15:36:00
REV-000218,ORD-001547,1,Muy bueno,,2022-10-12 09:24:00
REV-000219,ORD-012608,5,No lo recomiendo,,2023-12-24 10:13:00
REV-000220,ORD-013620,1,Recomendado,,2024-01-29 06:31:00
REV-000221,ORD-009917,1,Regular,,2022-07-01 11:45:00
REV-000222,ORD-010879,4,,,2023-03-03 04:13:00
REV-000223,ORD-003412,1,Cumple expectativas,,2024-04-25 07:56:00
REV-000224,ORD-005750,1,Mejor de lo esperado,,2022-08-26 14:31:00
REV-000225,ORD-006355,3,Cumple expectativas,,2023-12-23 01:30:00
REV-000226,ORD-013881,3,Llego roto,Llego roto,2023-04-27 05:52:00
REV-000227,ORD-009929,4,Cumple expectativas,,2024-04-04 06:16:00
REV-000228,ORD-003297,2,No lo recomiendo,No lo recomiendo,2022-05-30 00:19:00
REV-000229,ORD-003841,4,Muy bueno,Muy bueno,2021-04-27 04:13:00
REV-000230,ORD-007543,1,OK,OK,2023-12-17 00:33:00
REV-000231,ORD-003862,1,Muy bueno,,2022-04-17 19:18:00
REV-000232,ORD-003836,6,OK,OK,2023-11-09 01:01:00
REV-000233,ORD-007051,2,Excelente producto,Excelente producto,2023-12-21 03:09:00
REV-000234,ORD-008076,2,Cumple expectativas,Cumple expectativas,2022-10-29 19:50:00
REV-000235,ORD-013488,5,OK,OK,2021-02-10 03:32:00
REV-000236,ORD-008334,5,Llego roto,Llego roto,2021-03-19 16:31:00
REV-000237,ORD-007675,2,Cumple expectativas,Cumple expectativas,2021-08-04 14:26:00
REV-000238,ORD-012708,2,Buena calidad,Buena calidad,2021-09-16 14:43:00
REV-000239,ORD-001399,1,Buena calidad,,2024-03-21 00:49:00
REV-000240,ORD-002646,2,No lo recomiendo,No lo recomiendo,2022-12-09 16:05:00
REV-000241,ORD-010941,2,Pesimo,,2024-04-19 03:26:00
REV-000242,ORD-007910,5,Regular,Regular,2023-10-15 11:21:00
REV-000243,ORD-001337,4,No lo recomiendo,,2021-09-21 16:59:00
REV-000244,ORD-011841,1,,,2024-03-25 08:22:00
REV-000245,ORD-010517,1,Excelente producto,Excelente producto,2021-09-23 19:34:00
REV-000246,ORD-002436,4,Malo,,2023-09-17 02:59:00
REV-000247,ORD-009867,2,Muy bueno,,2021-11-23 19:52:00
REV-000248,ORD-009027,1,Muy bueno,Muy bueno,2023-06-04 13:32:00
REV-000249,ORD-008688,4,Llego roto,,2023-03-14 03:01:00
REV-000250,ORD-000543,2,Llego roto,,2023-03-13 18:50:00
REV-000251,ORD-004186,5,Muy bueno,,2022-07-25 18:55:00
REV-000252,ORD-008504,1,Cumple expectativas,Cumple expectativas,2023-12-06 16:04:00
REV-000253,ORD-006864,3,Recomendado,,2022-02-05 05:10:00
REV-000254,ORD-003792,1,Buena calidad,,2022-04-19 05:38:00
REV-000255,ORD-009829,4,Mejor de lo esperado,,2022-07-18 17:11:00
REV-000256,ORD-012239,3,Excelente producto,Excelente producto,2023-04-03 08:28:00
REV-000257,ORD-011920,3,,,2022-02-01 22:28:00
REV-000258,ORD-011018,1,Pesimo,,2022-11-09 15:51:00
REV-000259,ORD-014841,2,Pesimo,,2021-12-08 16:44:00
REV-000260,ORD-014037,5,No lo recomiendo,,2021-12-25 13:54:00
REV-000261,ORD-000146,5,Malo,Malo,2023-07-05 08:27:00
REV-000262,ORD-013914,4,Malo,,2023-10-01 07:56:00
REV-000263,ORD-011719,1,No lo recomiendo,No lo recomiendo,2021-10-22 00:48:00
REV-000264,ORD-000421,5,Muy bueno,Muy bueno,2024-01-15 13:43:00
REV-000265,ORD-013430,1,OK,,2022-07-30 21:10:00
REV-000266,ORD-010383,3,Recomendado,Recomendado,2021-05-25 13:30:00
REV-000267,ORD-012460,,Muy bueno,,2023-05-23 06:16:00
REV-000268,ORD-001201,1,No lo recomiendo,,2021-07-18 16:06:00
REV-000269,ORD-014172,1,Regular,,2021-04-07 06:03:00
REV-000270,ORD-010685,5,Cumple expectativas,Cumple expectativas,2022-03-23 22:15:00
REV-000271,ORD-003328,3,Muy bueno,Muy bueno,2022-05-23 09:26:00
REV-000272,ORD-013497,5,No lo recomiendo,,2022-05-19 10:34:00
REV-000273,ORD-014399,2,Recomendado,Recomendado,2024-06-09 08:00:00
REV-000274,ORD-011760,4,Llego roto,Llego roto,2024-04-25 08:54:00
REV-000275,ORD-003747,2,OK,OK,2023-12-18 01:21:00
REV-000276,ORD-003912,5,Buena calidad,Buena calidad,2022-05-28 14:01:00
REV-000277,ORD-011253,1,No lo recomiendo,,2021-08-21 21:11:00
REV-000278,ORD-005026,1,No lo recomiendo,,2022-06-26 07:54:00
REV-000279,ORD-006659,3,OK,OK,2023-06-18 20:13:00
REV-000280,ORD-014082,3,OK,OK,2022-03-13 10:50:00
REV-000281,ORD-009027,5,Excelente producto,Excelente producto,2022-10-08 00:19:00
REV-000282,ORD-014700,3,OK,OK,2021-11-21 18:56:00
REV-000283,ORD-001128,3,,,2021-04-17 04:30:00
REV-000284,ORD-014967,3,Excelente producto,Excelente producto,2021-07-13 04:47:00
REV-000285,ORD-002050,-1,Cumple expectativas,Cumple expectativas,2022-01-03 15:33:00
REV-000286,ORD-008781,5,Malo,,2021-10-22 18:46:00
REV-000287,ORD-002654,3,OK,,2022-03-19 04:56:00
REV-000288,ORD-009788,5,Pesimo,,2023-07-12 01:09:00
REV-000289,ORD-007888,4,Excelente producto,Excelente producto,2021-10-31 11:41:00
REV-000290,ORD-009242,3,Recomendado,Recomendado,2023-04-07 20:40:00
REV-000291,ORD-013424,3,Llego roto,,2023-01-03 18:26:00
REV-000292,ORD-007698,5,No lo recomiendo,,2022-09-03 01:33:00
REV-000293,ORD-006130,4,Llego roto,Llego roto,2024-01-10 03:54:00
REV-000294,ORD-009237,4,,,2022-12-17 19:57:00
REV-000295,ORD-005035,2,Mejor de lo esperado,Mejor de lo esperado,2023-10-09 00:06:00
REV-000296,ORD-001589,1,Recomendado,Recomendado,2022-07-31 18:54:00
REV-000297,ORD-002091,4,Regular,Regular,2024-05-14 05:09:00
REV-000298,ORD-011540,5,Mejor de lo esperado,Mejor de lo esperado,2023-04-11 05:36:00
REV-000299,ORD-011522,4,Malo,,2021-10-01 15:06:00
REV-000300,ORD-009268,,Cumple expectativas,,2023-10-20 00:48:00
REV-000301,ORD-011386,2,Mejor de lo esperado,,2021-11-15 05:16:00
REV-000302,ORD-004002,4,No lo recomiendo,No lo recomiendo,2022-12-24 10:53:00
REV-000303,ORD-002138,3,Buena calidad,,2023-08-31 02:08:00
REV-000304,ORD-006029,1,OK,OK,2022-08-27 20:28:00
REV-000305,ORD-001838,4,Regular,Regular,2024-03-04 16:12:00
REV-000306,ORD-005200,2,Recomendado,,2024-01-26 20:15:00
REV-000307,ORD-002709,1,Excelente producto,,2024-06-08 09:24:00
REV-000308,ORD-005725,4,Buena calidad,,2023-10-15 16:47:00
REV-000309,ORD-005184,2,Regular,Regular,2022-09-30 15:51:00
REV-000310,ORD-002183,3,Recomendado,Recomendado,2024-05-26 00:20:00
REV-000311,ORD-011517,3,Buena calidad,,2021-03-15 18:27:00
REV-000312,ORD-004412,2,Pesimo,Pesimo,2021-07-29 02:39:00
REV-000313,ORD-005117,5,Excelente producto,Excelente producto,2024-02-09 16:33:00
REV-000314,ORD-007832,1,Excelente producto,Excelente producto,2021-07-11 05:58:00
REV-000315,ORD-000046,4,OK,OK,2023-04-13 02:05:00
REV-000316,ORD-012745,5,Recomendado,,2023-04-04 18:10:00
REV-000317,ORD-917856,2,Llego roto,Llego roto,2021-08-11 03:33:00
REV-000318,ORD-007846,4,Buena calidad,,2024-02-21 16:55:00
REV-000319,ORD-006989,4,Malo,,2023-08-18 23:56:00
REV-000320,ORD-005401,5,Cumple expectativas,,2021-04-20 23:01:00
REV-000321,ORD-011460,4,Recomendado,Recomendado,2024-01-30 09:21:00
REV-000322,ORD-011939,1,,,2023-08-11 23:17:00
REV-000323,ORD-012856,1,Mejor de lo esperado,Mejor de lo esperado,2023-11-29 19:24:00
REV-000324,ORD-003605,1,,,2024-03-03 19:35:00
REV-000325,ORD-007476,5,Buena calidad,Buena calidad,2021-07-15 03:20:00
REV-000326,ORD-004723,1,Buena calidad,Buena calidad,2021-08-06 22:07:00
REV-000327,ORD-014314,4,Muy bueno,Muy bueno,2023-08-08 08:30:00
REV-000328,ORD-012812,4,Malo,,2022-11-16 00:07:00
REV-000329,ORD-961967,5,Muy bueno,Muy bueno,2023-11-07 13:18:00
REV-000330,ORD-003395,1,Cumple expectativas,Cumple expectativas,2022-08-01 02:55:00
REV-000331,ORD-005722,5,Mejor de lo esperado,,2023-04-22 00:53:00
REV-000332,ORD-003354,3,No lo recomiendo,No lo recomiendo,2022-02-03 02:25:00
REV-000333,ORD-003758,10,OK,OK,2023-02-08 12:18:00
REV-000334,ORD-013648,3,Muy bueno,,2021-07-02 09:53:00
REV-000335,ORD-012140,3,Buena calidad,,2024-04-04 10:10:00
REV-000336,ORD-012776,4,No lo recomiendo,,2022-04-24 22:50:00
REV-000337,ORD-000336,3,Cumple expectativas,,2023-09-05 09:32:00
REV-000338,ORD-007233,3,Recomendado,Recomendado,2021-05-02 07:46:00
REV-000339,ORD-002569,4,Excelente producto,,2023-11-04 02:21:00
REV-000340,ORD-006236,4,OK,OK,2024-01-10 01:35:00
REV-000341,ORD-008391,2,No lo recomiendo,No lo recomiendo,2023-08-18 11:20:00
REV-000342,ORD-003573,3,Muy bueno,,2023-11-02 06:10:00
REV-000343,ORD-012144,4,Buena calidad,Buena calidad,2022-07-07 13:10:00
REV-000344,ORD-011223,5,Regular,Regular,2023-06-04 07:58:00
REV-000345,ORD-001796,1,Muy bueno,,2021-07-11 00:51:00
REV-000346,ORD-006146,2,Malo,Malo,2022-02-28 00:35:00
REV-000347,ORD-014771,3,,,2024-01-27 21:56:00
REV-000348,ORD-007034,5,Malo,Malo,2024-06-06 03:48:00
REV-000349,ORD-013628,2,Llego roto,,2023-10-12 00:22:00
REV-000350,ORD-011656,3,Llego roto,Llego roto,2022-01-27 11:50:00
REV-000351,ORD-009339,1,Malo,Malo,2022-02-05 06:48:00
REV-000352,ORD-005709,3,Recomendado,Recomendado,2021-11-22 03:27:00
REV-000353,ORD-005305,3,OK,OK,2021-05-12 12:05:00
REV-000354,ORD-005718,4,,,2023-11-09 11:27:00
REV-000355,ORD-012615,2,Regular,Regular,2021-08-24 04:47:00
REV-000356,ORD-008393,5,Recomendado,Recomendado,2021-06-14 10:35:00
REV-000357,ORD-013448,2,Muy bueno,Muy bueno,2022-12-07 03:29:00
REV-000358,ORD-009394,2,Recomendado,Recomendado,2022-10-22 01:06:00
REV-000359,ORD-009037,4,Pesimo,Pesimo,2023-02-10 13:10:00
REV-000360,ORD-001136,2,Mejor de lo esperado,,2024-06-06 04:01:00
REV-000361,ORD-008680,2,Cumple expectativas,,2024-02-15 07:28:00
REV-000362,ORD-012104,2,Buena calidad,Buena calidad,2021-02-13 08:10:00
REV-000363,ORD-014433,4,,,2023-11-09 00:06:00
REV-000364,ORD-007913,2,Regular,Regular,2022-06-17 16:22:00
REV-000365,ORD-000904,4,Muy bueno,Muy bueno,2022-07-20 09:08:00
REV-000366,ORD-001920,2,Malo,Malo,2022-06-17 19:20:00
REV-000367,ORD-004961,2,OK,OK,2023-12-01 13:58:00
REV-000368,ORD-011272,3,Excelente producto,Excelente producto,2022-12-07 20:20:00
REV-000369,ORD-006795,5,No lo recomiendo,No lo recomiendo,2024-01-02 13:47:00
REV-000370,ORD-003498,5,Cumple expectativas,,2022-02-21 07:44:00
REV-000371,ORD-009752,5,Malo,,2024-03-01 01:36:00
REV-000372,ORD-007099,1,Pesimo,,2023-10-18 22:54:00
REV-000373,ORD-008075,2,Recomendado,Recomendado,2021-12-09 11:24:00
REV-000374,ORD-008911,4,Llego roto,,2024-03-01 09:21:00
REV-000375,ORD-007657,5,No lo recomiendo,,2024-04-06 00:51:00
REV-000376,ORD-001816,4,Regular,,2023-12-08 22:09:00
REV-000377,ORD-011053,4,OK,OK,2022-07-15 17:47:00
REV-000378,ORD-014898,1,Buena calidad,Buena calidad,2021-12-22 20:01:00
REV-000379,ORD-011461,4,Regular,Regular,2023-03-13 00:25:00
REV-000380,ORD-006004,1,Buena calidad,Buena calidad,2023-10-02 21:12:00
REV-000381,ORD-005549,5,Excelente producto,,2021-12-01 10:43:00
REV-000382,ORD-006575,3,No lo recomiendo,,2023-09-08 13:17:00
REV-000383,ORD-005515,5,Muy bueno,,2023-09-24 07:53:00
REV-000384,ORD-003434,3,Cumple expectativas,,2023-12-19 23:02:00
REV-000385,ORD-001666,2,Excelente producto,Excelente producto,2023-11-11 04:04:00
REV-000386,ORD-002410,2,Mejor de lo esperado,Mejor de lo esperado,2023-07-08 04:50:00
REV-000387,ORD-003491,5,Malo,Malo,2021-06-28 18:03:00
REV-000388,ORD-002806,3,Muy bueno,Muy bueno,2021-08-26 09:25:00
REV-000389,ORD-003350,2,Excelente producto,Excelente producto,2021-08-29 07:22:00
REV-000390,ORD-001200,2,Muy bueno,,2022-04-30 19:24:00
REV-000391,ORD-006255,1,No lo recomiendo,,2023-10-21 05:15:00
REV-000392,ORD-003625,1,Pesimo,,2022-05-21 11:45:00
REV-000393,ORD-006132,5,OK,OK,2022-04-17 09:32:00
REV-000248,ORD-009027,1,Muy bueno,Muy bueno,2023-06-04 13:32:00
REV-000395,ORD-004870,5,Pesimo,Pesimo,2021-04-23 18:33:00
REV-000396,ORD-013423,3,Excelente producto,Excelente producto,2022-03-17 23:41:00
REV-000397,ORD-008262,5,No lo recomiendo,No lo recomiendo,2022-07-08 22:44:00
REV-000398,ORD-012427,5,Llego roto,Llego roto,2023-05-12 01:37:00
REV-000399,ORD-002337,4,,,2021-05-22 01:15:00
REV-000400,ORD-000263,2,Malo,,2023-04-13 04:55:00
REV-000401,ORD-010265,2,,,2022-02-12 16:24:00
REV-000402,ORD-002049,4,Muy bueno,Muy bueno,2022-04-24 05:38:00
REV-000403,ORD-006925,3,Llego roto,Llego roto,2021-08-30 14:30:00
REV-000404,ORD-013659,4,Mejor de lo esperado,Mejor de lo esperado,2023-02-14 15:58:00
REV-000405,ORD-014136,3,Malo,Malo,2023-07-30 16:16:00
REV-000406,ORD-001617,4,Regular,Regular,2023-02-02 04:48:00
REV-000407,ORD-006699,5,Muy bueno,Muy bueno,2022-12-31 00:05:00
REV-000408,ORD-005060,4,,,2021-02-07 17:33:00
REV-000409,ORD-011532,4,Pesimo,Pesimo,2022-01-31 15:46:00
REV-000410,ORD-012946,5,Mejor de lo esperado,,2021-09-25 10:20:00
REV-000411,ORD-011253,5,Pesimo,Pesimo,2022-07-10 04:31:00
REV-000412,ORD-011886,3,Pesimo,,2024-03-10 21:29:00
REV-000413,ORD-008205,2,Malo,Malo,2023-07-28 07:13:00
REV-000414,ORD-014650,2,Mejor de lo esperado,Mejor de lo esperado,2021-09-01 14:27:00
REV-000415,ORD-011476,4,Malo,Malo,2023-07-31 13:36:00
REV-000416,ORD-014905,2,Recomendado,Recomendado,2023-08-13 14:18:00
REV-000417,ORD-001599,2,OK,OK,2023-02-23 20:19:00
REV-000418,ORD-000817,3,Excelente producto,,2023-09-21 22:05:00
REV-000419,ORD-006850,4,Regular,Regular,2022-12-28 12:27:00
REV-000420,ORD-003610,5,Buena calidad,,2021-03-25 22:30:00
REV-000421,ORD-002772,4,Cumple expectativas,Cumple expectativas,2021-02-11 08:20:00
REV-000422,ORD-007045,3,,,2021-04-01 02:48:00
REV-000423,ORD-014226,4,Pesimo,,2021-08-29 11:36:00
REV-000424,ORD-004207,4,Mejor de lo esperado,,2022-12-28 02:25:00
REV-000425,ORD-012437,5,Recomendado,Recomendado,2022-08-26 16:16:00
REV-000426,ORD-008733,5,Cumple expectativas,Cumple expectativas,2023-11-26 00:32:00
REV-000427,ORD-008999,1,Malo,Malo,2022-04-21 17:20:00
REV-000428,ORD-006903,1,Pesimo,,2022-01-22 00:16:00
REV-000429,ORD-007238,4,Excelente producto,,2021-06-19 07:19:00
REV-000430,ORD-010607,2,,,2022-06-17 11:32:00
REV-000431,ORD-007411,3,Excelente producto,,2022-06-23 17:41:00
REV-000432,ORD-014167,5,Llego roto,Llego roto,2022-02-05 16:53:00
REV-000433,ORD-011961,4,Recomendado,,2023-03-01 08:04:00
REV-000434,ORD-009508,5,Muy bueno,Muy bueno,2021-10-04 06:59:00
REV-000435,ORD-014354,3,Cumple expectativas,,2022-01-03 06:50:00
REV-000436,ORD-012601,2,,,2021-12-08 00:51:00
REV-000437,ORD-004242,5,Llego roto,,2021-08-20 15:11:00
REV-000438,ORD-951483,2,Regular,Regular,2022-07-25 00:58:00
REV-000439,ORD-006910,4,Malo,Malo,2024-03-01 05:56:00
REV-000440,ORD-004508,5,Llego roto,Llego roto,2022-11-25 22:48:00
REV-000441,ORD-009133,3,Pesimo,Pesimo,2022-08-25 12:11:00
REV-000442,ORD-001913,4,Pesimo,Pesimo,2023-09-28 18:35:00
REV-000443,ORD-000189,2,Regular,Regular,2022-07-20 19:31:00
REV-000444,ORD-014927,4,,,2022-10-30 10:12:00
REV-000445,ORD-010515,3,No lo recomiendo,No lo recomiendo,2022-08-27 20:34:00
REV-000446,ORD-004118,2,Regular,Regular,2021-12-18 19:57:00
REV-000447,ORD-013679,3,OK,,2023-07-18 09:21:00
REV-000448,ORD-000931,3,Regular,Regular,2022-03-30 18:47:00
REV-000449,ORD-008643,4,Recomendado,Recomendado,2022-08-08 16:48:00
REV-000450,ORD-004973,2,,,2023-06-20 05:12:00
REV-000451,ORD-000333,1,Malo,Malo,2024-03-21 12:49:00
REV-000452,ORD-012256,3,Muy bueno,,2024-01-29 23:09:00
REV-000453,ORD-006640,2,Pesimo,Pesimo,2022-08-13 09:48:00
REV-000454,ORD-008469,1,Buena calidad,,2023-02-26 16:22:00
REV-000455,ORD-008685,3,Muy bueno,Muy bueno,2023-02-28 06:38:00
REV-000456,ORD-001295,5,Mejor de lo esperado,,2023-02-21 23:10:00
REV-000457,ORD-012148,3,Mejor de lo esperado,Mejor de lo esperado,2021-04-02 20:12:00
REV-000458,ORD-013511,2,Muy bueno,Muy bueno,2021-10-27 20:34:00
REV-000459,ORD-014343,2,Mejor de lo esperado,,2023-09-19 16:28:00
REV-000460,ORD-001949,5,No lo recomiendo,,2024-03-22 11:49:00
REV-000235,ORD-013488,5,OK,OK,2021-02-10 03:32:00
REV-000462,ORD-978790,3,Cumple expectativas,,2022-10-29 18:35:00
REV-000463,ORD-013546,4,Malo,Malo,2021-10-01 18:11:00
REV-000464,ORD-014989,3,No lo recomiendo,,2022-10-01 23:31:00
REV-000465,ORD-005349,2,Malo,,2022-09-27 03:07:00
REV-000466,ORD-007754,1,Pesimo,,2023-12-16 03:36:00
REV-000467,ORD-006574,1,Cumple expectativas,,2023-02-27 16:28:00
REV-000468,ORD-003985,4,Llego roto,,2023-08-19 04:22:00
REV-000469,ORD-012178,5,Recomendado,,2023-10-07 05:00:00
REV-000470,ORD-009358,3,Buena calidad,,2022-01-09 22:21:00
REV-000471,ORD-008673,5,Excelente producto,,2023-02-27 06:49:00
REV-000472,ORD-003457,5,,,2021-11-27 01:05:00
REV-000473,ORD-008744,5,,,2022-09-01 23:20:00
REV-000474,ORD-005837,2,No lo recomiendo,,2023-07-15 10:55:00
REV-000475,ORD-004328,5,Regular,Regular,2023-12-26 00:53:00
REV-000476,ORD-012227,3,Buena calidad,Buena calidad,2021-06-23 07:02:00
REV-000477,ORD-011024,4,Muy bueno,Muy bueno,2024-05-24 19:41:00
REV-000478,ORD-007802,3,Pesimo,Pesimo,2023-04-16 14:58:00
REV-000479,ORD-013768,4,Buena calidad,Buena calidad,2024-03-02 16:53:00
REV-000480,ORD-011813,1,Cumple expectativas,Cumple expectativas,2022-05-03 05:25:00
REV-000481,ORD-012929,4,Llego roto,,2022-04-26 13:33:00
REV-000482,ORD-011707,4,Malo,Malo,2024-05-07 20:35:00
REV-000483,ORD-003597,5,Muy bueno,,2022-08-12 17:39:00
REV-000484,ORD-013465,5,No lo recomiendo,,2021-04-01 01:14:00
REV-000485,ORD-005110,2,Recomendado,,2023-12-27 10:14:00
REV-000486,ORD-002166,4,Malo,Malo,2021-08-16 04:30:00
REV-000487,ORD-011105,4,Regular,Regular,2022-03-12 10:12:00
REV-000488,ORD-014597,3,Cumple expectativas,Cumple expectativas,2022-01-05 05:07:00
REV-000489,ORD-004220,4,OK,OK,2024-06-06 11:05:00
REV-000490,ORD-009754,2,Llego roto,Llego roto,2022-12-25 11:33:00
REV-000491,ORD-003539,5,Mejor de lo esperado,Mejor de lo esperado,2023-03-10 21:30:00
REV-000492,ORD-007229,1,Recomendado,,2023-02-03 18:03:00
REV-000493,ORD-003469,4,Regular,,2023-10-13 13:14:00
REV-000494,ORD-008212,2,Cumple expectativas,Cumple expectativas,2022-02-06 00:36:00
REV-000495,ORD-001539,4,No lo recomiendo,No lo recomiendo,2024-04-06 14:05:00
REV-000496,ORD-011927,5,Muy bueno,,2023-03-19 02:36:00
REV-000497,ORD-009468,2,Malo,Malo,2022-12-28 06:25:00
REV-000498,ORD-013668,4,Excelente producto,Excelente producto,2023-03-03 11:24:00
REV-000499,ORD-003377,1,Mejor de lo esperado,,2023-05-15 06:21:00
REV-000500,ORD-001838,1,Cumple expectativas,Cumple expectativas,2023-02-01 23:37:00
REV-000501,ORD-002403,2,Malo,,2021-08-14 19:57:00
REV-000502,ORD-012280,1,OK,,2024-02-07 01:34:00
REV-000503,ORD-014570,2,Malo,Malo,2023-06-02 15:02:00
REV-000504,ORD-002769,4,Buena calidad,,2023-08-15 11:04:00
REV-000505,ORD-011548,3,Buena calidad,Buena calidad,2022-08-18 00:25:00
REV-000506,ORD-004343,2,Llego roto,Llego roto,2021-02-21 23:03:00
REV-000507,ORD-005615,1,Muy bueno,,2021-12-22 13:22:00
REV-000508,ORD-011337,5,Pesimo,,2022-10-09 02:20:00
REV-000509,ORD-003284,1,Muy bueno,,2023-05-13 07:40:00
REV-000510,ORD-002709,3,Muy bueno,Muy bueno,2022-09-09 15:03:00
REV-000511,ORD-013111,5,Pesimo,,2022-09-18 08:17:00
REV-000512,ORD-000206,3,Excelente producto,,2021-05-25 10:08:00
REV-000513,ORD-013508,3,Buena calidad,,2023-12-15 09:11:00
REV-000514,ORD-003439,3,Mejor de lo esperado,Mejor de lo esperado,2021-08-10 08:07:00
REV-000515,ORD-002560,1,Recomendado,Recomendado,2022-05-07 03:33:00
REV-000516,ORD-012444,5,Recomendado,Recomendado,2022-09-28 16:48:00
REV-000517,ORD-006551,3,Muy bueno,Muy bueno,2023-01-25 09:52:00
REV-000518,ORD-011579,1,Llego roto,Llego roto,2021-06-29 01:41:00
REV-000519,ORD-001547,3,Pesimo,Pesimo,2023-02-17 09:16:00
REV-000520,ORD-005120,5,No lo recomiendo,,2022-08-25 00:43:00
REV-000521,ORD-011602,4,Llego roto,Llego roto,2022-12-30 22:13:00
REV-000522,ORD-002092,3,Muy bueno,,2021-11-19 22:51:00
REV-000523,ORD-005318,4,Mejor de lo esperado,Mejor de lo esperado,2024-02-05 23:06:00
REV-000524,ORD-001346,3,Recomendado,,2022-02-01 07:28:00
REV-000525,ORD-006476,5,Llego roto,,2021-02-09 17:27:00
REV-000526,ORD-007360,4,Muy bueno,Muy bueno,2022-03-26 09:21:00
REV-000527,ORD-005254,3,Regular,,2024-02-09 12:39:00
REV-000528,ORD-006423,3,Malo,,2023-05-26 03:35:00
REV-000529,ORD-008330,5,Recomendado,Recomendado,2023-01-29 00:18:00
REV-000530,ORD-005829,1,No lo recomiendo,No lo recomiendo,2021-06-02 01:31:00
REV-000531,ORD-008954,2,Mejor de lo esperado,Mejor de lo esperado,2022-06-20 19:11:00
REV-000532,ORD-011520,1,OK,OK,2021-08-09 04:02:00
REV-000533,ORD-001438,1,Mejor de lo esperado,,2021-09-04 16:30:00
REV-000534,ORD-004615,2,Malo,Malo,2021-05-30 12:19:00
REV-000535,ORD-012591,5,No lo recomiendo,No lo recomiendo,2023-01-18 16:31:00
REV-000536,ORD-008641,6,Muy bueno,,2024-03-16 20:03:00
REV-000537,ORD-014249,2,Regular,Regular,2024-03-28 01:44:00
REV-000538,ORD-001779,4,Mejor de lo esperado,,2021-07-12 05:59:00
REV-000539,ORD-005116,4,Cumple expectativas,,2022-10-29 23:41:00
REV-000540,ORD-013032,1,Muy bueno,Muy bueno,2022-04-27 09:20:00
REV-000541,ORD-006798,3,Llego roto,Llego roto,2023-01-07 12:35:00
REV-000542,ORD-010371,3,No lo recomiendo,,2021-04-28 05:12:00
REV-000543,ORD-008014,1,OK,,2022-07-26 19:41:00
REV-000544,ORD-009849,5,Buena calidad,,2023-02-13 04:11:00
REV-000545,ORD-000043,1,Cumple expectativas,,2022-12-18 21:16:00
REV-000546,ORD-004927,4,Regular,Regular,2023-03-14 22:03:00
REV-000547,ORD-009165,5,Regular,Regular,2023-08-27 14:25:00
REV-000548,ORD-013090,2,Malo,Malo,2022-06-29 17:56:00
REV-000549,ORD-009938,2,Regular,,2023-10-17 22:43:00
REV-000550,ORD-001300,2,Muy bueno,,2024-02-16 01:51:00
REV-000551,ORD-001560,2,Regular,Regular,2023-03-09 12:45:00
REV-000552,ORD-008526,2,Malo,,2023-03-17 13:04:00
REV-000553,ORD-004672,4,OK,OK,2023-04-08 03:31:00
REV-000554,ORD-007583,2,Pesimo,,2023-06-24 11:35:00
REV-000555,ORD-002280,1,Muy bueno,Muy bueno,2023-08-27 21:18:00
REV-000556,ORD-003404,3,Recomendado,,2022-09-07 20:03:00
REV-000557,ORD-014887,2,Recomendado,Recomendado,2022-07-02 11:55:00
REV-000558,ORD-009645,4,OK,OK,2021-03-20 00:50:00
REV-000559,ORD-011537,2,No lo recomiendo,,2023-09-22 08:01:00
REV-000560,ORD-003751,1,No lo recomiendo,No lo recomiendo,2021-06-07 17:28:00
REV-000561,ORD-002918,3,No lo recomiendo,No lo recomiendo,2021-06-20 20:55:00
REV-000562,ORD-008789,4,Malo,Malo,2022-06-15 15:47:00
REV-000563,ORD-004161,1,OK,OK,2022-03-24 23:40:00
REV-000564,ORD-004833,4,Muy bueno,Muy bueno,2022-07-30 20:22:00
REV-000565,ORD-002083,1,Excelente producto,,2023-03-13 19:12:00
REV-000566,ORD-009951,4,Regular,Regular,2022-03-25 21:44:00
REV-000567,ORD-014603,4,Mejor de lo esperado,,2023-04-13 18:17:00
REV-000568,ORD-014115,5,No lo recomiendo,,2023-07-18 15:50:00
REV-000569,ORD-013782,1,No lo recomiendo,No lo recomiendo,2022-01-20 19:49:00
REV-000570,ORD-006296,2,No lo recomiendo,,2021-11-27 20:41:00
REV-000571,ORD-010724,2,Muy bueno,Muy bueno,2022-08-22 09:40:00
REV-000572,ORD-010713,6,Muy bueno,,2024-04-09 22:02:00
REV-000573,ORD-001011,1,Muy bueno,Muy bueno,2021-07-06 18:23:00
REV-000574,ORD-007962,5,Pesimo,Pesimo,2021-12-21 06:06:00
REV-000575,ORD-014948,1,No lo recomiendo,No lo recomiendo,2023-07-07 17:35:00
REV-000576,ORD-006141,1,No lo recomiendo,,2021-11-02 22:07:00
REV-000577,ORD-013161,2,No lo recomiendo,No lo recomiendo,2023-09-09 09:23:00
REV-000578,ORD-014314,3,Cumple expectativas,Cumple expectativas,2021-12-02 22:45:00
REV-000579,ORD-009885,2,Malo,Malo,2022-12-24 22:54:00
REV-000580,ORD-005342,1,Llego roto,Llego roto,2021-05-24 15:58:00
REV-000581,ORD-008353,2,,,2021-02-11 18:21:00
REV-000582,ORD-009436,4,Recomendado,Recomendado,2024-03-30 21:16:00
REV-000583,ORD-012815,5,OK,OK,2022-07-13 22:31:00
REV-000584,ORD-005008,1,,,2022-08-03 12:33:00
REV-000585,ORD-006122,5,Llego roto,,2021-03-21 16:13:00
REV-000586,ORD-002013,1,Cumple expectativas,,2021-05-18 16:32:00
REV-000587,ORD-006824,2,Llego roto,,2024-01-23 18:02:00
REV-000588,ORD-006517,4,Cumple expectativas,,2021-03-18 18:05:00
REV-000589,ORD-003903,3,,,2024-02-23 06:50:00
REV-000590,ORD-002283,1,Pesimo,Pesimo,2022-04-07 22:48:00
REV-000591,ORD-010245,2,Llego roto,,2022-08-25 04:44:00
REV-000592,ORD-002606,-1,Pesimo,,2021-04-28 04:49:00
REV-000593,ORD-012206,3,,,2023-04-25 16:11:00
REV-000594,ORD-010939,5,Excelente producto,Excelente producto,2023-01-26 10:22:00
REV-000595,ORD-010204,1,Excelente producto,Excelente producto,2021-04-25 03:42:00
REV-000596,ORD-007159,5,Buena calidad,,2021-08-09 18:39:00
REV-000597,ORD-000242,2,Mejor de lo esperado,Mejor de lo esperado,2022-01-20 17:35:00
REV-000598,ORD-009052,1,Cumple expectativas,,2023-08-29 02:49:00
REV-000599,ORD-009075,5,No lo recomiendo,No lo recomiendo,2022-11-10 18:43:00
REV-000600,ORD-004875,4,Pesimo,Pesimo,2022-03-05 04:56:00
REV-000601,ORD-006712,3,Mejor de lo esperado,,2021-04-02 04:51:00
REV-000602,ORD-011369,1,Buena calidad,Buena calidad,2022-05-14 10:25:00
REV-000603,ORD-001306,4,OK,,2021-04-09 13:40:00
REV-000604,ORD-008788,3,Cumple expectativas,Cumple expectativas,2022-02-27 20:33:00
REV-000605,ORD-010141,5,Regular,,2021-08-28 19:26:00
REV-000606,ORD-013751,1,Malo,,2022-09-23 10:19:00
REV-000607,ORD-011405,4,Cumple expectativas,,2022-01-04 14:34:00
REV-000608,ORD-014151,1,Recomendado,,2022-07-31 23:30:00
REV-000609,ORD-007097,4,Regular,Regular,2022-03-20 06:49:00
REV-000610,ORD-000562,1,No lo recomiendo,,2023-06-14 08:35:00
REV-000611,ORD-012723,4,No lo recomiendo,No lo recomiendo,2021-12-12 02:00:00
REV-000612,ORD-009981,5,No lo recomiendo,,2021-09-30 02:18:00
REV-000613,ORD-005138,3,Buena calidad,Buena calidad,2021-11-07 11:23:00
REV-000614,ORD-008624,,Excelente producto,Excelente producto,2022-11-14 02:20:00
REV-000615,ORD-006350,4,Llego roto,,2023-07-20 22:28:00
REV-000616,ORD-013037,1,Cumple expectativas,Cumple expectativas,2021-12-28 22:56:00
REV-000617,ORD-001575,5,Mejor de lo esperado,Mejor de lo esperado,2024-06-03 01:44:00
REV-000618,ORD-008956,4,,,2022-06-10 07:07:00
REV-000619,ORD-011684,5,OK,,2023-02-13 01:34:00
REV-000620,ORD-004131,2,No lo recomiendo,No lo recomiendo,2024-02-10 04:48:00
REV-000621,ORD-014733,4,Mejor de lo esperado,Mejor de lo esperado,2021-05-30 18:16:00
REV-000622,ORD-013401,4,Malo,Malo,2022-01-18 16:31:00
REV-000623,ORD-013097,3,,,2021-02-16 02:44:00
REV-000624,ORD-014444,5,Buena calidad,Buena calidad,2023-03-05 00:14:00
REV-000625,ORD-010329,4,Llego roto,Llego roto,2023-12-18 03:20:00
REV-000626,ORD-004634,3,No lo recomiendo,,2022-10-22 05:29:00
REV-000627,ORD-006965,2,Recomendado,,2021-09-02 11:37:00
REV-000628,ORD-003110,4,Malo,Malo,2022-02-06 11:54:00
REV-000629,ORD-011329,1,,,2024-06-30 14:26:00
REV-000630,ORD-010112,3,Llego roto,,2021-07-09 23:25:00
REV-000631,ORD-001934,0,Buena calidad,,2024-01-12 07:40:00
REV-000632,ORD-005763,4,,,2023-09-17 02:19:00
REV-000633,ORD-007075,5,Excelente producto,Excelente producto,2024-04-21 16:06:00
REV-000634,ORD-001816,10,Pesimo,,2023-02-10 09:43:00
REV-000635,ORD-010007,5,Muy bueno,,2024-05-06 02:53:00
REV-000636,ORD-006116,2,Buena calidad,,2024-01-09 18:52:00
REV-000637,ORD-011885,5,Mejor de lo esperado,,2023-06-18 17:23:00
REV-000638,ORD-012635,2,OK,OK,2022-07-13 01:47:00
REV-000639,ORD-004145,3,Buena calidad,Buena calidad,2021-05-26 10:27:00
REV-000640,ORD-009361,4,Regular,Regular,2024-04-14 12:00:00
REV-000641,ORD-009063,1,,,2023-02-22 19:57:00
REV-000642,ORD-002214,5,Llego roto,Llego roto,2021-05-19 14:13:00
REV-000643,ORD-004872,1,Mejor de lo esperado,Mejor de lo esperado,2021-10-14 03:14:00
REV-000644,ORD-006511,3,Buena calidad,Buena calidad,2023-06-10 16:21:00
REV-000645,ORD-011697,3,Regular,,2023-04-06 00:35:00
REV-000646,ORD-004472,5,Malo,Malo,2022-09-22 03:31:00
REV-000647,ORD-002822,3,Buena calidad,,2021-02-28 05:20:00
REV-000648,ORD-005099,,Pesimo,Pesimo,2022-09-14 08:37:00
REV-000649,ORD-008520,2,Muy bueno,Muy bueno,2022-03-06 23:19:00
REV-000650,ORD-006544,4,No lo recomiendo,,2024-05-11 17:49:00
REV-000651,ORD-002467,3,Mejor de lo esperado,Mejor de lo esperado,2024-04-29 11:59:00
REV-000652,ORD-013574,4,Cumple expectativas,Cumple expectativas,2021-11-15 13:20:00
REV-000653,ORD-010509,3,,,2023-06-02 03:07:00
REV-000654,ORD-001685,4,Pesimo,,2023-12-05 12:55:00
REV-000655,ORD-014777,4,Mejor de lo esperado,Mejor de lo esperado,2022-11-13 18:15:00
REV-000656,ORD-000483,4,Pesimo,,2022-02-03 21:37:00
REV-000657,ORD-006714,2,No lo recomiendo,,2021-08-27 20:56:00
REV-000658,ORD-007675,3,Excelente producto,Excelente producto,2022-01-10 20:39:00
REV-000659,ORD-009725,1,Mejor de lo esperado,,2023-05-20 08:39:00
REV-000660,ORD-913767,1,Regular,,2021-05-03 00:18:00
REV-000661,ORD-005279,1,Pesimo,Pesimo,2023-08-09 01:38:00
REV-000662,ORD-006999,5,Malo,Malo,2023-05-30 15:13:00
REV-000663,ORD-014653,2,Buena calidad,Buena calidad,2022-07-07 22:12:00
REV-000664,ORD-006985,3,Llego roto,,2023-10-29 07:34:00
REV-000665,ORD-007341,2,Pesimo,Pesimo,2024-02-05 02:05:00
REV-000666,ORD-005169,5,Cumple expectativas,,2023-07-31 02:14:00
REV-000667,ORD-008507,3,Regular,Regular,2024-04-20 07:04:00
REV-000668,ORD-007253,2,Cumple expectativas,,2023-06-22 18:21:00
REV-000221,ORD-009917,1,Regular,,2022-07-01 11:45:00
REV-000670,ORD-012992,1,No lo recomiendo,No lo recomiendo,2022-05-24 07:31:00
REV-000671,ORD-006230,5,Mejor de lo esperado,,2024-02-26 09:13:00
REV-000672,ORD-001250,4,Llego roto,,2021-10-20 17:04:00
REV-000673,ORD-001567,2,Excelente producto,Excelente producto,2021-05-20 20:03:00
REV-000674,ORD-011549,2,Buena calidad,Buena calidad,2023-03-20 16:12:00
REV-000675,ORD-010686,4,Muy bueno,,2022-09-22 12:46:00
REV-000676,ORD-000195,5,Muy bueno,Muy bueno,2024-03-29 07:31:00
REV-000677,ORD-006659,2,No lo recomiendo,No lo recomiendo,2021-09-24 05:20:00
REV-000678,ORD-000934,4,Llego roto,Llego roto,2021-03-02 17:25:00
REV-000679,ORD-014229,0,Muy bueno,Muy bueno,2022-02-05 16:20:00
REV-000680,ORD-003396,3,Buena calidad,,2022-03-07 10:03:00
REV-000681,ORD-006984,3,Regular,,2022-04-13 08:05:00
REV-000682,ORD-004063,3,Muy bueno,,2022-01-15 17:12:00
REV-000683,ORD-013338,5,Mejor de lo esperado,,2022-08-29 17:48:00
REV-000684,ORD-002410,4,Regular,,2022-04-26 09:56:00
REV-000685,ORD-005553,4,Recomendado,Recomendado,2023-09-17 13:37:00
REV-000686,ORD-010660,1,No lo recomiendo,,2024-01-27 14:17:00
REV-000687,ORD-000327,2,Pesimo,Pesimo,2023-06-21 07:35:00
REV-000688,ORD-005249,5,Mejor de lo esperado,,2022-11-25 15:01:00
REV-000689,ORD-004951,4,Muy bueno,Muy bueno,2022-03-07 22:16:00
REV-000690,ORD-004453,4,OK,,2021-04-27 07:58:00
REV-000691,ORD-014495,1,,,2024-04-21 01:45:00
REV-000692,ORD-014841,2,Regular,Regular,2022-09-13 00:30:00
REV-000693,ORD-010878,4,OK,,2023-11-13 11:02:00
REV-000694,ORD-005271,,No lo recomiendo,,2022-10-10 02:19:00
REV-000695,ORD-002561,1,Muy bueno,Muy bueno,2024-01-08 23:02:00
REV-000696,ORD-005654,3,Excelente producto,,2021-03-12 14:50:00
REV-000697,ORD-001867,6,OK,OK,2023-04-01 00:53:00
REV-000698,ORD-000724,1,Buena calidad,Buena calidad,2024-06-29 00:14:00
REV-000699,ORD-014042,5,Cumple expectativas,Cumple expectativas,2023-12-09 13:55:00
REV-000700,ORD-005432,2,Muy bueno,Muy bueno,2024-02-20 12:00:00
REV-000701,ORD-000491,4,Excelente producto,,2022-02-13 17:04:00
REV-000702,ORD-006070,1,,,2022-09-03 16:39:00
REV-000703,ORD-011544,5,Mejor de lo esperado,Mejor de lo esperado,2021-07-06 14:04:00
REV-000704,ORD-012985,4,,,2023-07-14 06:19:00
REV-000705,ORD-003637,5,Llego roto,,2021-07-02 14:18:00
REV-000706,ORD-010576,1,Buena calidad,Buena calidad,2021-02-23 05:40:00
REV-000707,ORD-007073,2,Cumple expectativas,Cumple expectativas,2022-07-21 20:25:00
REV-000708,ORD-000701,1,No lo recomiendo,No lo recomiendo,2021-05-09 15:36:00
REV-000709,ORD-011469,2,Buena calidad,Buena calidad,2021-03-31 08:32:00
REV-000710,ORD-009148,5,Pesimo,Pesimo,2024-01-26 00:47:00
REV-000711,ORD-013440,4,Regular,Regular,2023-04-13 03:12:00
REV-000712,ORD-012142,2,Muy bueno,Muy bueno,2022-09-23 00:12:00
REV-000713,ORD-000517,3,Excelente producto,Excelente producto,2023-01-23 02:54:00
REV-000714,ORD-013164,3,Cumple expectativas,,2024-06-03 14:01:00
REV-000715,ORD-005539,3,Excelente producto,Excelente producto,2023-10-10 07:39:00
REV-000716,ORD-011983,4,,,2023-07-22 14:19:00
REV-000717,ORD-013079,5,Regular,Regular,2022-12-02 17:10:00
REV-000718,ORD-936779,5,Llego roto,,2024-04-27 01:28:00
REV-000719,ORD-008842,1,Malo,,2021-07-22 17:02:00
REV-000720,ORD-008598,5,Malo,Malo,2023-09-22 17:26:00
REV-000721,ORD-009381,3,Excelente producto,Excelente producto,2023-01-27 02:54:00
REV-000722,ORD-010984,3,,,2024-03-28 10:18:00
REV-000723,ORD-995557,3,Pesimo,Pesimo,2022-10-20 23:14:00
REV-000724,ORD-008282,1,No lo recomiendo,,2022-07-22 01:55:00
REV-000725,ORD-002470,4,OK,OK,2022-04-01 19:32:00
REV-000726,ORD-010725,5,Regular,Regular,2022-09-25 20:50:00
REV-000727,ORD-007222,2,Pesimo,,2023-11-05 13:40:00
REV-000728,ORD-010993,5,Buena calidad,Buena calidad,2023-01-15 10:25:00
REV-000729,ORD-002453,1,Llego roto,,2021-02-08 05:59:00
REV-000730,ORD-000692,1,,,2024-05-26 14:24:00
REV-000731,ORD-007427,1,Malo,Malo,2022-12-18 13:43:00
REV-000732,ORD-007501,3,,,2023-07-04 03:13:00
REV-000733,ORD-011681,3,No lo recomiendo,No lo recomiendo,2023-12-27 18:38:00
REV-000734,ORD-002031,2,Buena calidad,Buena calidad,2022-07-07 02:10:00
REV-000735,ORD-009943,1,Excelente producto,,2021-11-07 16:50:00
REV-000736,ORD-004558,3,Regular,Regular,2023-09-03 06:02:00
REV-000737,ORD-003251,4,Regular,Regular,2021-03-15 02:57:00
REV-000738,ORD-004636,3,,,2023-06-10 16:23:00
REV-000739,ORD-010753,1,OK,OK,2022-07-19 21:38:00
REV-000740,ORD-009241,4,Muy bueno,Muy bueno,2021-05-21 18:51:00
REV-000741,ORD-013389,2,Muy bueno,Muy bueno,2024-02-04 09:53:00
REV-000742,ORD-003433,2,Regular,Regular,2022-07-12 05:40:00
REV-000743,ORD-004442,4,Pesimo,Pesimo,2023-11-18 03:03:00
REV-000744,ORD-013885,2,Muy bueno,,2021-11-25 11:06:00
REV-000745,ORD-008881,3,Malo,Malo,2021-04-21 02:12:00
REV-000746,ORD-000533,3,Muy bueno,Muy bueno,2022-09-06 02:10:00
REV-000747,ORD-000791,2,,,2021-06-28 14:53:00
REV-000748,ORD-006916,4,No lo recomiendo,No lo recomiendo,2023-10-13 01:31:00
REV-000749,ORD-012196,5,Buena calidad,Buena calidad,2021-10-01 02:17:00
REV-000750,ORD-002500,5,Muy bueno,Muy bueno,2024-01-25 14:53:00
REV-000751,ORD-011511,5,Llego roto,,2022-04-07 22:46:00
REV-000752,ORD-009169,3,Malo,,2022-09-21 07:08:00
REV-000753,ORD-001546,1,Malo,Malo,2024-02-02 14:38:00
REV-000754,ORD-007816,1,Cumple expectativas,Cumple expectativas,2023-10-18 07:24:00
REV-000755,ORD-002658,4,Excelente producto,Excelente producto,2023-11-27 01:49:00
REV-000756,ORD-012451,3,Llego roto,Llego roto,2021-12-15 08:59:00
REV-000757,ORD-009135,1,Muy bueno,Muy bueno,2023-02-02 13:48:00
REV-000758,ORD-008492,2,OK,OK,2022-03-23 22:23:00
REV-000759,ORD-003564,5,No lo recomiendo,No lo recomiendo,2021-09-08 07:30:00
REV-000760,ORD-014546,3,Excelente producto,Excelente producto,2024-01-25 16:29:00
REV-000761,ORD-002488,5,Excelente producto,Excelente producto,2021-11-14 12:33:00
REV-000762,ORD-005768,4,,,2024-05-31 07:54:00
REV-000763,ORD-000657,1,Malo,Malo,2023-05-21 18:53:00
REV-000764,ORD-003054,5,Mejor de lo esperado,Mejor de lo esperado,2023-12-08 16:04:00
REV-000765,ORD-013590,3,,,2023-09-10 14:16:00
REV-000766,ORD-013416,3,Excelente producto,Excelente producto,2022-06-15 07:39:00
REV-000767,ORD-003940,2,Recomendado,Recomendado,2023-11-08 19:43:00
REV-000768,ORD-006075,10,Excelente producto,,2024-04-09 03:05:00
REV-000769,ORD-002829,1,Regular,Regular,2021-11-23 14:08:00
REV-000770,ORD-009981,5,Cumple expectativas,Cumple expectativas,2022-03-27 04:31:00
REV-000771,ORD-002271,4,Cumple expectativas,Cumple expectativas,2022-04-03 18:44:00
REV-000772,ORD-007251,5,Cumple expectativas,,2024-05-10 07:05:00
REV-000773,ORD-000531,1,Excelente producto,,2024-02-02 16:22:00
REV-000774,ORD-008465,5,OK,OK,2024-03-09 02:02:00
REV-000775,ORD-001620,3,Muy bueno,Muy bueno,2021-02-25 10:06:00
REV-000776,ORD-003041,1,No lo recomiendo,No lo recomiendo,2023-08-25 15:28:00
REV-000777,ORD-007300,4,Mejor de lo esperado,Mejor de lo esperado,2022-01-31 03:03:00
REV-000778,ORD-003702,3,OK,,2023-12-20 02:38:00
REV-000779,ORD-012570,4,No lo recomiendo,,2023-04-19 23:50:00
REV-000780,ORD-005158,1,No lo recomiendo,No lo recomiendo,2024-06-28 21:59:00
REV-000781,ORD-011021,1,Malo,Malo,2021-12-06 13:38:00
REV-000782,ORD-012734,5,Cumple expectativas,Cumple expectativas,2023-04-08 06:45:00
REV-000783,ORD-012216,4,,,2021-07-13 04:35:00
REV-000784,ORD-008898,1,Recomendado,Recomendado,2024-01-30 02:43:00
REV-000785,ORD-010637,5,Malo,,2021-02-15 15:03:00
REV-000786,ORD-005198,3,Malo,Malo,2021-07-18 03:37:00
REV-000787,ORD-013609,5,Pesimo,,2022-06-25 10:20:00
REV-000788,ORD-008745,2,Mejor de lo esperado,Mejor de lo esperado,2022-03-21 06:25:00
REV-000789,ORD-004701,4,Recomendado,,2022-11-21 08:25:00
REV-000790,ORD-007759,1,OK,OK,2022-06-13 16:45:00
REV-000791,ORD-013270,4,Llego roto,Llego roto,2024-06-10 13:44:00
REV-000792,ORD-006100,3,Malo,,2021-03-11 05:57:00
REV-000793,ORD-006279,3,,,2022-06-08 08:01:00
REV-000794,ORD-003475,5,Buena calidad,Buena calidad,2021-03-24 18:18:00
REV-000795,ORD-007149,1,Buena calidad,,2024-04-26 03:06:00
REV-000796,ORD-005557,2,No lo recomiendo,No lo recomiendo,2021-05-11 20:14:00
REV-000797,ORD-000628,3,Muy bueno,Muy bueno,2021-07-22 11:13:00
REV-000062,ORD-009558,4,Buena calidad,,2022-05-09 20:56:00
REV-000799,ORD-013726,1,Regular,Regular,2022-06-22 12:34:00
REV-000800,ORD-003715,2,Cumple expectativas,Cumple expectativas,2021-07-04 13:43:00
REV-000801,ORD-003781,3,Mejor de lo esperado,Mejor de lo esperado,2021-06-05 13:19:00
REV-000802,ORD-011674,3,OK,OK,2022-04-25 13:47:00
REV-000803,ORD-005265,2,Pesimo,Pesimo,2024-06-12 04:33:00
REV-000804,ORD-005040,5,Mejor de lo esperado,Mejor de lo esperado,2024-03-23 20:24:00
REV-000805,ORD-005270,4,Pesimo,,2022-09-20 05:47:00
REV-000806,ORD-007352,1,Cumple expectativas,Cumple expectativas,2022-04-20 21:19:00
REV-000807,ORD-009807,5,Malo,,2022-01-21 12:21:00
REV-000808,ORD-012177,4,Cumple expectativas,Cumple expectativas,2023-10-08 22:41:00
REV-000809,ORD-004871,4,Mejor de lo esperado,Mejor de lo esperado,2023-04-29 06:56:00
REV-000810,ORD-005729,1,Excelente producto,Excelente producto,2024-04-11 14:22:00
REV-000811,ORD-013855,3,Excelente producto,Excelente producto,2022-05-29 01:32:00
REV-000812,ORD-000567,2,Malo,,2022-05-30 04:59:00
REV-000813,ORD-012892,1,Malo,,2023-08-16 03:24:00
REV-000814,ORD-911600,5,Buena calidad,Buena calidad,2024-01-06 09:04:00
REV-000815,ORD-004121,3,Muy bueno,Muy bueno,2024-03-22 05:16:00
REV-000816,ORD-002198,5,,,2021-04-18 23:59:00
REV-000817,ORD-011516,4,Pesimo,Pesimo,2022-02-15 13:40:00
REV-000818,ORD-003052,2,Regular,Regular,2024-06-29 05:55:00
REV-000819,ORD-006199,4,Pesimo,Pesimo,2021-03-14 02:49:00
REV-000820,ORD-005158,2,Buena calidad,Buena calidad,2023-07-27 09:58:00
REV-000821,ORD-011190,1,Regular,Regular,2021-07-11 17:00:00
REV-000822,ORD-001783,-1,No lo recomiendo,No lo recomiendo,2024-04-18 22:58:00
REV-000823,ORD-006550,4,Pesimo,Pesimo,2022-12-13 05:54:00
REV-000824,ORD-014672,2,Malo,Malo,2024-06-23 05:33:00
REV-000825,ORD-009782,2,,,2022-07-19 00:48:00
REV-000826,ORD-002020,,Cumple expectativas,Cumple expectativas,2023-06-15 03:07:00
REV-000827,ORD-013483,4,Buena calidad,Buena calidad,2024-02-08 19:18:00
REV-000828,ORD-004575,2,Regular,Regular,2022-07-25 04:17:00
REV-000829,ORD-010037,5,Llego roto,Llego roto,2022-03-30 19:28:00
REV-000830,ORD-001780,3,No lo recomiendo,No lo recomiendo,2023-05-22 00:04:00
REV-000831,ORD-003302,5,No lo recomiendo,,2021-07-24 13:16:00
REV-000832,ORD-002069,3,Muy bueno,Muy bueno,2023-07-30 19:30:00
REV-000417,ORD-001599,2,OK,OK,2023-02-23 20:19:00
REV-000834,ORD-001629,2,Llego roto,Llego roto,2022-11-30 03:03:00
REV-000835,ORD-006369,3,Regular,,2022-07-28 02:54:00
REV-000836,ORD-008702,4,Muy bueno,Muy bueno,2021-06-02 17:59:00
REV-000837,ORD-003292,3,Buena calidad,Buena calidad,2023-07-16 14:43:00
REV-000838,ORD-013605,5,Malo,Malo,2024-02-19 23:36:00
REV-000839,ORD-002360,5,No lo recomiendo,No lo recomiendo,2022-06-23 16:46:00
REV-000840,ORD-014179,4,Malo,,2023-11-23 15:58:00
REV-000841,ORD-004589,1,Mejor de lo esperado,,2023-07-26 02:21:00
REV-000842,ORD-008682,4,Cumple expectativas,Cumple expectativas,2022-09-24 05:01:00
REV-000843,ORD-013439,4,,,2021-10-11 13:29:00
REV-000844,ORD-014219,4,Regular,Regular,2022-10-26 04:51:00
REV-000845,ORD-005138,3,No lo recomiendo,No lo recomiendo,2023-12-13 15:43:00
REV-000846,ORD-008956,3,Llego roto,Llego roto,2022-03-04 03:16:00
REV-000847,ORD-011622,2,Llego roto,,2022-09-13 08:10:00
REV-000848,ORD-006101,4,Mejor de lo esperado,,2021-03-07 03:09:00
REV-000849,ORD-013768,5,OK,,2021-02-22 05:14:00
REV-000850,ORD-002528,0,Malo,Malo,2022-10-07 19:43:00
REV-000851,ORD-014008,1,Regular,Regular,2022-08-12 08:49:00
REV-000852,ORD-003954,5,Recomendado,,2022-03-16 03:16:00
REV-000853,ORD-001233,1,Cumple expectativas,Cumple expectativas,2024-01-30 11:07:00
REV-000854,ORD-006476,2,Mejor de lo esperado,Mejor de lo esperado,2023-05-27 23:28:00
REV-000855,ORD-014303,2,Muy bueno,Muy bueno,2023-12-03 13:25:00
REV-000856,ORD-002979,1,No lo recomiendo,,2023-01-09 16:11:00
REV-000857,ORD-008750,4,Cumple expectativas,Cumple expectativas,2023-07-10 07:02:00
REV-000858,ORD-004859,3,Llego roto,Llego roto,2021-02-09 07:43:00
REV-000859,ORD-001602,4,Pesimo,Pesimo,2022-02-08 21:13:00
REV-000860,ORD-013336,5,Excelente producto,,2021-05-29 17:20:00
REV-000861,ORD-007664,4,Regular,Regular,2023-04-22 02:35:00
REV-000862,ORD-000330,3,,,2022-06-23 05:30:00
REV-000863,ORD-008418,5,Buena calidad,Buena calidad,2023-10-20 01:38:00
REV-000864,ORD-006328,3,Excelente producto,,2023-11-03 01:22:00
REV-000865,ORD-012850,2,OK,OK,2022-04-21 18:42:00
REV-000866,ORD-002732,1,Pesimo,,2024-05-27 18:21:00
REV-000867,ORD-002058,1,No lo recomiendo,No lo recomiendo,2024-01-18 12:47:00
REV-000868,ORD-002582,2,No lo recomiendo,No lo recomiendo,2022-09-07 04:49:00
REV-000869,ORD-009589,1,Buena calidad,Buena calidad,2022-12-06 09:17:00
REV-000870,ORD-005477,2,Excelente producto,Excelente producto,2023-02-14 08:53:00
REV-000871,ORD-003202,2,Recomendado,,2023-03-07 23:18:00
REV-000872,ORD-014350,3,Recomendado,Recomendado,2023-01-25 08:13:00
REV-000873,ORD-003732,3,Llego roto,Llego roto,2021-06-23 16:16:00
REV-000874,ORD-000481,4,Regular,,2021-05-24 05:15:00
REV-000875,ORD-003140,3,OK,OK,2023-04-10 10:58:00
REV-000876,ORD-008474,2,,,2023-11-18 17:19:00
REV-000877,ORD-007799,1,Malo,Malo,2021-02-21 22:48:00
REV-000878,ORD-012691,1,Regular,,2023-12-21 10:00:00
REV-000879,ORD-003029,1,Buena calidad,Buena calidad,2023-11-21 05:29:00
REV-000880,ORD-011075,1,Cumple expectativas,Cumple expectativas,2022-04-08 23:39:00
REV-000881,ORD-005785,4,Pesimo,Pesimo,2021-12-03 15:47:00
REV-000882,ORD-012448,2,No lo recomiendo,,2022-11-22 17:13:00
REV-000883,ORD-001497,2,Muy bueno,Muy bueno,2023-12-02 13:03:00
REV-000884,ORD-000349,4,Llego roto,Llego roto,2021-06-22 17:05:00
REV-000885,ORD-011834,4,OK,OK,2022-07-09 01:44:00
REV-000886,ORD-010318,3,Regular,Regular,2024-05-19 15:28:00
REV-000887,ORD-013221,2,Pesimo,,2023-10-27 03:10:00
REV-000888,ORD-012695,2,Muy bueno,,2024-02-02 02:32:00
REV-000889,ORD-014734,2,Malo,,2023-03-14 11:16:00
REV-000890,ORD-010322,3,Llego roto,,2023-03-24 05:33:00
REV-000891,ORD-009824,2,Pesimo,,2023-12-07 13:51:00
REV-000873,ORD-003732,3,Llego roto,Llego roto,2021-06-23 16:16:00
REV-000893,ORD-010426,2,Buena calidad,,2021-06-07 18:20:00
REV-000894,ORD-007065,1,Malo,,2022-10-07 13:25:00
REV-000895,ORD-009149,4,Buena calidad,Buena calidad,2023-08-09 00:27:00
REV-000896,ORD-005124,3,Llego roto,Llego roto,2021-12-05 00:54:00
REV-000897,ORD-004482,3,Regular,,2023-05-18 16:37:00
REV-000898,ORD-005207,3,Malo,Malo,2021-09-12 05:58:00
REV-000899,ORD-014081,4,Muy bueno,Muy bueno,2022-05-15 02:58:00
REV-000900,ORD-011949,3,Llego roto,Llego roto,2021-04-17 22:24:00
REV-000901,ORD-000119,2,,,2023-04-26 08:30:00
REV-000902,ORD-006641,2,Recomendado,Recomendado,2023-02-05 23:55:00
REV-000903,ORD-008319,10,OK,OK,2023-05-07 09:47:00
REV-000904,ORD-009851,5,Regular,Regular,2021-09-12 01:41:00
REV-000905,ORD-006442,1,,,2024-04-17 04:05:00
REV-000906,ORD-010950,1,Recomendado,Recomendado,2024-04-25 00:19:00
REV-000338,ORD-007233,3,Recomendado,Recomendado,2021-05-02 07:46:00
REV-000908,ORD-014155,1,Malo,Malo,2023-11-05 19:13:00
REV-000909,ORD-006731,2,Mejor de lo esperado,Mejor de lo esperado,2023-11-06 01:32:00
REV-000910,ORD-003388,3,Llego roto,,2023-10-01 15:44:00
REV-000911,ORD-006160,4,Excelente producto,,2022-07-28 07:38:00
REV-000912,ORD-007960,1,,,2024-02-09 17:48:00
REV-000913,ORD-003606,5,Cumple expectativas,Cumple expectativas,2021-12-22 18:34:00
REV-000914,ORD-003751,3,No lo recomiendo,No lo recomiendo,2024-04-29 23:21:00
REV-000915,ORD-004308,3,Regular,Regular,2021-12-25 19:15:00
REV-000916,ORD-004518,1,Buena calidad,,2024-02-27 09:28:00
REV-000917,ORD-003276,5,Recomendado,,2021-03-20 09:33:00
REV-000918,ORD-003104,2,OK,,2021-03-11 03:30:00
REV-000919,ORD-008647,5,Muy bueno,,2022-11-17 06:43:00
REV-000920,ORD-012745,2,Buena calidad,,2024-01-08 03:18:00
REV-000921,ORD-009901,2,Malo,Malo,2022-06-16 01:46:00
REV-000922,ORD-000783,3,Llego roto,,2023-04-29 04:03:00
REV-000923,ORD-000736,1,Llego roto,Llego roto,2023-10-11 23:33:00
REV-000924,ORD-013799,1,Llego roto,Llego roto,2021-03-26 02:05:00
REV-000925,ORD-008784,4,Llego roto,Llego roto,2024-02-06 00:57:00
REV-000926,ORD-007412,5,Cumple expectativas,,2022-11-23 08:01:00
REV-000927,ORD-006498,1,Buena calidad,Buena calidad,2022-08-16 23:27:00
REV-000928,ORD-000814,4,No lo recomiendo,No lo recomiendo,2023-01-29 18:21:00
REV-000929,ORD-007341,5,Malo,Malo,2023-08-09 13:18:00
REV-000930,ORD-003936,3,Recomendado,Recomendado,2024-04-28 09:10:00
REV-000931,ORD-000260,2,Muy bueno,Muy bueno,2024-04-12 17:30:00
REV-000932,ORD-000005,4,Mejor de lo esperado,Mejor de lo esperado,2024-04-13 05:59:00
REV-000933,ORD-003825,5,No lo recomiendo,,2021-09-23 06:20:00
REV-000934,ORD-002912,5,Muy bueno,,2021-08-10 13:53:00
REV-000935,ORD-008987,4,Buena calidad,Buena calidad,2024-02-25 16:44:00
REV-000936,ORD-005521,4,Recomendado,,2023-10-21 04:15:00
REV-000937,ORD-003874,1,,,2021-04-19 21:16:00
REV-000938,ORD-000814,5,Regular,Regular,2023-10-02 04:46:00
REV-000939,ORD-002215,1,Muy bueno,Muy bueno,2023-06-29 18:35:00
REV-000940,ORD-014479,2,Malo,Malo,2024-03-15 07:38:00
REV-000941,ORD-010953,2,No lo recomiendo,No lo recomiendo,2021-06-26 11:20:00
REV-000942,ORD-012660,1,Regular,,2024-01-13 11:44:00
REV-000943,ORD-010295,2,Buena calidad,Buena calidad,2021-02-23 23:23:00
REV-000944,ORD-004186,2,,,2021-06-03 01:44:00
REV-000945,ORD-012093,4,Muy bueno,,2021-02-18 03:53:00
REV-000946,ORD-012401,4,Pesimo,Pesimo,2021-11-14 18:08:00
REV-000947,ORD-006040,5,Pesimo,Pesimo,2022-04-21 23:09:00
REV-000948,ORD-006978,1,Recomendado,Recomendado,2023-02-24 21:02:00
REV-000949,ORD-012935,4,,,2023-10-29 00:20:00
REV-000950,ORD-003546,3,Cumple expectativas,,2023-11-03 17:24:00
REV-000951,ORD-001438,5,Muy bueno,Muy bueno,2024-04-14 22:06:00
REV-000952,ORD-012959,3,OK,OK,2024-02-21 03:36:00
REV-000953,ORD-013263,5,Muy bueno,,2022-01-14 02:06:00
REV-000954,ORD-014078,2,Malo,Malo,2023-02-13 04:35:00
REV-000955,ORD-009195,3,OK,OK,2023-06-05 16:12:00
REV-000956,ORD-006500,5,No lo recomiendo,No lo recomiendo,2022-07-26 00:44:00
REV-000957,ORD-013550,3,Buena calidad,,2023-10-31 21:22:00
REV-000958,ORD-014359,3,Buena calidad,Buena calidad,2023-03-16 22:56:00
REV-000959,ORD-007250,5,Buena calidad,Buena calidad,2021-05-13 21:06:00
REV-000960,ORD-012528,3,Cumple expectativas,Cumple expectativas,2022-08-05 03:15:00
REV-000961,ORD-006221,2,Recomendado,Recomendado,2023-04-08 02:23:00
REV-000962,ORD-000113,,Buena calidad,Buena calidad,2023-05-25 11:57:00
REV-000963,ORD-010687,5,No lo recomiendo,No lo recomiendo,2023-10-10 21:44:00
REV-000964,ORD-001848,1,Mejor de lo esperado,,2022-12-12 14:20:00
REV-000965,ORD-005128,1,Regular,Regular,2024-05-05 01:46:00
REV-000966,ORD-009899,5,OK,,2021-05-30 01:30:00
REV-000967,ORD-003280,4,Mejor de lo esperado,Mejor de lo esperado,2022-01-02 16:10:00
REV-000968,ORD-014352,4,No lo recomiendo,No lo recomiendo,2024-01-13 01:11:00
REV-000969,ORD-012698,5,Malo,,2022-10-28 02:42:00
REV-000970,ORD-014523,2,Regular,,2024-01-06 19:10:00
REV-000971,ORD-012595,1,Malo,Malo,2021-04-07 03:21:00
REV-000972,ORD-006267,3,Excelente producto,Excelente producto,2023-05-04 20:03:00
REV-000973,ORD-005212,5,Excelente producto,Excelente producto,2023-08-26 12:14:00
REV-000974,ORD-009480,1,Pesimo,Pesimo,2021-12-24 19:50:00
REV-000975,ORD-005437,2,Muy bueno,Muy bueno,2021-03-24 23:11:00
REV-000976,ORD-011391,2,No lo recomiendo,,2023-08-03 05:32:00
REV-000977,ORD-006254,4,Cumple expectativas,,2022-01-26 15:04:00
REV-000978,ORD-011771,5,,,2021-03-14 01:37:00
REV-000979,ORD-013024,4,Recomendado,Recomendado,2022-12-02 02:54:00
REV-000980,ORD-003150,5,Pesimo,,2023-04-14 09:37:00
REV-000981,ORD-009339,3,Pesimo,Pesimo,2024-01-18 17:56:00
REV-000982,ORD-001763,1,Recomendado,Recomendado,2023-08-09 05:25:00
REV-000983,ORD-012857,3,Malo,Malo,2022-04-05 14:21:00
REV-000984,ORD-001694,1,Mejor de lo esperado,,2023-01-13 10:48:00
REV-000985,ORD-009763,5,Excelente producto,,2021-10-12 04:52:00
REV-000986,ORD-002658,5,Muy bueno,Muy bueno,2024-01-10 10:48:00
REV-000987,ORD-011223,1,Pesimo,,2022-01-15 21:24:00
REV-000988,ORD-005532,2,Mejor de lo esperado,Mejor de lo esperado,2022-09-24 19:06:00
REV-000989,ORD-007852,4,Muy bueno,Muy bueno,2023-04-02 12:59:00
REV-000990,ORD-007183,2,Muy bueno,Muy bueno,2024-03-04 04:36:00
REV-000991,ORD-003995,2,Pesimo,Pesimo,2022-08-05 20:36:00
REV-000992,ORD-004918,3,Llego roto,Llego roto,2021-11-14 15:04:00
REV-000993,ORD-006640,4,Muy bueno,Muy bueno,2021-05-11 13:55:00
REV-000994,ORD-013365,3,Excelente producto,,2022-03-28 22:51:00
REV-000995,ORD-005539,1,Pesimo,,2024-02-06 16:58:00
REV-000996,ORD-003188,4,Muy bueno,,2024-02-07 15:08:00
REV-000997,ORD-010600,2,OK,,2022-02-18 21:49:00
REV-000998,ORD-009508,2,Cumple expectativas,Cumple expectativas,2023-01-20 00:10:00
REV-000999,ORD-011409,2,Excelente producto,,2021-05-29 17:47:00
REV-001000,ORD-007467,5,Regular,,2022-01-09 19:18:00
REV-001001,ORD-005545,3,Buena calidad,,2023-05-22 10:09:00
REV-001002,ORD-002933,1,Muy bueno,Muy bueno,2021-11-08 22:02:00
REV-001003,ORD-004767,4,Buena calidad,,2021-04-19 04:37:00
REV-001004,ORD-009405,3,Excelente producto,,2024-02-11 11:16:00
REV-001005,ORD-008113,3,OK,,2023-08-30 14:01:00
REV-001006,ORD-001913,1,Muy bueno,Muy bueno,2024-02-17 18:43:00
REV-001007,ORD-013314,3,Mejor de lo esperado,,2021-11-04 03:23:00
REV-001008,ORD-000313,5,,,2022-08-24 07:29:00
REV-001009,ORD-002939,5,Buena calidad,,2024-05-29 04:38:00
REV-001010,ORD-006359,1,Recomendado,Recomendado,2023-10-14 12:00:00
REV-001011,ORD-001846,5,Muy bueno,Muy bueno,2023-02-03 09:37:00
REV-001012,ORD-006955,2,Regular,,2023-12-30 15:52:00
REV-001013,ORD-011077,2,Llego roto,Llego roto,2024-03-07 02:22:00
REV-001014,ORD-005626,3,Llego roto,,2021-07-09 17:54:00
REV-001015,ORD-011009,4,Excelente producto,Excelente producto,2024-05-28 04:08:00
REV-001016,ORD-011667,2,Excelente producto,Excelente producto,2021-10-21 02:49:00
REV-001017,ORD-008711,2,Llego roto,Llego roto,2022-06-09 10:52:00
REV-001018,ORD-007408,2,Mejor de lo esperado,Mejor de lo esperado,2022-07-28 13:34:00
REV-001019,ORD-007624,2,Regular,Regular,2022-03-13 14:19:00
REV-001020,ORD-003219,4,Muy bueno,,2021-12-20 07:29:00
REV-001021,ORD-008254,4,Excelente producto,Excelente producto,2022-10-31 20:46:00
REV-001022,ORD-004859,2,Llego roto,,2024-04-07 22:52:00
REV-001023,ORD-008643,4,Regular,Regular,2024-01-03 07:20:00
REV-001024,ORD-006182,4,No lo recomiendo,,2024-01-07 11:34:00
REV-001025,ORD-010397,5,Muy bueno,,2024-06-16 06:05:00
REV-001026,ORD-009888,5,Muy bueno,,2022-07-17 15:22:00
REV-001027,ORD-014822,,Malo,Malo,2021-03-25 15:05:00
REV-001028,ORD-005092,3,Mejor de lo esperado,Mejor de lo esperado,2024-03-15 06:50:00
REV-001029,ORD-006846,4,OK,OK,2024-06-15 12:43:00
REV-001030,ORD-013453,4,Pesimo,,2024-01-30 04:20:00
REV-001031,ORD-013250,5,,,2022-05-03 00:00:00
REV-001032,ORD-008767,3,OK,,2023-12-16 20:40:00
REV-001033,ORD-002022,5,OK,,2021-06-21 08:20:00
REV-001034,ORD-003990,2,Malo,,2023-09-09 01:03:00
REV-001035,ORD-008207,2,Cumple expectativas,Cumple expectativas,2023-10-22 06:56:00
REV-001036,ORD-013456,3,Muy bueno,,2022-07-16 14:28:00
REV-001037,ORD-004263,5,Regular,Regular,2021-02-01 06:32:00
REV-001038,ORD-919935,1,OK,,2024-05-29 00:06:00
REV-001039,ORD-003637,4,Mejor de lo esperado,,2023-07-21 23:07:00
REV-001040,ORD-006129,5,Excelente producto,Excelente producto,2022-01-02 08:06:00
REV-001041,ORD-002424,3,Recomendado,,2023-03-15 04:27:00
REV-001042,ORD-973816,3,Mejor de lo esperado,Mejor de lo esperado,2023-07-09 19:00:00
REV-001043,ORD-014082,4,OK,OK,2021-05-24 00:58:00
REV-001044,ORD-003322,4,No lo recomiendo,,2023-07-30 20:09:00
REV-001045,ORD-010856,3,Mejor de lo esperado,Mejor de lo esperado,2024-06-28 19:27:00
REV-001046,ORD-013536,2,Llego roto,Llego roto,2021-03-16 12:51:00
REV-001047,ORD-008676,5,OK,,2023-12-19 15:21:00
REV-001048,ORD-001408,3,Excelente producto,Excelente producto,2022-11-09 14:28:00
REV-001049,ORD-005256,2,Mejor de lo esperado,,2024-05-10 13:41:00
REV-001050,ORD-009398,3,Mejor de lo esperado,Mejor de lo esperado,2023-05-12 05:54:00
REV-001051,ORD-002474,5,Mejor de lo esperado,Mejor de lo esperado,2023-12-20 11:10:00
REV-001052,ORD-000483,2,Muy bueno,Muy bueno,2023-10-20 04:15:00
REV-001053,ORD-009675,3,Llego roto,,2022-09-02 01:22:00
REV-001054,ORD-013483,3,Pesimo,Pesimo,2022-07-01 05:47:00
REV-001055,ORD-010899,5,Regular,,2021-05-17 22:56:00
REV-001056,ORD-011204,3,Recomendado,Recomendado,2022-01-26 06:16:00
REV-001057,ORD-011056,3,Pesimo,Pesimo,2021-07-03 05:53:00
REV-001058,ORD-007729,1,OK,,2023-12-27 22:02:00
REV-001059,ORD-014992,5,No lo recomiendo,No lo recomiendo,2022-04-08 22:50:00
REV-001060,ORD-001319,4,OK,OK,2022-03-20 23:15:00
REV-000105,ORD-001872,4,Mejor de lo esperado,,2021-02-13 17:04:00
REV-001062,ORD-002091,5,Pesimo,Pesimo,2023-03-22 15:05:00
REV-001063,ORD-000291,2,Buena calidad,Buena calidad,2021-07-30 07:03:00
REV-001064,ORD-010982,1,Malo,Malo,2024-02-24 21:48:00
REV-001065,ORD-014264,5,Malo,Malo,2023-01-19 17:50:00
REV-001066,ORD-001225,3,No lo recomiendo,No lo recomiendo,2023-08-08 06:51:00
REV-001067,ORD-004328,4,Cumple expectativas,,2021-07-19 18:25:00
REV-001068,ORD-013063,3,Regular,Regular,2022-07-01 05:11:00
REV-001069,ORD-006587,1,Recomendado,,2022-06-03 16:14:00
REV-001070,ORD-003905,,Recomendado,,2024-01-21 12:36:00
REV-001071,ORD-012748,2,,,2021-05-30 18:59:00
REV-001072,ORD-008458,3,Malo,,2023-10-08 04:22:00
REV-001073,ORD-009988,2,Cumple expectativas,,2022-05-23 05:12:00
REV-001074,ORD-006985,4,No lo recomiendo,No lo recomiendo,2022-05-15 03:24:00
REV-001075,ORD-008780,5,Mejor de lo esperado,,2022-06-08 15:57:00
REV-001076,ORD-012253,4,Llego roto,,2022-11-28 13:10:00
REV-001077,ORD-000373,4,,,2021-12-07 02:45:00
REV-001078,ORD-000171,3,Recomendado,Recomendado,2024-01-10 17:55:00
REV-001079,ORD-003308,5,Llego roto,,2023-12-16 16:26:00
REV-001080,ORD-000528,1,OK,OK,2024-01-13 13:55:00
REV-001081,ORD-001866,1,OK,OK,2022-08-11 00:20:00
REV-001082,ORD-003897,1,Muy bueno,Muy bueno,2022-09-18 08:29:00
REV-001083,ORD-009209,3,OK,OK,2024-05-31 02:56:00
REV-001084,ORD-002914,1,Cumple expectativas,Cumple expectativas,2023-09-07 08:03:00
REV-001085,ORD-010558,2,Pesimo,,2021-08-31 20:26:00
REV-001086,ORD-008922,1,Pesimo,,2023-09-25 16:22:00
REV-001087,ORD-014591,1,Excelente producto,,2021-04-08 03:24:00
REV-001088,ORD-002923,1,Malo,Malo,2022-11-28 13:38:00
REV-001089,ORD-005664,1,Recomendado,Recomendado,2021-02-10 01:00:00
REV-001090,ORD-007518,4,No lo recomiendo,,2023-11-16 15:49:00
REV-001091,ORD-006331,4,,,2023-08-27 01:32:00
REV-001092,ORD-000233,5,Excelente producto,Excelente producto,2024-04-30 14:30:00
REV-001093,ORD-002156,2,Pesimo,Pesimo,2023-01-01 11:30:00
REV-001094,ORD-011693,6,Muy bueno,Muy bueno,2023-08-21 18:32:00
REV-001095,ORD-002062,3,Malo,Malo,2022-07-12 07:36:00
REV-001096,ORD-014915,5,Recomendado,Recomendado,2022-03-03 18:35:00
REV-001097,ORD-001009,4,Muy bueno,Muy bueno,2022-01-21 00:02:00
REV-001098,ORD-009609,3,,,2023-03-15 09:20:00
REV-001099,ORD-012623,4,Pesimo,,2024-03-11 08:31:00
REV-001100,ORD-010493,5,,,2023-12-15 06:06:00
REV-001101,ORD-014982,2,Buena calidad,Buena calidad,2023-02-28 22:37:00
REV-001102,ORD-010205,3,Buena calidad,Buena calidad,2022-03-03 00:59:00
REV-001103,ORD-012402,3,Regular,,2023-05-15 19:34:00
REV-001104,ORD-008550,4,Cumple expectativas,,2022-02-15 15:06:00
REV-001105,ORD-008380,3,Recomendado,Recomendado,2023-09-15 12:45:00
REV-001106,ORD-007684,2,Llego roto,Llego roto,2021-12-31 01:57:00
REV-001107,ORD-004638,5,OK,OK,2021-07-10 17:11:00
REV-001108,ORD-014657,5,OK,,2023-04-09 02:07:00
REV-001109,ORD-014509,2,Pesimo,Pesimo,2022-12-22 03:05:00
REV-001110,ORD-006975,1,No lo recomiendo,,2021-05-31 12:28:00
REV-001111,ORD-004475,3,,,2023-06-21 01:59:00
REV-001112,ORD-014668,1,Recomendado,Recomendado,2022-10-06 04:03:00
REV-001113,ORD-004066,3,,,2022-09-12 12:15:00
REV-001114,ORD-008681,1,No lo recomiendo,,2023-01-25 20:12:00
REV-001115,ORD-004412,3,Recomendado,,2021-12-06 00:35:00
REV-001116,ORD-002720,1,Cumple expectativas,Cumple expectativas,2022-03-09 14:19:00
REV-001117,ORD-005377,4,Cumple expectativas,Cumple expectativas,2022-12-09 13:39:00
REV-001118,ORD-014284,5,OK,,2023-11-04 21:57:00
REV-001119,ORD-014989,3,Buena calidad,Buena calidad,2021-06-27 03:27:00
REV-001120,ORD-010850,5,Regular,Regular,2024-05-20 20:10:00
REV-001121,ORD-007115,1,Llego roto,,2022-04-12 10:15:00
REV-001122,ORD-004668,1,Buena calidad,Buena calidad,2023-02-11 07:18:00
REV-001123,ORD-001373,1,,,2021-07-11 18:35:00
REV-001124,ORD-012976,4,,,2021-12-10 05:26:00
REV-001125,ORD-006586,3,Pesimo,Pesimo,2023-04-03 01:54:00
REV-001126,ORD-011759,2,Malo,Malo,2021-06-02 18:48:00
REV-001127,ORD-011411,5,Excelente producto,Excelente producto,2024-04-01 01:25:00
REV-000481,ORD-012929,4,Llego roto,,2022-04-26 13:33:00
REV-001129,ORD-002643,1,Regular,Regular,2023-08-31 21:13:00
REV-001130,ORD-004192,4,Buena calidad,Buena calidad,2023-12-29 18:48:00
REV-001131,ORD-003064,2,Mejor de lo esperado,,2023-08-22 06:54:00
REV-001132,ORD-000231,3,OK,,2021-04-26 23:47:00
REV-001133,ORD-004123,5,Cumple expectativas,Cumple expectativas,2021-09-29 09:19:00
REV-001134,ORD-008723,1,Muy bueno,,2022-01-14 20:59:00
REV-001135,ORD-014489,1,Regular,,2021-03-18 17:18:00
REV-001136,ORD-008795,2,Pesimo,Pesimo,2021-08-06 19:53:00
REV-001137,ORD-013330,1,Mejor de lo esperado,Mejor de lo esperado,2022-04-10 05:32:00
REV-001138,ORD-006762,1,Malo,Malo,2024-02-06 00:22:00
REV-001139,ORD-000141,5,Pesimo,Pesimo,2023-05-15 03:15:00
REV-001140,ORD-003482,2,Pesimo,Pesimo,2022-11-04 07:17:00
REV-001141,ORD-009760,3,Muy bueno,Muy bueno,2023-07-03 14:18:00
REV-001142,ORD-003685,4,Recomendado,Recomendado,2022-01-26 12:46:00
REV-001143,ORD-008051,1,OK,OK,2022-08-23 18:31:00
REV-001144,ORD-002496,5,Malo,Malo,2023-01-10 23:16:00
REV-001145,ORD-011183,2,Buena calidad,,2021-08-06 14:51:00
REV-001146,ORD-003629,5,,,2023-11-26 22:55:00
REV-001147,ORD-001126,3,Muy bueno,Muy bueno,2024-04-28 00:37:00
REV-001148,ORD-002889,4,,,2022-09-17 19:42:00
REV-001149,ORD-000790,5,Buena calidad,,2023-11-30 12:35:00
REV-001150,ORD-012733,2,Excelente producto,Excelente producto,2022-02-24 03:01:00
REV-001151,ORD-006069,1,Recomendado,Recomendado,2023-10-18 10:47:00
REV-001152,ORD-010451,1,,,2023-09-08 02:50:00
REV-001153,ORD-013607,2,Buena calidad,,2023-01-30 15:46:00
REV-001154,ORD-002382,1,,,2022-07-19 12:52:00
REV-001155,ORD-010381,3,OK,OK,2021-11-25 11:13:00
REV-001156,ORD-003851,1,Muy bueno,Muy bueno,2024-01-25 03:44:00
REV-001157,ORD-006187,5,Cumple expectativas,,2022-03-11 23:54:00
REV-001158,ORD-012998,2,Malo,Malo,2022-09-08 13:21:00
REV-001159,ORD-008096,,Malo,,2023-01-17 23:48:00
REV-001160,ORD-013977,1,Excelente producto,,2023-10-21 13:30:00
REV-001161,ORD-006200,2,Recomendado,Recomendado,2024-04-02 20:14:00
REV-001162,ORD-007953,3,Llego roto,,2021-02-15 22:02:00
REV-001163,ORD-009185,4,Cumple expectativas,,2023-07-08 02:41:00
REV-001164,ORD-012153,3,Regular,Regular,2023-05-07 19:27:00
REV-001165,ORD-012078,1,OK,,2022-09-03 13:21:00
REV-001166,ORD-012782,3,Recomendado,,2022-10-24 03:46:00
REV-001167,ORD-002210,4,Recomendado,Recomendado,2022-09-29 20:11:00
REV-001168,ORD-001274,5,OK,OK,2021-07-01 18:00:00
REV-001169,ORD-012930,4,Llego roto,,2023-12-12 12:05:00
REV-001170,ORD-005684,5,Mejor de lo esperado,Mejor de lo esperado,2021-06-23 13:59:00
REV-001171,ORD-006755,1,OK,,2021-09-15 08:07:00
REV-001172,ORD-011010,3,Mejor de lo esperado,,2021-05-19 15:18:00
REV-001173,ORD-005064,3,,,2023-03-24 10:32:00
REV-001174,ORD-011990,5,No lo recomiendo,No lo recomiendo,2022-05-20 16:04:00
REV-001175,ORD-011987,2,No lo recomiendo,,2024-05-07 05:15:00
REV-001176,ORD-004003,5,Muy bueno,,2022-09-15 21:31:00
REV-001177,ORD-008892,5,Regular,Regular,2022-10-03 08:07:00
REV-001178,ORD-006324,4,No lo recomiendo,No lo recomiendo,2022-05-12 18:48:00
REV-001179,ORD-009452,3,OK,,2022-03-23 07:11:00
REV-001180,ORD-011822,2,Excelente producto,Excelente producto,2022-05-03 11:41:00
REV-001181,ORD-010189,2,Regular,Regular,2022-01-04 01:39:00
REV-001182,ORD-011895,1,Muy bueno,Muy bueno,2023-09-01 17:54:00
REV-001183,ORD-004195,5,Pesimo,Pesimo,2022-08-01 05:30:00
REV-001184,ORD-004559,5,Buena calidad,,2023-11-24 06:53:00
REV-001185,ORD-012934,5,OK,,2021-03-26 09:39:00
REV-001186,ORD-009521,3,Cumple expectativas,Cumple expectativas,2021-04-09 18:59:00
REV-001187,ORD-004112,1,Recomendado,,2023-11-27 12:15:00
REV-001188,ORD-011933,2,Mejor de lo esperado,,2024-04-27 18:57:00
REV-001189,ORD-009738,4,Muy bueno,,2021-08-02 20:48:00
REV-001190,ORD-004668,1,Malo,Malo,2023-02-24 20:19:00
REV-001191,ORD-004222,2,Excelente producto,,2021-11-22 08:57:00
REV-001192,ORD-002835,4,Cumple expectativas,Cumple expectativas,2021-02-17 17:25:00
REV-001193,ORD-001030,3,Muy bueno,Muy bueno,2022-01-18 00:31:00
REV-001194,ORD-007751,5,Cumple expectativas,Cumple expectativas,2022-09-07 02:42:00
REV-001195,ORD-008490,3,Buena calidad,,2022-12-15 19:25:00
REV-001196,ORD-008089,1,OK,OK,2023-10-03 15:37:00
REV-001197,ORD-009430,3,Muy bueno,,2023-06-10 08:54:00
REV-000060,ORD-005324,5,Excelente producto,Excelente producto,2022-01-13 20:02:00
REV-001199,ORD-003796,-1,No lo recomiendo,No lo recomiendo,2022-11-25 23:06:00
REV-001200,ORD-014815,1,Llego roto,,2022-12-18 13:28:00
REV-001201,ORD-001127,2,,,2022-09-02 13:11:00
REV-001202,ORD-001238,2,No lo recomiendo,No lo recomiendo,2023-11-07 10:21:00
REV-001203,ORD-006168,1,Mejor de lo esperado,Mejor de lo esperado,2022-01-04 11:43:00
REV-001204,ORD-007024,4,Buena calidad,,2021-03-27 05:58:00
REV-001205,ORD-014596,5,Malo,,2024-02-21 09:26:00
REV-001206,ORD-002189,4,Pesimo,,2024-04-23 07:02:00
REV-001207,ORD-000258,1,Regular,,2022-07-20 18:40:00
REV-001208,ORD-007962,2,Mejor de lo esperado,,2024-01-23 22:59:00
REV-001209,ORD-007516,5,Cumple expectativas,,2021-04-20 14:17:00
REV-001210,ORD-004384,4,Malo,,2023-12-12 12:11:00
REV-001211,ORD-012016,2,Pesimo,,2023-09-26 08:00:00
REV-001212,ORD-001851,5,Recomendado,Recomendado,2022-03-18 12:53:00
REV-001213,ORD-007838,1,,,2022-04-22 05:10:00
REV-001214,ORD-001177,5,Pesimo,,2022-06-10 17:43:00
REV-001215,ORD-011099,2,OK,OK,2022-09-06 11:42:00
REV-001216,ORD-006470,2,No lo recomiendo,,2022-01-04 11:20:00
REV-001217,ORD-014327,5,Pesimo,Pesimo,2023-02-03 20:19:00
REV-001218,ORD-013447,5,Muy bueno,,2024-06-03 11:07:00
REV-001219,ORD-011203,4,,,2022-12-13 22:14:00
REV-001220,ORD-006622,1,Recomendado,Recomendado,2023-12-14 20:36:00
REV-001221,ORD-003034,2,Malo,,2021-10-14 08:36:00
REV-001222,ORD-010030,1,Muy bueno,,2022-03-27 14:06:00
REV-001223,ORD-005266,4,OK,OK,2021-03-04 11:58:00
REV-001224,ORD-006585,5,Muy bueno,,2021-05-27 08:41:00
REV-001225,ORD-003463,4,Muy bueno,,2022-12-31 14:17:00
REV-001226,ORD-007842,1,OK,,2023-02-23 14:56:00
REV-001227,ORD-011804,4,Mejor de lo esperado,,2021-12-20 02:09:00
REV-001228,ORD-004656,3,Cumple expectativas,Cumple expectativas,2024-04-21 02:35:00
REV-001229,ORD-007358,3,Pesimo,Pesimo,2022-01-15 21:15:00
REV-001230,ORD-008592,4,Recomendado,,2021-11-14 10:35:00
REV-001231,ORD-008017,5,,,2023-01-20 03:41:00
REV-001232,ORD-000497,3,Llego roto,Llego roto,2023-11-03 14:14:00
REV-001233,ORD-011530,2,Muy bueno,Muy bueno,2022-06-18 00:41:00
REV-001234,ORD-009792,10,Recomendado,Recomendado,2024-05-05 11:50:00
REV-001235,ORD-010322,1,,,2023-07-22 21:54:00
REV-001236,ORD-003549,4,OK,,2024-06-24 11:05:00
REV-001237,ORD-001859,2,Malo,Malo,2022-11-20 12:54:00
REV-001238,ORD-013889,2,Llego roto,Llego roto,2022-10-28 06:13:00
REV-001239,ORD-010070,4,Mejor de lo esperado,Mejor de lo esperado,2023-05-07 02:20:00
REV-001240,ORD-006593,5,Excelente producto,Excelente producto,2021-05-07 06:14:00
REV-001241,ORD-924738,1,Muy bueno,Muy bueno,2022-02-20 21:52:00
REV-001242,ORD-000906,2,Regular,Regular,2024-05-23 19:56:00
REV-001243,ORD-013610,5,Pesimo,,2023-12-23 17:41:00
REV-001244,ORD-002294,5,Regular,Regular,2023-10-27 04:58:00
REV-001245,ORD-013074,1,Buena calidad,Buena calidad,2022-09-23 20:47:00
REV-001246,ORD-004081,3,Mejor de lo esperado,Mejor de lo esperado,2024-03-26 00:20:00
REV-001247,ORD-013051,3,Buena calidad,Buena calidad,2022-03-02 07:12:00
REV-001248,ORD-004224,4,Recomendado,Recomendado,2024-04-10 14:04:00
REV-001249,ORD-009294,1,No lo recomiendo,No lo recomiendo,2023-01-28 04:56:00
REV-001250,ORD-004433,1,Malo,,2021-07-09 10:22:00
REV-001251,ORD-008306,1,Pesimo,,2022-04-13 01:26:00
REV-001252,ORD-004870,5,No lo recomiendo,No lo recomiendo,2024-03-22 13:29:00
REV-001253,ORD-009880,1,Excelente producto,Excelente producto,2022-05-08 09:42:00
REV-001254,ORD-008617,2,Buena calidad,Buena calidad,2021-05-11 04:30:00
REV-001255,ORD-010855,4,,,2021-04-12 22:46:00
REV-001256,ORD-004256,3,OK,,2021-05-13 12:12:00
REV-001257,ORD-004980,2,Recomendado,,2021-05-23 14:38:00
REV-001258,ORD-014869,4,Excelente producto,Excelente producto,2024-03-29 05:55:00
REV-001259,ORD-007478,1,Llego roto,Llego roto,2023-11-18 06:42:00
REV-001260,ORD-006630,4,Mejor de lo esperado,Mejor de lo esperado,2023-07-28 20:02:00
REV-001261,ORD-009125,4,Malo,Malo,2024-05-18 00:19:00
REV-001262,ORD-008884,2,Cumple expectativas,,2024-04-06 16:48:00
REV-001263,ORD-001288,1,Recomendado,,2023-07-22 18:27:00
REV-001264,ORD-006788,2,Pesimo,,2022-06-24 00:07:00
REV-001265,ORD-006812,4,Mejor de lo esperado,Mejor de lo esperado,2022-12-20 06:36:00
REV-001266,ORD-010261,4,Muy bueno,Muy bueno,2022-08-27 17:00:00
REV-001267,ORD-006787,1,Cumple expectativas,,2021-12-08 13:45:00
REV-001268,ORD-006032,1,Recomendado,,2023-09-06 02:30:00
REV-001269,ORD-007917,5,Muy bueno,Muy bueno,2022-08-09 23:24:00
REV-001270,ORD-010805,4,Muy bueno,,2023-09-08 23:18:00
REV-001271,ORD-010781,3,,,2021-10-27 01:52:00
REV-001272,ORD-000242,3,Excelente producto,Excelente producto,2021-07-07 04:20:00
REV-001273,ORD-004654,4,Recomendado,Recomendado,2021-09-11 16:12:00
REV-001274,ORD-003738,2,Excelente producto,Excelente producto,2023-09-25 13:18:00
REV-001275,ORD-977536,3,Recomendado,Recomendado,2021-05-24 09:35:00
REV-001276,ORD-000218,2,Mejor de lo esperado,Mejor de lo esperado,2021-02-02 01:48:00
REV-001277,ORD-005847,5,Excelente producto,Excelente producto,2022-06-18 12:30:00
REV-001278,ORD-005956,1,Pesimo,,2021-03-22 18:58:00
REV-001279,ORD-001704,5,Mejor de lo esperado,Mejor de lo esperado,2022-09-28 00:55:00
REV-001280,ORD-008144,1,Buena calidad,Buena calidad,2023-06-16 15:39:00
REV-001281,ORD-006450,5,,,2024-05-31 23:54:00
REV-001282,ORD-003842,1,Cumple expectativas,Cumple expectativas,2022-03-09 15:37:00
REV-001283,ORD-007231,1,Malo,,2023-08-26 23:52:00
REV-001284,ORD-011469,5,Mejor de lo esperado,,2022-11-19 21:26:00
REV-001285,ORD-014420,3,,,2023-11-12 15:18:00
REV-001286,ORD-008534,10,Malo,,2022-11-12 01:19:00
REV-001287,ORD-013601,1,No lo recomiendo,No lo recomiendo,2022-04-29 05:00:00
REV-001288,ORD-012214,4,Muy bueno,Muy bueno,2021-07-31 13:43:00
REV-001289,ORD-004080,1,Muy bueno,Muy bueno,2021-11-22 20:10:00
REV-001290,ORD-006711,4,,,2024-02-10 20:01:00
REV-001291,ORD-012667,5,,,2021-11-25 13:43:00
REV-001292,ORD-014697,3,Muy bueno,Muy bueno,2021-03-20 19:51:00
REV-001293,ORD-011967,4,Pesimo,Pesimo,2021-11-02 09:24:00
REV-001294,ORD-001368,3,,,2021-07-23 01:40:00
REV-001295,ORD-010097,3,Pesimo,Pesimo,2022-10-22 02:24:00
REV-001296,ORD-003594,4,OK,OK,2023-03-10 23:18:00
REV-001297,ORD-000851,3,Recomendado,Recomendado,2021-12-06 02:33:00
REV-001298,ORD-000735,3,No lo recomiendo,,2023-03-16 16:30:00
REV-001299,ORD-007627,5,Mejor de lo esperado,Mejor de lo esperado,2023-12-30 04:00:00
REV-001300,ORD-013405,1,Llego roto,Llego roto,2023-08-29 12:41:00
REV-001301,ORD-009698,4,Mejor de lo esperado,Mejor de lo esperado,2021-06-08 11:03:00
REV-001302,ORD-007335,3,Pesimo,Pesimo,2023-05-08 01:44:00
REV-001303,ORD-007503,2,Cumple expectativas,Cumple expectativas,2021-05-30 05:06:00
REV-001304,ORD-008653,3,Mejor de lo esperado,Mejor de lo esperado,2021-08-03 14:19:00
REV-001305,ORD-001836,2,Regular,,2022-10-05 16:30:00
REV-001306,ORD-014818,3,Buena calidad,Buena calidad,2023-08-25 09:06:00
REV-001307,ORD-001129,4,No lo recomiendo,No lo recomiendo,2022-08-14 20:32:00
REV-001308,ORD-008636,3,Muy bueno,,2022-08-14 20:08:00
REV-001309,ORD-013164,5,Malo,,2023-04-02 01:32:00
REV-001310,ORD-007035,4,Mejor de lo esperado,Mejor de lo esperado,2022-11-30 10:15:00
REV-001311,ORD-001739,3,Llego roto,Llego roto,2021-05-28 08:08:00
REV-001312,ORD-001373,1,Mejor de lo esperado,Mejor de lo esperado,2021-07-20 06:35:00
REV-001313,ORD-007285,5,Malo,Malo,2022-02-27 20:17:00
REV-001314,ORD-007628,2,Regular,Regular,2021-11-10 07:19:00
REV-001315,ORD-003358,2,Recomendado,,2023-11-12 07:08:00
REV-001316,ORD-000600,1,No lo recomiendo,No lo recomiendo,2021-09-05 12:14:00
REV-001317,ORD-008143,1,OK,,2022-05-22 17:11:00
REV-001318,ORD-002307,5,,,2021-09-19 17:07:00
REV-001319,ORD-014542,5,Regular,Regular,2021-11-06 20:34:00
REV-001320,ORD-009877,2,Llego roto,Llego roto,2022-10-24 05:23:00
REV-001321,ORD-004277,-1,Regular,Regular,2021-12-17 01:58:00
REV-001322,ORD-011866,4,Excelente producto,,2023-02-08 16:05:00
REV-001323,ORD-004151,1,Pesimo,Pesimo,2023-04-16 23:38:00
REV-001324,ORD-007732,5,Pesimo,Pesimo,2021-05-03 01:14:00
REV-001325,ORD-013439,5,,,2021-11-28 16:38:00
REV-001326,ORD-014396,2,Muy bueno,,2024-03-03 02:08:00
REV-001327,ORD-011598,2,Muy bueno,Muy bueno,2024-05-05 00:16:00
REV-001328,ORD-008623,2,Buena calidad,Buena calidad,2022-10-02 14:31:00
REV-001329,ORD-005145,3,Regular,Regular,2024-06-02 01:04:00
REV-001330,ORD-005232,1,Muy bueno,Muy bueno,2021-05-06 21:58:00
REV-001331,ORD-006756,3,Excelente producto,Excelente producto,2024-04-19 14:42:00
REV-001332,ORD-003540,3,Mejor de lo esperado,,2021-06-11 00:56:00
REV-001333,ORD-011139,4,Regular,,2024-06-08 18:30:00
REV-001334,ORD-013395,2,OK,OK,2021-07-17 03:43:00
REV-001335,ORD-000750,1,Cumple expectativas,,2023-12-28 14:14:00
REV-001336,ORD-010639,4,,,2022-12-19 00:55:00
REV-001337,ORD-007347,2,Cumple expectativas,Cumple expectativas,2021-04-13 11:46:00
REV-001338,ORD-001515,4,Regular,Regular,2024-01-03 17:45:00
REV-001339,ORD-001313,5,Buena calidad,,2023-04-02 00:38:00
REV-001340,ORD-001312,2,Excelente producto,Excelente producto,2021-06-12 23:06:00
REV-001341,ORD-911759,2,Muy bueno,Muy bueno,2022-05-24 08:11:00
REV-001342,ORD-006386,1,Llego roto,,2021-03-04 11:57:00
REV-001343,ORD-006846,4,Mejor de lo esperado,,2024-02-26 03:27:00
REV-001344,ORD-004281,2,Pesimo,Pesimo,2024-04-24 00:12:00
REV-001345,ORD-011669,-1,Cumple expectativas,Cumple expectativas,2024-06-09 06:20:00
REV-001346,ORD-005042,-1,Muy bueno,Muy bueno,2023-08-09 00:59:00
REV-001347,ORD-010222,3,Pesimo,Pesimo,2023-09-28 11:14:00
REV-001348,ORD-004988,10,Mejor de lo esperado,Mejor de lo esperado,2024-04-11 23:29:00
REV-001349,ORD-013008,5,Llego roto,,2024-01-13 06:55:00
REV-001350,ORD-003606,3,Excelente producto,,2021-10-21 21:06:00
REV-001351,ORD-012348,10,Muy bueno,,2021-11-19 00:21:00
REV-001352,ORD-013593,4,Regular,Regular,2022-01-17 20:08:00
REV-001353,ORD-004109,5,,,2022-05-20 16:35:00
REV-001354,ORD-931557,3,Muy bueno,Muy bueno,2021-07-05 07:39:00
REV-001355,ORD-006561,5,Buena calidad,,2024-01-27 22:49:00
REV-001356,ORD-000549,1,Buena calidad,,2022-03-20 21:29:00
REV-001357,ORD-009886,3,Buena calidad,Buena calidad,2024-04-09 02:49:00
REV-001358,ORD-004617,2,Regular,Regular,2022-11-25 05:11:00
REV-001359,ORD-001219,4,OK,,2024-02-26 08:20:00
REV-001360,ORD-008798,5,Malo,Malo,2024-01-15 08:10:00
REV-001361,ORD-002378,3,,,2022-05-26 20:55:00
REV-001362,ORD-009956,2,OK,OK,2021-11-13 09:41:00
REV-001363,ORD-008248,2,No lo recomiendo,No lo recomiendo,2024-05-21 07:28:00
REV-001364,ORD-001318,3,Llego roto,,2023-06-12 08:42:00
REV-001365,ORD-002196,2,Muy bueno,Muy bueno,2022-09-29 03:14:00
REV-001366,ORD-012182,5,Cumple expectativas,Cumple expectativas,2022-04-15 21:24:00
REV-001367,ORD-000041,5,Malo,,2023-02-05 13:57:00
REV-001368,ORD-004554,2,Muy bueno,Muy bueno,2023-07-20 21:38:00
REV-001369,ORD-003393,4,Llego roto,,2022-08-26 05:20:00
REV-001370,ORD-012532,1,,,2024-02-12 13:53:00
REV-001371,ORD-009451,4,Mejor de lo esperado,,2022-07-17 11:03:00
REV-001372,ORD-006784,5,Excelente producto,,2022-07-14 00:00:00
REV-001373,ORD-000074,4,Mejor de lo esperado,,2022-08-14 21:43:00
REV-001374,ORD-012591,5,Buena calidad,,2021-06-08 01:58:00
REV-001375,ORD-008462,2,Excelente producto,,2021-08-19 20:58:00
REV-001376,ORD-014209,4,No lo recomiendo,No lo recomiendo,2024-06-06 22:35:00
REV-001377,ORD-013659,3,OK,,2023-04-02 02:01:00
REV-001378,ORD-004115,5,Malo,,2021-10-12 13:12:00
REV-001379,ORD-000854,4,OK,,2024-03-06 02:31:00
REV-001380,ORD-004362,3,Cumple expectativas,Cumple expectativas,2024-01-10 01:30:00
REV-001381,ORD-010830,1,OK,OK,2022-11-15 11:09:00
REV-001382,ORD-014883,5,Pesimo,,2023-10-31 00:47:00
REV-001383,ORD-005606,2,Mejor de lo esperado,,2023-05-02 17:15:00
REV-001384,ORD-012300,2,Cumple expectativas,,2021-04-13 09:26:00
REV-001385,ORD-007217,3,Excelente producto,,2022-10-29 23:40:00
REV-001386,ORD-006673,1,Mejor de lo esperado,Mejor de lo esperado,2021-04-29 14:58:00
REV-001387,ORD-006359,3,Malo,,2023-09-06 19:01:00
REV-001388,ORD-004694,2,Pesimo,Pesimo,2023-01-16 17:47:00
REV-001389,ORD-011454,5,Excelente producto,Excelente producto,2021-12-20 03:57:00
REV-001390,ORD-007284,1,Cumple expectativas,Cumple expectativas,2021-03-04 15:36:00
REV-001391,ORD-014302,5,Llego roto,Llego roto,2022-04-28 15:04:00
REV-001392,ORD-013628,4,Buena calidad,,2022-04-16 01:08:00
REV-001393,ORD-004502,4,,,2024-06-25 20:21:00
REV-001394,ORD-007097,2,No lo recomiendo,,2022-06-23 13:26:00
REV-001395,ORD-014362,3,Buena calidad,Buena calidad,2023-10-03 21:11:00
REV-001396,ORD-001965,1,Buena calidad,,2021-06-11 23:43:00
REV-001397,ORD-005338,2,,,2022-07-01 21:24:00
REV-001398,ORD-008420,1,Recomendado,Recomendado,2023-01-06 23:51:00
REV-001399,ORD-002338,1,OK,OK,2024-04-03 14:18:00
REV-001400,ORD-013284,2,,,2023-05-30 18:24:00
REV-001401,ORD-001976,2,Excelente producto,,2023-01-13 00:39:00
REV-001402,ORD-000399,5,Excelente producto,Excelente producto,2022-01-13 03:35:00
REV-001403,ORD-004466,3,Mejor de lo esperado,,2022-08-01 08:22:00
REV-001404,ORD-000406,5,Cumple expectativas,,2021-08-02 08:45:00
REV-001405,ORD-001127,1,Llego roto,Llego roto,2021-06-14 04:18:00
REV-001406,ORD-012893,3,No lo recomiendo,No lo recomiendo,2024-04-13 17:11:00
REV-001407,ORD-008476,5,Recomendado,Recomendado,2023-03-02 23:34:00
REV-001408,ORD-002456,2,OK,OK,2021-07-27 09:36:00
REV-001409,ORD-006258,5,Cumple expectativas,Cumple expectativas,2021-06-13 21:27:00
REV-001410,ORD-008564,1,No lo recomiendo,No lo recomiendo,2021-12-14 01:50:00
REV-001411,ORD-007122,2,Excelente producto,Excelente producto,2021-02-02 21:46:00
REV-001412,ORD-013803,2,Pesimo,Pesimo,2021-02-05 22:51:00
REV-001413,ORD-014084,4,Mejor de lo esperado,Mejor de lo esperado,2023-05-29 14:28:00
REV-001414,ORD-012246,1,,,2022-06-23 22:15:00
REV-001415,ORD-013610,5,OK,,2024-04-09 23:52:00
REV-000202,ORD-004504,4,Regular,,2022-07-14 09:53:00
REV-001417,ORD-008587,1,Malo,Malo,2021-07-05 12:51:00
REV-001418,ORD-003732,5,Cumple expectativas,Cumple expectativas,2022-11-24 15:22:00
REV-001419,ORD-012227,4,Muy bueno,,2022-08-12 06:28:00
REV-001420,ORD-014541,2,Malo,Malo,2022-04-21 10:10:00
REV-001421,ORD-005171,3,Excelente producto,Excelente producto,2022-11-15 09:55:00
REV-001422,ORD-010868,5,OK,OK,2021-03-25 06:18:00
REV-001423,ORD-005670,2,Llego roto,,2023-12-01 10:48:00
REV-001424,ORD-006135,2,Buena calidad,,2021-04-03 09:58:00
REV-001425,ORD-014325,4,Malo,Malo,2023-04-06 14:00:00
REV-001426,ORD-001713,4,Cumple expectativas,Cumple expectativas,2023-05-03 18:00:00
REV-001427,ORD-001073,5,Muy bueno,,2021-12-27 10:08:00
REV-000861,ORD-007664,4,Regular,Regular,2023-04-22 02:35:00
REV-001429,ORD-011091,2,Excelente producto,Excelente producto,2021-08-23 00:45:00
REV-001430,ORD-010195,5,Pesimo,,2024-03-19 14:54:00
REV-001431,ORD-010906,2,,,2022-11-20 23:02:00
REV-001432,ORD-006348,3,Pesimo,,2022-09-24 17:22:00
REV-001433,ORD-008596,1,Pesimo,Pesimo,2022-02-16 06:18:00
REV-001434,ORD-004867,2,,,2023-02-16 09:55:00
REV-001435,ORD-000216,2,OK,OK,2021-04-18 23:59:00
REV-001436,ORD-009919,4,Buena calidad,Buena calidad,2023-10-17 14:25:00
REV-001437,ORD-005940,2,Malo,,2022-05-09 13:30:00
REV-001438,ORD-003934,2,Malo,,2022-03-21 02:53:00
REV-001439,ORD-012958,3,No lo recomiendo,,2023-07-08 13:07:00
REV-001440,ORD-005485,4,Excelente producto,,2021-07-29 03:10:00
REV-001441,ORD-011873,4,Muy bueno,,2024-04-04 15:31:00
REV-001442,ORD-008550,4,Malo,,2021-07-16 13:40:00
REV-001443,ORD-963322,,Cumple expectativas,Cumple expectativas,2022-05-15 15:05:00
REV-001444,ORD-011958,5,,,2022-10-10 03:54:00
REV-001445,ORD-006324,1,Excelente producto,Excelente producto,2021-11-28 04:59:00
REV-001446,ORD-011023,5,Regular,Regular,2021-06-10 06:08:00
REV-001447,ORD-004077,3,Muy bueno,Muy bueno,2022-03-07 17:07:00
REV-001448,ORD-007117,5,Pesimo,Pesimo,2024-02-01 05:16:00
REV-001449,ORD-011960,5,,,2022-11-08 08:13:00
REV-001450,ORD-011920,3,Mejor de lo esperado,Mejor de lo esperado,2022-02-10 18:35:00
REV-001451,ORD-001080,1,,,2023-04-26 23:06:00
REV-001452,ORD-009320,3,Recomendado,Recomendado,2024-02-21 04:27:00
REV-001453,ORD-010375,4,No lo recomiendo,No lo recomiendo,2022-07-23 02:20:00
REV-001454,ORD-011607,2,Muy bueno,,2021-07-05 14:03:00
REV-001455,ORD-013575,3,,,2021-02-13 06:11:00
REV-001456,ORD-005674,4,Muy bueno,Muy bueno,2021-06-13 14:01:00
REV-001457,ORD-004874,5,Malo,Malo,2023-06-19 21:26:00
REV-001458,ORD-009614,1,Mejor de lo esperado,Mejor de lo esperado,2022-11-02 03:24:00
REV-001459,ORD-008104,1,Llego roto,Llego roto,2021-06-17 08:20:00
REV-001460,ORD-009277,4,Cumple expectativas,,2021-10-03 15:37:00
REV-001461,ORD-013652,1,Cumple expectativas,Cumple expectativas,2022-01-26 04:00:00
REV-001462,ORD-005486,4,OK,OK,2023-10-12 18:20:00
REV-001463,ORD-009513,1,Recomendado,Recomendado,2023-10-14 19:52:00
REV-001464,ORD-001052,3,OK,OK,2024-03-01 04:12:00
REV-001465,ORD-006561,1,Cumple expectativas,Cumple expectativas,2024-02-28 08:02:00
REV-001466,ORD-005260,3,Mejor de lo esperado,,2021-10-09 18:49:00
REV-001467,ORD-006816,5,Cumple expectativas,,2024-05-15 03:48:00
REV-001468,ORD-012086,0,Cumple expectativas,Cumple expectativas,2022-03-11 08:21:00
REV-001469,ORD-004117,1,,,2023-01-14 07:46:00
REV-001470,ORD-005184,5,,,2023-08-23 17:34:00
REV-001471,ORD-000691,2,Mejor de lo esperado,,2023-10-04 10:59:00
REV-001472,ORD-009933,3,Buena calidad,Buena calidad,2023-02-08 22:43:00
REV-001473,ORD-006495,5,Excelente producto,Excelente producto,2022-11-06 04:45:00
REV-001474,ORD-907080,4,Mejor de lo esperado,Mejor de lo esperado,2023-04-05 15:58:00
REV-001475,ORD-002528,2,OK,OK,2024-01-28 07:07:00
REV-001476,ORD-000610,5,Recomendado,,2021-08-21 08:37:00
REV-001477,ORD-008626,1,Buena calidad,Buena calidad,2022-05-25 01:27:00
REV-001478,ORD-002466,1,Pesimo,Pesimo,2021-03-17 15:43:00
REV-001479,ORD-004875,1,Malo,Malo,2021-04-24 11:58:00
REV-001480,ORD-009514,2,Regular,Regular,2022-06-26 10:52:00
REV-001481,ORD-001392,1,OK,OK,2023-08-19 00:08:00
REV-001482,ORD-007570,5,Llego roto,Llego roto,2021-02-21 05:24:00
REV-001483,ORD-012128,2,Regular,,2022-08-11 03:18:00
REV-001484,ORD-008326,2,Malo,Malo,2023-08-21 11:58:00
REV-001485,ORD-012177,5,Muy bueno,Muy bueno,2024-03-03 03:38:00
REV-001486,ORD-009151,3,Malo,,2022-07-24 05:05:00
REV-001487,ORD-003369,4,Buena calidad,Buena calidad,2022-03-02 00:05:00
REV-001488,ORD-001568,3,Buena calidad,,2023-11-23 04:13:00
REV-001489,ORD-012460,4,Buena calidad,Buena calidad,2022-02-26 15:01:00
REV-001490,ORD-001441,5,Pesimo,Pesimo,2022-10-29 04:34:00
REV-001491,ORD-014616,4,Llego roto,Llego roto,2021-11-19 19:46:00
REV-001492,ORD-004505,3,No lo recomiendo,,2023-12-16 03:42:00
REV-001493,ORD-928417,2,Recomendado,,2021-09-05 18:53:00
REV-001494,ORD-002034,1,Cumple expectativas,,2023-10-24 19:04:00
REV-001495,ORD-010514,3,Cumple expectativas,,2021-05-20 12:03:00
REV-001496,ORD-009374,3,Cumple expectativas,Cumple expectativas,2022-04-22 13:53:00
REV-001497,ORD-000582,3,Buena calidad,,2023-12-24 12:36:00
REV-001498,ORD-002312,1,Muy bueno,,2022-04-21 06:48:00
REV-001499,ORD-006846,3,,,2023-07-19 08:34:00
REV-001500,ORD-010954,2,OK,,2024-01-27 21:11:00
REV-001501,ORD-003903,5,Cumple expectativas,,2023-06-11 01:36:00
REV-001502,ORD-007464,5,Buena calidad,,2022-03-24 10:14:00
REV-001503,ORD-008314,4,Buena calidad,Buena calidad,2024-06-06 07:39:00
REV-001504,ORD-004258,3,Mejor de lo esperado,,2023-10-31 10:53:00
REV-001505,ORD-008692,3,Llego roto,,2021-03-17 23:48:00
REV-001506,ORD-007829,5,Recomendado,Recomendado,2022-07-25 05:49:00
REV-001507,ORD-014426,5,Recomendado,,2021-10-26 00:59:00
REV-001508,ORD-005429,1,OK,OK,2024-01-20 02:48:00
REV-001509,ORD-010761,4,Buena calidad,Buena calidad,2021-06-29 13:55:00
REV-001510,ORD-008225,5,,,2021-09-28 17:47:00
REV-001511,ORD-001404,2,Recomendado,Recomendado,2021-07-20 04:41:00
REV-001512,ORD-013949,5,Excelente producto,Excelente producto,2024-01-28 10:09:00
REV-001513,ORD-003649,2,Pesimo,,2023-11-27 01:14:00
REV-001514,ORD-013258,1,Mejor de lo esperado,,2022-03-29 17:39:00
REV-001515,ORD-010834,5,Excelente producto,Excelente producto,2023-12-23 07:16:00
REV-001516,ORD-013414,5,Regular,,2021-04-08 15:59:00
REV-001517,ORD-010026,1,Regular,Regular,2021-05-08 15:42:00
REV-001518,ORD-003328,3,,,2021-09-22 02:12:00
REV-001519,ORD-014528,2,Excelente producto,,2023-12-15 11:39:00
REV-001520,ORD-009957,5,Buena calidad,,2022-04-09 01:14:00
REV-001521,ORD-001566,3,Buena calidad,Buena calidad,2021-08-16 07:11:00
REV-001522,ORD-000505,5,Recomendado,,2021-09-20 19:46:00
REV-001523,ORD-005713,1,No lo recomiendo,No lo recomiendo,2023-03-10 05:08:00
REV-001524,ORD-013415,3,Cumple expectativas,Cumple expectativas,2023-09-15 05:41:00
REV-001525,ORD-002313,4,Mejor de lo esperado,,2021-07-20 23:44:00
REV-001526,ORD-014403,1,Cumple expectativas,Cumple expectativas,2021-07-28 05:39:00
REV-001527,ORD-003504,5,Mejor de lo esperado,,2022-04-18 06:47:00
REV-001528,ORD-012453,2,Pesimo,Pesimo,2021-06-29 03:40:00
REV-001529,ORD-014373,3,No lo recomiendo,No lo recomiendo,2022-02-24 08:55:00
REV-001530,ORD-001702,6,Regular,Regular,2021-04-25 09:09:00
REV-001531,ORD-005311,3,OK,,2022-05-28 06:46:00
REV-001532,ORD-006282,4,Regular,,2024-02-16 06:58:00
REV-001533,ORD-005984,2,Cumple expectativas,,2022-08-11 01:12:00
REV-001534,ORD-005959,4,Recomendado,Recomendado,2022-10-11 02:37:00
REV-001535,ORD-000563,4,Buena calidad,Buena calidad,2024-05-09 22:12:00
REV-001536,ORD-006114,4,Pesimo,Pesimo,2023-05-08 05:10:00
REV-001537,ORD-992977,3,Excelente producto,Excelente producto,2021-08-01 16:58:00
REV-001538,ORD-000062,5,Muy bueno,Muy bueno,2022-07-12 13:56:00
REV-001539,ORD-009149,2,Regular,Regular,2021-11-19 21:59:00
REV-001540,ORD-013212,4,Llego roto,,2021-03-31 00:32:00
REV-001541,ORD-003158,2,No lo recomiendo,No lo recomiendo,2021-11-24 10:09:00
REV-001542,ORD-001651,1,OK,OK,2021-10-08 16:14:00
REV-001543,ORD-005443,5,Regular,,2024-06-19 16:57:00
REV-001544,ORD-012779,2,No lo recomiendo,No lo recomiendo,2024-06-06 14:12:00
REV-001545,ORD-006007,4,Muy bueno,,2023-04-11 17:56:00
REV-001546,ORD-014400,3,,,2022-11-27 11:00:00
REV-001547,ORD-001345,5,Buena calidad,Buena calidad,2023-05-19 19:41:00
REV-001548,ORD-008458,5,Regular,Regular,2023-08-19 08:54:00
REV-000265,ORD-013430,1,OK,,2022-07-30 21:10:00
REV-001550,ORD-000197,4,Recomendado,,2021-07-09 08:09:00
REV-001551,ORD-001118,3,Excelente producto,,2021-08-13 02:10:00
REV-001552,ORD-000911,5,Cumple expectativas,,2023-01-24 22:41:00
REV-001553,ORD-012990,3,Mejor de lo esperado,Mejor de lo esperado,2023-02-01 07:08:00
REV-001554,ORD-011212,2,Pesimo,,2021-04-07 05:41:00
REV-001555,ORD-013019,4,Mejor de lo esperado,Mejor de lo esperado,2022-08-23 03:34:00
REV-001556,ORD-011916,4,OK,,2022-07-10 00:41:00
REV-001557,ORD-013180,5,Recomendado,Recomendado,2022-04-03 01:07:00
REV-001558,ORD-003997,,Mejor de lo esperado,Mejor de lo esperado,2022-03-19 09:08:00
REV-001559,ORD-003516,2,No lo recomiendo,No lo recomiendo,2023-07-15 07:04:00
REV-001560,ORD-012670,4,Muy bueno,Muy bueno,2024-04-25 13:56:00
REV-001561,ORD-011067,2,Recomendado,Recomendado,2023-11-01 10:43:00
REV-001562,ORD-013244,5,Excelente producto,Excelente producto,2021-12-26 05:10:00
REV-001563,ORD-014730,3,Llego roto,,2022-11-28 18:55:00
REV-001564,ORD-006182,3,Regular,,2023-10-11 04:49:00
REV-001565,ORD-011530,5,No lo recomiendo,No lo recomiendo,2022-07-26 23:04:00
REV-001566,ORD-004093,3,Malo,,2022-06-20 13:29:00
REV-001567,ORD-000286,2,Cumple expectativas,Cumple expectativas,2022-08-10 22:19:00
REV-001568,ORD-010744,5,Recomendado,Recomendado,2023-06-27 21:33:00
REV-001569,ORD-002037,2,Regular,Regular,2021-04-22 19:17:00
REV-001570,ORD-000878,4,Regular,,2024-02-14 00:33:00
REV-001571,ORD-011977,3,Pesimo,,2023-04-03 02:18:00
REV-001572,ORD-001839,4,Recomendado,,2023-10-24 22:55:00
REV-001573,ORD-003966,4,Mejor de lo esperado,Mejor de lo esperado,2024-03-20 13:46:00
REV-001574,ORD-001606,5,Buena calidad,Buena calidad,2023-03-26 07:13:00
REV-001575,ORD-001421,2,Excelente producto,,2022-10-09 13:32:00
REV-001576,ORD-011468,5,Regular,Regular,2022-04-05 16:18:00
REV-001577,ORD-006132,5,Mejor de lo esperado,Mejor de lo esperado,2023-05-03 15:41:00
REV-001578,ORD-013096,1,Cumple expectativas,,2022-11-07 22:48:00
REV-001579,ORD-012301,1,Recomendado,,2022-10-07 04:25:00
REV-001580,ORD-012889,3,Mejor de lo esperado,Mejor de lo esperado,2021-09-05 00:03:00
REV-001581,ORD-006394,2,Recomendado,Recomendado,2021-10-21 14:01:00
REV-001582,ORD-002791,3,Regular,Regular,2023-06-26 10:54:00
REV-001583,ORD-008155,3,Malo,,2022-12-01 08:54:00
REV-001584,ORD-005897,2,,,2022-07-03 01:03:00
REV-001585,ORD-956960,1,Regular,,2023-08-31 21:34:00
REV-001586,ORD-011607,2,OK,OK,2021-05-01 10:46:00
REV-001587,ORD-007490,,Pesimo,,2022-03-13 15:19:00
REV-001588,ORD-005189,1,OK,OK,2024-06-19 08:25:00
REV-001589,ORD-009967,1,Cumple expectativas,Cumple expectativas,2023-11-18 20:28:00
REV-001590,ORD-013109,1,,,2021-02-14 19:13:00
REV-001591,ORD-014888,1,Cumple expectativas,Cumple expectativas,2021-03-09 10:48:00
REV-001592,ORD-007321,2,No lo recomiendo,No lo recomiendo,2024-05-13 21:40:00
REV-001593,ORD-014446,3,Regular,Regular,2022-02-26 22:08:00
REV-001594,ORD-002424,4,Excelente producto,Excelente producto,2022-04-18 23:03:00
REV-001595,ORD-013033,3,Cumple expectativas,Cumple expectativas,2024-06-07 00:20:00
REV-001596,ORD-008749,4,Pesimo,Pesimo,2022-11-03 08:43:00
REV-001597,ORD-005435,4,Regular,,2024-04-01 07:11:00
REV-001598,ORD-006630,3,Cumple expectativas,,2022-10-29 19:13:00
REV-001599,ORD-007193,3,Mejor de lo esperado,,2024-05-23 15:32:00
REV-001600,ORD-007865,5,,,2022-12-17 18:52:00
REV-001601,ORD-009984,1,,,2021-03-06 13:33:00
REV-001602,ORD-009749,3,Buena calidad,Buena calidad,2022-06-26 19:23:00
REV-001603,ORD-010099,3,Buena calidad,,2024-04-06 00:03:00
REV-001604,ORD-004123,3,Buena calidad,Buena calidad,2022-03-12 12:18:00
REV-001605,ORD-014583,1,Llego roto,,2023-05-08 10:30:00
REV-001606,ORD-008446,1,Mejor de lo esperado,Mejor de lo esperado,2021-06-08 21:03:00
REV-001607,ORD-004634,5,Malo,,2022-07-12 09:42:00
REV-001608,ORD-002404,4,OK,OK,2023-11-25 10:11:00
REV-001609,ORD-012008,1,Malo,,2024-04-12 06:26:00
REV-001610,ORD-000549,5,Llego roto,Llego roto,2024-05-31 04:13:00
REV-001611,ORD-010016,4,Muy bueno,Muy bueno,2023-06-18 16:06:00
REV-001612,ORD-000963,2,Recomendado,,2024-03-20 04:30:00
REV-001613,ORD-009580,5,Llego roto,Llego roto,2022-07-07 08:19:00
REV-001614,ORD-001985,5,Muy bueno,,2022-04-19 04:07:00
REV-001615,ORD-007166,5,OK,,2024-02-16 20:31:00
REV-001616,ORD-001347,5,No lo recomiendo,No lo recomiendo,2022-01-23 19:27:00
REV-001617,ORD-001027,2,,,2023-02-27 23:31:00
REV-001618,ORD-012459,2,Malo,Malo,2021-11-12 13:44:00
REV-001619,ORD-005236,3,OK,,2022-07-13 15:39:00
REV-001620,ORD-002532,2,Malo,Malo,2024-05-02 11:24:00
REV-001621,ORD-002824,1,Llego roto,Llego roto,2023-02-06 07:59:00
REV-001622,ORD-001977,5,Cumple expectativas,Cumple expectativas,2021-02-17 00:14:00
REV-001623,ORD-014478,5,Llego roto,Llego roto,2023-03-13 05:08:00
REV-001624,ORD-005011,4,Mejor de lo esperado,,2023-12-09 00:45:00
REV-001625,ORD-014637,2,No lo recomiendo,No lo recomiendo,2023-03-16 21:28:00
REV-001626,ORD-010772,1,,,2022-08-23 21:56:00
REV-001627,ORD-013565,3,No lo recomiendo,,2021-10-05 19:22:00
REV-001628,ORD-008401,2,Regular,Regular,2023-06-09 06:15:00
REV-001629,ORD-007766,2,Recomendado,Recomendado,2023-10-07 03:58:00
REV-001630,ORD-013530,3,OK,OK,2021-07-12 02:21:00
REV-001631,ORD-010412,3,Malo,,2023-03-22 10:40:00
REV-001632,ORD-009584,0,Regular,Regular,2021-03-08 18:28:00
REV-001633,ORD-008100,5,Llego roto,Llego roto,2023-11-30 01:44:00
REV-001634,ORD-008616,4,Muy bueno,,2023-01-20 23:54:00
REV-001635,ORD-000303,5,Malo,,2021-07-09 03:11:00
REV-001636,ORD-006012,3,OK,,2023-12-26 08:28:00
REV-001637,ORD-006573,1,Regular,,2023-06-23 03:22:00
REV-001638,ORD-004948,2,,,2021-08-19 18:05:00
REV-001639,ORD-012354,3,Llego roto,Llego roto,2022-05-25 00:20:00
REV-001640,ORD-006104,4,Recomendado,,2023-10-03 16:54:00
REV-001641,ORD-012976,3,Pesimo,Pesimo,2022-10-25 07:09:00
REV-001642,ORD-007058,5,No lo recomiendo,,2022-09-13 16:34:00
REV-001643,ORD-004155,2,Pesimo,Pesimo,2024-01-11 09:50:00
REV-001644,ORD-011069,3,Excelente producto,Excelente producto,2024-04-03 02:19:00
REV-001645,ORD-011807,5,Excelente producto,Excelente producto,2023-05-18 06:06:00
REV-001646,ORD-000134,3,Regular,Regular,2021-03-10 05:01:00
REV-001647,ORD-009610,2,Muy bueno,Muy bueno,2022-04-27 20:49:00
REV-001648,ORD-005797,2,Recomendado,Recomendado,2021-10-12 07:55:00
REV-001649,ORD-008983,5,Regular,Regular,2023-06-29 15:53:00
REV-001650,ORD-012069,1,,,2023-03-19 05:24:00
REV-001651,ORD-005742,1,Excelente producto,Excelente producto,2022-02-23 22:45:00
REV-001652,ORD-012969,4,Regular,Regular,2022-11-30 20:13:00
REV-001653,ORD-012586,2,Regular,,2023-01-31 19:03:00
REV-001654,ORD-000088,2,Mejor de lo esperado,Mejor de lo esperado,2023-08-29 20:21:00
REV-001655,ORD-010464,4,Buena calidad,,2024-01-30 08:24:00
REV-001656,ORD-003213,4,Malo,Malo,2024-01-18 09:32:00
REV-001657,ORD-014499,2,OK,,2021-08-29 19:26:00
REV-001658,ORD-006212,5,OK,OK,2023-05-29 12:24:00
REV-001659,ORD-014840,1,OK,,2021-09-23 10:39:00
REV-001660,ORD-007716,4,Buena calidad,Buena calidad,2022-08-04 12:20:00
REV-001661,ORD-011887,2,Pesimo,Pesimo,2022-03-02 22:16:00
REV-001662,ORD-008311,1,Buena calidad,,2021-12-18 06:10:00
REV-001663,ORD-013217,3,Mejor de lo esperado,,2024-02-07 19:52:00
REV-001664,ORD-007489,1,,,2021-12-27 10:18:00
REV-001665,ORD-012215,4,OK,OK,2024-06-21 11:45:00
REV-001666,ORD-014074,5,Buena calidad,,2023-10-13 01:41:00
REV-001667,ORD-002159,5,Buena calidad,Buena calidad,2023-10-16 16:32:00
REV-001668,ORD-012704,2,OK,OK,2022-09-07 09:10:00
REV-001669,ORD-996082,3,Regular,Regular,2022-02-26 02:12:00
REV-001670,ORD-004379,5,No lo recomiendo,No lo recomiendo,2023-05-20 02:02:00
REV-001671,ORD-000344,4,OK,OK,2024-03-23 21:14:00
REV-001672,ORD-005478,2,,,2022-01-07 17:46:00
REV-001673,ORD-001696,4,Pesimo,,2022-03-03 22:58:00
REV-001674,ORD-005111,2,Muy bueno,Muy bueno,2022-11-10 13:11:00
REV-001675,ORD-002336,5,Muy bueno,,2021-04-11 04:18:00
REV-001676,ORD-012814,3,,,2021-02-10 04:08:00
REV-001677,ORD-011055,3,Excelente producto,Excelente producto,2023-05-28 04:53:00
REV-001678,ORD-012504,1,Mejor de lo esperado,Mejor de lo esperado,2023-07-15 20:45:00
REV-001679,ORD-011700,,Llego roto,,2023-02-15 15:10:00
REV-001680,ORD-013383,1,Pesimo,,2022-04-20 23:42:00
REV-001681,ORD-012616,1,Recomendado,Recomendado,2024-04-28 23:03:00
REV-001682,ORD-008786,1,Muy bueno,Muy bueno,2023-03-12 22:40:00
REV-001683,ORD-013116,1,Cumple expectativas,,2022-12-17 18:08:00
REV-001684,ORD-002015,3,No lo recomiendo,No lo recomiendo,2021-12-01 16:54:00
REV-001685,ORD-014452,3,Malo,,2024-04-18 08:12:00
REV-001686,ORD-006966,1,Buena calidad,Buena calidad,2023-08-25 04:19:00
REV-001687,ORD-001582,1,Cumple expectativas,Cumple expectativas,2021-10-16 00:22:00
REV-001688,ORD-002502,2,Recomendado,Recomendado,2023-01-08 12:20:00
REV-001689,ORD-014649,5,,,2022-02-16 21:06:00
REV-001690,ORD-009060,1,Recomendado,,2022-08-03 03:42:00
REV-001691,ORD-008257,3,Malo,,2024-04-02 22:51:00
REV-001692,ORD-008833,1,Excelente producto,Excelente producto,2024-04-13 10:10:00
REV-001693,ORD-006578,1,OK,OK,2023-07-13 18:33:00
REV-001694,ORD-013981,4,OK,,2021-12-08 15:44:00
REV-001695,ORD-000359,1,Excelente producto,,2022-09-13 19:46:00
REV-001696,ORD-940946,5,Pesimo,,2022-08-09 05:20:00
REV-001697,ORD-011396,4,Recomendado,Recomendado,2023-03-25 10:18:00
REV-001698,ORD-005466,5,OK,OK,2024-02-19 17:33:00
REV-001699,ORD-006663,2,No lo recomiendo,,2022-03-18 15:09:00
REV-001700,ORD-012170,1,Cumple expectativas,Cumple expectativas,2022-09-17 10:38:00
REV-001701,ORD-005745,1,No lo recomiendo,No lo recomiendo,2023-11-08 11:34:00
REV-001702,ORD-006854,2,Mejor de lo esperado,,2021-07-29 08:14:00
REV-001703,ORD-008579,3,Muy bueno,Muy bueno,2022-06-08 02:06:00
REV-001704,ORD-004199,3,Recomendado,Recomendado,2022-12-23 15:04:00
REV-001705,ORD-003845,4,Llego roto,Llego roto,2023-11-17 06:00:00
REV-001706,ORD-007011,3,Recomendado,,2024-03-19 21:18:00
REV-000188,ORD-002692,3,No lo recomiendo,No lo recomiendo,2022-05-17 06:57:00
REV-001708,ORD-013086,5,Recomendado,Recomendado,2024-06-05 20:37:00
REV-001709,ORD-006096,5,Excelente producto,Excelente producto,2021-04-11 03:39:00
REV-001710,ORD-000412,1,Buena calidad,Buena calidad,2022-06-23 03:30:00
REV-001711,ORD-001646,3,Excelente producto,,2021-09-24 10:20:00
REV-001712,ORD-014245,1,Pesimo,Pesimo,2021-10-16 15:20:00
REV-001713,ORD-001142,1,Pesimo,Pesimo,2021-05-02 15:53:00
REV-001714,ORD-010814,2,OK,OK,2021-05-03 04:10:00
REV-001715,ORD-008156,2,Mejor de lo esperado,Mejor de lo esperado,2023-03-03 00:04:00
REV-001716,ORD-003896,2,Excelente producto,,2024-06-12 16:00:00
REV-001717,ORD-001551,3,Llego roto,Llego roto,2021-02-28 04:10:00
REV-001718,ORD-960839,5,OK,OK,2023-01-31 01:03:00
REV-001719,ORD-011196,1,Muy bueno,,2024-01-16 22:34:00
REV-001720,ORD-011894,2,Llego roto,Llego roto,2022-06-14 00:08:00
REV-001721,ORD-010667,2,Buena calidad,Buena calidad,2023-09-19 05:03:00
REV-001722,ORD-003825,5,Pesimo,,2022-05-04 13:30:00
REV-001723,ORD-001760,4,Buena calidad,,2021-05-06 12:03:00
REV-001724,ORD-004509,1,No lo recomiendo,No lo recomiendo,2022-07-28 05:09:00
REV-001725,ORD-008169,5,Buena calidad,,2022-05-06 22:38:00
REV-001726,ORD-006282,3,No lo recomiendo,No lo recomiendo,2021-12-02 14:28:00
REV-001727,ORD-007806,1,Malo,,2021-06-26 09:08:00
REV-001728,ORD-008999,3,Pesimo,Pesimo,2022-04-03 01:48:00
REV-001729,ORD-006554,2,Recomendado,Recomendado,2022-06-13 10:17:00
REV-001730,ORD-006772,3,OK,,2021-06-23 14:44:00
REV-001731,ORD-009608,1,Muy bueno,,2023-12-19 18:21:00
REV-001732,ORD-001722,5,Malo,,2021-11-13 20:35:00
REV-001733,ORD-009585,1,Buena calidad,Buena calidad,2021-10-26 17:48:00
REV-001734,ORD-006477,2,Mejor de lo esperado,Mejor de lo esperado,2024-05-19 05:55:00
REV-001735,ORD-007136,1,Buena calidad,,2023-09-11 19:18:00
REV-001736,ORD-004836,5,Cumple expectativas,Cumple expectativas,2022-07-06 15:47:00
REV-001737,ORD-001990,3,Regular,,2023-01-25 18:12:00
REV-001738,ORD-000564,0,Malo,,2023-01-02 15:08:00
REV-001739,ORD-013946,2,Buena calidad,Buena calidad,2021-07-10 21:49:00
REV-001740,ORD-003796,5,OK,OK,2022-09-03 03:30:00
REV-001741,ORD-006363,5,,,2022-11-27 14:54:00
REV-001742,ORD-010882,2,No lo recomiendo,No lo recomiendo,2022-08-09 22:03:00
REV-001743,ORD-004288,1,OK,OK,2021-07-15 21:11:00
REV-001744,ORD-002577,3,Cumple expectativas,Cumple expectativas,2021-09-07 22:45:00
REV-001745,ORD-007091,4,Malo,,2021-04-19 11:29:00
REV-001746,ORD-003661,2,No lo recomiendo,No lo recomiendo,2023-05-24 14:59:00
REV-001747,ORD-012344,4,Excelente producto,Excelente producto,2023-04-03 17:38:00
REV-001748,ORD-009123,3,Pesimo,Pesimo,2021-07-03 10:16:00
REV-001749,ORD-002276,5,OK,,2021-07-21 05:00:00
REV-001750,ORD-003403,4,Pesimo,Pesimo,2022-07-26 18:42:00
REV-001751,ORD-004922,5,OK,,2021-10-23 06:36:00
REV-001752,ORD-011467,1,Pesimo,Pesimo,2023-09-12 17:46:00
REV-001753,ORD-004102,3,Llego roto,Llego roto,2022-12-12 13:35:00
REV-001754,ORD-972912,1,Cumple expectativas,,2022-04-14 00:58:00
REV-001755,ORD-003019,3,Muy bueno,Muy bueno,2021-10-02 13:52:00
REV-001756,ORD-012207,1,Pesimo,,2022-07-06 21:41:00
REV-001757,ORD-004989,5,Regular,Regular,2022-10-18 17:47:00
REV-001758,ORD-001099,4,OK,OK,2023-08-01 02:56:00
REV-001759,ORD-012254,4,Excelente producto,Excelente producto,2023-02-28 05:59:00
REV-001760,ORD-006998,3,OK,OK,2024-01-24 18:30:00
REV-001761,ORD-005783,3,Recomendado,,2021-09-23 02:57:00
REV-001762,ORD-004226,6,Muy bueno,,2021-12-30 05:26:00
REV-001763,ORD-009184,2,OK,OK,2022-07-08 17:22:00
REV-001764,ORD-013894,5,OK,,2022-11-30 23:09:00
REV-001765,ORD-004769,3,Buena calidad,Buena calidad,2021-11-08 20:17:00
REV-001766,ORD-009499,1,Regular,Regular,2021-02-05 06:21:00
REV-001767,ORD-000786,3,Excelente producto,Excelente producto,2021-02-21 13:41:00
REV-001768,ORD-011620,4,,,2021-05-26 20:23:00
REV-001769,ORD-000183,6,Muy bueno,,2021-12-20 02:54:00
REV-001770,ORD-000327,2,,,2022-02-01 09:42:00
REV-001771,ORD-008495,3,Pesimo,Pesimo,2023-12-29 17:51:00
REV-001772,ORD-002631,5,OK,OK,2023-03-10 00:31:00
REV-001773,ORD-011550,4,Recomendado,,2022-05-27 17:10:00
REV-001774,ORD-009683,2,Buena calidad,,2022-09-02 01:30:00
REV-001775,ORD-004405,2,No lo recomiendo,No lo recomiendo,2022-05-06 10:09:00
REV-001776,ORD-007149,5,Excelente producto,,2024-05-14 01:06:00
REV-001777,ORD-007274,4,Excelente producto,Excelente producto,2023-06-04 00:16:00
REV-001778,ORD-001655,1,Regular,Regular,2023-05-17 14:58:00
REV-001779,ORD-006156,1,No lo recomiendo,,2021-05-02 07:30:00
REV-001780,ORD-013923,3,OK,OK,2024-06-22 20:27:00
REV-001781,ORD-007600,3,OK,,2022-01-05 09:01:00
REV-001782,ORD-009917,4,Muy bueno,Muy bueno,2022-02-27 02:41:00
REV-001783,ORD-010137,4,Llego roto,Llego roto,2024-04-26 03:39:00
REV-001784,ORD-014451,3,,,2023-05-11 10:21:00
REV-001785,ORD-005533,3,Cumple expectativas,Cumple expectativas,2023-08-22 22:10:00
REV-001786,ORD-010098,2,OK,,2024-01-22 07:26:00
REV-001787,ORD-010405,4,Excelente producto,,2021-05-12 07:20:00
REV-001788,ORD-004611,5,,,2022-10-05 21:02:00
REV-001789,ORD-003982,4,Recomendado,,2022-05-27 23:05:00
REV-001790,ORD-008694,2,Llego roto,Llego roto,2023-07-16 18:14:00
REV-001791,ORD-007002,1,OK,,2023-12-13 03:48:00
REV-001792,ORD-001059,1,Recomendado,Recomendado,2024-03-04 14:57:00
REV-001793,ORD-002631,4,Mejor de lo esperado,,2023-01-21 07:12:00
REV-001794,ORD-006270,4,Llego roto,,2022-08-09 22:01:00
REV-001795,ORD-007471,3,Pesimo,Pesimo,2021-09-06 03:44:00
REV-001796,ORD-006091,5,Buena calidad,,2024-06-23 02:48:00
REV-001797,ORD-009122,2,Malo,Malo,2022-04-16 03:52:00
REV-001798,ORD-000963,4,Cumple expectativas,Cumple expectativas,2021-09-04 12:36:00
REV-001799,ORD-012290,1,Llego roto,,2023-10-15 11:30:00
REV-001800,ORD-924692,5,Excelente producto,,2024-06-05 02:02:00
REV-001801,ORD-009701,1,Regular,Regular,2021-09-03 15:20:00
REV-001802,ORD-003262,2,Regular,Regular,2024-01-29 06:01:00
REV-001803,ORD-014969,2,Regular,,2022-07-28 10:27:00
REV-001804,ORD-008729,1,Recomendado,Recomendado,2021-03-09 17:27:00
REV-001805,ORD-002820,2,Muy bueno,,2022-04-18 01:20:00
REV-001806,ORD-009212,4,Malo,Malo,2023-08-28 11:34:00
REV-001807,ORD-005805,4,Llego roto,Llego roto,2022-05-13 12:36:00
REV-001808,ORD-936603,2,Excelente producto,Excelente producto,2022-02-14 07:15:00
REV-001809,ORD-002820,3,Regular,Regular,2023-10-27 01:16:00
REV-001810,ORD-003063,3,Pesimo,Pesimo,2022-02-19 09:43:00
REV-001811,ORD-010875,3,Pesimo,Pesimo,2022-09-06 14:48:00
REV-001812,ORD-011315,4,Recomendado,,2024-03-11 13:01:00
REV-001813,ORD-000120,2,Mejor de lo esperado,,2023-08-15 14:06:00
REV-001814,ORD-002904,4,,,2021-06-14 17:46:00
REV-001815,ORD-009266,1,Recomendado,Recomendado,2021-05-21 19:25:00
REV-001816,ORD-008950,5,Recomendado,,2024-01-10 09:40:00
REV-001817,ORD-011972,4,Recomendado,,2021-11-04 17:31:00
REV-001818,ORD-001954,5,Buena calidad,,2022-01-09 07:53:00
REV-001819,ORD-012590,1,Buena calidad,,2022-06-10 11:53:00
REV-001820,ORD-004306,2,Recomendado,Recomendado,2022-12-05 04:17:00
REV-001821,ORD-008995,4,Mejor de lo esperado,,2023-07-08 23:14:00
REV-001822,ORD-009287,4,Muy bueno,Muy bueno,2022-02-10 00:50:00
REV-001823,ORD-007602,3,Excelente producto,Excelente producto,2022-03-08 09:52:00
REV-001824,ORD-011283,5,Buena calidad,,2023-07-10 17:28:00
REV-001825,ORD-938130,5,Cumple expectativas,Cumple expectativas,2024-04-23 03:29:00
REV-001826,ORD-008710,2,Recomendado,Recomendado,2021-07-27 12:49:00
REV-001827,ORD-006833,4,Buena calidad,,2024-05-05 17:30:00
REV-001828,ORD-013577,2,Pesimo,,2024-01-17 18:17:00
REV-001829,ORD-007364,5,Excelente producto,Excelente producto,2021-05-07 04:01:00
REV-001830,ORD-013172,1,Malo,Malo,2024-02-19 07:59:00
REV-001831,ORD-011563,1,Muy bueno,,2023-11-23 22:01:00
REV-001832,ORD-013294,5,Pesimo,Pesimo,2023-08-17 08:30:00
REV-001833,ORD-005103,4,,,2022-03-02 14:34:00
REV-001834,ORD-005439,4,,,2021-08-30 13:48:00
REV-001835,ORD-013000,5,Pesimo,Pesimo,2023-02-05 06:02:00
REV-001836,ORD-013982,3,Buena calidad,Buena calidad,2022-02-13 14:16:00
REV-001837,ORD-013629,4,Mejor de lo esperado,Mejor de lo esperado,2024-03-31 23:57:00
REV-001838,ORD-005601,2,OK,,2021-02-01 10:57:00
REV-001839,ORD-010963,2,Cumple expectativas,,2024-06-13 18:37:00
REV-001840,ORD-004136,1,Mejor de lo esperado,Mejor de lo esperado,2023-10-14 00:38:00
REV-001841,ORD-011875,1,Regular,Regular,2023-07-22 06:58:00
REV-001842,ORD-009918,5,Muy bueno,Muy bueno,2023-09-21 11:37:00
REV-001843,ORD-011896,4,Excelente producto,,2023-11-20 15:41:00
REV-001844,ORD-947669,3,Pesimo,,2021-12-19 16:32:00
REV-001845,ORD-012391,5,Recomendado,Recomendado,2022-12-09 15:52:00
REV-001846,ORD-008105,4,Cumple expectativas,Cumple expectativas,2024-04-22 19:13:00
REV-001847,ORD-004638,4,Pesimo,,2022-02-21 11:24:00
REV-001848,ORD-006169,2,Cumple expectativas,Cumple expectativas,2022-08-10 05:15:00
REV-001849,ORD-013054,5,OK,OK,2022-01-20 03:27:00
REV-001850,ORD-004626,4,OK,OK,2022-09-09 05:24:00
REV-001851,ORD-008513,5,No lo recomiendo,No lo recomiendo,2024-03-14 05:05:00
REV-001852,ORD-005259,4,Muy bueno,,2021-03-15 18:51:00
REV-001853,ORD-013955,4,Regular,Regular,2023-11-12 12:49:00
REV-001854,ORD-012788,5,Mejor de lo esperado,Mejor de lo esperado,2023-02-23 22:17:00
REV-001855,ORD-008865,3,Llego roto,Llego roto,2022-10-03 08:20:00
REV-001856,ORD-011007,3,Excelente producto,Excelente producto,2022-03-10 13:34:00
REV-001857,ORD-005481,2,Malo,Malo,2021-05-06 21:28:00
REV-001858,ORD-001150,5,Excelente producto,Excelente producto,2022-09-11 04:05:00
REV-001859,ORD-004422,5,Mejor de lo esperado,Mejor de lo esperado,2023-01-25 17:22:00
REV-001860,ORD-013804,4,Regular,,2024-05-03 12:50:00
REV-001861,ORD-007925,3,Muy bueno,,2023-07-22 19:42:00
REV-001862,ORD-013309,4,Cumple expectativas,Cumple expectativas,2022-10-26 12:51:00
REV-001863,ORD-010918,3,OK,,2021-03-15 14:43:00
REV-001864,ORD-004289,2,Malo,,2023-02-23 22:33:00
REV-001865,ORD-002578,1,Llego roto,Llego roto,2022-09-16 17:53:00
REV-001866,ORD-009196,4,Excelente producto,,2022-12-22 04:34:00
REV-001867,ORD-007388,5,Buena calidad,Buena calidad,2021-08-02 00:57:00
REV-001868,ORD-001171,2,Pesimo,,2022-03-30 06:38:00
REV-001869,ORD-011529,4,Cumple expectativas,Cumple expectativas,2023-11-19 04:13:00
REV-001870,ORD-010798,2,OK,OK,2023-09-12 17:07:00
REV-001871,ORD-009816,5,,,2023-03-17 11:33:00
REV-001872,ORD-000455,1,Cumple expectativas,,2022-03-01 05:32:00
REV-001873,ORD-000505,3,Excelente producto,Excelente producto,2021-10-17 14:25:00
REV-001874,ORD-014784,4,Malo,Malo,2021-09-24 23:40:00
REV-001875,ORD-012750,2,Malo,Malo,2022-06-25 02:36:00
REV-001876,ORD-000377,4,OK,OK,2023-06-05 12:52:00
REV-001877,ORD-002450,5,Muy bueno,,2023-05-10 01:01:00
REV-001878,ORD-003106,5,Mejor de lo esperado,,2023-09-27 08:21:00
REV-001879,ORD-004897,1,Regular,Regular,2021-10-02 10:25:00
REV-001880,ORD-008910,3,Recomendado,,2021-12-09 18:37:00
REV-001881,ORD-014305,,Malo,Malo,2021-11-14 15:20:00
REV-001882,ORD-007780,3,Excelente producto,Excelente producto,2024-01-16 19:55:00
REV-001883,ORD-006974,5,Llego roto,Llego roto,2021-05-01 02:10:00
REV-001884,ORD-010145,2,Malo,Malo,2024-01-31 21:23:00
REV-001885,ORD-014177,5,Recomendado,Recomendado,2023-03-18 20:02:00
REV-001886,ORD-000444,2,Pesimo,,2022-05-08 05:41:00
REV-001887,ORD-004672,2,Llego roto,Llego roto,2021-09-18 02:13:00
REV-001888,ORD-005099,4,OK,OK,2021-06-21 12:18:00
REV-001889,ORD-001668,2,,,2024-02-19 05:49:00
REV-001890,ORD-014336,4,Recomendado,Recomendado,2022-07-29 13:01:00
REV-001891,ORD-011041,3,Buena calidad,Buena calidad,2022-12-19 15:59:00
REV-001892,ORD-007864,3,Cumple expectativas,Cumple expectativas,2024-03-24 06:25:00
REV-001893,ORD-012723,4,Recomendado,,2024-06-02 13:25:00
REV-001894,ORD-958616,2,Excelente producto,Excelente producto,2024-03-04 11:46:00
REV-001895,ORD-007002,3,Llego roto,Llego roto,2021-03-06 21:16:00
REV-001896,ORD-000879,2,Regular,Regular,2023-04-15 00:05:00
REV-001897,ORD-010260,2,Mejor de lo esperado,Mejor de lo esperado,2021-06-05 10:48:00
REV-001898,ORD-006567,1,Excelente producto,Excelente producto,2022-04-28 03:36:00
REV-001899,ORD-008941,2,OK,,2023-12-29 09:15:00
REV-001900,ORD-012202,2,OK,,2024-06-17 20:55:00
REV-001901,ORD-014196,4,Llego roto,Llego roto,2023-01-29 20:12:00
REV-001902,ORD-005569,4,Excelente producto,Excelente producto,2022-01-18 22:41:00
REV-001903,ORD-012445,4,Mejor de lo esperado,,2022-03-06 09:02:00
REV-001904,ORD-001109,3,Muy bueno,,2022-01-03 00:21:00
REV-001905,ORD-921197,3,Mejor de lo esperado,,2022-10-29 01:47:00
REV-001906,ORD-006422,5,Malo,Malo,2022-03-01 08:57:00
REV-001907,ORD-004503,1,Llego roto,,2022-07-19 03:45:00
REV-001908,ORD-945661,4,OK,OK,2021-06-07 03:48:00
REV-001909,ORD-008597,1,OK,,2023-09-02 10:48:00
REV-001910,ORD-013021,2,Malo,Malo,2023-07-25 13:50:00
REV-001911,ORD-010921,2,Cumple expectativas,,2024-02-26 19:49:00
REV-001912,ORD-000609,2,Muy bueno,,2022-04-04 00:51:00
REV-001913,ORD-014008,1,,,2023-06-15 22:16:00
REV-001914,ORD-009989,3,Excelente producto,Excelente producto,2022-11-22 17:09:00
REV-001915,ORD-008853,-1,No lo recomiendo,No lo recomiendo,2023-11-16 09:36:00
REV-001916,ORD-014714,4,Cumple expectativas,Cumple expectativas,2021-07-05 07:13:00
REV-001917,ORD-008514,4,Mejor de lo esperado,,2021-08-06 06:59:00
REV-001918,ORD-008484,3,Muy bueno,Muy bueno,2023-08-03 06:45:00
REV-001919,ORD-000091,4,Regular,Regular,2023-03-27 21:06:00
REV-001920,ORD-011742,1,Regular,,2023-03-11 17:11:00
REV-001921,ORD-000481,3,Cumple expectativas,Cumple expectativas,2023-11-30 17:42:00
REV-001922,ORD-004942,3,Muy bueno,,2021-12-22 20:48:00
REV-001923,ORD-000850,2,Muy bueno,Muy bueno,2022-02-05 13:53:00
REV-001924,ORD-004141,2,Muy bueno,Muy bueno,2023-02-14 07:22:00
REV-001925,ORD-014570,3,Recomendado,Recomendado,2024-04-24 01:49:00
REV-001926,ORD-014138,3,Buena calidad,Buena calidad,2021-02-19 11:36:00
REV-001927,ORD-013253,5,OK,,2024-03-12 17:24:00
REV-001928,ORD-001350,3,No lo recomiendo,,2024-04-27 01:42:00
REV-001929,ORD-010592,1,OK,OK,2021-03-31 18:19:00
REV-001930,ORD-002333,2,Llego roto,,2023-03-08 02:17:00
REV-001931,ORD-007467,2,OK,,2023-04-22 15:08:00
REV-001932,ORD-014357,2,Buena calidad,Buena calidad,2022-07-31 07:22:00
REV-001933,ORD-004455,5,Pesimo,Pesimo,2024-03-31 11:02:00
REV-001934,ORD-001249,3,,,2021-07-14 16:03:00
REV-001935,ORD-011917,5,Recomendado,Recomendado,2021-10-08 10:57:00
REV-001936,ORD-005857,1,Cumple expectativas,Cumple expectativas,2023-03-20 21:15:00
REV-001937,ORD-010041,5,No lo recomiendo,No lo recomiendo,2022-02-11 10:08:00
REV-001938,ORD-007148,5,Excelente producto,Excelente producto,2022-03-15 16:06:00
REV-001939,ORD-007628,4,Muy bueno,,2022-03-11 05:29:00
REV-001940,ORD-009908,5,Excelente producto,,2023-06-30 22:23:00
REV-001941,ORD-011470,3,Malo,Malo,2023-08-13 22:22:00
REV-001942,ORD-014663,2,Cumple expectativas,,2021-03-26 02:48:00
REV-001943,ORD-006719,2,Recomendado,Recomendado,2021-05-31 12:41:00
REV-001944,ORD-001696,5,Excelente producto,,2023-03-18 14:14:00
REV-001945,ORD-011415,1,,,2022-07-03 09:43:00
REV-001946,ORD-007312,3,No lo recomiendo,No lo recomiendo,2022-07-12 06:05:00
REV-001947,ORD-009852,3,Llego roto,,2023-11-25 12:53:00
REV-001948,ORD-000056,5,Cumple expectativas,,2023-05-25 23:28:00
REV-001949,ORD-013398,2,Mejor de lo esperado,,2024-01-13 09:38:00
REV-001950,ORD-007128,4,No lo recomiendo,No lo recomiendo,2023-06-18 06:02:00
REV-001951,ORD-005098,1,Regular,Regular,2022-08-26 11:21:00
REV-001952,ORD-002595,1,,,2023-07-31 10:25:00
REV-001953,ORD-013472,1,Pesimo,Pesimo,2021-06-09 04:14:00
REV-001954,ORD-001483,2,Pesimo,Pesimo,2022-05-02 03:31:00
REV-001955,ORD-012506,4,Pesimo,Pesimo,2024-01-24 03:59:00
REV-001956,ORD-001644,2,No lo recomiendo,No lo recomiendo,2022-09-29 20:08:00
REV-001957,ORD-013540,3,Buena calidad,,2021-08-22 18:20:00
REV-001958,ORD-003734,3,No lo recomiendo,,2022-03-20 05:34:00
REV-001959,ORD-006171,1,Llego roto,Llego roto,2023-04-08 13:24:00
REV-001960,ORD-002910,1,Cumple expectativas,,2024-06-18 20:29:00
REV-001961,ORD-002445,3,Excelente producto,,2021-12-21 12:39:00
REV-001962,ORD-005413,5,Excelente producto,Excelente producto,2022-11-17 18:17:00
REV-001963,ORD-006622,2,Regular,Regular,2022-02-10 07:44:00
REV-001964,ORD-003611,3,Malo,Malo,2022-01-15 05:14:00
REV-001965,ORD-007073,2,Regular,,2022-10-01 16:16:00
REV-001966,ORD-010381,2,Muy bueno,,2022-01-12 02:47:00
REV-001967,ORD-009695,3,Buena calidad,Buena calidad,2021-04-06 05:26:00
REV-001968,ORD-009737,1,OK,,2022-06-03 09:40:00
REV-001969,ORD-002130,1,,,2021-10-10 06:06:00
REV-000087,ORD-009770,2,OK,OK,2023-07-21 06:24:00
REV-001971,ORD-009159,3,Mejor de lo esperado,Mejor de lo esperado,2022-05-12 06:33:00
REV-001972,ORD-008756,4,Mejor de lo esperado,,2024-04-25 16:17:00
REV-001973,ORD-002107,2,OK,,2022-07-25 01:47:00
REV-001974,ORD-003698,4,OK,,2024-01-09 06:59:00
REV-001975,ORD-001798,2,Pesimo,Pesimo,2023-01-25 20:26:00
REV-001976,ORD-005342,4,,,2022-10-12 01:49:00
REV-001977,ORD-010923,1,OK,OK,2021-10-28 02:32:00
REV-001978,ORD-003712,1,OK,,2023-01-29 00:30:00
REV-001979,ORD-001028,5,Mejor de lo esperado,Mejor de lo esperado,2024-02-14 12:19:00
REV-001980,ORD-955191,2,Malo,Malo,2021-05-05 21:45:00
REV-001981,ORD-012975,3,Cumple expectativas,Cumple expectativas,2021-11-24 23:08:00
REV-001982,ORD-008400,2,Llego roto,,2022-02-01 02:30:00
REV-001983,ORD-013416,10,,,2023-05-10 04:43:00
REV-001984,ORD-008062,3,Recomendado,Recomendado,2022-05-04 19:03:00
REV-001985,ORD-010979,5,Buena calidad,Buena calidad,2022-05-15 02:52:00
REV-001986,ORD-000663,4,Cumple expectativas,,2024-02-10 01:32:00
REV-001987,ORD-012035,5,Buena calidad,,2021-10-06 06:51:00
REV-001988,ORD-002016,3,Recomendado,Recomendado,2021-08-02 18:08:00
REV-001989,ORD-014105,2,Cumple expectativas,,2023-07-11 13:02:00
REV-001990,ORD-012443,3,Mejor de lo esperado,,2022-09-03 05:41:00
REV-001991,ORD-013496,5,Mejor de lo esperado,,2023-01-02 20:18:00
REV-001992,ORD-004150,1,Regular,Regular,2022-08-20 07:05:00
REV-001993,ORD-979347,1,Muy bueno,Muy bueno,2023-01-11 17:00:00
REV-001994,ORD-012970,4,Recomendado,Recomendado,2023-11-13 21:43:00
REV-001995,ORD-014739,2,Cumple expectativas,Cumple expectativas,2023-09-01 00:15:00
REV-001996,ORD-003499,4,,,2021-06-02 20:25:00
REV-001997,ORD-008460,4,Mejor de lo esperado,,2023-07-24 00:55:00
REV-001998,ORD-960301,1,Pesimo,Pesimo,2024-05-30 02:16:00
REV-001999,ORD-010379,5,Regular,,2022-01-30 22:22:00
REV-002000,ORD-014678,5,,,2024-05-04 01:32:00
REV-002001,ORD-014472,2,Malo,Malo,2022-08-27 21:57:00
REV-002002,ORD-002134,2,,,2023-05-25 23:08:00
REV-002003,ORD-013138,1,Malo,Malo,2022-03-28 08:44:00
REV-002004,ORD-932336,4,Malo,,2022-04-21 13:46:00
REV-002005,ORD-010504,2,Regular,,2022-11-26 13:02:00
REV-002006,ORD-006187,5,OK,OK,2022-08-17 15:51:00
REV-002007,ORD-014426,2,OK,,2024-06-28 14:28:00
REV-002008,ORD-007949,5,,,2023-12-06 12:12:00
REV-002009,ORD-012953,3,Malo,,2023-03-30 06:10:00
REV-002010,ORD-004509,2,Muy bueno,,2024-02-02 18:35:00
REV-002011,ORD-014009,4,Regular,Regular,2024-05-11 06:34:00
REV-002012,ORD-013569,3,Mejor de lo esperado,Mejor de lo esperado,2023-09-06 10:12:00
REV-002013,ORD-011961,1,Regular,Regular,2023-05-04 16:01:00
REV-002014,ORD-004658,2,Muy bueno,,2024-03-11 23:53:00
REV-002015,ORD-013977,1,Llego roto,Llego roto,2023-09-06 19:41:00
REV-002016,ORD-000880,5,Mejor de lo esperado,Mejor de lo esperado,2023-10-26 15:46:00
REV-002017,ORD-013109,5,,,2023-01-01 13:20:00
REV-002018,ORD-004218,2,Excelente producto,,2023-04-05 09:30:00
REV-002019,ORD-001367,5,No lo recomiendo,No lo recomiendo,2021-11-07 13:07:00
REV-002020,ORD-003883,1,OK,,2023-03-29 18:23:00
REV-002021,ORD-010405,4,Regular,,2024-03-17 07:39:00
REV-002022,ORD-010461,2,Regular,Regular,2023-03-14 23:05:00
REV-002023,ORD-013636,3,Recomendado,Recomendado,2022-07-03 09:41:00
REV-002024,ORD-002346,5,Llego roto,Llego roto,2022-03-13 08:47:00
REV-002025,ORD-011188,5,,,2023-01-03 22:45:00
REV-002026,ORD-001263,5,,,2023-04-28 12:37:00
REV-002027,ORD-003727,4,Recomendado,Recomendado,2021-07-26 00:33:00
REV-002028,ORD-007063,2,Buena calidad,,2022-05-20 07:32:00
REV-002029,ORD-006379,5,,,2024-06-12 20:57:00
REV-002030,ORD-005222,5,Malo,Malo,2023-10-10 11:21:00
REV-002031,ORD-007025,3,Excelente producto,Excelente producto,2023-03-02 04:27:00
REV-002032,ORD-012679,3,Cumple expectativas,Cumple expectativas,2023-09-22 09:11:00
REV-002033,ORD-008851,5,Muy bueno,Muy bueno,2021-12-27 16:08:00
REV-002034,ORD-005756,2,Mejor de lo esperado,,2022-09-30 08:49:00
REV-002035,ORD-007314,1,Recomendado,,2021-10-07 17:42:00
REV-002036,ORD-013548,5,Mejor de lo esperado,,2022-05-28 12:24:00
REV-002037,ORD-001360,5,Muy bueno,Muy bueno,2022-04-22 03:29:00
REV-002038,ORD-007516,2,Cumple expectativas,Cumple expectativas,2021-11-27 12:53:00
REV-002039,ORD-000384,3,Malo,,2023-04-04 04:31:00
REV-002040,ORD-003888,3,Excelente producto,,2024-06-16 05:31:00
REV-002041,ORD-009581,2,Cumple expectativas,,2024-02-25 12:18:00
REV-002042,ORD-000451,,Cumple expectativas,,2022-02-22 02:01:00
REV-002043,ORD-011357,4,OK,OK,2023-05-09 01:36:00
REV-002044,ORD-001600,1,Buena calidad,Buena calidad,2024-04-09 15:36:00
REV-002045,ORD-010490,3,Regular,,2021-02-26 06:44:00
REV-002046,ORD-009083,4,No lo recomiendo,,2022-06-03 17:27:00
REV-002047,ORD-014715,2,,,2021-02-21 00:03:00
REV-002048,ORD-005799,2,Malo,,2022-09-28 03:17:00
REV-002049,ORD-005767,2,Malo,Malo,2022-12-12 05:54:00
REV-002050,ORD-007853,4,,,2021-12-16 01:46:00
REV-002051,ORD-004116,1,Cumple expectativas,Cumple expectativas,2024-05-30 08:52:00
REV-002052,ORD-001103,3,Mejor de lo esperado,,2024-02-11 04:47:00
REV-002053,ORD-008534,1,Excelente producto,Excelente producto,2024-02-29 10:03:00
REV-002054,ORD-007124,5,No lo recomiendo,,2024-04-30 21:38:00
REV-002055,ORD-004508,5,No lo recomiendo,No lo recomiendo,2023-08-13 21:37:00
REV-002056,ORD-007389,2,Recomendado,,2022-11-29 19:07:00
REV-002057,ORD-014694,1,Llego roto,,2024-02-29 11:00:00
REV-002058,ORD-011488,3,,,2024-01-29 19:40:00
REV-002059,ORD-008459,2,Pesimo,Pesimo,2022-04-08 23:08:00
REV-002060,ORD-013360,3,Excelente producto,,2021-04-07 00:29:00
REV-002061,ORD-005462,5,Recomendado,,2023-06-21 05:17:00
REV-002062,ORD-014722,2,Pesimo,,2022-08-31 03:02:00
REV-002063,ORD-002230,2,OK,OK,2022-08-16 06:31:00
REV-002064,ORD-000293,5,Buena calidad,,2022-01-15 18:56:00
REV-002065,ORD-006338,5,Buena calidad,Buena calidad,2024-03-31 16:03:00
REV-002066,ORD-003612,2,Pesimo,,2022-07-17 00:57:00
REV-002067,ORD-012904,4,Mejor de lo esperado,,2022-03-07 19:19:00
REV-002068,ORD-002041,2,Cumple expectativas,Cumple expectativas,2023-04-12 06:33:00
REV-002069,ORD-002115,3,Llego roto,,2023-09-23 17:37:00
REV-002070,ORD-013867,3,,,2024-05-14 16:12:00
REV-002071,ORD-000379,1,,,2023-03-13 23:45:00
REV-002072,ORD-001063,1,OK,OK,2024-05-22 07:10:00
REV-002073,ORD-002200,1,Mejor de lo esperado,Mejor de lo esperado,2022-09-21 18:25:00
REV-002074,ORD-006552,3,Muy bueno,Muy bueno,2021-07-22 08:05:00
REV-002075,ORD-004189,5,Regular,Regular,2023-10-07 17:50:00
REV-002076,ORD-010568,1,Mejor de lo esperado,,2024-03-15 03:40:00
REV-002077,ORD-004534,3,,,2022-10-30 06:19:00
REV-002078,ORD-001407,3,,,2023-10-31 20:23:00
REV-002079,ORD-014817,3,OK,OK,2021-07-15 09:13:00
REV-002080,ORD-001871,1,Mejor de lo esperado,Mejor de lo esperado,2021-11-27 04:57:00
REV-002081,ORD-009648,5,Muy bueno,,2024-06-05 21:07:00
REV-002082,ORD-007670,1,Excelente producto,Excelente producto,2024-06-10 13:40:00
REV-002083,ORD-000230,2,Mejor de lo esperado,Mejor de lo esperado,2021-11-17 16:11:00
REV-002084,ORD-010593,2,Recomendado,,2022-03-02 06:39:00
REV-002085,ORD-001444,2,Cumple expectativas,Cumple expectativas,2022-10-09 10:42:00
REV-002086,ORD-005821,5,Regular,Regular,2024-05-28 09:22:00
REV-002087,ORD-010663,2,,,2023-07-19 08:40:00
REV-002088,ORD-009672,4,Llego roto,Llego roto,2023-11-08 10:21:00
REV-002089,ORD-009187,2,,,2024-01-12 23:30:00
REV-002090,ORD-001563,1,,,2022-01-23 12:44:00
REV-002091,ORD-011084,2,Llego roto,Llego roto,2022-01-11 08:28:00
REV-002092,ORD-012253,2,Muy bueno,,2022-05-09 23:47:00
REV-002093,ORD-000793,3,Muy bueno,Muy bueno,2024-04-11 06:40:00
REV-002094,ORD-010007,4,Malo,,2024-05-24 04:55:00
REV-002095,ORD-006895,4,Buena calidad,Buena calidad,2022-12-01 13:55:00
REV-002096,ORD-005185,3,Pesimo,Pesimo,2022-09-16 09:00:00
REV-002097,ORD-000194,2,Malo,,2021-12-01 08:12:00
REV-002098,ORD-001417,4,Llego roto,Llego roto,2022-01-27 20:38:00
REV-002099,ORD-003407,1,Pesimo,Pesimo,2023-06-06 15:12:00
REV-002100,ORD-008319,5,No lo recomiendo,,2021-04-03 16:50:00
REV-002101,ORD-008321,1,Recomendado,Recomendado,2024-03-04 04:07:00
REV-002102,ORD-003524,1,Cumple expectativas,,2023-10-27 08:53:00
REV-002103,ORD-004404,3,Buena calidad,Buena calidad,2024-01-01 13:21:00
REV-002104,ORD-009865,1,Muy bueno,,2022-03-23 03:55:00
REV-002105,ORD-000858,1,No lo recomiendo,No lo recomiendo,2023-04-18 00:10:00
REV-002106,ORD-003744,4,,,2022-06-05 08:50:00
REV-002107,ORD-007723,3,Malo,Malo,2023-08-12 00:10:00
REV-002108,ORD-005978,5,No lo recomiendo,,2022-09-28 13:05:00
REV-002109,ORD-001011,3,,,2024-06-02 01:30:00
REV-002110,ORD-007247,1,No lo recomiendo,,2022-12-25 04:35:00
REV-002111,ORD-909332,2,Pesimo,Pesimo,2022-11-19 11:29:00
REV-002112,ORD-012240,1,,,2021-12-27 02:25:00
REV-002113,ORD-011387,4,Muy bueno,Muy bueno,2022-06-20 08:24:00
REV-002114,ORD-009222,3,Cumple expectativas,,2022-06-28 16:55:00
REV-002115,ORD-000038,10,Buena calidad,,2022-09-08 05:04:00
REV-002116,ORD-002430,3,Mejor de lo esperado,,2023-12-09 09:54:00
REV-002117,ORD-006947,4,Buena calidad,Buena calidad,2024-02-05 20:43:00
REV-002118,ORD-012924,5,Recomendado,Recomendado,2022-02-21 03:58:00
REV-002119,ORD-011952,3,Muy bueno,Muy bueno,2023-11-09 07:32:00
REV-002120,ORD-011252,5,Recomendado,Recomendado,2023-12-19 17:16:00
REV-002121,ORD-009072,3,No lo recomiendo,No lo recomiendo,2024-06-21 09:29:00
REV-002122,ORD-006017,5,,,2021-11-08 06:07:00
REV-002123,ORD-007194,3,Mejor de lo esperado,Mejor de lo esperado,2024-06-09 07:04:00
REV-002124,ORD-006382,1,Excelente producto,Excelente producto,2021-06-11 16:13:00
REV-002125,ORD-014696,5,Malo,Malo,2021-12-17 15:51:00
REV-002126,ORD-004104,2,Excelente producto,Excelente producto,2022-09-05 18:32:00
REV-002127,ORD-010309,4,Regular,,2021-04-16 17:44:00
REV-002128,ORD-003828,1,Regular,Regular,2024-02-04 01:28:00
REV-002129,ORD-006576,1,Regular,Regular,2022-10-26 04:22:00
REV-002130,ORD-009429,5,Pesimo,Pesimo,2024-04-23 12:23:00
REV-002131,ORD-002396,3,,,2022-02-14 00:19:00
REV-002132,ORD-001828,4,Buena calidad,Buena calidad,2024-06-11 09:51:00
REV-002133,ORD-004408,2,Buena calidad,,2021-04-22 13:09:00
REV-002134,ORD-008755,4,No lo recomiendo,No lo recomiendo,2024-02-17 02:53:00
REV-002135,ORD-000053,1,Buena calidad,,2023-10-14 20:07:00
REV-002136,ORD-003726,3,OK,OK,2022-10-24 01:22:00
REV-002137,ORD-001665,2,OK,,2023-08-24 15:09:00
REV-002138,ORD-009704,5,No lo recomiendo,No lo recomiendo,2022-11-21 04:30:00
REV-002139,ORD-007459,1,Llego roto,Llego roto,2022-05-29 09:36:00
REV-002140,ORD-012703,2,Llego roto,Llego roto,2023-12-24 04:54:00
REV-002141,ORD-005447,5,Excelente producto,Excelente producto,2024-02-09 16:50:00
REV-002142,ORD-000752,2,OK,,2024-05-12 10:06:00
REV-002143,ORD-012139,1,Pesimo,Pesimo,2023-09-05 19:54:00
REV-002144,ORD-004639,5,Excelente producto,Excelente producto,2021-10-19 11:23:00
REV-002145,ORD-003978,1,No lo recomiendo,No lo recomiendo,2021-02-09 15:15:00
REV-002146,ORD-011203,1,Recomendado,,2022-05-15 18:32:00
REV-002147,ORD-013681,4,Malo,Malo,2023-09-01 12:22:00
REV-002148,ORD-000180,2,OK,,2021-06-09 04:22:00
REV-002149,ORD-001588,1,Pesimo,Pesimo,2021-07-12 12:13:00
REV-002150,ORD-011601,3,Malo,Malo,2023-10-03 10:11:00
REV-002151,ORD-002718,3,Cumple expectativas,,2023-02-22 21:28:00
REV-002152,ORD-004532,2,No lo recomiendo,,2021-03-20 07:43:00
REV-002153,ORD-013497,5,Pesimo,Pesimo,2021-03-25 13:54:00
REV-002154,ORD-005794,4,Excelente producto,,2021-05-29 22:59:00
REV-002155,ORD-004481,3,Cumple expectativas,,2023-12-20 22:16:00
REV-002156,ORD-003106,3,Malo,,2022-01-09 17:05:00
REV-002157,ORD-009487,0,Regular,,2024-04-28 00:45:00
REV-002158,ORD-006968,5,,,2022-05-04 20:22:00
REV-002159,ORD-011454,4,Mejor de lo esperado,Mejor de lo esperado,2022-07-02 07:02:00
REV-002160,ORD-005620,1,Malo,Malo,2021-11-26 07:14:00
REV-002161,ORD-001322,3,,,2023-05-06 22:55:00
REV-002162,ORD-001438,5,Pesimo,,2022-01-30 03:29:00
REV-002163,ORD-005151,1,OK,,2023-01-21 23:57:00
REV-002164,ORD-009595,5,Recomendado,Recomendado,2021-09-16 15:55:00
REV-002165,ORD-010777,2,Muy bueno,Muy bueno,2021-12-22 02:16:00
REV-002166,ORD-939325,3,Malo,,2023-01-10 16:05:00
REV-000060,ORD-005324,5,Excelente producto,Excelente producto,2022-01-13 20:02:00
REV-002168,ORD-005519,0,Excelente producto,Excelente producto,2023-07-27 12:07:00
REV-002169,ORD-009427,5,Llego roto,Llego roto,2022-02-27 09:07:00
REV-002170,ORD-008610,3,Llego roto,,2021-05-17 00:57:00
REV-002171,ORD-014554,-1,Regular,Regular,2021-04-14 12:07:00
REV-002172,ORD-010193,2,No lo recomiendo,No lo recomiendo,2022-12-10 23:45:00
REV-002173,ORD-013880,1,No lo recomiendo,No lo recomiendo,2022-12-13 21:15:00
REV-002174,ORD-005722,1,,,2022-12-07 01:58:00
REV-002175,ORD-009689,5,OK,OK,2023-09-13 11:00:00
REV-002176,ORD-002653,4,Buena calidad,Buena calidad,2021-06-18 16:50:00
REV-002177,ORD-006293,3,,,2023-06-25 00:50:00
REV-002178,ORD-000149,1,Recomendado,Recomendado,2024-02-25 18:11:00
REV-002179,ORD-006327,3,,,2023-05-03 07:20:00
REV-002180,ORD-014700,4,OK,,2023-02-26 07:24:00
REV-002181,ORD-003971,4,OK,OK,2024-06-28 05:36:00
REV-002182,ORD-003850,4,Mejor de lo esperado,Mejor de lo esperado,2023-07-21 03:29:00
REV-002183,ORD-009016,3,Regular,Regular,2023-10-17 14:31:00
REV-002184,ORD-008175,2,Pesimo,Pesimo,2022-11-01 01:13:00
REV-002185,ORD-001623,3,,,2023-11-16 00:29:00
REV-002186,ORD-001217,2,No lo recomiendo,,2022-07-24 15:14:00
REV-002187,ORD-008131,3,No lo recomiendo,No lo recomiendo,2023-03-24 15:05:00
REV-002188,ORD-014343,5,,,2021-03-23 23:42:00
REV-002189,ORD-013718,1,Regular,,2024-05-27 17:11:00
REV-002190,ORD-008558,2,OK,OK,2021-06-05 10:22:00
REV-002191,ORD-009017,3,Excelente producto,,2023-06-26 15:44:00
REV-002192,ORD-009582,3,Buena calidad,Buena calidad,2022-07-19 05:17:00
REV-002193,ORD-006989,3,Excelente producto,Excelente producto,2022-06-27 23:16:00
REV-002194,ORD-009767,4,Pesimo,,2022-08-05 23:17:00
REV-002195,ORD-004614,5,Excelente producto,,2022-11-24 14:28:00
REV-002196,ORD-013072,2,Buena calidad,Buena calidad,2021-08-27 19:35:00
REV-002197,ORD-000868,5,Regular,Regular,2022-07-26 23:36:00
REV-002198,ORD-911768,4,No lo recomiendo,,2022-08-26 20:40:00
REV-002199,ORD-006744,3,OK,,2022-11-14 00:17:00
REV-002200,ORD-004245,4,Muy bueno,Muy bueno,2023-07-12 10:23:00
REV-002201,ORD-011121,4,No lo recomiendo,No lo recomiendo,2023-11-11 01:21:00
REV-002202,ORD-008410,5,OK,OK,2022-07-23 15:21:00
REV-002203,ORD-003095,2,Muy bueno,Muy bueno,2021-04-03 18:43:00
REV-002204,ORD-004235,1,Regular,Regular,2023-09-02 05:06:00
REV-002205,ORD-014751,5,OK,,2021-07-18 00:49:00
REV-002206,ORD-012808,1,OK,OK,2024-04-01 09:34:00
REV-002207,ORD-008463,3,,,2024-03-15 03:00:00
REV-002208,ORD-008007,2,Buena calidad,,2023-07-20 00:58:00
REV-002209,ORD-012613,1,No lo recomiendo,No lo recomiendo,2023-05-19 17:42:00
REV-002210,ORD-000469,5,Cumple expectativas,Cumple expectativas,2022-05-15 18:54:00
REV-002211,ORD-010544,1,Mejor de lo esperado,Mejor de lo esperado,2022-06-04 04:12:00
REV-002212,ORD-000770,4,Malo,,2021-05-04 03:46:00
REV-002213,ORD-013328,1,OK,OK,2022-06-19 09:39:00
REV-002214,ORD-008326,3,Cumple expectativas,Cumple expectativas,2024-03-16 15:58:00
REV-002215,ORD-013107,1,OK,,2022-03-30 00:02:00
REV-002216,ORD-003430,5,,,2021-11-14 06:04:00
REV-002217,ORD-008501,5,OK,OK,2021-05-14 22:33:00
REV-002218,ORD-000514,2,Excelente producto,,2023-08-23 19:53:00
REV-001459,ORD-008104,1,Llego roto,Llego roto,2021-06-17 08:20:00
REV-002220,ORD-014465,3,Regular,,2023-03-06 22:10:00
REV-002221,ORD-005821,4,Excelente producto,Excelente producto,2022-02-07 09:08:00
REV-002222,ORD-012839,1,No lo recomiendo,No lo recomiendo,2021-09-14 09:59:00
REV-002223,ORD-006804,5,Cumple expectativas,Cumple expectativas,2022-11-22 01:09:00
REV-002224,ORD-005574,1,OK,OK,2023-06-30 22:09:00
REV-002225,ORD-982334,4,Mejor de lo esperado,,2022-12-12 18:18:00
REV-002226,ORD-005781,2,Recomendado,,2022-09-15 01:56:00
REV-002227,ORD-912547,3,Mejor de lo esperado,Mejor de lo esperado,2021-09-11 23:40:00
REV-002228,ORD-003367,3,Regular,Regular,2024-06-18 21:41:00
REV-002229,ORD-012833,2,Mejor de lo esperado,,2021-06-13 20:05:00
REV-002230,ORD-010383,6,Excelente producto,Excelente producto,2021-05-08 22:15:00
REV-002231,ORD-007643,1,,,2023-04-19 21:17:00
REV-002232,ORD-011931,1,Cumple expectativas,Cumple expectativas,2022-07-21 05:23:00
REV-002233,ORD-002273,2,Excelente producto,Excelente producto,2024-04-10 09:33:00
REV-002234,ORD-953132,4,Malo,Malo,2023-09-07 00:10:00
REV-002235,ORD-006778,3,Excelente producto,Excelente producto,2024-01-05 12:24:00
REV-002236,ORD-006025,2,Regular,Regular,2023-01-15 10:48:00
REV-002237,ORD-012482,4,Buena calidad,Buena calidad,2021-03-31 09:22:00
REV-002238,ORD-011434,5,Mejor de lo esperado,Mejor de lo esperado,2023-05-26 22:06:00
REV-002239,ORD-001744,3,Regular,Regular,2023-02-10 22:39:00
REV-002240,ORD-014326,1,No lo recomiendo,No lo recomiendo,2022-12-23 06:49:00
REV-002241,ORD-014982,5,Pesimo,Pesimo,2023-02-24 04:21:00
REV-002242,ORD-013187,5,OK,OK,2021-03-13 04:59:00
REV-002243,ORD-012998,5,Malo,Malo,2021-09-16 01:13:00
REV-002244,ORD-001805,1,Muy bueno,Muy bueno,2022-08-01 23:24:00
REV-002245,ORD-012644,2,Mejor de lo esperado,,2022-09-17 00:04:00
REV-002246,ORD-005543,-1,,,2022-08-30 07:29:00
REV-002247,ORD-000250,5,Pesimo,Pesimo,2022-09-16 17:05:00
REV-002248,ORD-000788,2,Mejor de lo esperado,Mejor de lo esperado,2021-06-16 00:08:00
REV-002249,ORD-004727,4,Muy bueno,Muy bueno,2023-01-11 17:56:00
REV-002250,ORD-009988,5,Excelente producto,,2024-03-03 22:58:00
REV-002251,ORD-001527,3,Pesimo,Pesimo,2021-09-02 04:01:00
REV-002252,ORD-010951,2,Muy bueno,Muy bueno,2022-06-19 12:12:00
REV-002253,ORD-006338,3,No lo recomiendo,,2021-05-27 13:47:00
REV-002254,ORD-012642,5,Malo,,2022-06-22 07:22:00
REV-002255,ORD-014928,5,No lo recomiendo,No lo recomiendo,2021-10-17 23:32:00
REV-002256,ORD-010606,3,No lo recomiendo,No lo recomiendo,2023-10-21 08:20:00
REV-002257,ORD-009161,3,Muy bueno,,2022-04-23 13:26:00
REV-002258,ORD-008465,1,OK,,2024-01-21 21:49:00
REV-002259,ORD-006854,5,,,2023-07-04 00:27:00
REV-002260,ORD-000970,2,OK,OK,2023-07-07 11:55:00
REV-002261,ORD-004215,5,Excelente producto,Excelente producto,2021-04-28 12:10:00
REV-002262,ORD-014021,2,No lo recomiendo,No lo recomiendo,2022-12-20 13:13:00
REV-002263,ORD-006133,4,Malo,Malo,2023-07-10 13:35:00
REV-002264,ORD-009327,3,,,2021-10-01 00:51:00
REV-002265,ORD-002257,3,Muy bueno,Muy bueno,2022-10-29 19:41:00
REV-002266,ORD-009987,1,Malo,Malo,2022-09-17 06:55:00
REV-002267,ORD-012909,3,Muy bueno,Muy bueno,2023-01-26 00:39:00
REV-002268,ORD-009586,2,Mejor de lo esperado,,2021-05-19 22:47:00
REV-002269,ORD-003984,3,Mejor de lo esperado,Mejor de lo esperado,2024-05-14 04:09:00
REV-002270,ORD-003540,2,Mejor de lo esperado,,2024-02-20 03:51:00
REV-002271,ORD-003373,3,Mejor de lo esperado,,2023-06-24 08:48:00
REV-002272,ORD-002941,1,,,2023-06-25 23:14:00
REV-002273,ORD-013968,3,Muy bueno,,2024-03-02 22:55:00
REV-002274,ORD-004263,1,Cumple expectativas,Cumple expectativas,2022-02-28 15:18:00
REV-002275,ORD-010321,4,Pesimo,Pesimo,2022-04-14 09:55:00
REV-002276,ORD-009535,4,Pesimo,Pesimo,2022-09-12 15:05:00
REV-002277,ORD-014922,4,Excelente producto,Excelente producto,2024-01-13 12:08:00
REV-002278,ORD-010785,1,Buena calidad,,2022-08-12 15:39:00
REV-002279,ORD-002136,2,Recomendado,,2023-08-23 07:43:00
REV-002280,ORD-014640,4,Cumple expectativas,,2024-05-14 11:52:00
REV-002281,ORD-013202,2,Buena calidad,,2023-10-19 04:50:00
REV-002282,ORD-005443,5,Buena calidad,Buena calidad,2022-09-26 20:27:00
REV-002283,ORD-010078,4,,,2022-02-16 21:22:00
REV-002284,ORD-014866,10,Excelente producto,Excelente producto,2024-01-20 02:43:00
REV-002285,ORD-010870,5,,,2023-09-22 05:49:00
REV-002286,ORD-014517,5,,,2021-04-23 03:15:00
REV-002287,ORD-006683,5,Buena calidad,Buena calidad,2021-11-06 19:59:00
REV-002288,ORD-011748,3,,,2024-01-27 21:36:00
REV-002289,ORD-000792,2,Mejor de lo esperado,,2024-01-23 08:31:00
REV-002290,ORD-003736,3,Llego roto,,2022-09-11 02:59:00
REV-002291,ORD-008979,5,Cumple expectativas,,2023-06-12 06:57:00
REV-002292,ORD-006737,5,OK,,2023-03-13 19:40:00
REV-002293,ORD-008284,1,Recomendado,,2021-09-22 23:37:00
REV-002294,ORD-958908,2,Mejor de lo esperado,Mejor de lo esperado,2022-03-06 11:55:00
REV-002295,ORD-000380,3,Muy bueno,Muy bueno,2022-11-14 15:37:00
REV-002296,ORD-010305,5,,,2022-10-16 16:05:00
REV-002297,ORD-013594,1,Malo,,2023-11-20 19:17:00
REV-002298,ORD-014776,4,Mejor de lo esperado,Mejor de lo esperado,2023-06-02 01:14:00
REV-002299,ORD-001034,4,Regular,Regular,2021-02-10 09:49:00
REV-002300,ORD-012360,2,No lo recomiendo,,2023-11-05 10:02:00
REV-002301,ORD-011298,4,No lo recomiendo,,2021-06-10 22:08:00
REV-002302,ORD-004321,5,Llego roto,,2022-07-14 03:38:00
REV-002303,ORD-012671,4,Malo,Malo,2021-09-09 16:52:00
REV-002304,ORD-001848,2,Llego roto,Llego roto,2023-12-23 04:15:00
REV-002305,ORD-002676,2,Recomendado,Recomendado,2022-05-16 05:37:00
REV-002306,ORD-001724,3,Mejor de lo esperado,Mejor de lo esperado,2023-11-20 13:15:00
REV-002307,ORD-004604,5,,,2021-10-25 21:40:00
REV-002308,ORD-009337,3,Malo,,2022-11-25 18:31:00
REV-001129,ORD-002643,1,Regular,Regular,2023-08-31 21:13:00
REV-002310,ORD-013397,5,Regular,Regular,2021-06-11 06:56:00
REV-002311,ORD-001338,4,Recomendado,Recomendado,2022-12-11 01:57:00
REV-002312,ORD-013529,2,Excelente producto,Excelente producto,2021-12-11 19:18:00
REV-002313,ORD-006963,5,OK,OK,2022-08-16 12:23:00
REV-002314,ORD-009435,2,Regular,,2022-02-23 08:38:00
REV-002315,ORD-001078,3,Regular,Regular,2022-07-14 14:27:00
REV-002316,ORD-000048,2,Pesimo,,2023-04-02 12:27:00
REV-002317,ORD-009594,3,Muy bueno,Muy bueno,2022-01-14 12:22:00
REV-002318,ORD-000325,3,Pesimo,Pesimo,2021-05-07 02:35:00
REV-002319,ORD-000700,5,Cumple expectativas,Cumple expectativas,2023-08-12 06:20:00
REV-002320,ORD-003174,3,Malo,,2022-01-24 14:21:00
REV-002321,ORD-005165,3,No lo recomiendo,No lo recomiendo,2022-01-30 23:20:00
REV-002322,ORD-005193,1,Regular,Regular,2021-07-27 14:40:00
REV-002323,ORD-000920,4,,,2023-12-12 15:06:00
REV-002324,ORD-000004,4,OK,,2023-04-25 23:58:00
REV-002325,ORD-008958,2,Muy bueno,,2022-12-20 13:00:00
REV-002326,ORD-004492,2,No lo recomiendo,No lo recomiendo,2024-06-01 12:08:00
REV-002327,ORD-005468,10,Pesimo,,2022-12-09 23:33:00
REV-002328,ORD-000610,5,No lo recomiendo,,2023-06-23 01:37:00
REV-002329,ORD-009055,4,Mejor de lo esperado,,2022-07-03 11:31:00
REV-002330,ORD-000971,4,Pesimo,,2023-08-06 19:37:00
REV-002331,ORD-001581,2,Muy bueno,Muy bueno,2022-02-22 12:28:00
REV-002332,ORD-001819,5,,,2023-08-22 06:53:00
REV-002333,ORD-007878,1,Regular,,2021-09-14 06:02:00
REV-002334,ORD-003449,4,Buena calidad,Buena calidad,2023-05-20 18:58:00
REV-002335,ORD-008256,5,Malo,,2022-12-01 12:41:00
REV-002336,ORD-011049,5,Cumple expectativas,Cumple expectativas,2022-06-28 16:16:00
REV-002337,ORD-001067,1,Malo,,2021-03-22 20:49:00
REV-002338,ORD-004308,1,Excelente producto,,2024-01-02 09:53:00
REV-002339,ORD-012729,5,OK,,2023-03-01 21:51:00
REV-002340,ORD-013237,4,Malo,Malo,2021-04-12 05:55:00
REV-002341,ORD-011785,2,Muy bueno,Muy bueno,2023-07-13 13:33:00
REV-002342,ORD-004385,3,OK,OK,2023-04-11 18:06:00
REV-002343,ORD-007528,2,Pesimo,Pesimo,2022-07-12 12:17:00
REV-002344,ORD-005963,3,Muy bueno,Muy bueno,2021-07-10 00:38:00
REV-002345,ORD-007716,4,Muy bueno,,2021-05-22 09:13:00
REV-002346,ORD-001681,5,OK,,2022-12-03 04:06:00
REV-002347,ORD-001857,3,Llego roto,Llego roto,2024-03-11 10:41:00
REV-002348,ORD-002509,4,Pesimo,,2022-06-28 20:14:00
REV-002349,ORD-006729,5,Malo,Malo,2024-04-29 10:50:00
REV-002350,ORD-004808,3,Regular,Regular,2021-06-15 15:58:00
REV-002351,ORD-007210,3,Recomendado,Recomendado,2021-11-30 21:42:00
REV-002352,ORD-012953,5,Llego roto,,2022-12-16 18:50:00
REV-002353,ORD-004559,2,Cumple expectativas,,2021-03-06 02:17:00
REV-002354,ORD-000187,4,Regular,Regular,2023-02-06 01:08:00
REV-002355,ORD-004563,3,No lo recomiendo,,2021-12-07 18:52:00
REV-002356,ORD-012244,4,Regular,Regular,2021-09-28 02:52:00
REV-002357,ORD-011998,1,OK,OK,2022-03-07 04:49:00
REV-002358,ORD-013485,1,Recomendado,Recomendado,2021-04-28 02:29:00
REV-002359,ORD-012078,5,Recomendado,Recomendado,2022-10-21 18:08:00
REV-002360,ORD-006936,4,Regular,,2023-09-09 23:28:00
REV-002361,ORD-012464,5,Buena calidad,,2021-12-30 23:52:00
REV-002362,ORD-008349,5,Excelente producto,Excelente producto,2023-06-10 09:35:00
REV-002363,ORD-003295,4,Regular,,2023-08-01 12:55:00
REV-002364,ORD-000947,4,Pesimo,Pesimo,2022-01-09 23:09:00
REV-002365,ORD-008545,4,,,2021-03-24 19:46:00
REV-002366,ORD-000801,5,Buena calidad,,2023-05-22 16:00:00
REV-002367,ORD-002061,10,Recomendado,Recomendado,2023-05-23 12:28:00
REV-002368,ORD-004798,2,No lo recomiendo,No lo recomiendo,2021-03-14 03:23:00
REV-002369,ORD-009957,2,Pesimo,,2021-03-31 02:13:00
REV-002370,ORD-006128,1,Muy bueno,Muy bueno,2021-12-23 06:27:00
REV-002371,ORD-009182,3,No lo recomiendo,,2023-03-23 12:38:00
REV-002372,ORD-008400,3,Pesimo,Pesimo,2022-07-16 13:07:00
REV-002373,ORD-008867,5,Regular,,2022-05-16 19:16:00
REV-002374,ORD-011885,4,,,2024-06-03 09:22:00
REV-002375,ORD-004236,3,Regular,Regular,2023-05-27 02:38:00
REV-002376,ORD-005283,4,,,2023-09-11 01:54:00
REV-002377,ORD-013617,5,Llego roto,Llego roto,2023-11-25 23:58:00
REV-002378,ORD-012234,3,Muy bueno,Muy bueno,2021-03-23 21:45:00
REV-001830,ORD-013172,1,Malo,Malo,2024-02-19 07:59:00
REV-002380,ORD-003864,4,Buena calidad,,2024-02-16 18:41:00
REV-002381,ORD-010781,2,Pesimo,,2022-06-22 00:46:00
REV-002382,ORD-010936,1,Muy bueno,,2021-10-14 23:20:00
REV-002383,ORD-008750,5,Llego roto,Llego roto,2023-01-16 18:21:00
REV-002384,ORD-010118,1,Malo,Malo,2021-08-25 05:03:00
REV-002385,ORD-006308,1,,,2023-11-14 18:11:00
REV-002386,ORD-006067,3,Recomendado,,2022-02-25 11:20:00
REV-002387,ORD-006345,5,Muy bueno,,2021-05-17 05:50:00
REV-002388,ORD-011723,1,Cumple expectativas,Cumple expectativas,2021-10-11 02:49:00
REV-002389,ORD-007233,2,,,2022-07-01 16:28:00
REV-002390,ORD-001516,5,Regular,,2022-08-27 21:58:00
REV-002391,ORD-000832,1,Cumple expectativas,Cumple expectativas,2021-04-21 04:30:00
REV-002392,ORD-014376,3,No lo recomiendo,No lo recomiendo,2023-06-16 03:25:00
REV-002393,ORD-004663,2,Llego roto,Llego roto,2021-03-17 22:57:00
REV-002394,ORD-012253,1,Regular,Regular,2021-08-07 06:05:00
REV-002395,ORD-009514,2,,,2021-08-06 16:48:00
REV-002396,ORD-006579,2,Llego roto,Llego roto,2022-11-29 11:51:00
REV-002397,ORD-000195,1,Malo,,2021-09-29 17:24:00
REV-002398,ORD-003137,3,Malo,Malo,2021-12-17 05:25:00
REV-002399,ORD-002071,4,Excelente producto,Excelente producto,2022-02-25 10:51:00
REV-002400,ORD-002192,5,Buena calidad,,2021-12-02 02:05:00
REV-002401,ORD-012153,5,Regular,Regular,2023-05-10 17:38:00
REV-002402,ORD-006767,2,,,2023-12-26 11:34:00
REV-002403,ORD-998292,1,Recomendado,Recomendado,2022-04-06 01:00:00
REV-002404,ORD-009489,3,Regular,,2022-01-10 20:09:00
REV-002405,ORD-009023,5,Buena calidad,Buena calidad,2023-09-04 11:14:00
REV-002406,ORD-003230,5,Buena calidad,Buena calidad,2021-04-19 15:40:00
REV-002407,ORD-007811,3,Buena calidad,,2023-08-14 04:57:00
REV-002408,ORD-001570,4,Recomendado,Recomendado,2023-09-20 05:05:00
REV-002409,ORD-003398,1,Recomendado,Recomendado,2021-02-19 18:29:00
REV-002410,ORD-005053,2,Cumple expectativas,,2024-02-25 21:22:00
REV-002411,ORD-002667,5,Regular,Regular,2024-05-17 21:17:00
REV-002412,ORD-005206,2,No lo recomiendo,No lo recomiendo,2024-02-02 05:17:00
REV-002413,ORD-013749,1,Cumple expectativas,Cumple expectativas,2021-07-26 11:08:00
REV-002414,ORD-010498,4,Recomendado,Recomendado,2023-07-03 02:24:00
REV-002415,ORD-005707,3,Buena calidad,Buena calidad,2024-02-24 18:37:00
REV-002416,ORD-008417,3,Pesimo,Pesimo,2022-02-08 13:22:00
REV-002417,ORD-009430,2,OK,,2023-03-06 10:06:00
REV-002418,ORD-006755,1,Pesimo,Pesimo,2023-08-06 07:03:00
REV-002419,ORD-005048,1,Buena calidad,,2023-01-07 12:31:00
REV-002420,ORD-004179,3,Malo,Malo,2023-11-23 01:32:00
REV-002421,ORD-008997,5,Llego roto,,2023-09-04 23:14:00
REV-002422,ORD-012299,1,Regular,Regular,2022-05-31 19:56:00
REV-002423,ORD-008855,-1,Recomendado,Recomendado,2022-10-20 08:51:00
REV-002424,ORD-001186,5,OK,,2023-09-10 17:55:00
REV-002425,ORD-010290,4,Excelente producto,,2021-12-17 20:25:00
REV-002426,ORD-006988,3,Excelente producto,Excelente producto,2024-03-26 23:56:00
REV-002427,ORD-000153,5,Cumple expectativas,Cumple expectativas,2022-12-23 02:34:00
REV-002428,ORD-011737,1,Malo,Malo,2023-05-27 01:21:00
REV-002429,ORD-010206,5,Malo,Malo,2023-10-10 08:23:00
REV-002430,ORD-002081,2,Mejor de lo esperado,Mejor de lo esperado,2022-06-09 16:20:00
REV-002431,ORD-000561,3,Mejor de lo esperado,,2021-02-18 21:18:00
REV-002432,ORD-006872,4,No lo recomiendo,No lo recomiendo,2022-03-16 10:33:00
REV-002433,ORD-003294,1,Regular,Regular,2022-10-18 17:40:00
REV-002434,ORD-008131,2,Recomendado,,2024-05-29 02:25:00
REV-002435,ORD-987193,3,Regular,Regular,2021-02-26 00:38:00
REV-002436,ORD-004467,2,Cumple expectativas,,2023-03-21 10:40:00
REV-002437,ORD-009436,3,Excelente producto,,2021-10-26 06:37:00
REV-002438,ORD-009205,4,Regular,,2021-05-18 05:49:00
REV-002439,ORD-001949,2,Recomendado,Recomendado,2021-12-19 08:13:00
REV-002440,ORD-007079,2,Recomendado,Recomendado,2021-03-05 05:27:00
REV-002441,ORD-011215,5,Llego roto,Llego roto,2022-09-05 22:30:00
REV-002442,ORD-012955,5,Regular,,2022-05-17 16:00:00
REV-002443,ORD-009350,5,Muy bueno,Muy bueno,2022-11-07 22:02:00
REV-002444,ORD-014638,2,Pesimo,,2022-08-04 16:44:00
REV-002445,ORD-009630,2,Regular,,2021-06-16 20:54:00
REV-002446,ORD-002443,1,Malo,Malo,2022-08-09 10:09:00
REV-002447,ORD-004608,2,Cumple expectativas,Cumple expectativas,2023-04-06 18:51:00
REV-002448,ORD-001690,1,Mejor de lo esperado,,2021-10-02 18:36:00
REV-002449,ORD-014197,5,OK,OK,2021-12-20 19:28:00
REV-002450,ORD-002327,5,Buena calidad,Buena calidad,2021-09-27 21:13:00
REV-002451,ORD-008968,3,No lo recomiendo,,2023-02-08 11:18:00
REV-002452,ORD-005533,1,Recomendado,,2022-07-27 20:26:00
REV-002453,ORD-013273,2,,,2022-03-18 04:24:00
REV-002454,ORD-000128,1,Pesimo,Pesimo,2024-02-11 01:16:00
REV-002455,ORD-013899,4,Buena calidad,,2024-02-29 14:20:00
REV-002456,ORD-001345,1,Excelente producto,Excelente producto,2022-03-02 14:09:00
REV-002457,ORD-014614,2,Regular,Regular,2021-11-08 10:59:00
REV-002458,ORD-003221,3,No lo recomiendo,No lo recomiendo,2022-03-07 19:54:00
REV-002459,ORD-008967,4,,,2021-11-03 13:42:00
REV-002460,ORD-007524,,,,2023-07-10 05:20:00
REV-002461,ORD-011948,-1,Buena calidad,,2024-01-24 21:18:00
REV-002462,ORD-014968,2,Pesimo,,2021-12-20 21:36:00
REV-002463,ORD-002627,4,Pesimo,Pesimo,2021-07-31 13:32:00
REV-002464,ORD-013901,1,Excelente producto,Excelente producto,2024-01-14 21:10:00
REV-002465,ORD-004198,3,Recomendado,Recomendado,2021-07-30 13:44:00
REV-002466,ORD-013617,1,Excelente producto,Excelente producto,2023-03-18 20:48:00
REV-002467,ORD-002182,5,Cumple expectativas,Cumple expectativas,2023-03-15 21:04:00
REV-002468,ORD-000774,4,Mejor de lo esperado,Mejor de lo esperado,2024-06-17 03:52:00
REV-002469,ORD-006831,3,Regular,Regular,2022-04-24 04:47:00
REV-002470,ORD-009677,3,Excelente producto,,2024-03-16 16:33:00
REV-002471,ORD-009181,3,Regular,Regular,2021-08-24 17:05:00
REV-002472,ORD-008075,3,Cumple expectativas,,2022-11-29 02:56:00
REV-002473,ORD-014999,3,Llego roto,,2024-05-20 18:02:00
REV-002474,ORD-006350,1,OK,,2023-02-11 15:38:00
REV-002475,ORD-006403,4,Cumple expectativas,Cumple expectativas,2022-06-23 06:23:00
REV-002476,ORD-008116,2,Excelente producto,Excelente producto,2024-04-13 03:55:00
REV-002477,ORD-011062,3,Recomendado,Recomendado,2023-02-19 16:55:00
REV-002478,ORD-004647,1,Malo,,2023-03-06 19:48:00
REV-002479,ORD-003146,5,Malo,,2023-06-10 21:56:00
REV-002480,ORD-007088,1,,,2024-04-17 22:39:00
REV-002481,ORD-008776,5,Recomendado,Recomendado,2021-07-05 07:56:00
REV-002482,ORD-009019,3,Excelente producto,Excelente producto,2021-08-18 00:34:00
REV-002483,ORD-002951,5,Excelente producto,Excelente producto,2023-01-04 07:53:00
REV-002484,ORD-003322,3,Buena calidad,Buena calidad,2022-02-17 22:31:00
REV-002485,ORD-010860,2,Mejor de lo esperado,Mejor de lo esperado,2021-07-12 00:51:00
REV-002486,ORD-011161,5,Malo,Malo,2023-05-01 13:35:00
REV-002487,ORD-000852,5,Malo,Malo,2022-09-05 04:17:00
REV-002488,ORD-007538,1,Muy bueno,Muy bueno,2024-01-10 22:10:00
REV-002489,ORD-001307,4,Cumple expectativas,,2021-05-15 07:25:00
REV-002490,ORD-006244,2,,,2022-04-29 12:27:00
REV-002491,ORD-006296,5,Llego roto,Llego roto,2022-10-11 03:15:00
REV-002492,ORD-009376,5,Llego roto,,2022-11-25 10:19:00
REV-002493,ORD-013948,1,Cumple expectativas,Cumple expectativas,2022-05-10 20:05:00
REV-002494,ORD-006113,4,Regular,Regular,2022-07-01 06:10:00
REV-002495,ORD-009840,3,No lo recomiendo,No lo recomiendo,2021-12-19 22:01:00
REV-002496,ORD-012771,1,Regular,Regular,2021-05-16 06:21:00
REV-002497,ORD-002680,3,Excelente producto,Excelente producto,2021-12-21 17:51:00
REV-002498,ORD-006624,2,OK,OK,2022-07-07 18:13:00
REV-002499,ORD-004713,5,Muy bueno,,2021-03-18 05:58:00
REV-002500,ORD-000261,4,Excelente producto,Excelente producto,2022-09-16 11:05:00
REV-002501,ORD-002593,1,No lo recomiendo,No lo recomiendo,2022-03-08 20:21:00
REV-002502,ORD-996502,1,Recomendado,,2022-09-27 02:19:00
REV-002503,ORD-002055,4,Pesimo,,2022-09-19 06:42:00
REV-002504,ORD-003109,5,Llego roto,Llego roto,2021-09-18 06:44:00
REV-002505,ORD-011996,4,Recomendado,,2022-01-22 13:00:00
REV-002506,ORD-013954,5,Muy bueno,Muy bueno,2022-11-16 16:28:00
REV-002507,ORD-004063,4,Muy bueno,Muy bueno,2023-07-01 15:56:00
REV-002508,ORD-001333,5,,,2021-09-02 23:12:00
REV-002509,ORD-009238,3,Buena calidad,,2021-05-23 04:24:00
REV-002510,ORD-011009,0,Malo,Malo,2024-03-03 00:20:00
REV-002511,ORD-011076,4,Excelente producto,Excelente producto,2023-02-11 11:43:00
REV-002512,ORD-013637,5,Cumple expectativas,,2022-05-05 12:20:00
REV-002513,ORD-012529,2,No lo recomiendo,,2021-04-27 08:15:00
REV-001500,ORD-010954,2,OK,,2024-01-27 21:11:00
REV-002515,ORD-007068,1,Recomendado,Recomendado,2024-06-19 08:59:00
REV-002516,ORD-005300,3,Excelente producto,Excelente producto,2021-03-22 17:53:00
REV-002517,ORD-002227,2,Recomendado,Recomendado,2022-04-07 17:25:00
REV-002518,ORD-008835,3,Regular,Regular,2023-04-21 01:34:00
REV-002519,ORD-006992,4,No lo recomiendo,,2023-03-10 02:39:00
REV-002520,ORD-002118,1,OK,,2024-03-18 03:59:00
REV-002521,ORD-006839,1,OK,,2022-07-02 04:59:00
REV-002522,ORD-011229,2,Pesimo,Pesimo,2021-02-28 15:19:00
REV-002523,ORD-011426,1,Malo,,2023-09-21 21:45:00
REV-002524,ORD-004892,2,Mejor de lo esperado,Mejor de lo esperado,2022-05-13 00:01:00
REV-002525,ORD-011550,2,,,2024-04-27 12:08:00
REV-002526,ORD-005688,4,Recomendado,Recomendado,2022-01-21 01:00:00
REV-002527,ORD-009632,4,Malo,Malo,2024-04-18 20:11:00
REV-002528,ORD-002762,3,No lo recomiendo,No lo recomiendo,2021-07-12 23:38:00
REV-002529,ORD-007597,5,Pesimo,,2022-07-07 17:55:00
REV-002530,ORD-007621,5,No lo recomiendo,No lo recomiendo,2021-09-15 20:40:00
REV-002531,ORD-007300,2,Buena calidad,Buena calidad,2023-04-23 05:44:00
REV-002532,ORD-010051,2,Buena calidad,,2023-03-19 15:58:00
REV-002533,ORD-000702,3,No lo recomiendo,No lo recomiendo,2024-04-26 17:01:00
REV-002534,ORD-005016,0,Muy bueno,,2021-04-08 15:54:00
REV-002535,ORD-009767,5,No lo recomiendo,,2021-11-05 19:41:00
REV-002536,ORD-012811,2,Pesimo,Pesimo,2023-08-07 02:57:00
REV-002537,ORD-008993,1,Pesimo,Pesimo,2024-06-20 06:35:00
REV-002538,ORD-009812,3,No lo recomiendo,,2022-04-05 15:34:00
REV-002539,ORD-008843,2,Cumple expectativas,,2022-12-18 16:13:00
REV-002540,ORD-004456,3,Excelente producto,Excelente producto,2024-02-06 10:54:00
REV-002541,ORD-013600,3,,,2023-01-22 01:20:00
REV-002542,ORD-008498,3,Mejor de lo esperado,Mejor de lo esperado,2023-10-30 18:51:00
REV-002543,ORD-002629,2,Buena calidad,,2021-11-24 08:03:00
REV-002544,ORD-010738,4,Mejor de lo esperado,Mejor de lo esperado,2021-08-24 23:51:00
REV-002545,ORD-012004,3,Excelente producto,,2024-06-16 22:50:00
REV-002546,ORD-001707,1,,,2022-07-18 14:48:00
REV-002547,ORD-009390,1,Regular,Regular,2024-03-17 09:33:00
REV-000244,ORD-011841,1,,,2024-03-25 08:22:00
REV-002549,ORD-001815,5,No lo recomiendo,No lo recomiendo,2023-09-20 23:35:00
REV-002550,ORD-010715,2,Llego roto,,2022-05-09 22:43:00
REV-002551,ORD-008158,1,,,2021-12-05 01:32:00
REV-002552,ORD-005634,4,Llego roto,,2024-05-29 07:21:00
REV-002553,ORD-005650,3,Pesimo,,2023-06-07 22:15:00
REV-002554,ORD-001773,5,,,2023-03-29 14:54:00
REV-002555,ORD-005476,2,,,2022-09-22 17:40:00
REV-002556,ORD-003416,3,Buena calidad,Buena calidad,2021-02-24 06:29:00
REV-002557,ORD-004055,5,Pesimo,Pesimo,2021-08-06 02:36:00
REV-002558,ORD-001808,4,Llego roto,Llego roto,2023-09-26 07:38:00
REV-002559,ORD-011341,5,Muy bueno,,2023-08-31 07:37:00
REV-002560,ORD-001701,10,Muy bueno,,2023-07-13 06:50:00
REV-002561,ORD-001400,4,Regular,Regular,2023-07-04 03:38:00
REV-002562,ORD-001421,3,Mejor de lo esperado,Mejor de lo esperado,2023-03-05 07:39:00
REV-002563,ORD-008094,1,No lo recomiendo,,2022-11-09 20:33:00
REV-002564,ORD-007663,5,No lo recomiendo,,2021-02-13 23:48:00
REV-002565,ORD-000995,5,Muy bueno,Muy bueno,2021-10-22 02:34:00
REV-002566,ORD-006543,1,Regular,,2021-06-11 11:06:00
REV-002567,ORD-001149,1,Regular,Regular,2021-08-24 15:15:00
REV-002568,ORD-012552,4,Mejor de lo esperado,,2021-10-14 13:28:00
REV-002569,ORD-006325,5,OK,OK,2022-01-31 16:47:00
REV-002570,ORD-013966,5,Pesimo,Pesimo,2021-08-16 11:34:00
REV-002571,ORD-003548,5,Muy bueno,Muy bueno,2022-12-25 15:21:00
REV-002572,ORD-004237,3,Recomendado,Recomendado,2022-09-27 22:29:00
REV-002573,ORD-000924,4,Excelente producto,Excelente producto,2021-07-21 02:48:00
REV-002574,ORD-005016,1,Malo,Malo,2024-03-03 01:42:00
REV-002575,ORD-005620,2,Excelente producto,Excelente producto,2023-12-15 10:24:00
REV-002576,ORD-011116,1,Regular,Regular,2023-09-06 11:43:00
REV-002577,ORD-000644,2,Muy bueno,Muy bueno,2021-10-08 04:50:00
REV-002578,ORD-012618,2,,,2022-08-31 19:34:00
REV-002579,ORD-014773,4,Recomendado,,2023-12-13 20:16:00
REV-002160,ORD-005620,1,Malo,Malo,2021-11-26 07:14:00
REV-002581,ORD-011089,5,Muy bueno,,2024-04-19 20:26:00
REV-002582,ORD-000338,3,Recomendado,,2023-09-10 01:12:00
REV-002583,ORD-010941,5,Llego roto,Llego roto,2024-06-21 23:54:00
REV-002584,ORD-001716,3,,,2024-01-05 02:50:00
REV-002585,ORD-007726,1,Buena calidad,Buena calidad,2022-05-25 10:33:00
REV-002586,ORD-010322,2,Malo,Malo,2021-12-30 12:27:00
REV-002587,ORD-009241,4,Cumple expectativas,,2022-04-26 07:05:00
REV-002588,ORD-010774,4,Excelente producto,Excelente producto,2023-11-26 04:47:00
REV-002589,ORD-009869,3,Muy bueno,Muy bueno,2022-12-28 18:49:00
REV-002590,ORD-013014,4,Excelente producto,Excelente producto,2024-02-05 22:04:00
REV-002591,ORD-009292,3,Recomendado,Recomendado,2024-01-29 15:07:00
REV-002592,ORD-001846,5,,,2023-07-21 21:43:00
REV-002593,ORD-011500,5,Pesimo,Pesimo,2024-04-13 21:45:00
REV-002594,ORD-014690,3,,,2023-02-15 11:56:00
REV-002595,ORD-005312,6,,,2023-02-16 12:38:00
REV-002596,ORD-010698,1,Muy bueno,Muy bueno,2023-03-04 13:09:00
REV-002597,ORD-007490,2,No lo recomiendo,,2021-10-22 00:39:00
REV-002598,ORD-011845,4,Regular,,2021-05-25 22:18:00
REV-002599,ORD-002999,1,Recomendado,Recomendado,2024-04-09 01:39:00
REV-002600,ORD-011891,1,No lo recomiendo,No lo recomiendo,2023-08-13 08:36:00
REV-002601,ORD-002804,3,Malo,,2023-10-04 22:56:00
REV-002602,ORD-007124,3,Regular,Regular,2021-02-09 10:51:00
REV-002603,ORD-001461,3,OK,,2021-04-01 07:59:00
REV-002604,ORD-011175,3,OK,OK,2024-02-07 18:26:00
REV-002605,ORD-014373,5,Pesimo,Pesimo,2021-03-01 15:39:00
REV-002606,ORD-012744,4,Llego roto,Llego roto,2022-09-14 11:33:00
REV-002607,ORD-007850,3,Mejor de lo esperado,,2022-06-26 00:17:00
REV-002608,ORD-005900,3,Llego roto,,2024-01-15 14:28:00
REV-002609,ORD-002412,2,Cumple expectativas,,2023-11-22 15:11:00
REV-002610,ORD-011085,1,Malo,,2022-05-28 02:35:00
REV-002611,ORD-000522,2,No lo recomiendo,No lo recomiendo,2022-02-21 08:37:00
REV-002612,ORD-009321,1,Malo,Malo,2021-07-14 19:50:00
REV-002613,ORD-012483,2,Mejor de lo esperado,Mejor de lo esperado,2024-05-31 13:24:00
REV-002614,ORD-004348,5,OK,,2024-02-20 09:10:00
REV-002615,ORD-001826,2,Pesimo,Pesimo,2022-03-08 00:52:00
REV-002616,ORD-004645,4,Excelente producto,,2021-04-04 01:57:00
REV-002617,ORD-010102,5,Regular,Regular,2022-08-17 17:14:00
REV-002618,ORD-008806,3,,,2021-02-26 09:17:00
REV-002619,ORD-008148,2,Buena calidad,Buena calidad,2022-09-14 22:24:00
REV-002620,ORD-010035,2,Malo,Malo,2021-05-02 21:11:00
REV-002621,ORD-010988,1,OK,OK,2022-02-24 12:16:00
REV-002622,ORD-956416,1,Excelente producto,,2023-11-19 05:35:00
REV-002623,ORD-006001,1,Pesimo,Pesimo,2021-10-19 04:19:00
REV-002624,ORD-009844,2,Regular,Regular,2023-07-25 05:59:00
REV-002625,ORD-004749,4,Llego roto,,2021-04-07 00:48:00
REV-002626,ORD-009038,4,Pesimo,,2021-08-30 05:30:00
REV-002627,ORD-013129,4,Cumple expectativas,Cumple expectativas,2022-06-24 17:47:00
REV-002628,ORD-013992,1,Malo,,2024-04-05 08:31:00
REV-002629,ORD-000768,5,,,2022-07-12 02:45:00
REV-002630,ORD-002288,5,No lo recomiendo,No lo recomiendo,2021-12-24 02:57:00
REV-002631,ORD-011610,3,Mejor de lo esperado,,2022-09-26 04:40:00
REV-002632,ORD-004284,2,OK,,2022-03-16 15:31:00
REV-002633,ORD-010975,4,No lo recomiendo,No lo recomiendo,2022-05-06 09:53:00
REV-002634,ORD-006202,4,Malo,Malo,2022-12-19 21:04:00
REV-002635,ORD-005534,2,Muy bueno,Muy bueno,2021-09-04 10:27:00
REV-002636,ORD-012016,1,Excelente producto,Excelente producto,2022-05-30 04:52:00
REV-002637,ORD-009235,5,,,2022-01-05 07:34:00
REV-002638,ORD-005116,3,Cumple expectativas,Cumple expectativas,2023-05-24 07:05:00
REV-002639,ORD-010913,2,Buena calidad,Buena calidad,2023-09-06 09:54:00
REV-002640,ORD-003297,5,OK,OK,2023-05-22 11:26:00
REV-002641,ORD-013976,3,No lo recomiendo,No lo recomiendo,2024-03-03 08:55:00
REV-002642,ORD-013101,5,Llego roto,,2024-05-22 23:03:00
REV-002643,ORD-010954,5,Buena calidad,Buena calidad,2023-08-11 19:20:00
REV-002644,ORD-012874,1,Pesimo,Pesimo,2024-02-25 04:34:00
REV-002645,ORD-005938,1,No lo recomiendo,No lo recomiendo,2022-01-22 21:10:00
REV-002646,ORD-001697,5,,,2024-05-31 13:03:00
REV-002647,ORD-014622,3,Excelente producto,,2021-09-28 17:21:00
REV-002648,ORD-007952,3,Llego roto,Llego roto,2021-07-01 01:08:00
REV-002649,ORD-001547,2,Pesimo,Pesimo,2023-05-11 14:32:00
REV-002650,ORD-012471,2,Muy bueno,,2023-03-22 02:03:00
REV-002651,ORD-005697,1,Mejor de lo esperado,Mejor de lo esperado,2021-07-07 19:25:00
REV-002652,ORD-007615,5,No lo recomiendo,No lo recomiendo,2023-08-27 23:51:00
REV-002653,ORD-000418,3,Regular,,2022-05-21 17:19:00
REV-002654,ORD-013376,4,Mejor de lo esperado,Mejor de lo esperado,2022-10-15 17:44:00
REV-002655,ORD-014027,5,Regular,Regular,2023-09-08 14:47:00
REV-002656,ORD-013723,4,Malo,Malo,2022-04-27 01:53:00
REV-002657,ORD-012338,3,Excelente producto,,2023-07-24 04:28:00
REV-002658,ORD-013427,1,Mejor de lo esperado,Mejor de lo esperado,2022-03-13 22:12:00
REV-002659,ORD-007209,2,Llego roto,,2023-03-08 06:41:00
REV-002660,ORD-011448,4,Cumple expectativas,,2023-12-29 14:45:00
REV-002661,ORD-010729,5,Cumple expectativas,Cumple expectativas,2024-03-23 05:12:00
REV-002662,ORD-003817,5,OK,OK,2024-06-28 10:19:00
REV-002663,ORD-002774,1,Muy bueno,Muy bueno,2022-07-12 22:14:00
REV-002664,ORD-003436,1,,,2021-04-14 23:37:00
REV-002665,ORD-004958,5,Recomendado,Recomendado,2023-02-23 19:20:00
REV-002666,ORD-010318,5,Cumple expectativas,,2021-07-26 06:04:00
REV-002667,ORD-008914,4,Malo,Malo,2021-04-27 21:46:00
REV-002668,ORD-003804,3,Buena calidad,Buena calidad,2023-10-29 10:13:00
REV-002669,ORD-004019,1,Mejor de lo esperado,,2021-07-12 08:40:00
REV-002670,ORD-926863,4,Excelente producto,,2023-02-11 00:53:00
REV-002671,ORD-012178,5,Buena calidad,Buena calidad,2023-03-09 14:19:00
REV-002672,ORD-013920,4,Llego roto,Llego roto,2021-08-19 15:17:00
REV-002673,ORD-007012,1,Llego roto,Llego roto,2024-01-17 13:54:00
REV-002674,ORD-001031,1,,,2023-01-06 07:22:00
REV-002675,ORD-000900,4,,,2022-08-09 17:38:00
REV-002676,ORD-964482,2,Malo,,2021-10-28 03:22:00
REV-002677,ORD-014947,4,OK,,2023-05-04 15:03:00
REV-002678,ORD-009212,1,Mejor de lo esperado,Mejor de lo esperado,2023-08-12 03:55:00
REV-002679,ORD-010549,1,,,2024-05-14 11:57:00
REV-002680,ORD-011664,3,Regular,Regular,2023-04-09 02:57:00
REV-001644,ORD-011069,3,Excelente producto,Excelente producto,2024-04-03 02:19:00
REV-002682,ORD-000534,1,Pesimo,,2022-09-12 04:13:00
REV-002683,ORD-008926,4,OK,OK,2023-06-14 13:51:00
REV-002684,ORD-003428,2,Mejor de lo esperado,Mejor de lo esperado,2023-09-20 06:20:00
REV-002685,ORD-000067,5,OK,OK,2022-08-28 06:17:00
REV-002686,ORD-007312,2,Pesimo,Pesimo,2021-08-14 21:08:00
REV-002687,ORD-014763,3,Mejor de lo esperado,,2022-11-02 23:54:00
REV-002688,ORD-005673,4,Buena calidad,Buena calidad,2024-05-03 01:14:00
REV-002689,ORD-007586,3,Llego roto,Llego roto,2021-09-01 18:02:00
REV-002690,ORD-005429,4,Recomendado,,2024-04-19 09:06:00
REV-002691,ORD-003552,1,Muy bueno,Muy bueno,2021-06-18 03:16:00
REV-002692,ORD-008437,2,Mejor de lo esperado,Mejor de lo esperado,2024-06-17 17:54:00
REV-002693,ORD-007925,1,Malo,Malo,2022-03-09 21:06:00
REV-002694,ORD-004004,4,OK,OK,2022-09-17 06:56:00
REV-002695,ORD-011695,2,Pesimo,,2022-12-18 00:40:00
REV-002696,ORD-005744,3,Llego roto,,2022-11-25 12:17:00
REV-002697,ORD-014996,1,Muy bueno,Muy bueno,2024-01-06 08:44:00
REV-002698,ORD-002462,1,Excelente producto,Excelente producto,2024-05-08 18:48:00
REV-002699,ORD-010578,3,Malo,,2023-07-11 11:49:00
REV-002700,ORD-003259,1,OK,OK,2022-07-30 20:15:00
REV-002701,ORD-001092,3,Excelente producto,Excelente producto,2023-11-26 15:50:00
REV-002702,ORD-010074,2,OK,OK,2021-10-21 23:11:00
REV-002703,ORD-010964,1,Mejor de lo esperado,Mejor de lo esperado,2021-10-07 16:27:00
REV-002704,ORD-010569,5,Recomendado,Recomendado,2022-08-14 20:21:00
REV-002705,ORD-000883,4,Mejor de lo esperado,Mejor de lo esperado,2022-09-25 19:31:00
REV-002706,ORD-013980,4,Pesimo,,2024-03-23 04:38:00
REV-002707,ORD-010891,1,Muy bueno,Muy bueno,2022-07-11 18:58:00
REV-002708,ORD-014295,2,Llego roto,,2024-01-28 02:46:00
REV-002709,ORD-010599,3,Buena calidad,Buena calidad,2022-05-09 06:37:00
REV-002710,ORD-012293,5,No lo recomiendo,,2022-06-26 01:50:00
REV-002711,ORD-012037,3,Recomendado,Recomendado,2024-01-29 05:18:00
REV-000414,ORD-014650,2,Mejor de lo esperado,Mejor de lo esperado,2021-09-01 14:27:00
REV-002713,ORD-008595,5,Excelente producto,,2023-10-07 00:58:00
REV-002714,ORD-007055,3,Pesimo,,2022-06-22 22:14:00
REV-002715,ORD-004394,1,Excelente producto,,2023-02-15 01:40:00
REV-002716,ORD-008822,3,Mejor de lo esperado,,2022-09-16 05:44:00
REV-002717,ORD-013565,1,,,2021-06-30 18:55:00
REV-002718,ORD-012030,3,Muy bueno,Muy bueno,2023-02-27 19:29:00
REV-002719,ORD-004942,2,,,2023-01-27 09:56:00
REV-002720,ORD-002973,1,Cumple expectativas,Cumple expectativas,2024-02-26 17:31:00
REV-002721,ORD-005676,1,Excelente producto,Excelente producto,2021-03-12 15:21:00
REV-002722,ORD-006135,3,Excelente producto,Excelente producto,2022-07-05 16:08:00
REV-002723,ORD-005514,4,Regular,Regular,2023-09-28 22:14:00
REV-002724,ORD-010343,3,Mejor de lo esperado,,2024-03-28 23:46:00
REV-002725,ORD-011010,3,Pesimo,Pesimo,2024-06-10 20:43:00
REV-002726,ORD-001295,5,Regular,Regular,2022-10-20 18:02:00
REV-002727,ORD-001539,4,Buena calidad,,2023-04-09 04:39:00
REV-002728,ORD-009466,2,OK,,2023-04-12 16:37:00
REV-002729,ORD-006388,3,Excelente producto,Excelente producto,2022-07-18 09:24:00
REV-002730,ORD-011974,3,Llego roto,Llego roto,2021-12-25 03:52:00
REV-002731,ORD-006085,1,Cumple expectativas,,2022-02-26 08:10:00
REV-002732,ORD-013507,1,OK,,2022-01-15 01:00:00
REV-002733,ORD-012848,5,Llego roto,,2023-02-26 19:21:00
REV-002734,ORD-001699,2,Pesimo,Pesimo,2023-04-19 02:23:00
REV-002735,ORD-010891,5,Cumple expectativas,,2024-03-07 11:20:00
REV-002736,ORD-001443,5,Recomendado,,2022-08-25 19:30:00
REV-002737,ORD-004196,2,Pesimo,Pesimo,2022-01-26 23:43:00
REV-002738,ORD-003015,3,Llego roto,,2021-03-30 09:21:00
REV-002739,ORD-013614,2,,,2023-04-20 06:47:00
REV-002740,ORD-011007,3,Mejor de lo esperado,Mejor de lo esperado,2021-06-19 15:20:00
REV-002741,ORD-006947,4,Regular,Regular,2023-12-09 16:21:00
REV-002742,ORD-010909,5,Recomendado,Recomendado,2022-12-24 01:52:00
REV-002743,ORD-003578,2,Mejor de lo esperado,,2023-04-03 04:19:00
REV-002744,ORD-003043,4,Recomendado,,2024-03-07 21:06:00
REV-002745,ORD-002568,3,No lo recomiendo,No lo recomiendo,2022-10-28 19:06:00
REV-002746,ORD-012853,5,Muy bueno,Muy bueno,2021-02-14 16:40:00
REV-002747,ORD-008406,1,Llego roto,Llego roto,2023-03-20 18:45:00
REV-002748,ORD-014999,3,Muy bueno,,2023-07-30 22:34:00
REV-002749,ORD-000724,5,Excelente producto,Excelente producto,2023-03-06 13:00:00
REV-002750,ORD-014401,5,Recomendado,Recomendado,2023-04-01 11:45:00
REV-002751,ORD-008862,4,Mejor de lo esperado,Mejor de lo esperado,2022-05-29 09:50:00
REV-002752,ORD-002530,3,OK,OK,2023-12-24 20:11:00
REV-002753,ORD-009167,3,Malo,,2022-05-05 10:34:00
REV-002754,ORD-011678,3,Muy bueno,Muy bueno,2024-05-29 00:17:00
REV-002755,ORD-000707,1,Buena calidad,,2021-04-28 18:22:00
REV-002756,ORD-011653,1,Llego roto,,2022-06-18 04:13:00
REV-002757,ORD-012003,1,Cumple expectativas,Cumple expectativas,2021-11-06 14:58:00
REV-002758,ORD-002562,5,Mejor de lo esperado,,2021-12-13 16:52:00
REV-002759,ORD-001490,5,,,2022-03-03 22:31:00
REV-002760,ORD-013948,5,Recomendado,Recomendado,2023-09-11 22:13:00
REV-000309,ORD-005184,2,Regular,Regular,2022-09-30 15:51:00
REV-002762,ORD-008164,2,Regular,,2023-12-08 02:22:00
REV-002763,ORD-002052,5,Mejor de lo esperado,,2021-11-15 00:55:00
REV-002764,ORD-013941,3,Regular,Regular,2023-09-13 11:48:00
REV-002765,ORD-003789,5,Muy bueno,,2024-02-27 16:05:00
REV-002766,ORD-007684,5,Recomendado,Recomendado,2022-11-08 17:29:00
REV-002767,ORD-935856,5,Recomendado,,2021-09-08 07:17:00
REV-002768,ORD-002268,3,OK,OK,2024-04-29 14:32:00
REV-002769,ORD-013387,2,Llego roto,Llego roto,2023-12-18 10:14:00
REV-002770,ORD-013997,5,Regular,,2023-04-07 07:59:00
REV-002771,ORD-005394,3,Pesimo,,2023-04-22 22:37:00
REV-002772,ORD-002051,1,Cumple expectativas,Cumple expectativas,2023-09-20 00:51:00
REV-002773,ORD-000289,4,Cumple expectativas,,2023-06-15 07:44:00
REV-002774,ORD-003934,2,OK,,2023-06-20 18:22:00
REV-002775,ORD-010439,4,Cumple expectativas,,2023-03-25 14:06:00
REV-002776,ORD-009399,5,Buena calidad,Buena calidad,2023-08-24 14:44:00
REV-002777,ORD-011674,4,OK,OK,2024-01-01 14:58:00
REV-002778,ORD-000950,2,No lo recomiendo,No lo recomiendo,2023-12-24 08:57:00
REV-002779,ORD-004138,2,Regular,Regular,2023-07-26 08:40:00
REV-002780,ORD-013884,1,Pesimo,,2023-08-01 00:03:00
REV-002781,ORD-010568,4,Cumple expectativas,,2023-02-10 11:45:00
REV-002782,ORD-003294,3,Regular,Regular,2023-06-06 18:14:00
REV-002783,ORD-006259,2,Muy bueno,,2023-09-10 11:05:00
REV-002784,ORD-004314,4,Malo,Malo,2023-12-08 01:39:00
REV-002785,ORD-006517,2,Pesimo,,2023-03-22 07:46:00
REV-002786,ORD-005391,3,Muy bueno,Muy bueno,2024-04-01 13:12:00
REV-002787,ORD-011845,2,Pesimo,Pesimo,2021-05-07 04:38:00
REV-002788,ORD-000684,1,Buena calidad,Buena calidad,2023-09-10 10:21:00
REV-002789,ORD-004117,10,No lo recomiendo,,2021-11-26 20:44:00
REV-002790,ORD-004996,2,Regular,,2023-02-14 05:17:00
REV-002791,ORD-012072,1,Muy bueno,,2021-04-06 05:14:00
REV-002792,ORD-010678,3,No lo recomiendo,,2024-05-12 12:39:00
REV-002793,ORD-000486,1,OK,OK,2022-10-04 18:30:00
REV-002794,ORD-011771,5,Excelente producto,Excelente producto,2022-09-25 19:43:00
REV-002795,ORD-006967,4,Pesimo,,2022-10-22 12:08:00
REV-002796,ORD-010330,1,Cumple expectativas,,2024-01-16 06:18:00
REV-002797,ORD-005794,3,Muy bueno,,2023-02-22 03:23:00
REV-002798,ORD-014783,5,Cumple expectativas,Cumple expectativas,2024-04-29 03:06:00
REV-002799,ORD-005447,5,Excelente producto,,2021-06-12 02:07:00
REV-002800,ORD-007940,1,Muy bueno,Muy bueno,2022-02-06 13:27:00
REV-002801,ORD-011794,4,Excelente producto,Excelente producto,2024-02-07 14:45:00
REV-002802,ORD-011066,2,Cumple expectativas,Cumple expectativas,2022-07-24 17:37:00
REV-002803,ORD-003901,3,,,2021-06-13 18:06:00
REV-002804,ORD-006955,2,Cumple expectativas,,2021-12-10 19:04:00
REV-002805,ORD-013613,1,Malo,,2021-04-15 06:56:00
REV-002806,ORD-010861,5,Excelente producto,Excelente producto,2022-10-05 07:45:00
REV-002807,ORD-013209,4,Regular,Regular,2023-07-20 13:39:00
REV-002808,ORD-003530,3,Cumple expectativas,Cumple expectativas,2024-01-02 13:50:00
REV-002809,ORD-012171,3,No lo recomiendo,No lo recomiendo,2022-10-04 13:08:00
REV-002810,ORD-006759,4,Regular,,2023-12-29 20:25:00
REV-002811,ORD-005083,4,Cumple expectativas,,2023-06-05 23:36:00
REV-002812,ORD-010555,4,Mejor de lo esperado,Mejor de lo esperado,2022-01-21 00:42:00
REV-002813,ORD-000679,1,Excelente producto,,2023-04-21 20:16:00
REV-002814,ORD-000258,5,Muy bueno,,2023-12-17 08:59:00
REV-002815,ORD-001234,2,Regular,,2024-04-03 02:51:00
REV-002816,ORD-007189,1,Excelente producto,Excelente producto,2023-08-11 14:48:00
REV-002817,ORD-002401,1,,,2024-05-09 13:19:00
REV-002818,ORD-009807,4,Llego roto,Llego roto,2021-10-19 07:55:00
REV-002819,ORD-012952,4,OK,OK,2022-08-01 03:36:00
REV-002820,ORD-014284,1,Excelente producto,Excelente producto,2024-06-06 01:28:00
REV-002821,ORD-012413,3,Mejor de lo esperado,,2023-08-05 21:19:00
REV-002822,ORD-014353,1,Pesimo,Pesimo,2023-06-26 15:38:00
REV-002823,ORD-002597,5,Recomendado,Recomendado,2023-03-16 16:22:00
REV-002824,ORD-004339,2,OK,,2022-08-24 09:35:00
REV-002825,ORD-013051,2,Muy bueno,Muy bueno,2021-12-13 03:51:00
REV-002826,ORD-000058,3,No lo recomiendo,,2023-01-15 01:11:00
REV-002827,ORD-009331,1,,,2023-06-14 02:57:00
REV-002828,ORD-009262,4,Malo,Malo,2021-10-05 04:17:00
REV-002829,ORD-002416,4,Mejor de lo esperado,Mejor de lo esperado,2021-11-18 06:00:00
REV-002830,ORD-013716,5,Cumple expectativas,Cumple expectativas,2021-10-02 20:38:00
REV-002831,ORD-000299,2,Buena calidad,Buena calidad,2021-12-29 15:40:00
REV-002832,ORD-000885,1,Cumple expectativas,Cumple expectativas,2023-02-15 11:55:00
REV-002833,ORD-011759,4,Buena calidad,Buena calidad,2022-12-28 08:54:00
REV-002834,ORD-011171,3,Llego roto,,2023-11-26 10:14:00
REV-002835,ORD-008228,2,Buena calidad,Buena calidad,2022-05-31 23:31:00
REV-002836,ORD-000366,2,,,2022-10-03 15:41:00
REV-002837,ORD-005600,3,Muy bueno,,2021-02-04 05:31:00
REV-002838,ORD-007465,1,Muy bueno,Muy bueno,2021-09-14 12:11:00
REV-002839,ORD-003107,3,Excelente producto,,2021-08-08 21:09:00
REV-002840,ORD-008129,1,,,2024-06-11 16:25:00
REV-002841,ORD-014751,1,Llego roto,Llego roto,2023-05-03 15:04:00
REV-002842,ORD-004812,0,No lo recomiendo,No lo recomiendo,2021-07-06 11:59:00
REV-002843,ORD-002899,3,,,2021-05-30 01:16:00
REV-002844,ORD-005216,2,No lo recomiendo,,2023-01-27 21:10:00
REV-002845,ORD-000595,2,Recomendado,Recomendado,2021-09-28 21:18:00
REV-002846,ORD-012359,5,Muy bueno,,2023-08-17 10:12:00
REV-002847,ORD-006939,5,Muy bueno,,2023-10-15 06:22:00
REV-002848,ORD-010210,4,Recomendado,Recomendado,2022-08-17 07:44:00
REV-002849,ORD-004472,2,Regular,Regular,2023-01-20 16:33:00
REV-002850,ORD-011647,4,Cumple expectativas,,2022-05-30 18:15:00
REV-002851,ORD-006889,1,Malo,,2023-03-11 08:47:00
REV-002852,ORD-004471,5,Regular,,2023-11-27 18:41:00
REV-002853,ORD-006842,5,Mejor de lo esperado,Mejor de lo esperado,2023-12-06 07:59:00
REV-002854,ORD-001931,6,Cumple expectativas,Cumple expectativas,2021-04-11 15:43:00
REV-002855,ORD-010802,5,Muy bueno,,2021-04-20 20:35:00
REV-002856,ORD-006179,2,Buena calidad,Buena calidad,2023-08-18 07:21:00
REV-002857,ORD-900788,1,Pesimo,Pesimo,2022-02-27 17:59:00
REV-002858,ORD-012081,5,Muy bueno,,2021-06-10 05:09:00
REV-002859,ORD-013316,2,Pesimo,Pesimo,2021-09-28 11:17:00
REV-002860,ORD-001098,2,Muy bueno,Muy bueno,2022-04-19 03:24:00
REV-002861,ORD-008114,4,Recomendado,Recomendado,2023-01-14 17:44:00
REV-002862,ORD-971500,5,Cumple expectativas,,2021-12-22 12:47:00
REV-002863,ORD-000947,5,Llego roto,,2022-08-12 12:41:00
REV-002864,ORD-011917,3,Buena calidad,Buena calidad,2021-05-29 05:27:00
REV-002865,ORD-005404,2,Muy bueno,,2021-03-13 06:00:00
REV-002866,ORD-004325,4,Cumple expectativas,,2023-06-10 21:52:00
REV-002867,ORD-009302,3,Malo,Malo,2021-10-12 19:42:00
REV-002868,ORD-008075,1,No lo recomiendo,No lo recomiendo,2024-05-24 23:52:00
REV-002869,ORD-006589,3,Pesimo,Pesimo,2021-05-08 13:01:00
REV-001989,ORD-014105,2,Cumple expectativas,,2023-07-11 13:02:00
REV-002871,ORD-001989,1,Excelente producto,Excelente producto,2022-08-12 15:11:00
REV-002872,ORD-005618,2,Regular,Regular,2024-03-27 20:51:00
REV-002873,ORD-006798,4,No lo recomiendo,No lo recomiendo,2023-07-14 18:59:00
REV-002874,ORD-014093,3,,,2021-05-12 14:16:00
REV-002875,ORD-003041,1,Cumple expectativas,,2021-09-20 00:56:00
REV-002876,ORD-010451,2,Muy bueno,Muy bueno,2024-03-20 10:45:00
REV-002877,ORD-008582,2,Llego roto,Llego roto,2023-03-24 22:42:00
REV-002878,ORD-005531,4,Recomendado,Recomendado,2023-03-08 12:02:00
REV-002879,ORD-011947,1,Recomendado,,2022-10-21 08:32:00
REV-002880,ORD-002824,2,Excelente producto,,2022-03-19 05:50:00
REV-002881,ORD-003943,1,Mejor de lo esperado,,2022-07-10 03:34:00
REV-002882,ORD-014508,4,Pesimo,Pesimo,2023-12-14 08:32:00
REV-002883,ORD-002338,1,Mejor de lo esperado,,2023-01-26 01:22:00
REV-002884,ORD-012554,2,Mejor de lo esperado,,2022-12-10 09:13:00
REV-002885,ORD-000900,1,No lo recomiendo,,2023-02-24 06:37:00
REV-002886,ORD-005137,5,Malo,Malo,2024-04-09 13:29:00
REV-002887,ORD-004340,2,Excelente producto,Excelente producto,2024-05-12 13:09:00
REV-002888,ORD-008741,2,No lo recomiendo,,2023-01-25 00:36:00
REV-002889,ORD-005319,5,Cumple expectativas,,2021-10-15 02:27:00
REV-002890,ORD-013515,3,Cumple expectativas,,2023-01-31 19:54:00
REV-002891,ORD-006215,1,OK,OK,2021-02-16 01:59:00
REV-002892,ORD-014399,3,Recomendado,,2021-05-21 22:41:00
REV-002893,ORD-003667,1,No lo recomiendo,,2022-08-17 21:25:00
REV-002894,ORD-980158,5,Cumple expectativas,Cumple expectativas,2023-03-17 01:10:00
REV-002895,ORD-001613,2,Excelente producto,Excelente producto,2023-03-21 16:28:00
REV-002896,ORD-005064,5,Llego roto,Llego roto,2022-04-10 16:58:00
REV-002897,ORD-003803,4,No lo recomiendo,No lo recomiendo,2021-03-08 12:12:00
REV-002898,ORD-003170,3,Malo,Malo,2023-02-07 22:58:00
REV-002899,ORD-006604,4,Excelente producto,,2024-03-30 04:01:00
REV-002900,ORD-012886,5,Malo,,2021-10-19 05:46:00
REV-002901,ORD-012285,1,Llego roto,Llego roto,2022-10-25 04:02:00
REV-002902,ORD-003648,2,No lo recomiendo,,2021-06-14 04:33:00
REV-002903,ORD-013371,5,Cumple expectativas,Cumple expectativas,2022-02-12 11:10:00
REV-002904,ORD-002620,4,Cumple expectativas,,2022-08-03 02:06:00
REV-002905,ORD-010172,4,Pesimo,,2024-06-23 02:38:00
REV-002906,ORD-005065,5,Cumple expectativas,Cumple expectativas,2023-03-14 04:32:00
REV-002907,ORD-000480,5,Llego roto,,2021-07-21 20:32:00
REV-002908,ORD-009724,5,Pesimo,Pesimo,2023-09-28 11:58:00
REV-002909,ORD-005848,2,Cumple expectativas,,2023-04-11 14:17:00
REV-002910,ORD-012735,3,Mejor de lo esperado,Mejor de lo esperado,2023-04-07 12:29:00
REV-002911,ORD-006592,2,Regular,Regular,2024-02-06 07:12:00
REV-002912,ORD-009449,4,Malo,,2022-12-05 22:37:00
REV-002913,ORD-000177,3,Mejor de lo esperado,,2022-03-25 17:56:00
REV-002914,ORD-014163,3,Cumple expectativas,,2024-04-01 14:18:00
REV-002915,ORD-002327,3,,,2024-05-24 21:14:00
REV-002916,ORD-012751,4,Llego roto,Llego roto,2024-03-04 05:20:00
REV-002917,ORD-002334,4,Mejor de lo esperado,Mejor de lo esperado,2024-02-01 21:04:00
REV-002918,ORD-008648,2,Cumple expectativas,Cumple expectativas,2024-06-02 22:57:00
REV-002919,ORD-006707,5,Llego roto,Llego roto,2022-05-08 12:36:00
REV-002920,ORD-002761,2,Mejor de lo esperado,Mejor de lo esperado,2023-06-06 17:28:00
REV-002921,ORD-014944,1,OK,,2021-05-26 14:47:00
REV-002922,ORD-009155,3,Muy bueno,Muy bueno,2022-11-30 11:57:00
REV-002923,ORD-006256,3,Mejor de lo esperado,Mejor de lo esperado,2021-08-11 21:09:00
REV-002924,ORD-012128,3,No lo recomiendo,No lo recomiendo,2021-09-01 20:11:00
REV-002925,ORD-006707,2,Recomendado,Recomendado,2021-02-10 16:12:00
REV-002926,ORD-001653,5,Regular,,2021-05-18 20:40:00
REV-002927,ORD-001709,2,Regular,,2021-04-24 17:57:00
REV-002928,ORD-000854,0,Cumple expectativas,,2022-02-03 13:23:00
REV-002929,ORD-007922,2,Llego roto,Llego roto,2021-11-01 21:22:00
REV-002930,ORD-010997,-1,Malo,Malo,2023-12-02 10:35:00
REV-002931,ORD-008480,1,Cumple expectativas,,2023-02-03 01:01:00
REV-002932,ORD-001303,2,Buena calidad,Buena calidad,2023-02-27 06:09:00
REV-002933,ORD-005097,4,Mejor de lo esperado,,2021-11-02 19:08:00
REV-002934,ORD-010746,5,Pesimo,,2023-11-29 17:31:00
REV-002935,ORD-006928,5,Mejor de lo esperado,Mejor de lo esperado,2023-07-02 05:06:00
REV-002936,ORD-009871,1,Llego roto,Llego roto,2024-04-11 21:23:00
REV-002937,ORD-009913,1,Regular,Regular,2023-09-22 18:40:00
REV-002938,ORD-001311,0,OK,,2021-10-28 02:55:00
REV-002939,ORD-012361,3,Recomendado,Recomendado,2024-01-06 10:47:00
REV-002940,ORD-008788,2,Malo,Malo,2023-03-01 11:13:00
REV-002941,ORD-004480,4,Muy bueno,,2021-06-03 18:24:00
REV-002942,ORD-010347,3,Regular,,2024-05-27 19:20:00
REV-002943,ORD-011492,2,,,2021-04-19 02:02:00
REV-002944,ORD-012118,2,Buena calidad,Buena calidad,2021-02-23 06:59:00
REV-002945,ORD-013376,4,,,2023-07-15 02:54:00
REV-002946,ORD-013484,4,No lo recomiendo,No lo recomiendo,2021-04-07 09:30:00
REV-002947,ORD-000691,5,Mejor de lo esperado,Mejor de lo esperado,2023-05-15 02:47:00
REV-002948,ORD-000138,2,Buena calidad,Buena calidad,2022-09-16 11:14:00
REV-002949,ORD-011675,3,Buena calidad,Buena calidad,2022-11-28 02:20:00
REV-002950,ORD-003669,3,Recomendado,,2021-11-27 03:59:00
REV-002951,ORD-002566,5,OK,,2023-08-01 20:04:00
REV-002952,ORD-013292,1,Llego roto,Llego roto,2024-04-30 19:51:00
REV-002953,ORD-014136,5,Excelente producto,,2021-02-09 04:43:00
REV-002954,ORD-002061,2,Muy bueno,Muy bueno,2023-05-15 11:55:00
REV-002955,ORD-008868,3,Recomendado,Recomendado,2022-12-22 08:17:00
REV-000839,ORD-002360,5,No lo recomiendo,No lo recomiendo,2022-06-23 16:46:00
REV-002957,ORD-013891,2,Llego roto,,2022-10-07 03:42:00
REV-002958,ORD-001126,4,Recomendado,Recomendado,2024-03-28 02:00:00
REV-002959,ORD-011754,2,Malo,,2024-01-20 21:53:00
REV-002960,ORD-010371,4,OK,,2022-06-08 02:17:00
REV-002961,ORD-005971,,Llego roto,,2021-04-09 16:11:00
REV-002962,ORD-003498,3,Regular,,2024-01-25 06:33:00
REV-002963,ORD-012253,5,Excelente producto,Excelente producto,2022-09-26 15:45:00
REV-002964,ORD-014895,3,Muy bueno,,2021-03-08 09:54:00
REV-002965,ORD-014555,4,OK,,2024-06-20 14:26:00
REV-002966,ORD-009949,4,,,2023-01-29 16:18:00
REV-002967,ORD-005272,3,Pesimo,,2022-07-19 08:21:00
REV-002968,ORD-000610,4,Malo,Malo,2022-11-01 06:57:00
REV-002969,ORD-012107,4,Llego roto,,2023-09-05 09:44:00
REV-002970,ORD-011757,1,OK,OK,2021-10-09 09:20:00
REV-002971,ORD-003865,4,Recomendado,Recomendado,2022-10-02 03:38:00
REV-002972,ORD-006933,4,No lo recomiendo,No lo recomiendo,2021-11-04 18:12:00
REV-002973,ORD-004014,5,Pesimo,Pesimo,2021-12-20 12:40:00
REV-002974,ORD-014369,5,Regular,,2021-11-27 02:19:00
REV-002975,ORD-004372,2,Pesimo,Pesimo,2021-02-21 01:54:00
REV-002976,ORD-007025,2,Excelente producto,Excelente producto,2024-05-12 17:19:00
REV-002977,ORD-000999,4,,,2023-03-17 12:33:00
REV-002978,ORD-013209,4,OK,OK,2022-08-07 09:02:00
REV-002979,ORD-009350,4,Regular,Regular,2022-06-20 06:01:00
REV-002980,ORD-004747,4,Muy bueno,Muy bueno,2022-02-09 09:55:00
REV-002981,ORD-003434,2,Mejor de lo esperado,,2023-08-01 10:00:00
REV-002982,ORD-010682,4,Pesimo,Pesimo,2021-07-17 22:05:00
REV-002983,ORD-006293,4,Cumple expectativas,,2024-04-15 06:23:00
REV-002984,ORD-008723,1,,,2022-12-06 17:38:00
REV-002985,ORD-004069,1,Mejor de lo esperado,Mejor de lo esperado,2023-05-01 15:16:00
REV-002986,ORD-005286,1,No lo recomiendo,No lo recomiendo,2022-02-04 00:05:00
REV-002987,ORD-002418,4,Cumple expectativas,Cumple expectativas,2023-07-11 19:23:00
REV-002988,ORD-002986,4,Recomendado,Recomendado,2021-12-14 21:11:00
REV-002989,ORD-007090,2,Pesimo,,2021-07-07 00:05:00
REV-002990,ORD-008822,1,Recomendado,Recomendado,2021-02-18 10:49:00
REV-002991,ORD-002639,1,Cumple expectativas,,2023-09-20 05:01:00
REV-002992,ORD-914158,3,OK,,2022-03-16 01:32:00
REV-002993,ORD-011205,4,Muy bueno,,2023-04-01 02:35:00
REV-002994,ORD-009136,1,Pesimo,Pesimo,2022-04-15 21:27:00
REV-002995,ORD-003270,5,Buena calidad,Buena calidad,2022-11-20 21:43:00
REV-002996,ORD-006008,2,OK,OK,2023-09-25 05:07:00
REV-002997,ORD-011323,2,Pesimo,Pesimo,2021-07-11 04:34:00
REV-002998,ORD-004564,4,Buena calidad,Buena calidad,2021-09-20 02:57:00
REV-002999,ORD-011999,4,OK,OK,2023-03-10 11:05:00
REV-003000,ORD-000115,4,OK,,2023-04-20 10:40:00
REV-003001,ORD-008827,1,Buena calidad,Buena calidad,2021-02-05 19:36:00
REV-003002,ORD-011349,4,No lo recomiendo,No lo recomiendo,2021-10-14 22:20:00
REV-003003,ORD-011408,2,Llego roto,Llego roto,2022-01-18 17:09:00
REV-003004,ORD-008958,4,Excelente producto,,2024-01-09 18:29:00
REV-003005,ORD-004008,5,Buena calidad,Buena calidad,2023-08-14 19:27:00
REV-003006,ORD-004372,1,Mejor de lo esperado,,2024-03-08 06:39:00
REV-003007,ORD-005093,3,Mejor de lo esperado,,2023-05-29 19:48:00
REV-003008,ORD-005856,3,No lo recomiendo,,2021-09-06 08:19:00
REV-003009,ORD-005744,3,Recomendado,Recomendado,2022-05-16 16:59:00
REV-003010,ORD-009452,5,Buena calidad,Buena calidad,2023-03-03 04:42:00
REV-003011,ORD-011496,2,Regular,Regular,2021-03-25 18:35:00
REV-003012,ORD-011088,3,Regular,Regular,2021-02-03 11:49:00
REV-003013,ORD-008514,1,Mejor de lo esperado,Mejor de lo esperado,2023-05-31 12:09:00
REV-003014,ORD-001972,2,Recomendado,,2021-04-05 22:22:00
REV-002571,ORD-003548,5,Muy bueno,Muy bueno,2022-12-25 15:21:00
REV-003016,ORD-013360,5,Mejor de lo esperado,Mejor de lo esperado,2023-08-01 10:09:00
REV-003017,ORD-006063,1,Mejor de lo esperado,Mejor de lo esperado,2021-07-04 13:37:00
REV-003018,ORD-005657,5,Pesimo,Pesimo,2023-09-19 03:39:00
REV-003019,ORD-006135,3,OK,OK,2021-09-21 11:36:00
REV-003020,ORD-008513,5,Llego roto,Llego roto,2023-01-13 21:25:00
REV-003021,ORD-009944,5,Recomendado,Recomendado,2023-05-10 15:35:00
REV-003022,ORD-001386,3,No lo recomiendo,No lo recomiendo,2021-05-01 05:22:00
REV-003023,ORD-000847,2,Buena calidad,Buena calidad,2022-11-08 00:36:00
REV-003024,ORD-011003,4,Excelente producto,,2022-07-07 22:17:00
REV-003025,ORD-013188,2,Buena calidad,Buena calidad,2023-03-04 21:33:00
REV-003026,ORD-011922,3,No lo recomiendo,No lo recomiendo,2021-07-12 21:30:00
REV-003027,ORD-013376,2,Cumple expectativas,Cumple expectativas,2022-03-14 21:23:00
REV-003028,ORD-978942,3,No lo recomiendo,,2022-12-10 09:21:00
REV-003029,ORD-014147,4,Buena calidad,,2023-06-18 11:34:00
REV-003030,ORD-013365,1,Recomendado,,2022-05-25 22:22:00
REV-003031,ORD-012270,1,Recomendado,Recomendado,2021-04-16 02:43:00
REV-003032,ORD-008646,3,Recomendado,,2024-06-16 22:24:00
REV-003033,ORD-012631,1,Buena calidad,Buena calidad,2023-12-31 22:26:00
REV-003034,ORD-011329,4,,,2022-08-16 03:45:00
REV-003035,ORD-005169,2,Malo,Malo,2024-04-10 12:28:00
REV-003036,ORD-006058,5,Pesimo,Pesimo,2022-10-25 07:26:00
REV-003037,ORD-011456,5,Mejor de lo esperado,Mejor de lo esperado,2023-01-14 02:54:00
REV-003038,ORD-006785,4,Pesimo,Pesimo,2024-04-13 11:48:00
REV-003039,ORD-002212,1,No lo recomiendo,,2024-06-21 16:09:00
REV-003040,ORD-010521,2,No lo recomiendo,No lo recomiendo,2023-04-08 23:44:00
REV-003041,ORD-000796,2,,,2024-06-29 05:46:00
REV-003042,ORD-000021,2,OK,OK,2022-12-02 03:54:00
REV-003043,ORD-012498,2,Regular,,2022-07-28 18:04:00
REV-003044,ORD-011179,4,Recomendado,Recomendado,2024-04-17 16:12:00
REV-003045,ORD-010544,6,Recomendado,,2022-09-13 20:10:00
REV-003046,ORD-971670,2,Llego roto,Llego roto,2023-06-06 16:58:00
REV-003047,ORD-001489,0,OK,,2023-06-09 06:56:00
REV-003048,ORD-003224,,Recomendado,,2021-08-02 19:42:00
REV-003049,ORD-010662,4,Regular,,2023-05-12 17:48:00
REV-003050,ORD-009648,2,,,2023-05-16 22:30:00
REV-003051,ORD-007042,5,Llego roto,Llego roto,2021-07-18 17:47:00
REV-003052,ORD-006690,3,No lo recomiendo,No lo recomiendo,2023-11-26 07:05:00
REV-003053,ORD-004212,2,Regular,,2022-03-05 19:49:00
REV-003054,ORD-012511,1,Mejor de lo esperado,,2024-04-03 16:38:00
REV-003055,ORD-009387,5,Buena calidad,Buena calidad,2021-03-24 21:45:00
REV-003056,ORD-011175,1,Buena calidad,Buena calidad,2021-05-11 03:03:00
REV-003057,ORD-010181,3,Mejor de lo esperado,Mejor de lo esperado,2024-06-16 13:39:00
REV-003058,ORD-011798,,Buena calidad,Buena calidad,2023-12-25 16:35:00
REV-003059,ORD-008979,1,Regular,,2021-04-13 00:47:00
REV-003060,ORD-004550,1,Cumple expectativas,,2023-09-28 05:46:00
REV-003061,ORD-009595,2,No lo recomiendo,No lo recomiendo,2024-03-23 11:21:00
REV-003062,ORD-002022,2,Mejor de lo esperado,Mejor de lo esperado,2022-06-01 07:36:00
REV-003063,ORD-007805,2,Muy bueno,Muy bueno,2023-01-23 07:30:00
REV-003064,ORD-005545,4,Malo,,2021-07-07 00:25:00
REV-003065,ORD-014634,1,OK,,2022-03-23 02:13:00
REV-003066,ORD-008143,3,Recomendado,,2024-01-14 08:00:00
REV-003067,ORD-003966,2,Cumple expectativas,Cumple expectativas,2021-08-07 20:50:00
REV-003068,ORD-001813,2,Llego roto,Llego roto,2022-08-13 18:14:00
REV-003069,ORD-013906,3,No lo recomiendo,,2024-06-03 07:42:00
REV-003070,ORD-926056,5,Cumple expectativas,Cumple expectativas,2023-09-16 20:20:00
REV-003071,ORD-009212,1,Recomendado,Recomendado,2023-06-03 23:30:00
REV-003072,ORD-004003,3,Buena calidad,,2022-10-13 07:13:00
REV-003073,ORD-001088,1,Muy bueno,Muy bueno,2023-08-27 07:39:00
REV-003074,ORD-002405,4,OK,OK,2023-03-21 04:51:00
REV-003075,ORD-001679,2,Mejor de lo esperado,Mejor de lo esperado,2021-08-18 17:00:00
REV-003076,ORD-001394,5,Pesimo,,2022-12-02 07:55:00
REV-003077,ORD-006950,4,Mejor de lo esperado,Mejor de lo esperado,2022-05-23 21:15:00
REV-003078,ORD-011601,2,Buena calidad,Buena calidad,2023-07-03 08:18:00
REV-003079,ORD-907311,3,Muy bueno,Muy bueno,2022-02-25 20:23:00
REV-003080,ORD-005415,1,Recomendado,Recomendado,2022-12-23 17:56:00
REV-003081,ORD-000562,3,No lo recomiendo,No lo recomiendo,2024-02-12 08:17:00
REV-003082,ORD-011900,5,Recomendado,Recomendado,2021-10-27 03:32:00
REV-003083,ORD-014617,2,Cumple expectativas,Cumple expectativas,2023-05-10 09:05:00
REV-003084,ORD-005121,1,Cumple expectativas,Cumple expectativas,2022-12-06 12:43:00
REV-003085,ORD-002793,1,Recomendado,,2021-08-29 03:14:00
REV-003086,ORD-001961,1,,,2023-02-05 20:55:00
REV-003087,ORD-003573,2,Malo,,2022-02-24 13:01:00
REV-003088,ORD-982006,2,Recomendado,Recomendado,2023-07-08 04:38:00
REV-003089,ORD-004540,1,,,2022-09-28 01:22:00
REV-003090,ORD-000889,2,Regular,Regular,2021-05-08 07:34:00
REV-003091,ORD-002346,1,No lo recomiendo,No lo recomiendo,2024-04-24 23:22:00
REV-003092,ORD-008496,4,No lo recomiendo,,2024-01-25 16:42:00
REV-003093,ORD-014486,2,Cumple expectativas,Cumple expectativas,2024-03-06 00:13:00
REV-003094,ORD-008497,3,Cumple expectativas,,2023-01-15 00:41:00
REV-003095,ORD-000776,3,Muy bueno,Muy bueno,2024-05-20 18:04:00
REV-003096,ORD-003141,1,Mejor de lo esperado,,2021-09-18 19:39:00
REV-000874,ORD-000481,4,Regular,,2021-05-24 05:15:00
REV-003098,ORD-004978,4,Cumple expectativas,,2021-03-22 17:15:00
REV-003099,ORD-011331,1,Cumple expectativas,Cumple expectativas,2022-06-11 09:39:00
REV-003100,ORD-005173,1,Llego roto,Llego roto,2022-06-24 04:38:00
REV-003101,ORD-001088,2,Muy bueno,,2023-09-22 19:48:00
REV-003102,ORD-000823,2,Excelente producto,Excelente producto,2021-11-10 14:03:00
REV-003103,ORD-004672,3,Cumple expectativas,Cumple expectativas,2023-03-09 16:46:00
REV-003104,ORD-007622,2,Malo,,2022-03-07 10:17:00
REV-003105,ORD-008526,5,OK,,2023-12-26 18:54:00
REV-003106,ORD-004341,2,Cumple expectativas,,2021-07-20 02:32:00
REV-003107,ORD-002784,-1,No lo recomiendo,,2024-06-09 11:51:00
REV-003108,ORD-010296,3,Malo,Malo,2021-11-26 14:46:00
REV-003109,ORD-012501,4,,,2023-03-12 16:55:00
REV-003110,ORD-009346,5,Pesimo,,2023-08-01 20:18:00
REV-003111,ORD-007892,2,Mejor de lo esperado,,2022-10-30 10:38:00
REV-003112,ORD-005775,6,Pesimo,Pesimo,2024-01-15 02:52:00
REV-003113,ORD-003123,1,OK,,2021-11-28 17:21:00
REV-003114,ORD-009678,1,Recomendado,Recomendado,2022-09-22 15:49:00
REV-003115,ORD-009917,3,Pesimo,Pesimo,2021-08-14 18:39:00
REV-003116,ORD-002310,2,Regular,,2024-01-14 10:59:00
REV-003117,ORD-008450,1,Buena calidad,,2022-04-28 22:26:00
REV-003118,ORD-000628,2,Regular,,2021-12-05 18:40:00
REV-003119,ORD-001956,1,Pesimo,Pesimo,2021-04-13 02:06:00
REV-003120,ORD-004758,5,OK,OK,2022-04-14 06:36:00
REV-003121,ORD-008273,5,Cumple expectativas,Cumple expectativas,2022-11-15 11:46:00
REV-003122,ORD-000479,1,No lo recomiendo,,2023-03-23 19:33:00
REV-003123,ORD-007747,5,Excelente producto,,2023-06-13 18:24:00
REV-003124,ORD-003331,1,No lo recomiendo,No lo recomiendo,2023-05-06 10:22:00
REV-003125,ORD-008852,5,Buena calidad,Buena calidad,2021-10-02 11:19:00
REV-003126,ORD-004885,3,Cumple expectativas,,2021-04-21 16:51:00
REV-003127,ORD-013355,2,OK,OK,2024-01-14 22:25:00
REV-003128,ORD-003832,5,Muy bueno,Muy bueno,2024-04-16 02:30:00
REV-003129,ORD-014026,4,OK,OK,2023-09-27 17:25:00
REV-003130,ORD-012096,3,Buena calidad,Buena calidad,2021-06-03 15:16:00
REV-003131,ORD-008438,2,Buena calidad,,2021-03-05 13:01:00
REV-003132,ORD-001784,5,Mejor de lo esperado,,2022-02-03 13:02:00
REV-003133,ORD-013283,1,,,2021-10-17 06:02:00
REV-003134,ORD-960592,3,Mejor de lo esperado,Mejor de lo esperado,2021-10-21 10:44:00
REV-003135,ORD-012982,1,Buena calidad,Buena calidad,2021-03-25 15:12:00
REV-003136,ORD-002358,1,Recomendado,Recomendado,2022-01-07 19:56:00
REV-003137,ORD-001798,5,Regular,,2022-04-05 21:39:00
REV-003138,ORD-001705,4,Excelente producto,,2022-05-23 13:13:00
REV-003139,ORD-012962,5,Muy bueno,Muy bueno,2023-06-10 07:11:00
REV-003140,ORD-006716,4,Malo,Malo,2022-03-10 07:18:00
REV-003141,ORD-014674,5,No lo recomiendo,No lo recomiendo,2024-03-02 12:54:00
REV-003142,ORD-013350,3,Malo,,2023-08-02 17:43:00
REV-003143,ORD-007764,5,Muy bueno,,2023-12-22 20:03:00
REV-003144,ORD-002651,1,Cumple expectativas,,2022-02-17 09:04:00
REV-003145,ORD-001656,3,Buena calidad,,2021-09-23 06:47:00
REV-003146,ORD-012345,2,Recomendado,,2023-09-09 19:57:00
REV-003147,ORD-014978,3,Regular,Regular,2021-06-01 22:20:00
REV-003148,ORD-012539,6,Llego roto,,2022-08-11 07:14:00
REV-003149,ORD-005155,1,,,2021-12-14 13:08:00
REV-003150,ORD-004811,1,Buena calidad,,2021-03-14 02:10:00
REV-003151,ORD-014999,1,OK,OK,2022-05-14 20:25:00
REV-003152,ORD-009975,1,Buena calidad,Buena calidad,2021-09-30 14:01:00
REV-003153,ORD-014042,4,Pesimo,Pesimo,2024-02-01 19:05:00
REV-003154,ORD-007267,5,Regular,Regular,2023-06-13 12:27:00
REV-003155,ORD-010955,1,Mejor de lo esperado,Mejor de lo esperado,2021-11-20 23:00:00
REV-003156,ORD-000826,2,Regular,,2021-07-15 14:48:00
REV-003157,ORD-003729,4,No lo recomiendo,,2023-05-17 06:39:00
REV-003158,ORD-010545,4,Muy bueno,Muy bueno,2023-11-28 14:41:00
REV-003159,ORD-009248,4,Pesimo,,2022-06-04 17:29:00
REV-003160,ORD-931851,5,No lo recomiendo,No lo recomiendo,2021-08-10 22:10:00
REV-003161,ORD-006402,4,No lo recomiendo,No lo recomiendo,2023-08-02 21:42:00
REV-003162,ORD-013046,1,Llego roto,,2023-09-10 21:25:00
REV-003163,ORD-000804,1,,,2022-02-16 12:39:00
REV-003164,ORD-011060,4,Regular,Regular,2021-03-04 22:45:00
REV-003165,ORD-004378,4,Buena calidad,,2022-11-30 02:55:00
REV-003166,ORD-010881,,Cumple expectativas,Cumple expectativas,2022-06-15 09:43:00
REV-003167,ORD-004204,5,Regular,,2021-11-29 22:37:00
REV-003168,ORD-008675,4,Excelente producto,Excelente producto,2021-03-21 12:19:00
REV-003169,ORD-010245,4,,,2022-04-26 21:07:00
REV-003170,ORD-010757,5,,,2022-01-19 22:03:00
REV-003171,ORD-008973,1,,,2021-06-10 22:11:00
REV-003172,ORD-007665,2,Llego roto,,2021-02-15 12:13:00
REV-003173,ORD-979944,2,Llego roto,,2022-09-23 08:42:00
REV-003174,ORD-005004,3,Muy bueno,,2021-02-10 02:06:00
REV-003175,ORD-010963,1,Muy bueno,Muy bueno,2021-02-08 21:15:00
REV-003176,ORD-002661,3,Recomendado,Recomendado,2021-09-12 18:21:00
REV-003177,ORD-011581,3,,,2021-11-08 20:21:00
REV-003178,ORD-000339,2,Pesimo,Pesimo,2024-03-19 11:58:00
REV-003179,ORD-010898,4,No lo recomiendo,No lo recomiendo,2021-05-17 16:14:00
REV-003180,ORD-003060,3,Muy bueno,Muy bueno,2021-06-27 18:41:00
REV-003181,ORD-000252,6,OK,OK,2022-09-16 19:46:00
REV-003182,ORD-000105,2,No lo recomiendo,,2023-02-23 23:38:00
REV-003183,ORD-001765,2,Mejor de lo esperado,Mejor de lo esperado,2021-10-21 18:25:00
REV-003184,ORD-005272,2,Recomendado,Recomendado,2022-12-19 18:22:00
REV-003185,ORD-007718,1,Muy bueno,Muy bueno,2022-02-15 14:57:00
REV-003186,ORD-002337,1,Regular,Regular,2022-04-17 10:03:00
REV-003187,ORD-005935,5,Cumple expectativas,,2021-09-21 13:42:00
REV-003188,ORD-002339,3,Pesimo,Pesimo,2023-11-01 21:53:00
REV-003189,ORD-012177,2,Llego roto,Llego roto,2024-04-15 14:23:00
REV-003190,ORD-006399,3,Mejor de lo esperado,,2023-03-13 02:02:00
REV-003191,ORD-011885,1,Recomendado,Recomendado,2023-08-10 05:52:00
REV-003192,ORD-002105,1,Recomendado,,2023-12-01 00:38:00
REV-003193,ORD-952684,5,OK,OK,2022-02-13 18:31:00
REV-003194,ORD-014793,5,Buena calidad,Buena calidad,2022-07-12 09:12:00
REV-003195,ORD-005526,3,Pesimo,,2022-03-15 00:58:00
REV-003196,ORD-001401,1,Llego roto,Llego roto,2023-03-29 07:36:00
REV-003197,ORD-000811,2,Recomendado,Recomendado,2022-07-09 14:41:00
REV-003198,ORD-003455,2,Excelente producto,,2021-07-06 04:51:00
REV-003199,ORD-011457,5,Malo,Malo,2023-03-12 03:44:00
REV-003200,ORD-012774,4,Regular,Regular,2023-03-28 00:09:00
REV-003201,ORD-009459,5,Llego roto,Llego roto,2021-06-21 01:14:00
REV-003202,ORD-000866,1,OK,OK,2022-03-03 23:36:00
REV-003203,ORD-011625,3,Pesimo,Pesimo,2023-07-04 20:48:00
REV-003204,ORD-004183,1,No lo recomiendo,No lo recomiendo,2021-09-18 04:17:00
REV-003205,ORD-002973,3,OK,,2023-03-25 23:22:00
REV-003206,ORD-008663,3,,,2024-06-07 01:05:00
REV-003207,ORD-014202,3,Muy bueno,,2022-05-15 10:24:00
REV-003208,ORD-014618,4,OK,,2022-01-19 18:34:00
REV-003209,ORD-013412,5,Pesimo,Pesimo,2023-04-05 16:48:00
REV-003210,ORD-014068,2,Regular,,2021-05-29 13:48:00
REV-003211,ORD-009833,4,Mejor de lo esperado,,2022-10-20 14:35:00
REV-003212,ORD-014727,5,Excelente producto,,2023-10-09 06:06:00
REV-003213,ORD-010698,5,Cumple expectativas,Cumple expectativas,2022-01-25 09:20:00
REV-003214,ORD-009435,3,No lo recomiendo,No lo recomiendo,2021-12-16 21:27:00
REV-003215,ORD-013586,5,,,2022-04-13 01:37:00
REV-003216,ORD-001860,4,Recomendado,Recomendado,2021-04-22 11:58:00
REV-003217,ORD-006120,3,Mejor de lo esperado,,2023-09-17 22:23:00
REV-003218,ORD-006685,1,Recomendado,Recomendado,2023-08-01 14:43:00
REV-003219,ORD-009711,1,Malo,Malo,2022-03-24 21:45:00
REV-003220,ORD-011752,3,Cumple expectativas,Cumple expectativas,2021-09-18 02:17:00
REV-003221,ORD-012158,1,Cumple expectativas,,2023-05-12 02:44:00
REV-003222,ORD-011646,1,Pesimo,,2022-10-18 06:01:00
REV-003223,ORD-004067,2,Malo,Malo,2024-03-11 03:43:00
REV-003224,ORD-000055,2,Mejor de lo esperado,,2021-09-17 02:11:00
REV-003225,ORD-006962,3,Pesimo,,2024-04-30 15:03:00
REV-003226,ORD-012107,1,Regular,,2022-12-13 15:59:00
REV-003227,ORD-002774,3,,,2021-04-09 21:14:00
REV-003228,ORD-012019,-1,OK,OK,2023-04-16 19:23:00
REV-003229,ORD-007363,2,,,2022-01-18 15:23:00
REV-003230,ORD-008382,5,Malo,Malo,2022-05-28 06:24:00
REV-003231,ORD-004891,3,No lo recomiendo,,2022-02-18 08:00:00
REV-003232,ORD-007059,4,Excelente producto,,2022-12-09 10:03:00
REV-003233,ORD-012682,10,Recomendado,,2021-06-12 20:07:00
REV-003234,ORD-011364,1,Cumple expectativas,,2022-06-20 01:11:00
REV-003235,ORD-000139,1,Regular,Regular,2021-02-12 20:41:00
REV-003236,ORD-003810,2,Malo,,2022-10-11 00:05:00
REV-003237,ORD-010527,4,Muy bueno,Muy bueno,2022-12-05 20:45:00
REV-003238,ORD-009446,3,,,2023-05-29 00:09:00
REV-003239,ORD-013891,3,Buena calidad,Buena calidad,2021-07-26 11:18:00
REV-003240,ORD-005119,1,Mejor de lo esperado,Mejor de lo esperado,2022-11-05 06:08:00
REV-003241,ORD-006706,4,Llego roto,,2023-08-01 14:14:00
REV-003242,ORD-003878,3,Llego roto,Llego roto,2024-04-05 12:28:00
REV-003243,ORD-010240,3,,,2023-11-27 20:00:00
REV-003244,ORD-000992,3,No lo recomiendo,No lo recomiendo,2022-12-26 20:22:00
REV-003245,ORD-013891,1,Recomendado,Recomendado,2024-02-21 02:30:00
REV-003246,ORD-011915,4,Excelente producto,Excelente producto,2021-07-31 18:22:00
REV-003247,ORD-008533,4,Mejor de lo esperado,Mejor de lo esperado,2021-03-22 17:58:00
REV-003248,ORD-008914,1,Llego roto,Llego roto,2023-11-24 22:48:00
REV-003249,ORD-000274,5,Malo,Malo,2023-11-09 17:28:00
REV-003250,ORD-007113,5,Pesimo,Pesimo,2022-11-14 23:24:00
REV-003251,ORD-006286,4,Regular,Regular,2023-12-10 07:47:00
REV-003252,ORD-013031,1,Cumple expectativas,Cumple expectativas,2023-09-18 19:04:00
REV-003253,ORD-011839,3,Pesimo,Pesimo,2021-03-25 15:34:00
REV-003254,ORD-012686,4,Malo,Malo,2023-08-23 04:43:00
REV-003255,ORD-005856,3,Mejor de lo esperado,Mejor de lo esperado,2024-05-22 14:58:00
REV-003256,ORD-002571,2,Regular,,2022-04-13 09:50:00
REV-003257,ORD-001181,6,Regular,Regular,2022-03-09 15:02:00
REV-003258,ORD-012891,3,Regular,Regular,2021-07-17 00:01:00
REV-003259,ORD-007476,2,Muy bueno,Muy bueno,2022-10-01 06:29:00
REV-003260,ORD-014867,5,Muy bueno,Muy bueno,2022-11-02 14:16:00
REV-003261,ORD-007518,1,OK,,2023-10-16 16:42:00
REV-003262,ORD-011385,5,Excelente producto,,2023-11-14 19:33:00
REV-003263,ORD-005664,5,Llego roto,Llego roto,2022-02-16 05:58:00
REV-003264,ORD-000785,5,Malo,Malo,2024-02-24 09:44:00
REV-003265,ORD-005036,2,Cumple expectativas,Cumple expectativas,2022-05-11 11:06:00
REV-003266,ORD-011886,3,No lo recomiendo,No lo recomiendo,2022-12-31 20:00:00
REV-003267,ORD-011924,2,Excelente producto,,2023-08-18 00:54:00
REV-003268,ORD-011265,1,Malo,Malo,2022-04-23 08:10:00
REV-003269,ORD-008222,4,Llego roto,,2024-03-20 20:45:00
REV-003270,ORD-001037,4,Muy bueno,Muy bueno,2022-09-15 09:12:00
REV-003271,ORD-000397,2,Regular,Regular,2022-03-27 21:45:00
REV-003272,ORD-013163,5,Mejor de lo esperado,,2022-07-04 17:21:00
REV-003273,ORD-014905,2,OK,OK,2021-12-08 03:54:00
REV-003274,ORD-014303,3,Regular,Regular,2023-04-04 19:47:00
REV-003275,ORD-004758,1,OK,,2021-04-17 07:47:00
REV-003276,ORD-009496,1,Llego roto,Llego roto,2023-09-05 22:20:00
REV-003277,ORD-003313,4,No lo recomiendo,No lo recomiendo,2023-05-13 08:09:00
REV-003278,ORD-012266,2,Muy bueno,Muy bueno,2022-10-14 07:00:00
REV-003279,ORD-014294,2,Muy bueno,Muy bueno,2023-11-08 06:08:00
REV-003280,ORD-012823,2,Llego roto,Llego roto,2022-08-03 07:44:00
REV-003281,ORD-013747,4,Malo,,2023-07-17 17:45:00
REV-000980,ORD-003150,5,Pesimo,,2023-04-14 09:37:00
REV-003283,ORD-917543,2,Mejor de lo esperado,,2021-09-10 21:25:00
REV-003284,ORD-003455,5,No lo recomiendo,,2022-10-14 18:22:00
REV-003285,ORD-002416,1,Muy bueno,Muy bueno,2021-10-28 05:19:00
REV-003286,ORD-011984,5,Recomendado,Recomendado,2023-02-17 15:37:00
REV-003287,ORD-007100,3,No lo recomiendo,No lo recomiendo,2021-10-06 00:06:00
REV-003288,ORD-010421,4,Llego roto,Llego roto,2023-10-02 10:20:00
REV-003289,ORD-000456,1,Muy bueno,Muy bueno,2023-08-25 12:40:00
REV-003290,ORD-012558,3,Pesimo,,2021-06-01 16:24:00
REV-003291,ORD-004519,1,Regular,Regular,2024-05-07 03:49:00
REV-003292,ORD-005973,2,Muy bueno,Muy bueno,2022-07-07 01:48:00
REV-003293,ORD-002569,3,Regular,,2021-11-10 03:51:00
REV-003294,ORD-009895,3,Muy bueno,Muy bueno,2021-10-04 19:48:00
REV-003295,ORD-004067,2,Cumple expectativas,,2023-09-24 04:11:00
REV-003296,ORD-014580,2,,,2024-06-10 18:16:00
REV-003297,ORD-006934,1,No lo recomiendo,,2023-08-07 15:15:00
REV-003298,ORD-007154,4,Buena calidad,Buena calidad,2023-09-18 08:39:00
REV-003299,ORD-004553,-1,Pesimo,,2022-04-13 06:01:00
REV-003300,ORD-006682,3,Pesimo,Pesimo,2022-10-24 08:28:00
REV-003301,ORD-006055,1,Llego roto,,2022-04-01 10:51:00
REV-003302,ORD-002034,2,Cumple expectativas,,2023-04-08 12:10:00
REV-003303,ORD-009538,2,Buena calidad,Buena calidad,2022-10-01 00:29:00
REV-003304,ORD-004851,1,,,2023-04-05 01:17:00
REV-003305,ORD-011747,3,Buena calidad,,2021-08-04 17:21:00
REV-003306,ORD-004673,2,No lo recomiendo,No lo recomiendo,2023-01-05 04:10:00
REV-003307,ORD-009180,3,Excelente producto,Excelente producto,2022-10-23 08:50:00
REV-003308,ORD-012948,5,Regular,,2023-02-07 13:49:00
REV-003309,ORD-010004,5,Llego roto,Llego roto,2021-11-22 04:05:00
REV-003310,ORD-007583,1,Regular,,2023-04-29 21:07:00
REV-003311,ORD-004515,3,Pesimo,,2024-01-08 10:59:00
REV-003312,ORD-010162,5,Muy bueno,,2023-03-08 00:34:00
REV-003313,ORD-006995,4,Malo,Malo,2022-04-25 02:02:00
REV-003314,ORD-000924,1,Llego roto,,2021-12-05 19:22:00
REV-003315,ORD-009538,2,Regular,Regular,2021-08-29 23:10:00
REV-003316,ORD-014754,2,Buena calidad,Buena calidad,2024-01-10 03:44:00
REV-003317,ORD-004325,2,OK,,2024-03-27 20:50:00
REV-003318,ORD-003775,4,Mejor de lo esperado,Mejor de lo esperado,2023-06-25 19:05:00
REV-003319,ORD-014685,1,Muy bueno,,2021-12-28 06:00:00
REV-003320,ORD-006953,3,Malo,Malo,2022-01-24 05:34:00
REV-003321,ORD-007105,3,Recomendado,,2021-06-08 16:28:00
REV-003322,ORD-010406,3,Llego roto,,2022-10-07 05:09:00
REV-003323,ORD-013437,4,Llego roto,Llego roto,2022-02-11 23:55:00
REV-003324,ORD-007258,1,,,2023-04-11 11:45:00
REV-003325,ORD-003876,2,Excelente producto,Excelente producto,2021-03-22 02:44:00
REV-003326,ORD-006747,10,Muy bueno,,2022-04-02 02:36:00
REV-003327,ORD-009394,4,Pesimo,,2023-03-26 22:41:00
REV-003328,ORD-011124,1,No lo recomiendo,No lo recomiendo,2023-12-08 17:11:00
REV-003329,ORD-003951,1,Mejor de lo esperado,,2023-06-08 09:12:00
REV-000052,ORD-011606,3,Mejor de lo esperado,Mejor de lo esperado,2022-02-20 16:15:00
REV-003331,ORD-013998,1,Excelente producto,,2021-10-22 07:54:00
REV-003332,ORD-005287,2,Excelente producto,Excelente producto,2024-05-08 00:23:00
REV-003333,ORD-003872,2,Muy bueno,,2022-06-01 00:39:00
REV-003334,ORD-012951,1,No lo recomiendo,,2022-03-05 07:27:00
REV-003335,ORD-013101,3,OK,,2021-08-08 07:26:00
REV-003336,ORD-014353,2,No lo recomiendo,No lo recomiendo,2021-05-24 16:33:00
REV-003337,ORD-003622,2,Cumple expectativas,Cumple expectativas,2021-08-30 12:39:00
REV-003338,ORD-002801,2,Mejor de lo esperado,,2022-06-07 02:06:00
REV-003339,ORD-012472,3,Malo,Malo,2022-04-19 19:43:00
REV-003340,ORD-000512,4,Buena calidad,Buena calidad,2023-05-22 20:05:00
REV-003341,ORD-011245,1,OK,OK,2021-03-10 15:01:00
REV-003342,ORD-011048,5,Buena calidad,Buena calidad,2022-04-13 16:08:00
REV-003343,ORD-001800,2,Muy bueno,,2021-02-03 04:38:00
REV-003344,ORD-001658,5,Muy bueno,Muy bueno,2022-07-06 20:04:00
REV-003345,ORD-002284,2,Pesimo,Pesimo,2022-08-03 20:57:00
REV-003346,ORD-008200,2,Llego roto,Llego roto,2022-10-17 08:59:00
REV-003347,ORD-014235,1,Malo,Malo,2023-09-11 17:51:00
REV-003348,ORD-011967,-1,Excelente producto,Excelente producto,2023-08-26 09:49:00
REV-003349,ORD-006903,10,,,2023-06-27 16:08:00
REV-003350,ORD-013469,3,,,2023-03-24 21:22:00
REV-003351,ORD-009124,2,OK,OK,2021-11-15 05:38:00
REV-003352,ORD-004447,1,Recomendado,Recomendado,2021-09-25 13:27:00
REV-003353,ORD-001633,3,Recomendado,,2021-03-09 19:07:00
REV-003354,ORD-009443,3,No lo recomiendo,,2021-08-21 10:50:00
REV-003355,ORD-911614,3,OK,,2022-10-27 13:44:00
REV-003356,ORD-007736,1,Excelente producto,,2021-11-24 23:24:00
REV-003357,ORD-005144,4,Excelente producto,Excelente producto,2022-02-02 12:39:00
REV-003358,ORD-001297,3,Llego roto,Llego roto,2023-05-10 15:14:00
REV-003359,ORD-006849,3,Pesimo,,2023-06-28 22:02:00
REV-003360,ORD-010748,5,Excelente producto,Excelente producto,2022-09-30 11:04:00
REV-003361,ORD-006076,4,Malo,Malo,2021-09-17 00:02:00
REV-003362,ORD-008564,0,Mejor de lo esperado,,2021-06-08 10:42:00
REV-003363,ORD-004181,2,Cumple expectativas,Cumple expectativas,2022-09-04 07:43:00
REV-003364,ORD-000670,5,Buena calidad,Buena calidad,2021-06-10 22:30:00
REV-003365,ORD-012637,5,Muy bueno,Muy bueno,2021-02-14 05:18:00
REV-003366,ORD-014274,3,Recomendado,Recomendado,2021-12-26 09:08:00
REV-003367,ORD-006602,2,Pesimo,Pesimo,2024-02-20 00:17:00
REV-003368,ORD-977817,4,OK,OK,2021-03-28 07:03:00
REV-003369,ORD-005273,2,Buena calidad,Buena calidad,2021-05-04 11:18:00
REV-003370,ORD-014169,6,Pesimo,Pesimo,2022-05-07 02:16:00
REV-003371,ORD-004964,1,Excelente producto,Excelente producto,2022-02-01 05:55:00
REV-003372,ORD-004349,1,,,2022-03-13 13:49:00
REV-003373,ORD-002211,4,Llego roto,Llego roto,2022-09-24 22:34:00
REV-003374,ORD-010764,2,Excelente producto,Excelente producto,2021-08-22 20:28:00
REV-003375,ORD-001279,5,Pesimo,Pesimo,2023-02-23 17:00:00
REV-003376,ORD-001034,2,Excelente producto,Excelente producto,2022-10-21 01:26:00
REV-003377,ORD-008019,3,Mejor de lo esperado,,2023-07-09 19:05:00
REV-003378,ORD-006969,3,Pesimo,,2024-05-25 00:54:00
REV-003379,ORD-014524,5,No lo recomiendo,No lo recomiendo,2021-11-20 01:10:00
REV-003380,ORD-002333,5,Muy bueno,,2022-10-24 11:28:00
REV-003381,ORD-008919,6,OK,,2024-06-06 01:30:00
REV-003382,ORD-012705,3,OK,OK,2022-08-31 15:47:00
REV-003383,ORD-013548,5,Regular,Regular,2021-07-11 16:05:00
REV-003384,ORD-010445,4,Regular,,2022-04-27 18:31:00
REV-003385,ORD-011846,10,Mejor de lo esperado,Mejor de lo esperado,2023-01-01 20:03:00
REV-003386,ORD-014578,1,Cumple expectativas,,2023-03-24 18:46:00
REV-003387,ORD-009964,3,Regular,Regular,2021-05-19 10:01:00
REV-003388,ORD-008169,1,Cumple expectativas,Cumple expectativas,2023-04-19 16:13:00
REV-001940,ORD-009908,5,Excelente producto,,2023-06-30 22:23:00
REV-003390,ORD-010153,4,Buena calidad,Buena calidad,2023-12-20 07:03:00
REV-003391,ORD-011959,-1,Cumple expectativas,Cumple expectativas,2023-05-30 14:31:00
REV-003392,ORD-010749,5,Llego roto,,2023-11-07 13:00:00
REV-003393,ORD-006334,2,Muy bueno,Muy bueno,2024-05-29 20:36:00
REV-003394,ORD-013086,5,Pesimo,,2021-07-18 14:24:00
REV-003395,ORD-009940,2,Mejor de lo esperado,Mejor de lo esperado,2024-04-09 05:12:00
REV-003396,ORD-012738,1,Malo,Malo,2023-01-03 19:45:00
REV-003397,ORD-009765,3,Mejor de lo esperado,,2021-04-05 22:15:00
REV-003398,ORD-010651,6,Excelente producto,,2024-01-14 20:43:00
REV-003399,ORD-005508,5,Malo,,2023-04-28 21:45:00
REV-003400,ORD-001316,2,Muy bueno,,2023-09-05 17:36:00
REV-003401,ORD-012140,1,Mejor de lo esperado,Mejor de lo esperado,2021-08-24 14:28:00
REV-003402,ORD-008902,5,OK,,2023-05-22 22:58:00
REV-003403,ORD-002733,4,Pesimo,Pesimo,2024-03-26 06:09:00
REV-003404,ORD-009377,5,Mejor de lo esperado,,2023-01-13 11:40:00
REV-003405,ORD-005721,5,OK,,2022-10-12 09:41:00
REV-003406,ORD-011063,5,Excelente producto,,2022-05-22 07:56:00
REV-003407,ORD-002814,4,OK,OK,2022-01-10 08:30:00
REV-003408,ORD-012215,3,Cumple expectativas,,2022-07-10 11:13:00
REV-003409,ORD-001011,4,Cumple expectativas,,2022-10-01 13:32:00
REV-003410,ORD-934430,2,Cumple expectativas,Cumple expectativas,2021-04-24 13:20:00
REV-003411,ORD-001333,3,Llego roto,,2023-07-23 21:52:00
REV-003412,ORD-002839,2,Pesimo,Pesimo,2023-02-10 00:38:00
REV-003413,ORD-003609,4,OK,OK,2021-05-28 07:12:00
REV-003414,ORD-002187,5,No lo recomiendo,No lo recomiendo,2021-06-28 10:32:00
REV-003415,ORD-014698,1,OK,OK,2022-01-27 15:16:00
REV-003416,ORD-001429,1,Mejor de lo esperado,Mejor de lo esperado,2023-01-11 12:47:00
REV-003417,ORD-000436,4,Mejor de lo esperado,Mejor de lo esperado,2022-01-02 15:27:00
REV-003418,ORD-012820,5,Regular,,2021-03-15 07:14:00
REV-003419,ORD-013964,2,Excelente producto,Excelente producto,2023-01-23 08:32:00
REV-003420,ORD-003546,3,,,2023-01-20 13:00:00
REV-003421,ORD-007087,5,,,2021-11-01 13:44:00
REV-003422,ORD-007582,2,Muy bueno,Muy bueno,2023-03-11 19:54:00
REV-003423,ORD-012710,5,Recomendado,Recomendado,2023-12-02 20:00:00
REV-003424,ORD-010445,4,OK,OK,2021-11-06 10:32:00
REV-003425,ORD-007243,2,Malo,,2023-01-05 02:24:00
REV-003426,ORD-010286,6,Recomendado,,2021-06-25 07:11:00
REV-003427,ORD-014614,3,OK,OK,2022-03-18 03:59:00
REV-003428,ORD-002981,10,OK,OK,2023-09-08 07:39:00
REV-003429,ORD-007861,1,Cumple expectativas,Cumple expectativas,2022-06-13 05:47:00
REV-003430,ORD-011458,3,,,2023-03-03 01:57:00
REV-003431,ORD-013358,2,,,2021-11-14 13:11:00
REV-003432,ORD-014282,2,OK,OK,2023-11-14 05:20:00
REV-003433,ORD-012043,2,OK,,2021-04-02 17:14:00
REV-003434,ORD-013900,5,Excelente producto,,2021-09-02 08:44:00
REV-003435,ORD-945523,3,Malo,Malo,2021-06-25 09:47:00
REV-003436,ORD-009232,3,Pesimo,Pesimo,2022-01-08 00:51:00
REV-003437,ORD-014224,3,Cumple expectativas,Cumple expectativas,2022-04-10 14:16:00
REV-003438,ORD-010436,4,Buena calidad,Buena calidad,2023-01-10 06:46:00
REV-003439,ORD-006316,3,,,2021-10-25 16:10:00
REV-003440,ORD-008208,2,Buena calidad,Buena calidad,2021-07-28 05:47:00
REV-003441,ORD-004194,4,Recomendado,Recomendado,2021-04-27 23:07:00
REV-003442,ORD-000488,2,Buena calidad,Buena calidad,2021-11-07 09:53:00
REV-003443,ORD-011167,3,Buena calidad,,2023-11-04 15:39:00
REV-003444,ORD-000185,5,OK,,2024-01-28 03:57:00
REV-003445,ORD-004497,1,Muy bueno,Muy bueno,2021-05-12 01:04:00
REV-003446,ORD-001289,4,Cumple expectativas,Cumple expectativas,2021-10-24 14:27:00
REV-003447,ORD-004188,2,Recomendado,Recomendado,2021-11-28 20:38:00
REV-003448,ORD-007174,1,Llego roto,Llego roto,2022-01-23 16:51:00
REV-003449,ORD-011568,4,Muy bueno,Muy bueno,2023-05-23 20:40:00
REV-003450,ORD-004895,4,Mejor de lo esperado,Mejor de lo esperado,2022-05-28 16:53:00
REV-003451,ORD-005565,1,OK,,2021-08-19 22:57:00
REV-003452,ORD-007950,4,Malo,,2021-07-06 18:11:00
REV-003453,ORD-012736,4,Pesimo,Pesimo,2022-04-13 15:33:00
REV-003454,ORD-007249,3,Buena calidad,,2022-02-02 12:37:00
REV-003455,ORD-013727,2,Mejor de lo esperado,Mejor de lo esperado,2024-03-23 01:06:00
REV-003456,ORD-010726,2,Muy bueno,,2021-08-24 17:44:00
REV-003457,ORD-001020,4,Regular,,2023-08-07 11:23:00
REV-003458,ORD-000484,4,Regular,Regular,2024-06-15 01:39:00
REV-003459,ORD-012080,1,Malo,Malo,2022-02-24 17:42:00
REV-003460,ORD-012828,2,Muy bueno,Muy bueno,2022-06-10 18:39:00
REV-003461,ORD-977790,2,No lo recomiendo,No lo recomiendo,2022-04-25 17:49:00
REV-003462,ORD-011030,5,Regular,Regular,2021-09-10 15:31:00
REV-003463,ORD-014458,5,OK,OK,2023-12-23 13:17:00
REV-003464,ORD-001326,2,Buena calidad,Buena calidad,2021-08-20 22:20:00
REV-003465,ORD-014523,4,Mejor de lo esperado,,2022-05-15 01:43:00
REV-003466,ORD-006182,4,Regular,Regular,2024-06-22 23:31:00
REV-003467,ORD-006768,2,Buena calidad,,2022-05-29 05:04:00
REV-003468,ORD-009836,2,Pesimo,Pesimo,2023-11-18 06:19:00
REV-003469,ORD-011961,2,No lo recomiendo,No lo recomiendo,2021-07-01 13:39:00
REV-003470,ORD-014034,4,Recomendado,,2023-06-02 17:41:00
REV-003471,ORD-003907,1,Pesimo,,2024-01-13 12:45:00
REV-003472,ORD-006584,3,Recomendado,Recomendado,2023-06-21 10:41:00
REV-003473,ORD-013943,4,Muy bueno,,2022-05-23 13:03:00
REV-003474,ORD-004460,3,Mejor de lo esperado,Mejor de lo esperado,2022-01-14 03:51:00
REV-003475,ORD-003936,5,Excelente producto,Excelente producto,2022-05-04 12:15:00
REV-003476,ORD-002587,4,Malo,Malo,2023-04-18 02:31:00
REV-003477,ORD-011533,2,Llego roto,Llego roto,2021-10-05 04:03:00
REV-003478,ORD-008537,1,,,2023-01-10 10:05:00
REV-003479,ORD-008703,1,Recomendado,Recomendado,2023-12-13 09:33:00
REV-003480,ORD-011783,1,Malo,,2022-08-24 17:23:00
REV-003481,ORD-011307,1,,,2023-09-07 11:57:00
REV-003482,ORD-008959,4,No lo recomiendo,No lo recomiendo,2021-05-28 07:16:00
REV-003483,ORD-009722,3,Muy bueno,Muy bueno,2024-02-19 01:34:00
REV-003484,ORD-002753,5,,,2023-10-31 20:28:00
REV-003485,ORD-000364,5,Regular,Regular,2023-04-15 01:13:00
REV-003486,ORD-006434,4,Regular,Regular,2023-05-27 21:06:00
REV-003487,ORD-013457,5,Regular,Regular,2023-11-11 09:57:00
REV-003488,ORD-007907,3,No lo recomiendo,No lo recomiendo,2021-12-01 11:28:00
REV-003489,ORD-001200,4,Muy bueno,Muy bueno,2021-05-21 11:19:00
REV-003490,ORD-003865,2,Regular,,2021-12-12 23:44:00
REV-003491,ORD-009309,5,Excelente producto,Excelente producto,2023-01-19 18:55:00
REV-003492,ORD-004961,4,Malo,Malo,2022-12-03 13:19:00
REV-003493,ORD-014624,4,Mejor de lo esperado,Mejor de lo esperado,2022-03-16 23:10:00
REV-003494,ORD-004268,3,Buena calidad,Buena calidad,2021-02-01 03:05:00
REV-003495,ORD-001357,5,Regular,,2024-02-18 02:53:00
REV-003496,ORD-013974,3,Cumple expectativas,,2022-07-10 20:13:00
REV-003497,ORD-009420,5,,,2023-06-10 03:02:00
REV-003498,ORD-012935,3,Mejor de lo esperado,,2021-06-03 10:41:00
REV-003499,ORD-012283,2,Pesimo,Pesimo,2022-04-03 14:04:00
REV-003500,ORD-004869,1,Recomendado,Recomendado,2023-09-03 13:54:00
REV-003501,ORD-011638,4,Cumple expectativas,Cumple expectativas,2022-10-27 17:07:00
REV-003502,ORD-008876,2,,,2024-03-03 21:07:00
REV-003503,ORD-006975,4,Mejor de lo esperado,Mejor de lo esperado,2022-04-10 10:41:00
REV-003504,ORD-007628,5,Cumple expectativas,,2021-05-19 20:07:00
REV-003505,ORD-014106,5,Buena calidad,,2022-12-03 12:46:00
REV-003506,ORD-000924,2,Muy bueno,Muy bueno,2022-06-06 14:25:00
REV-003507,ORD-006085,4,Excelente producto,,2023-09-15 18:57:00
REV-003508,ORD-003954,1,Llego roto,Llego roto,2024-05-24 15:04:00
REV-003509,ORD-012857,1,Excelente producto,,2022-01-15 16:59:00
REV-003510,ORD-007688,3,Cumple expectativas,,2021-07-08 23:26:00
REV-003511,ORD-002312,2,Buena calidad,Buena calidad,2022-09-28 10:13:00
REV-003512,ORD-007694,1,Regular,,2023-08-12 07:12:00
REV-003513,ORD-005163,4,Cumple expectativas,Cumple expectativas,2023-12-28 00:31:00
REV-003514,ORD-011836,2,Llego roto,Llego roto,2022-07-18 10:08:00
REV-003515,ORD-006219,4,Malo,Malo,2023-08-26 19:15:00
REV-003516,ORD-010563,5,Regular,Regular,2021-12-28 10:06:00
REV-003517,ORD-006921,1,Muy bueno,Muy bueno,2022-12-03 10:31:00
REV-003518,ORD-012935,3,No lo recomiendo,No lo recomiendo,2021-08-03 16:28:00
REV-003519,ORD-001019,4,OK,OK,2024-03-30 02:59:00
REV-003520,ORD-010508,2,Excelente producto,,2021-03-13 03:18:00
REV-003521,ORD-003847,3,Recomendado,Recomendado,2022-05-28 12:47:00
REV-003522,ORD-001977,3,,,2022-05-02 04:18:00
REV-003523,ORD-013498,1,Recomendado,,2022-04-27 06:45:00
REV-003524,ORD-005391,3,Llego roto,Llego roto,2021-05-08 06:51:00
REV-003525,ORD-013781,1,OK,,2021-09-05 06:08:00
REV-003526,ORD-003042,5,Regular,,2023-10-01 20:27:00
REV-003527,ORD-013741,2,Muy bueno,Muy bueno,2024-06-18 23:02:00
REV-003528,ORD-001464,5,OK,OK,2022-09-18 08:03:00
REV-003529,ORD-001027,4,Excelente producto,Excelente producto,2024-05-04 08:22:00
REV-003530,ORD-003470,5,Muy bueno,Muy bueno,2023-07-17 15:02:00
REV-003531,ORD-005699,3,Recomendado,,2024-06-16 06:42:00
REV-003532,ORD-013282,4,Cumple expectativas,,2023-04-28 04:08:00
REV-003533,ORD-014054,1,Mejor de lo esperado,,2021-04-05 02:35:00
REV-003534,ORD-000126,3,Llego roto,Llego roto,2024-06-13 15:45:00
REV-003535,ORD-013376,3,Excelente producto,,2021-12-17 01:10:00
REV-003536,ORD-003361,5,Recomendado,Recomendado,2021-03-12 11:58:00
REV-003537,ORD-005134,2,,,2023-08-22 21:48:00
REV-003538,ORD-008292,5,Buena calidad,Buena calidad,2022-11-19 00:33:00
REV-003539,ORD-003879,5,OK,OK,2023-08-06 14:19:00
REV-003540,ORD-006107,5,No lo recomiendo,,2021-08-27 16:28:00
REV-003541,ORD-004350,3,Buena calidad,Buena calidad,2021-06-07 05:19:00
REV-003542,ORD-004783,2,Mejor de lo esperado,Mejor de lo esperado,2021-08-30 18:40:00
REV-003543,ORD-006234,3,Excelente producto,,2023-03-01 15:12:00
REV-003544,ORD-000868,4,Llego roto,Llego roto,2021-02-20 22:25:00
REV-003545,ORD-006049,4,Malo,,2022-05-21 11:34:00
REV-003546,ORD-005314,5,,,2023-11-17 00:35:00
REV-003547,ORD-003345,4,Buena calidad,Buena calidad,2023-08-11 14:21:00
REV-003548,ORD-000838,0,Malo,Malo,2021-10-27 03:03:00
REV-003549,ORD-006087,4,No lo recomiendo,No lo recomiendo,2024-04-23 00:38:00
REV-003550,ORD-012182,3,Pesimo,,2022-04-28 05:52:00
REV-003551,ORD-001766,4,Malo,Malo,2022-07-13 23:06:00
REV-003552,ORD-012779,5,No lo recomiendo,No lo recomiendo,2022-10-09 17:56:00
REV-003553,ORD-006078,2,,,2022-08-18 05:40:00
REV-003554,ORD-005209,1,Excelente producto,Excelente producto,2022-05-01 08:53:00
REV-003555,ORD-005713,2,Excelente producto,,2023-08-11 12:49:00
REV-003556,ORD-008909,1,Recomendado,Recomendado,2022-11-07 01:40:00
REV-003557,ORD-010254,1,Regular,Regular,2022-12-05 13:53:00
REV-003558,ORD-010484,3,Buena calidad,Buena calidad,2022-02-08 06:36:00
REV-003559,ORD-012086,3,Excelente producto,,2024-04-26 12:57:00
REV-003560,ORD-011978,4,No lo recomiendo,,2021-06-08 09:59:00
REV-003561,ORD-009013,2,Excelente producto,Excelente producto,2022-08-06 13:22:00
REV-003562,ORD-011743,4,Mejor de lo esperado,Mejor de lo esperado,2021-03-18 13:44:00
REV-003563,ORD-005736,2,Regular,Regular,2023-11-08 07:09:00
REV-003564,ORD-002922,4,Recomendado,Recomendado,2023-06-25 05:11:00
REV-003565,ORD-002647,3,No lo recomiendo,,2022-02-28 16:26:00
REV-003566,ORD-000089,2,Llego roto,Llego roto,2022-12-08 14:21:00
REV-003567,ORD-005869,1,Cumple expectativas,,2023-08-05 08:11:00
REV-003568,ORD-002303,3,Mejor de lo esperado,,2023-12-19 13:50:00
REV-003569,ORD-003484,6,Llego roto,,2022-08-09 13:18:00
REV-003570,ORD-012902,3,Regular,,2022-08-15 14:15:00
REV-003571,ORD-010568,2,,,2024-02-12 22:35:00
REV-003572,ORD-009992,3,Cumple expectativas,,2021-06-09 13:25:00
REV-003573,ORD-012474,5,Malo,Malo,2021-02-17 23:51:00
REV-003574,ORD-008496,3,,,2021-06-15 11:11:00
REV-003575,ORD-010898,4,Muy bueno,,2022-10-04 01:04:00
REV-003576,ORD-002860,3,Malo,,2021-05-29 23:21:00
REV-003577,ORD-013543,4,Muy bueno,,2022-11-16 19:38:00
REV-003578,ORD-009081,3,No lo recomiendo,No lo recomiendo,2023-06-04 12:56:00
REV-003579,ORD-002881,5,Mejor de lo esperado,,2023-08-22 19:26:00
REV-003580,ORD-013214,5,Buena calidad,,2021-02-16 16:04:00
REV-003581,ORD-008312,1,,,2022-01-11 17:13:00
REV-003582,ORD-002412,3,Malo,,2021-12-12 20:23:00
REV-003583,ORD-010776,3,Mejor de lo esperado,Mejor de lo esperado,2024-06-16 02:29:00
REV-003584,ORD-014578,4,Excelente producto,Excelente producto,2021-08-09 23:29:00
REV-003585,ORD-003855,5,Muy bueno,Muy bueno,2023-05-24 08:49:00
REV-000717,ORD-013079,5,Regular,Regular,2022-12-02 17:10:00
REV-003587,ORD-008187,1,No lo recomiendo,,2021-02-05 04:15:00
REV-003588,ORD-012117,4,,,2022-05-16 07:03:00
REV-003589,ORD-001212,2,No lo recomiendo,No lo recomiendo,2021-09-11 06:43:00
REV-003590,ORD-005573,1,Llego roto,,2024-05-04 14:16:00
REV-003591,ORD-989913,5,OK,OK,2022-11-25 14:27:00
REV-003592,ORD-010293,1,OK,,2023-06-08 12:45:00
REV-003593,ORD-004018,4,Regular,,2022-12-27 15:12:00
REV-003594,ORD-009680,5,Excelente producto,,2022-05-30 09:38:00
REV-003595,ORD-014287,2,Buena calidad,,2024-04-13 17:40:00
REV-003596,ORD-009879,2,No lo recomiendo,,2024-04-11 18:16:00
REV-003597,ORD-006157,2,Pesimo,Pesimo,2024-03-20 04:49:00
REV-003598,ORD-009268,3,Cumple expectativas,Cumple expectativas,2021-04-07 04:44:00
REV-003599,ORD-005678,1,Mejor de lo esperado,Mejor de lo esperado,2024-01-07 12:03:00
REV-003600,ORD-013272,1,Cumple expectativas,Cumple expectativas,2023-02-19 22:42:00
REV-003601,ORD-011763,2,No lo recomiendo,,2022-12-09 05:53:00
REV-003602,ORD-005140,4,Pesimo,,2022-12-12 06:52:00
REV-003603,ORD-002212,2,Pesimo,Pesimo,2021-07-19 14:33:00
REV-003604,ORD-000328,4,Mejor de lo esperado,,2023-05-26 02:41:00
REV-003605,ORD-012774,1,Excelente producto,,2023-10-04 17:26:00
REV-003606,ORD-003753,1,Llego roto,Llego roto,2022-10-06 21:24:00
REV-003607,ORD-005909,4,Regular,Regular,2022-11-20 04:14:00
REV-003608,ORD-012372,5,Cumple expectativas,Cumple expectativas,2024-01-18 09:20:00
REV-003609,ORD-000629,1,Pesimo,,2021-03-29 13:50:00
REV-003610,ORD-010212,5,Excelente producto,,2021-06-15 11:44:00
REV-003611,ORD-010660,2,Regular,Regular,2021-06-04 09:05:00
REV-003612,ORD-000827,2,Excelente producto,Excelente producto,2022-02-21 14:59:00
REV-003613,ORD-001310,1,Excelente producto,Excelente producto,2024-02-25 06:53:00
REV-003614,ORD-009961,1,No lo recomiendo,,2021-07-13 10:10:00
REV-003615,ORD-922567,3,,,2021-07-20 14:27:00
REV-003616,ORD-005435,4,Muy bueno,,2022-10-05 16:09:00
REV-003617,ORD-003446,2,Excelente producto,,2023-01-27 08:06:00
REV-003618,ORD-006880,5,Cumple expectativas,,2021-02-27 13:40:00
REV-003619,ORD-006293,6,No lo recomiendo,,2023-03-05 21:44:00
REV-003620,ORD-013470,3,Llego roto,Llego roto,2023-10-06 00:40:00
REV-003621,ORD-004785,2,,,2021-03-24 17:23:00
REV-003622,ORD-000565,3,No lo recomiendo,No lo recomiendo,2023-02-24 19:13:00
REV-003623,ORD-010617,4,Excelente producto,Excelente producto,2024-04-02 23:50:00
REV-003624,ORD-004232,4,Pesimo,Pesimo,2023-07-22 20:35:00
REV-003625,ORD-002693,5,Recomendado,,2022-10-02 16:49:00
REV-003626,ORD-007861,2,Excelente producto,Excelente producto,2023-03-13 05:17:00
REV-003627,ORD-004516,4,OK,,2022-01-28 22:45:00
REV-003628,ORD-011573,3,Muy bueno,Muy bueno,2023-01-16 02:58:00
REV-003629,ORD-007401,5,Muy bueno,,2023-02-16 06:41:00
REV-003630,ORD-006360,5,OK,OK,2021-03-25 19:10:00
REV-003631,ORD-005693,4,No lo recomiendo,,2023-03-09 09:30:00
REV-003632,ORD-004984,2,Cumple expectativas,Cumple expectativas,2022-04-23 18:13:00
REV-003633,ORD-000826,4,Pesimo,Pesimo,2023-12-24 03:17:00
REV-003634,ORD-013614,2,,,2024-02-12 23:36:00
REV-003635,ORD-004813,5,Llego roto,,2021-11-06 19:41:00
REV-003636,ORD-014584,5,OK,,2024-06-05 05:07:00
REV-003637,ORD-005067,3,Malo,Malo,2024-05-02 01:06:00
REV-003638,ORD-005866,4,Cumple expectativas,Cumple expectativas,2023-06-01 08:46:00
REV-003639,ORD-007800,2,Cumple expectativas,,2022-07-16 03:24:00
REV-003640,ORD-002637,3,Recomendado,,2021-10-03 15:37:00
REV-003641,ORD-005211,2,No lo recomiendo,No lo recomiendo,2024-01-12 04:08:00
REV-003642,ORD-011426,1,,,2023-01-30 17:28:00
REV-003643,ORD-013835,2,Mejor de lo esperado,Mejor de lo esperado,2024-03-16 12:40:00
REV-003644,ORD-008847,5,,,2023-10-02 23:37:00
REV-003645,ORD-014551,4,Cumple expectativas,Cumple expectativas,2021-03-29 04:09:00
REV-003646,ORD-011204,5,OK,OK,2021-03-01 01:04:00
REV-003647,ORD-006024,2,Excelente producto,Excelente producto,2022-06-22 00:50:00
REV-003648,ORD-009195,1,Muy bueno,Muy bueno,2022-08-27 16:15:00
REV-003649,ORD-005105,5,Malo,Malo,2021-04-03 14:39:00
REV-003650,ORD-003773,3,Buena calidad,Buena calidad,2024-04-07 09:31:00
REV-003651,ORD-009657,3,Buena calidad,Buena calidad,2023-02-13 18:18:00
REV-003652,ORD-009065,,Cumple expectativas,Cumple expectativas,2023-02-11 14:37:00
REV-003653,ORD-014547,4,No lo recomiendo,No lo recomiendo,2022-10-18 00:04:00
REV-003654,ORD-013962,3,OK,,2024-01-11 12:39:00
REV-002427,ORD-000153,5,Cumple expectativas,Cumple expectativas,2022-12-23 02:34:00
REV-003656,ORD-004795,3,Cumple expectativas,Cumple expectativas,2024-05-15 17:36:00
REV-003657,ORD-003012,3,Llego roto,Llego roto,2022-06-24 22:26:00
REV-003658,ORD-012592,5,,,2024-01-30 02:16:00
REV-003659,ORD-003360,2,Cumple expectativas,Cumple expectativas,2021-10-27 18:26:00
REV-003660,ORD-010405,1,Llego roto,Llego roto,2023-09-08 09:54:00
REV-003661,ORD-009764,3,Excelente producto,,2021-08-18 23:58:00
REV-003662,ORD-002720,5,Recomendado,Recomendado,2023-03-06 02:45:00
REV-003663,ORD-007256,1,Muy bueno,Muy bueno,2021-03-25 19:22:00
REV-003664,ORD-009614,1,OK,,2023-10-09 16:18:00
REV-001222,ORD-010030,1,Muy bueno,,2022-03-27 14:06:00
REV-003666,ORD-988347,3,Llego roto,,2021-06-18 02:53:00
REV-003667,ORD-000554,5,Buena calidad,Buena calidad,2023-10-03 02:42:00
REV-003668,ORD-008480,3,Pesimo,Pesimo,2022-03-02 13:27:00
REV-003669,ORD-011170,4,Pesimo,Pesimo,2024-05-13 09:48:00
REV-003670,ORD-010035,2,Regular,Regular,2024-03-31 12:18:00
REV-003671,ORD-002013,2,Muy bueno,,2021-11-26 06:00:00
REV-003672,ORD-010873,1,Mejor de lo esperado,Mejor de lo esperado,2022-06-02 18:44:00
REV-003673,ORD-008253,3,Buena calidad,Buena calidad,2023-07-30 14:26:00
REV-003674,ORD-010032,4,No lo recomiendo,,2023-01-26 23:43:00
REV-003675,ORD-008090,3,Mejor de lo esperado,Mejor de lo esperado,2021-07-04 09:58:00
REV-003676,ORD-002813,2,Buena calidad,Buena calidad,2024-04-03 23:51:00
REV-003677,ORD-013659,1,Muy bueno,Muy bueno,2021-04-11 19:23:00
REV-003678,ORD-005207,5,Buena calidad,Buena calidad,2023-05-17 00:21:00
REV-003679,ORD-001042,1,Regular,,2022-11-03 12:39:00
REV-003680,ORD-010885,3,Cumple expectativas,Cumple expectativas,2022-04-30 03:53:00
REV-003681,ORD-014265,-1,Muy bueno,,2021-03-04 07:40:00
REV-003682,ORD-013058,5,Malo,Malo,2021-08-10 13:51:00
REV-003683,ORD-013501,3,Malo,Malo,2023-09-20 00:34:00
REV-003684,ORD-000733,2,Pesimo,,2022-01-17 00:53:00
REV-003685,ORD-008127,2,No lo recomiendo,No lo recomiendo,2023-07-31 13:01:00
REV-003686,ORD-014790,4,Malo,Malo,2023-10-22 17:50:00
REV-003687,ORD-004028,3,Pesimo,Pesimo,2023-04-16 11:46:00
REV-003688,ORD-004024,1,Excelente producto,,2021-05-29 02:57:00
REV-003689,ORD-009921,2,OK,OK,2022-06-05 10:21:00
REV-003690,ORD-000099,2,Excelente producto,,2021-02-01 12:02:00
REV-003691,ORD-002895,1,OK,OK,2021-09-14 23:03:00
REV-003692,ORD-007714,4,Excelente producto,,2022-07-03 12:56:00
REV-003693,ORD-013928,5,Llego roto,Llego roto,2022-09-02 16:42:00
REV-003694,ORD-014485,4,Malo,,2022-05-27 22:21:00
REV-003695,ORD-004394,2,Malo,,2023-12-13 22:23:00
REV-003696,ORD-003486,5,Muy bueno,,2023-06-15 07:35:00
REV-003697,ORD-001281,1,Pesimo,Pesimo,2023-11-15 20:29:00
REV-003698,ORD-010552,2,Recomendado,Recomendado,2023-08-27 09:53:00
REV-003699,ORD-003577,4,Buena calidad,Buena calidad,2021-08-04 20:43:00
REV-003700,ORD-007250,1,Mejor de lo esperado,,2023-12-19 06:02:00
REV-003701,ORD-006843,3,Buena calidad,Buena calidad,2024-04-06 04:32:00
REV-001928,ORD-001350,3,No lo recomiendo,,2024-04-27 01:42:00
REV-003703,ORD-001074,5,Cumple expectativas,,2021-12-07 17:28:00
REV-003704,ORD-014583,1,OK,OK,2021-06-21 07:35:00
REV-003705,ORD-004977,2,OK,OK,2021-10-04 19:17:00
REV-003706,ORD-009479,1,OK,OK,2023-06-17 05:49:00
REV-003707,ORD-008609,4,Cumple expectativas,,2023-01-08 20:15:00
REV-003708,ORD-007749,5,Excelente producto,,2023-11-07 15:06:00
REV-003709,ORD-001471,4,Mejor de lo esperado,Mejor de lo esperado,2022-07-10 22:04:00
REV-003710,ORD-012692,2,No lo recomiendo,,2021-12-04 22:54:00
REV-003711,ORD-001669,3,OK,OK,2024-04-28 03:16:00
REV-003712,ORD-004704,5,Llego roto,,2024-05-27 03:06:00
REV-003713,ORD-000934,3,Buena calidad,Buena calidad,2023-12-29 16:49:00
REV-003714,ORD-012511,2,Excelente producto,,2023-10-16 00:41:00
REV-003715,ORD-012463,5,Mejor de lo esperado,Mejor de lo esperado,2023-05-19 21:44:00
REV-003716,ORD-000397,4,,,2021-04-24 03:42:00
REV-003717,ORD-006722,0,Pesimo,Pesimo,2023-03-18 03:44:00
REV-003718,ORD-001583,4,Mejor de lo esperado,Mejor de lo esperado,2023-08-12 23:32:00
REV-003719,ORD-008720,1,Pesimo,,2022-10-27 19:14:00
REV-003720,ORD-004364,1,OK,OK,2021-04-18 11:30:00
REV-003721,ORD-014431,4,Mejor de lo esperado,,2021-04-05 22:10:00
REV-003722,ORD-010967,5,Buena calidad,Buena calidad,2021-04-30 19:29:00
REV-003723,ORD-010575,5,Muy bueno,,2022-04-22 13:32:00
REV-003724,ORD-001805,2,Pesimo,Pesimo,2021-02-21 06:41:00
REV-003725,ORD-006117,5,Regular,Regular,2022-12-07 08:07:00
REV-003726,ORD-004955,5,No lo recomiendo,No lo recomiendo,2021-11-20 00:46:00
REV-003727,ORD-001190,1,No lo recomiendo,No lo recomiendo,2021-02-13 04:50:00
REV-003728,ORD-000110,4,OK,,2022-12-30 08:00:00
REV-003729,ORD-012727,2,Cumple expectativas,Cumple expectativas,2024-01-02 17:21:00
REV-003730,ORD-004468,2,Malo,Malo,2023-07-24 10:07:00
REV-003731,ORD-001346,1,Excelente producto,,2022-02-13 22:21:00
REV-003732,ORD-010369,1,Llego roto,Llego roto,2021-08-19 03:41:00
REV-003733,ORD-008115,3,,,2023-12-26 23:10:00
REV-003734,ORD-007063,1,Buena calidad,Buena calidad,2021-05-17 21:36:00
REV-003735,ORD-012583,1,Cumple expectativas,Cumple expectativas,2023-02-12 03:10:00
REV-003736,ORD-000667,3,Cumple expectativas,,2023-10-29 01:10:00
REV-003737,ORD-000444,3,Recomendado,,2021-06-19 19:23:00
REV-003738,ORD-006828,3,No lo recomiendo,No lo recomiendo,2022-08-18 21:27:00
REV-003739,ORD-006379,4,Buena calidad,Buena calidad,2023-03-02 21:37:00
REV-003740,ORD-014287,5,Mejor de lo esperado,Mejor de lo esperado,2024-02-21 04:00:00
REV-003741,ORD-000576,1,No lo recomiendo,,2022-02-04 03:58:00
REV-003742,ORD-009150,3,Recomendado,Recomendado,2023-11-16 15:20:00
REV-003743,ORD-010411,5,Malo,,2024-02-22 08:51:00
REV-003744,ORD-000149,5,Recomendado,,2024-02-01 11:15:00
REV-003745,ORD-001273,3,Muy bueno,Muy bueno,2024-06-23 14:00:00
REV-003746,ORD-007865,1,Muy bueno,,2022-06-08 10:13:00
REV-003747,ORD-003320,2,Regular,Regular,2021-06-01 19:05:00
REV-003748,ORD-014375,2,OK,OK,2024-04-17 19:06:00
REV-003749,ORD-007800,1,Regular,Regular,2022-11-22 10:52:00
REV-003750,ORD-000291,3,Cumple expectativas,,2023-06-02 20:54:00
REV-003751,ORD-008960,4,Excelente producto,Excelente producto,2021-09-23 21:05:00
REV-003752,ORD-013237,4,No lo recomiendo,,2024-04-20 07:05:00
REV-003753,ORD-008535,2,Pesimo,Pesimo,2021-09-30 11:59:00
REV-003754,ORD-002369,2,Muy bueno,Muy bueno,2023-06-05 22:21:00
REV-003755,ORD-000714,1,Muy bueno,Muy bueno,2023-10-24 00:08:00
REV-003756,ORD-012458,2,Malo,,2023-06-26 02:33:00
REV-003757,ORD-000724,1,,,2021-12-18 17:20:00
REV-003758,ORD-010013,1,Malo,Malo,2022-08-09 11:43:00
REV-003759,ORD-008832,1,Excelente producto,,2023-06-27 18:14:00
REV-003760,ORD-004794,2,Muy bueno,Muy bueno,2021-12-07 13:48:00
REV-003761,ORD-011813,3,Cumple expectativas,Cumple expectativas,2024-05-30 12:26:00
REV-003762,ORD-007478,4,No lo recomiendo,No lo recomiendo,2023-07-02 22:34:00
REV-003763,ORD-012572,2,Muy bueno,Muy bueno,2021-07-26 09:30:00
REV-003764,ORD-013938,3,,,2023-02-16 14:00:00
REV-003765,ORD-010797,2,Regular,Regular,2021-07-13 04:38:00
REV-003766,ORD-007035,4,Cumple expectativas,,2022-10-30 16:58:00
REV-003767,ORD-014148,4,No lo recomiendo,No lo recomiendo,2023-05-19 12:51:00
REV-003768,ORD-005070,4,OK,OK,2021-11-05 19:17:00
REV-003769,ORD-003994,5,Recomendado,Recomendado,2022-11-16 21:59:00
REV-003770,ORD-005365,5,Regular,Regular,2022-02-13 09:05:00
REV-003771,ORD-000958,5,Malo,Malo,2023-12-12 18:42:00
REV-003772,ORD-002752,3,Recomendado,Recomendado,2024-04-19 09:10:00
REV-003773,ORD-014515,5,Pesimo,Pesimo,2021-02-14 15:42:00
REV-003774,ORD-008988,4,Cumple expectativas,Cumple expectativas,2022-06-24 13:48:00
REV-003775,ORD-000893,1,,,2023-11-18 07:49:00
REV-003776,ORD-004606,1,Cumple expectativas,,2023-01-18 18:58:00
REV-003777,ORD-010476,2,Mejor de lo esperado,,2023-10-19 14:24:00
REV-003778,ORD-005158,3,,,2023-08-02 23:32:00
REV-003779,ORD-009216,5,Excelente producto,Excelente producto,2023-09-30 18:26:00
REV-003780,ORD-005075,4,Regular,,2023-09-27 08:04:00
REV-003781,ORD-941393,3,Pesimo,Pesimo,2021-06-10 22:47:00
REV-003782,ORD-005072,4,Buena calidad,Buena calidad,2022-05-29 14:35:00
REV-003783,ORD-000983,-1,OK,,2023-12-25 00:11:00
REV-003784,ORD-002444,1,,,2021-10-19 12:53:00
REV-003785,ORD-007305,1,Regular,Regular,2022-10-05 07:22:00
REV-003786,ORD-007383,3,Malo,Malo,2023-01-19 18:10:00
REV-003787,ORD-007769,4,Muy bueno,,2023-02-17 19:07:00
REV-003788,ORD-014367,1,Excelente producto,Excelente producto,2021-04-02 19:16:00
REV-003789,ORD-006265,4,Llego roto,,2021-12-18 23:41:00
REV-003790,ORD-002402,5,OK,OK,2021-04-23 14:21:00
REV-003791,ORD-002727,-1,Muy bueno,Muy bueno,2022-05-18 21:43:00
REV-003792,ORD-011434,4,Excelente producto,Excelente producto,2024-05-09 04:08:00
REV-003793,ORD-004929,4,Malo,Malo,2024-06-09 06:42:00
REV-003794,ORD-011458,3,Mejor de lo esperado,,2021-10-30 20:29:00
REV-003795,ORD-007342,3,,,2021-08-07 18:47:00
REV-003796,ORD-013819,2,Excelente producto,,2023-08-09 06:17:00
REV-003797,ORD-004602,4,Regular,Regular,2021-03-28 22:34:00
REV-003798,ORD-001634,5,OK,OK,2021-10-06 07:42:00
REV-003799,ORD-005918,1,Muy bueno,Muy bueno,2023-11-23 14:27:00
REV-003800,ORD-007875,3,Mejor de lo esperado,Mejor de lo esperado,2024-03-20 13:33:00
REV-003801,ORD-003384,4,Llego roto,Llego roto,2023-04-15 13:55:00
REV-003802,ORD-006338,1,Muy bueno,Muy bueno,2021-07-23 03:32:00
REV-003803,ORD-010704,1,OK,OK,2022-11-25 06:34:00
REV-003804,ORD-007202,4,Mejor de lo esperado,,2023-08-02 22:20:00
REV-003805,ORD-013007,3,Buena calidad,Buena calidad,2022-09-24 20:36:00
REV-003806,ORD-014244,1,Muy bueno,,2022-10-28 18:53:00
REV-003807,ORD-012738,3,OK,OK,2021-03-19 15:44:00
REV-003808,ORD-006731,1,Excelente producto,Excelente producto,2021-04-17 06:54:00
REV-003809,ORD-004403,2,Buena calidad,Buena calidad,2022-03-01 07:59:00
REV-003810,ORD-009468,3,Llego roto,,2021-05-15 00:46:00
REV-003811,ORD-011268,3,,,2021-08-18 02:54:00
REV-003812,ORD-003653,2,Regular,,2021-06-24 21:53:00
REV-003813,ORD-014310,5,Llego roto,,2022-06-18 22:01:00
REV-003814,ORD-000720,4,Mejor de lo esperado,Mejor de lo esperado,2023-10-29 16:00:00
REV-003815,ORD-014450,4,OK,,2023-11-11 16:09:00
REV-003816,ORD-006663,3,Cumple expectativas,Cumple expectativas,2024-02-19 19:57:00
REV-003817,ORD-009303,2,Recomendado,Recomendado,2023-02-12 14:41:00
REV-003818,ORD-001887,1,Recomendado,,2021-09-23 04:56:00
REV-003819,ORD-004153,4,Recomendado,Recomendado,2023-03-19 20:05:00
REV-003820,ORD-004181,2,Muy bueno,,2023-10-17 11:33:00
REV-003821,ORD-006342,5,,,2021-03-02 21:43:00
REV-003822,ORD-005017,10,Llego roto,Llego roto,2023-08-07 14:07:00
REV-003823,ORD-004194,2,OK,,2022-11-21 22:01:00
REV-003824,ORD-006331,1,,,2021-09-13 10:37:00
REV-003825,ORD-004221,3,Cumple expectativas,Cumple expectativas,2023-06-12 09:43:00
REV-003826,ORD-007889,5,Regular,Regular,2021-07-12 22:13:00
REV-003827,ORD-009963,1,No lo recomiendo,,2022-03-14 05:05:00
REV-003828,ORD-011617,3,Cumple expectativas,Cumple expectativas,2021-08-09 04:11:00
REV-003829,ORD-014392,1,,,2024-02-09 23:12:00
REV-003830,ORD-011149,5,OK,OK,2022-01-13 02:33:00
REV-003831,ORD-007455,5,Llego roto,,2022-07-09 20:58:00
REV-003832,ORD-008767,3,OK,OK,2023-01-26 12:40:00
REV-003833,ORD-000492,5,Regular,Regular,2022-12-14 07:09:00
REV-003834,ORD-007726,1,Pesimo,Pesimo,2024-04-23 05:31:00
REV-003835,ORD-007705,2,Buena calidad,Buena calidad,2023-10-22 22:05:00
REV-003836,ORD-014286,3,Cumple expectativas,,2024-01-31 04:27:00
REV-003837,ORD-013713,5,Mejor de lo esperado,Mejor de lo esperado,2021-09-18 00:58:00
REV-003838,ORD-008380,5,Recomendado,Recomendado,2022-09-02 10:45:00
REV-003839,ORD-013018,4,Recomendado,,2022-11-06 03:16:00
REV-003840,ORD-012600,1,Excelente producto,Excelente producto,2024-06-09 17:24:00
REV-003841,ORD-001269,5,Regular,Regular,2023-05-31 23:06:00
REV-003842,ORD-005944,4,Muy bueno,Muy bueno,2023-03-05 00:01:00
REV-003843,ORD-001542,4,No lo recomiendo,No lo recomiendo,2021-03-15 02:02:00
REV-003844,ORD-005909,4,Muy bueno,,2022-09-23 06:56:00
REV-003845,ORD-903855,2,Muy bueno,Muy bueno,2024-06-29 07:19:00
REV-003846,ORD-009245,1,OK,OK,2021-04-10 23:27:00
REV-003847,ORD-007273,3,Cumple expectativas,Cumple expectativas,2024-06-18 11:31:00
REV-003848,ORD-000838,2,Malo,Malo,2023-03-13 22:50:00
REV-003849,ORD-014115,3,Mejor de lo esperado,Mejor de lo esperado,2024-01-01 14:55:00
REV-003850,ORD-005610,1,,,2021-04-05 14:33:00
REV-003851,ORD-001404,5,Recomendado,Recomendado,2022-11-02 00:24:00
REV-003852,ORD-006850,1,Cumple expectativas,,2024-01-21 09:22:00
REV-003853,ORD-008260,1,No lo recomiendo,No lo recomiendo,2023-11-27 18:10:00
REV-003854,ORD-012098,2,Recomendado,Recomendado,2023-03-30 08:52:00
REV-003855,ORD-011639,3,,,2023-12-22 17:04:00
REV-003856,ORD-003180,4,Excelente producto,Excelente producto,2022-06-08 00:36:00
REV-003857,ORD-014847,3,Malo,Malo,2024-06-28 03:01:00
REV-003858,ORD-008017,2,Buena calidad,Buena calidad,2024-01-26 23:56:00
REV-003859,ORD-009952,1,Muy bueno,,2022-09-23 19:18:00
REV-003860,ORD-005799,5,No lo recomiendo,,2023-05-10 12:38:00
REV-003861,ORD-014373,4,No lo recomiendo,,2022-11-08 13:45:00
REV-003862,ORD-010595,2,Malo,Malo,2023-07-04 13:36:00
REV-003863,ORD-009770,1,Pesimo,Pesimo,2022-03-07 09:14:00
REV-003864,ORD-012609,5,Malo,,2023-02-18 14:38:00
REV-003865,ORD-003407,3,Malo,,2022-10-26 01:29:00
REV-003866,ORD-005406,1,Pesimo,Pesimo,2023-05-12 10:39:00
REV-003867,ORD-006463,4,Malo,Malo,2022-10-31 03:19:00
REV-003868,ORD-009391,2,Buena calidad,Buena calidad,2023-06-13 11:04:00
REV-003869,ORD-011654,3,Mejor de lo esperado,,2024-03-17 21:22:00
REV-003870,ORD-010352,4,Cumple expectativas,Cumple expectativas,2022-05-07 03:36:00
REV-003871,ORD-007209,4,Malo,Malo,2024-04-12 17:01:00
REV-003872,ORD-005422,10,Recomendado,,2022-09-10 09:37:00
REV-003873,ORD-012950,5,Regular,Regular,2023-08-28 08:23:00
REV-003874,ORD-014049,1,Malo,,2022-01-02 00:33:00
REV-003875,ORD-003190,5,Regular,Regular,2024-03-29 01:07:00
REV-003876,ORD-001392,2,OK,OK,2021-06-23 21:50:00
REV-003877,ORD-008719,3,Muy bueno,Muy bueno,2024-06-18 08:03:00
REV-003878,ORD-002516,3,Malo,Malo,2023-09-12 23:49:00
REV-003879,ORD-005071,4,Excelente producto,Excelente producto,2023-10-23 00:06:00
REV-003880,ORD-006749,3,OK,OK,2022-05-02 15:43:00
REV-003881,ORD-003145,3,Buena calidad,,2023-02-19 06:00:00
REV-003882,ORD-009044,5,No lo recomiendo,,2021-05-01 06:34:00
REV-003883,ORD-006824,3,Recomendado,,2021-02-19 14:46:00
REV-003884,ORD-007094,,Regular,Regular,2023-09-22 08:10:00
REV-003885,ORD-000160,3,Excelente producto,,2023-05-27 01:37:00
REV-003886,ORD-004154,5,Buena calidad,,2022-12-16 07:21:00
REV-003887,ORD-013581,1,,,2023-03-27 11:12:00
REV-003888,ORD-007265,4,,,2021-07-22 17:19:00
REV-003889,ORD-008906,2,Regular,Regular,2021-08-03 14:26:00
REV-003890,ORD-003979,2,Excelente producto,Excelente producto,2022-09-27 14:04:00
REV-003891,ORD-011842,3,OK,OK,2021-09-05 15:43:00
REV-003892,ORD-003011,,Buena calidad,Buena calidad,2022-11-26 08:05:00
REV-003893,ORD-010941,5,Llego roto,Llego roto,2022-06-15 09:49:00
REV-003894,ORD-005112,3,No lo recomiendo,No lo recomiendo,2021-09-20 00:27:00
REV-003895,ORD-005573,2,Cumple expectativas,Cumple expectativas,2022-06-27 14:03:00
REV-003896,ORD-004993,3,Pesimo,Pesimo,2023-11-19 18:12:00
REV-003897,ORD-009995,2,No lo recomiendo,No lo recomiendo,2021-09-16 14:46:00
REV-003898,ORD-009747,5,Recomendado,Recomendado,2021-04-16 10:17:00
REV-003899,ORD-000227,2,Pesimo,,2022-11-05 19:59:00
REV-003900,ORD-001070,4,Llego roto,Llego roto,2022-07-29 13:10:00
REV-003901,ORD-002096,1,,,2022-09-17 17:17:00
REV-003902,ORD-002806,5,Recomendado,Recomendado,2022-04-05 12:09:00
REV-003903,ORD-011602,5,No lo recomiendo,No lo recomiendo,2022-01-18 11:46:00
REV-003904,ORD-011688,2,OK,,2024-03-04 21:30:00
REV-003905,ORD-006581,0,Llego roto,,2024-06-19 05:04:00
REV-003906,ORD-013155,2,OK,,2021-10-18 13:57:00
REV-003907,ORD-013621,3,Recomendado,,2022-08-31 21:08:00
REV-003908,ORD-007936,0,Pesimo,,2023-06-08 09:45:00
REV-003909,ORD-014948,1,Pesimo,,2022-09-28 09:03:00
REV-003910,ORD-011479,3,Mejor de lo esperado,Mejor de lo esperado,2022-07-12 07:17:00
REV-003911,ORD-965539,2,Malo,Malo,2021-09-16 08:39:00
REV-003912,ORD-011491,4,Recomendado,Recomendado,2021-04-01 20:27:00
REV-003913,ORD-006500,1,Regular,Regular,2024-04-23 20:46:00
REV-003914,ORD-010337,4,Malo,Malo,2022-10-08 18:14:00
REV-003915,ORD-012983,3,Mejor de lo esperado,,2022-10-25 00:17:00
REV-003916,ORD-002865,4,Muy bueno,Muy bueno,2022-09-28 22:30:00
REV-003917,ORD-005339,5,Buena calidad,,2021-05-02 07:35:00
REV-003918,ORD-012518,1,Buena calidad,Buena calidad,2023-03-06 22:39:00
REV-003919,ORD-008574,2,Mejor de lo esperado,Mejor de lo esperado,2023-10-05 19:02:00
REV-003920,ORD-007792,4,Recomendado,,2021-09-21 16:43:00
REV-003921,ORD-010019,3,Cumple expectativas,Cumple expectativas,2021-08-02 14:14:00
REV-003922,ORD-000313,2,Mejor de lo esperado,,2024-05-31 18:58:00
REV-003923,ORD-001637,5,,,2024-04-25 14:26:00
REV-003924,ORD-014703,4,No lo recomiendo,No lo recomiendo,2023-11-28 00:36:00
REV-003925,ORD-005468,3,Excelente producto,Excelente producto,2021-09-19 19:07:00
REV-003926,ORD-005222,5,Llego roto,Llego roto,2023-03-14 11:42:00
REV-003927,ORD-002875,4,Malo,Malo,2021-10-24 14:01:00
REV-003928,ORD-002814,1,Cumple expectativas,,2023-11-18 00:27:00
REV-003929,ORD-008297,2,Pesimo,,2021-07-07 05:31:00
REV-003930,ORD-004101,2,OK,OK,2023-05-23 21:55:00
REV-003931,ORD-005130,5,Regular,,2021-04-06 01:38:00
REV-003932,ORD-005585,6,Malo,,2022-08-15 00:37:00
REV-003933,ORD-008978,3,Recomendado,Recomendado,2021-07-29 23:33:00
REV-003934,ORD-012507,3,Buena calidad,,2023-08-29 16:43:00
REV-003935,ORD-000763,3,Cumple expectativas,,2024-01-28 03:46:00
REV-003936,ORD-004851,3,OK,OK,2022-02-13 12:40:00
REV-003937,ORD-010815,3,,,2021-02-07 09:40:00
REV-003938,ORD-011010,1,Muy bueno,Muy bueno,2023-03-01 17:22:00
REV-003939,ORD-003047,5,Recomendado,Recomendado,2024-02-12 11:50:00
REV-003940,ORD-000083,2,Regular,Regular,2022-01-28 09:34:00
REV-003941,ORD-010217,3,Regular,Regular,2021-05-13 03:55:00
REV-003942,ORD-002819,3,Malo,Malo,2024-03-03 01:11:00
REV-003943,ORD-006329,5,,,2023-11-20 04:56:00
REV-003944,ORD-000044,5,Llego roto,Llego roto,2022-10-02 19:04:00
REV-003945,ORD-009654,,Llego roto,Llego roto,2023-10-15 11:07:00
REV-003946,ORD-013884,3,,,2023-12-15 11:40:00
REV-003947,ORD-005350,3,Pesimo,,2022-03-10 23:37:00
REV-003948,ORD-005120,3,Excelente producto,,2023-05-11 21:41:00
REV-003949,ORD-003178,2,Mejor de lo esperado,,2024-05-23 06:32:00
REV-003950,ORD-002355,3,,,2024-04-27 11:29:00
REV-003951,ORD-007689,1,No lo recomiendo,No lo recomiendo,2022-05-04 06:07:00
REV-003952,ORD-002737,4,Llego roto,,2021-04-22 20:08:00
REV-003953,ORD-014154,2,Pesimo,Pesimo,2022-01-15 11:46:00
REV-003954,ORD-001594,4,Muy bueno,Muy bueno,2022-10-20 16:47:00
REV-003955,ORD-011924,3,Muy bueno,Muy bueno,2021-05-30 15:52:00
REV-003956,ORD-003555,2,Muy bueno,Muy bueno,2022-04-08 06:13:00
REV-003957,ORD-007872,3,Malo,Malo,2022-03-01 14:00:00
REV-003958,ORD-001630,3,Cumple expectativas,Cumple expectativas,2023-03-14 02:26:00
REV-003959,ORD-012759,2,OK,OK,2022-01-27 16:31:00
REV-003960,ORD-011754,2,Mejor de lo esperado,Mejor de lo esperado,2021-09-22 23:56:00
REV-003961,ORD-011619,1,OK,OK,2021-11-13 13:46:00
REV-003005,ORD-004008,5,Buena calidad,Buena calidad,2023-08-14 19:27:00
REV-003963,ORD-014526,2,Muy bueno,Muy bueno,2023-04-10 01:42:00
REV-003964,ORD-008180,2,Pesimo,Pesimo,2022-04-13 07:42:00
REV-003965,ORD-000199,1,Pesimo,Pesimo,2024-04-17 06:11:00
REV-003966,ORD-002708,3,Excelente producto,Excelente producto,2023-10-16 19:45:00
REV-003967,ORD-014710,4,Excelente producto,,2023-06-20 22:00:00
REV-003968,ORD-014783,2,Mejor de lo esperado,,2023-02-07 12:47:00
REV-003969,ORD-011179,5,Excelente producto,,2021-03-09 11:56:00
REV-003970,ORD-013540,4,Llego roto,Llego roto,2022-06-16 22:08:00
REV-003971,ORD-010133,3,Llego roto,Llego roto,2021-05-27 04:01:00
REV-003972,ORD-005750,4,Buena calidad,Buena calidad,2024-05-25 11:23:00
REV-003973,ORD-009961,2,Buena calidad,Buena calidad,2023-02-18 19:11:00
REV-003974,ORD-000919,5,Buena calidad,,2024-04-23 05:46:00
REV-003975,ORD-007942,1,Pesimo,Pesimo,2023-08-17 14:34:00
REV-003976,ORD-007560,2,,,2024-03-30 09:57:00
REV-003977,ORD-009338,1,Mejor de lo esperado,,2021-10-06 06:25:00
REV-003978,ORD-003797,2,Llego roto,Llego roto,2021-06-05 10:26:00
REV-003979,ORD-007014,4,OK,OK,2023-12-12 01:08:00
REV-003980,ORD-010567,6,Llego roto,Llego roto,2021-04-26 11:45:00
REV-003981,ORD-012666,1,Muy bueno,,2021-09-01 22:06:00
REV-003982,ORD-012317,5,Excelente producto,Excelente producto,2023-09-17 21:45:00
REV-003983,ORD-010369,4,Regular,Regular,2022-08-21 10:28:00
REV-003984,ORD-011469,3,Cumple expectativas,Cumple expectativas,2022-11-26 15:01:00
REV-003985,ORD-006583,1,Excelente producto,,2023-11-15 06:04:00
REV-003986,ORD-008548,5,Excelente producto,Excelente producto,2023-09-19 07:13:00
REV-003987,ORD-000684,2,Malo,Malo,2024-01-11 01:26:00
REV-003988,ORD-001796,4,Cumple expectativas,Cumple expectativas,2022-02-23 10:31:00
REV-003989,ORD-007318,1,Llego roto,Llego roto,2022-08-01 07:11:00
REV-003990,ORD-012347,4,Regular,Regular,2024-03-26 06:03:00
REV-003991,ORD-009071,4,Pesimo,,2023-06-24 08:32:00
REV-003992,ORD-990176,3,Mejor de lo esperado,Mejor de lo esperado,2024-01-19 04:12:00
REV-003993,ORD-011694,4,Excelente producto,,2022-03-25 21:01:00
REV-003994,ORD-007398,5,Cumple expectativas,,2023-09-30 21:53:00
REV-003995,ORD-005503,2,Llego roto,,2023-08-12 17:09:00
REV-003996,ORD-003851,1,No lo recomiendo,,2023-08-11 02:46:00
REV-003997,ORD-008572,2,Pesimo,Pesimo,2021-03-03 13:28:00
REV-003998,ORD-013995,2,Regular,,2024-02-09 03:57:00
REV-003999,ORD-013526,2,Cumple expectativas,Cumple expectativas,2022-03-17 05:45:00
REV-004000,ORD-010897,1,Mejor de lo esperado,Mejor de lo esperado,2023-01-09 08:22:00
REV-004001,ORD-012649,3,Buena calidad,,2023-05-24 06:03:00
REV-004002,ORD-003683,5,Malo,,2023-07-14 19:41:00
REV-004003,ORD-011666,2,Recomendado,,2022-02-22 11:58:00
REV-004004,ORD-009639,4,OK,OK,2023-09-13 14:42:00
REV-004005,ORD-009909,2,Llego roto,Llego roto,2021-11-30 02:50:00
REV-004006,ORD-000963,3,,,2022-01-08 22:19:00
REV-004007,ORD-003295,1,,,2023-09-04 05:37:00
REV-004008,ORD-014252,6,Malo,Malo,2024-01-11 06:53:00
REV-004009,ORD-006315,5,Mejor de lo esperado,,2022-10-03 20:47:00
REV-004010,ORD-001541,2,No lo recomiendo,,2021-11-14 19:56:00
REV-004011,ORD-002113,3,No lo recomiendo,No lo recomiendo,2022-01-20 17:37:00
REV-004012,ORD-012570,3,Buena calidad,,2022-11-27 09:26:00
REV-004013,ORD-000874,4,Llego roto,Llego roto,2022-05-17 04:08:00
REV-004014,ORD-009495,1,Cumple expectativas,Cumple expectativas,2022-07-26 00:07:00
REV-004015,ORD-009669,2,Cumple expectativas,Cumple expectativas,2021-04-24 01:51:00
REV-004016,ORD-004799,4,Cumple expectativas,Cumple expectativas,2023-07-14 15:08:00
REV-004017,ORD-007375,4,Cumple expectativas,Cumple expectativas,2024-01-24 01:50:00
REV-004018,ORD-011093,3,Llego roto,,2023-05-13 01:20:00
REV-004019,ORD-012458,2,No lo recomiendo,No lo recomiendo,2022-08-14 06:10:00
REV-004020,ORD-014405,5,Llego roto,,2022-12-09 20:13:00
REV-004021,ORD-011767,4,Pesimo,,2024-04-15 04:55:00
REV-004022,ORD-006287,1,Cumple expectativas,,2023-08-02 01:29:00
REV-004023,ORD-010083,1,,,2023-08-15 07:01:00
REV-004024,ORD-003731,2,,,2023-05-19 23:12:00
REV-004025,ORD-003289,4,Muy bueno,,2021-12-01 09:15:00
REV-004026,ORD-004082,5,Malo,Malo,2022-09-17 20:44:00
REV-004027,ORD-003471,5,No lo recomiendo,No lo recomiendo,2023-09-08 18:53:00
REV-004028,ORD-012214,1,Buena calidad,,2021-10-09 13:45:00
REV-004029,ORD-013733,3,Regular,,2021-04-23 00:51:00
REV-004030,ORD-006630,1,,,2023-09-13 19:01:00
REV-004031,ORD-004531,5,Regular,,2023-01-27 12:58:00
REV-004032,ORD-001985,4,Malo,,2023-12-15 19:13:00
REV-004033,ORD-011637,1,Recomendado,Recomendado,2021-10-04 14:22:00
REV-004034,ORD-005658,1,Cumple expectativas,,2023-05-20 06:57:00
REV-004035,ORD-002087,3,,,2022-10-07 19:08:00
REV-004036,ORD-004904,5,Muy bueno,Muy bueno,2022-03-31 19:24:00
REV-004037,ORD-014495,5,Excelente producto,Excelente producto,2022-07-16 22:25:00
REV-004038,ORD-000404,3,Pesimo,Pesimo,2024-02-02 06:09:00
REV-004039,ORD-004924,2,Muy bueno,Muy bueno,2021-04-13 00:12:00
REV-004040,ORD-011466,4,Pesimo,,2021-06-03 20:06:00
REV-004041,ORD-011279,3,No lo recomiendo,,2022-06-10 12:22:00
REV-004042,ORD-009267,4,OK,,2024-02-08 04:07:00
REV-004043,ORD-011453,2,Malo,Malo,2023-12-14 17:53:00
REV-004044,ORD-001291,5,Malo,Malo,2022-05-12 18:27:00
REV-004045,ORD-009162,3,Muy bueno,,2023-02-03 09:24:00
REV-004046,ORD-013326,3,,,2021-02-07 20:01:00
REV-004047,ORD-004633,4,OK,,2023-01-29 10:00:00
REV-004048,ORD-005651,-1,Llego roto,Llego roto,2021-02-01 07:13:00
REV-004049,ORD-012496,3,Regular,Regular,2023-01-05 10:43:00
REV-004050,ORD-008677,1,Muy bueno,Muy bueno,2021-11-21 21:17:00
REV-004051,ORD-008495,3,Malo,,2022-08-30 11:45:00
REV-004052,ORD-011787,5,Excelente producto,,2021-07-30 03:48:00
REV-004053,ORD-000279,3,,,2022-06-28 10:01:00
REV-004054,ORD-002465,2,Cumple expectativas,,2022-02-27 14:28:00
REV-004055,ORD-011391,2,Recomendado,Recomendado,2021-05-14 17:12:00
REV-004056,ORD-009383,5,Cumple expectativas,Cumple expectativas,2022-04-12 17:06:00
REV-004057,ORD-002579,5,Recomendado,,2023-06-02 14:50:00
REV-004058,ORD-004968,5,Muy bueno,,2022-02-19 18:42:00
REV-004059,ORD-008798,5,Malo,Malo,2022-06-13 09:35:00
REV-004060,ORD-001993,4,Buena calidad,Buena calidad,2023-05-22 11:13:00
REV-004061,ORD-005081,5,OK,OK,2023-03-27 06:10:00
REV-004062,ORD-012953,6,Mejor de lo esperado,Mejor de lo esperado,2023-04-25 21:37:00
REV-004063,ORD-000412,3,Regular,Regular,2024-02-10 21:56:00
REV-004064,ORD-011984,5,Recomendado,Recomendado,2024-05-21 13:54:00
REV-004065,ORD-008263,2,Regular,Regular,2022-02-18 03:06:00
REV-004066,ORD-004961,1,Pesimo,Pesimo,2023-11-25 14:16:00
REV-004067,ORD-013076,5,No lo recomiendo,No lo recomiendo,2024-01-12 04:08:00
REV-004068,ORD-012415,1,Regular,Regular,2021-11-30 17:02:00
REV-004069,ORD-009109,2,Malo,Malo,2023-05-02 07:57:00
REV-004070,ORD-002406,4,Mejor de lo esperado,Mejor de lo esperado,2023-06-19 19:23:00
REV-004071,ORD-004228,4,Recomendado,Recomendado,2022-06-01 09:14:00
REV-004072,ORD-005786,1,Cumple expectativas,Cumple expectativas,2022-02-24 00:10:00
REV-004073,ORD-002702,5,Buena calidad,,2021-07-03 18:36:00
REV-004074,ORD-002169,,Regular,Regular,2023-11-21 20:42:00
REV-004075,ORD-001798,4,,,2021-05-05 16:57:00
REV-004076,ORD-009924,2,No lo recomiendo,,2022-04-13 18:23:00
REV-004077,ORD-007926,4,Regular,Regular,2023-09-14 20:06:00
REV-004078,ORD-001618,1,Buena calidad,Buena calidad,2023-06-25 01:17:00
REV-004079,ORD-000348,1,Recomendado,,2022-03-27 21:23:00
REV-004080,ORD-000302,4,OK,OK,2022-08-23 18:52:00
REV-004081,ORD-002785,5,Muy bueno,Muy bueno,2023-12-09 20:24:00
REV-004082,ORD-007758,5,Malo,Malo,2023-04-14 01:01:00
REV-004083,ORD-003737,5,Recomendado,,2023-03-20 14:30:00
REV-004084,ORD-011933,2,Llego roto,Llego roto,2023-11-29 03:06:00
REV-004085,ORD-013250,5,Excelente producto,Excelente producto,2024-04-07 21:00:00
REV-004086,ORD-010824,3,Mejor de lo esperado,Mejor de lo esperado,2021-02-05 03:49:00
REV-004087,ORD-002770,5,Mejor de lo esperado,,2021-02-22 01:03:00
REV-004088,ORD-004572,2,Excelente producto,Excelente producto,2024-04-18 19:22:00
REV-004089,ORD-008904,5,Excelente producto,Excelente producto,2024-04-15 21:17:00
REV-004090,ORD-005721,3,Buena calidad,Buena calidad,2022-03-23 08:30:00
REV-004091,ORD-007417,5,,,2023-12-17 19:35:00
REV-004092,ORD-012876,4,Mejor de lo esperado,,2022-01-07 23:33:00
REV-004093,ORD-011840,1,Pesimo,Pesimo,2023-03-25 01:23:00
REV-004094,ORD-006095,1,Recomendado,Recomendado,2023-02-06 11:35:00
REV-004095,ORD-000988,4,Pesimo,Pesimo,2022-01-09 07:05:00
REV-004096,ORD-002704,3,,,2024-03-23 11:41:00
REV-004097,ORD-002382,5,Malo,,2022-12-20 12:56:00
REV-004098,ORD-006278,5,Llego roto,,2022-05-06 12:04:00
REV-004099,ORD-005642,2,Recomendado,,2023-04-22 04:31:00
REV-004100,ORD-000926,1,Mejor de lo esperado,Mejor de lo esperado,2021-10-14 03:22:00
REV-004101,ORD-006878,2,,,2021-02-06 13:20:00
REV-004102,ORD-012216,4,Recomendado,Recomendado,2023-03-11 14:46:00
REV-004103,ORD-002340,4,Malo,Malo,2021-08-08 08:46:00
REV-004104,ORD-011675,3,Llego roto,Llego roto,2021-05-18 06:51:00
REV-004105,ORD-002194,3,OK,,2023-02-28 19:55:00
REV-004106,ORD-006868,5,No lo recomiendo,No lo recomiendo,2023-12-25 00:23:00
REV-004107,ORD-010597,5,Regular,,2022-10-08 07:52:00
REV-004108,ORD-008324,3,OK,OK,2023-02-04 08:44:00
REV-004109,ORD-000387,1,Mejor de lo esperado,Mejor de lo esperado,2023-09-01 16:32:00
REV-004110,ORD-004181,3,Llego roto,,2024-05-23 16:36:00
REV-004111,ORD-005546,5,No lo recomiendo,,2022-11-28 16:31:00
REV-004112,ORD-012065,5,,,2021-09-29 07:36:00
REV-004113,ORD-011164,1,Mejor de lo esperado,Mejor de lo esperado,2023-01-05 12:33:00
REV-004114,ORD-002321,2,No lo recomiendo,,2022-01-02 11:59:00
REV-004115,ORD-009762,3,Excelente producto,,2021-07-16 08:20:00
REV-004116,ORD-005518,3,Llego roto,Llego roto,2021-09-14 06:40:00
REV-004117,ORD-012516,1,Regular,,2024-06-13 19:17:00
REV-004118,ORD-014229,0,Llego roto,Llego roto,2021-11-23 15:41:00
REV-004119,ORD-006347,5,Excelente producto,Excelente producto,2024-03-03 03:04:00
REV-004120,ORD-000139,1,Buena calidad,Buena calidad,2023-01-31 12:18:00
REV-004121,ORD-011565,4,,,2021-10-28 06:36:00
REV-004122,ORD-002736,3,Buena calidad,Buena calidad,2022-03-05 01:26:00
REV-004123,ORD-002201,5,Muy bueno,Muy bueno,2023-12-11 21:20:00
REV-004124,ORD-010383,3,Llego roto,Llego roto,2023-12-04 18:50:00
REV-004125,ORD-014026,5,Muy bueno,,2024-03-08 15:05:00
REV-004126,ORD-014567,-1,Excelente producto,Excelente producto,2021-09-30 12:25:00
REV-004127,ORD-002402,2,Recomendado,Recomendado,2021-04-08 23:30:00
REV-004128,ORD-014269,4,,,2021-05-02 02:45:00
REV-004129,ORD-008899,3,,,2023-11-04 10:44:00
REV-004130,ORD-004308,3,Buena calidad,Buena calidad,2022-01-29 13:08:00
REV-004131,ORD-006434,4,Excelente producto,Excelente producto,2022-08-29 22:40:00
REV-004132,ORD-014058,3,Mejor de lo esperado,Mejor de lo esperado,2023-02-02 19:34:00
REV-004133,ORD-003555,4,Muy bueno,,2023-11-18 23:32:00
REV-004134,ORD-003458,3,Pesimo,,2024-03-19 00:27:00
REV-004135,ORD-007204,5,Buena calidad,,2022-12-01 01:12:00
REV-004136,ORD-007292,2,Muy bueno,Muy bueno,2022-07-14 12:15:00
REV-004137,ORD-000329,4,No lo recomiendo,,2022-04-18 03:02:00
REV-004138,ORD-007243,1,Excelente producto,Excelente producto,2021-06-26 22:25:00
REV-004139,ORD-012560,5,Muy bueno,,2023-02-18 21:08:00
REV-004140,ORD-014503,2,Pesimo,Pesimo,2022-09-07 08:58:00
REV-004141,ORD-014859,2,Pesimo,Pesimo,2023-08-20 01:25:00
REV-004142,ORD-004369,1,,,2022-04-24 14:11:00
REV-004143,ORD-007069,5,Recomendado,,2023-12-19 01:39:00
REV-004144,ORD-005228,5,Malo,,2022-05-29 10:04:00
REV-004145,ORD-004318,2,No lo recomiendo,No lo recomiendo,2023-12-21 22:31:00
REV-004146,ORD-000726,2,Mejor de lo esperado,Mejor de lo esperado,2022-01-04 13:28:00
REV-004147,ORD-012457,5,Pesimo,,2021-07-27 21:36:00
REV-004148,ORD-002275,3,Cumple expectativas,Cumple expectativas,2023-01-06 23:28:00
REV-004149,ORD-014891,5,,,2021-03-30 20:10:00
REV-004150,ORD-007247,3,Llego roto,Llego roto,2023-09-11 08:42:00
REV-004151,ORD-013900,4,Regular,Regular,2021-03-19 13:58:00
REV-004152,ORD-000874,4,No lo recomiendo,No lo recomiendo,2023-04-01 00:03:00
REV-004153,ORD-001046,4,Llego roto,Llego roto,2023-04-04 01:49:00
REV-004154,ORD-000732,2,Cumple expectativas,,2021-05-27 22:36:00
REV-004155,ORD-002457,3,OK,OK,2023-01-16 15:39:00
REV-004156,ORD-013258,2,Muy bueno,Muy bueno,2022-02-27 19:42:00
REV-004157,ORD-011688,1,No lo recomiendo,No lo recomiendo,2021-05-17 22:36:00
REV-004158,ORD-000702,2,Llego roto,Llego roto,2021-08-27 15:29:00
REV-001452,ORD-009320,3,Recomendado,Recomendado,2024-02-21 04:27:00
REV-004160,ORD-004911,4,Muy bueno,Muy bueno,2022-12-20 06:19:00
REV-004161,ORD-013902,5,Regular,,2022-05-01 17:45:00
REV-004162,ORD-010587,2,Recomendado,Recomendado,2023-08-03 16:46:00
REV-004163,ORD-002144,2,Recomendado,Recomendado,2021-06-03 15:02:00
REV-004164,ORD-000656,4,Pesimo,Pesimo,2021-11-24 11:54:00
REV-004165,ORD-014853,4,Pesimo,Pesimo,2021-11-08 06:35:00
REV-004166,ORD-014205,5,Pesimo,Pesimo,2023-04-03 13:51:00
REV-004167,ORD-012904,3,Muy bueno,Muy bueno,2024-06-08 18:13:00
REV-004168,ORD-000375,1,Recomendado,Recomendado,2023-11-28 18:18:00
REV-004169,ORD-003041,4,Malo,,2023-12-15 05:43:00
REV-004170,ORD-010763,3,Recomendado,Recomendado,2022-11-08 19:40:00
REV-004171,ORD-008690,1,Regular,,2022-06-18 00:46:00
REV-004172,ORD-004267,3,Buena calidad,Buena calidad,2022-03-30 03:29:00
REV-004173,ORD-013262,3,Regular,Regular,2022-08-19 04:51:00
REV-004174,ORD-007864,4,Regular,Regular,2023-03-21 16:51:00
REV-004175,ORD-008852,4,Llego roto,,2024-03-13 04:22:00
REV-004176,ORD-003217,3,Buena calidad,,2024-06-08 05:27:00
REV-004177,ORD-011012,2,Regular,,2022-12-18 20:02:00
REV-004178,ORD-011733,6,Buena calidad,,2022-04-30 14:19:00
REV-004179,ORD-009715,4,Recomendado,Recomendado,2021-07-23 12:30:00
REV-004180,ORD-010543,1,Recomendado,Recomendado,2022-08-28 00:28:00
REV-004181,ORD-007253,5,Muy bueno,Muy bueno,2023-07-06 06:29:00
REV-004182,ORD-004550,4,No lo recomiendo,No lo recomiendo,2021-11-27 11:53:00
REV-004183,ORD-007198,5,Buena calidad,,2021-11-14 00:11:00
REV-004184,ORD-008370,4,Regular,Regular,2024-01-08 09:57:00
REV-004185,ORD-008359,2,Recomendado,Recomendado,2023-03-12 12:42:00
REV-004186,ORD-011324,4,Muy bueno,,2022-06-10 02:32:00
REV-004187,ORD-008789,3,Malo,,2022-12-08 04:05:00
REV-004188,ORD-002878,2,Regular,Regular,2023-02-25 18:45:00
REV-004189,ORD-013363,4,No lo recomiendo,No lo recomiendo,2021-09-20 07:52:00
REV-004190,ORD-007450,4,Regular,Regular,2023-08-23 03:24:00
REV-004191,ORD-000946,3,Cumple expectativas,Cumple expectativas,2021-11-30 09:23:00
REV-004192,ORD-014054,6,OK,OK,2024-05-10 19:43:00
REV-004193,ORD-008080,3,No lo recomiendo,No lo recomiendo,2021-10-22 06:14:00
REV-004194,ORD-012948,5,,,2024-03-03 00:15:00
REV-004195,ORD-014674,3,Pesimo,Pesimo,2024-01-02 12:50:00
REV-004196,ORD-004658,2,Cumple expectativas,Cumple expectativas,2023-10-24 17:05:00
REV-004197,ORD-000322,1,Buena calidad,,2024-05-29 04:35:00
REV-004198,ORD-014506,3,Muy bueno,,2022-05-05 03:21:00
REV-004199,ORD-006470,3,Muy bueno,,2024-06-08 20:26:00
REV-004200,ORD-014491,2,Buena calidad,,2021-03-25 21:27:00
REV-004201,ORD-004770,4,Llego roto,Llego roto,2023-05-14 04:06:00
REV-004202,ORD-007752,5,,,2024-02-23 01:12:00
REV-004203,ORD-003931,2,,,2021-05-14 18:28:00
REV-004204,ORD-005302,2,Regular,,2023-05-09 08:50:00
REV-004205,ORD-011535,3,Regular,,2021-03-18 23:21:00
REV-004206,ORD-009332,4,Llego roto,,2023-06-03 16:24:00
REV-004207,ORD-002124,4,Excelente producto,Excelente producto,2023-09-14 17:10:00
REV-004208,ORD-009015,2,Buena calidad,Buena calidad,2022-03-14 00:39:00
REV-004209,ORD-014995,3,Cumple expectativas,Cumple expectativas,2021-07-17 11:42:00
REV-004210,ORD-009792,5,Cumple expectativas,Cumple expectativas,2021-07-13 00:53:00
REV-004211,ORD-007367,3,No lo recomiendo,No lo recomiendo,2022-03-23 05:51:00
REV-004212,ORD-004411,1,Malo,,2022-12-28 22:20:00
REV-004213,ORD-001631,3,OK,,2022-09-08 14:02:00
REV-004214,ORD-006345,4,Muy bueno,Muy bueno,2023-11-07 17:48:00
REV-004215,ORD-000025,1,Llego roto,,2021-05-10 10:32:00
REV-004216,ORD-009973,4,Regular,,2021-09-29 14:00:00
REV-004217,ORD-002251,1,Malo,Malo,2023-09-13 07:49:00
REV-004218,ORD-014912,3,OK,,2021-05-13 11:37:00
REV-004219,ORD-002666,5,Recomendado,Recomendado,2022-02-02 22:16:00
REV-003445,ORD-004497,1,Muy bueno,Muy bueno,2021-05-12 01:04:00
REV-004221,ORD-013810,5,Buena calidad,Buena calidad,2023-12-30 03:54:00
REV-004222,ORD-012784,1,Cumple expectativas,,2022-03-11 18:52:00
REV-004223,ORD-013980,1,Regular,Regular,2024-06-23 01:37:00
REV-004224,ORD-001995,2,Muy bueno,Muy bueno,2023-04-02 07:55:00
REV-004225,ORD-002875,4,Pesimo,,2022-02-23 02:46:00
REV-004226,ORD-008963,3,Buena calidad,Buena calidad,2023-02-25 16:42:00
REV-004227,ORD-011911,3,Recomendado,Recomendado,2024-01-22 10:43:00
REV-004228,ORD-014359,5,Excelente producto,Excelente producto,2023-05-03 08:21:00
REV-004229,ORD-001863,5,Pesimo,Pesimo,2023-01-06 02:27:00
REV-004230,ORD-007306,3,Muy bueno,,2022-06-06 13:06:00
REV-004231,ORD-000284,1,Pesimo,Pesimo,2022-08-22 15:04:00
REV-004232,ORD-003143,3,,,2022-02-13 10:36:00
REV-004233,ORD-000563,5,Buena calidad,,2024-03-27 17:41:00
REV-004234,ORD-002065,1,No lo recomiendo,,2024-02-06 22:53:00
REV-004235,ORD-004624,4,Pesimo,Pesimo,2022-09-10 10:23:00
REV-004236,ORD-002053,1,,,2022-07-23 08:22:00
REV-003009,ORD-005744,3,Recomendado,Recomendado,2022-05-16 16:59:00
REV-004238,ORD-010199,5,Buena calidad,Buena calidad,2024-04-12 06:06:00
REV-004239,ORD-012918,5,Excelente producto,Excelente producto,2024-04-26 08:47:00
REV-004240,ORD-011026,5,Cumple expectativas,Cumple expectativas,2023-01-03 17:51:00
REV-004241,ORD-003935,1,OK,,2023-06-10 20:42:00
REV-004242,ORD-006284,3,Malo,,2022-12-23 21:37:00
REV-004243,ORD-011434,4,,,2022-11-26 03:02:00
REV-004244,ORD-001112,4,Regular,,2021-09-19 08:49:00
REV-004245,ORD-008289,3,Pesimo,,2021-03-25 09:45:00
REV-004246,ORD-009489,4,Regular,,2024-01-22 18:24:00
REV-004247,ORD-002483,,Llego roto,Llego roto,2021-04-11 13:45:00
REV-004248,ORD-003655,1,Buena calidad,Buena calidad,2024-05-28 20:26:00
REV-004249,ORD-003850,0,Regular,,2021-03-05 00:30:00
REV-004250,ORD-002762,3,Mejor de lo esperado,Mejor de lo esperado,2024-01-19 06:40:00
REV-004251,ORD-010259,5,,,2021-06-08 11:53:00
REV-004252,ORD-011588,3,Recomendado,Recomendado,2024-06-26 10:07:00
REV-004253,ORD-007269,5,Malo,Malo,2023-10-02 11:06:00
REV-004254,ORD-013053,5,Buena calidad,,2022-04-14 15:10:00
REV-004255,ORD-007169,3,Mejor de lo esperado,Mejor de lo esperado,2021-07-12 13:40:00
REV-003818,ORD-001887,1,Recomendado,,2021-09-23 04:56:00
REV-004257,ORD-006169,1,Excelente producto,Excelente producto,2023-10-26 05:52:00
REV-004258,ORD-013276,1,Llego roto,Llego roto,2022-08-09 20:44:00
REV-004259,ORD-000511,3,Regular,Regular,2021-04-06 03:49:00
REV-004260,ORD-002545,4,Muy bueno,,2023-07-22 23:32:00
REV-004261,ORD-002419,3,OK,OK,2024-05-05 07:15:00
REV-004262,ORD-000182,1,Buena calidad,,2022-08-25 22:16:00
REV-004263,ORD-001365,4,Malo,Malo,2023-07-21 23:14:00
REV-004264,ORD-004636,1,Cumple expectativas,Cumple expectativas,2022-04-19 21:27:00
REV-004265,ORD-004412,3,OK,,2024-03-27 04:36:00
REV-004266,ORD-009387,4,Malo,Malo,2022-03-04 22:58:00
REV-004267,ORD-010985,2,Regular,,2023-01-12 23:58:00
REV-004268,ORD-009824,5,Recomendado,Recomendado,2021-08-29 14:36:00
REV-004269,ORD-001300,1,No lo recomiendo,No lo recomiendo,2024-06-26 15:45:00
REV-004270,ORD-000235,1,Recomendado,,2021-07-14 06:54:00
REV-004271,ORD-002971,1,Recomendado,,2022-10-13 10:03:00
REV-004272,ORD-010662,3,Muy bueno,,2021-04-06 06:15:00
REV-004273,ORD-009070,0,No lo recomiendo,No lo recomiendo,2023-01-03 20:00:00
REV-004274,ORD-908030,4,Muy bueno,Muy bueno,2021-12-02 07:12:00
REV-004275,ORD-008420,3,OK,,2024-05-30 15:35:00
REV-004276,ORD-000057,1,Buena calidad,,2023-01-07 18:32:00
REV-004277,ORD-003820,1,Regular,,2022-07-09 05:33:00
REV-004278,ORD-009930,4,Pesimo,,2022-03-11 00:13:00
REV-004279,ORD-000183,4,Muy bueno,Muy bueno,2022-12-26 14:06:00
REV-004280,ORD-001228,5,Recomendado,,2021-05-13 09:29:00
REV-004281,ORD-005641,5,Cumple expectativas,Cumple expectativas,2021-07-29 09:18:00
REV-004282,ORD-002843,3,Malo,Malo,2023-11-29 17:17:00
REV-004283,ORD-013958,5,Muy bueno,Muy bueno,2023-04-01 13:15:00
REV-004284,ORD-008948,2,,,2023-07-18 23:41:00
REV-004285,ORD-007474,1,Recomendado,Recomendado,2024-03-14 12:28:00
REV-004286,ORD-003673,5,Regular,,2021-12-22 18:52:00
REV-004287,ORD-006504,2,,,2024-03-08 10:21:00
REV-004288,ORD-007945,4,Malo,Malo,2021-07-06 23:19:00
REV-004289,ORD-003555,3,Recomendado,,2024-03-13 01:51:00
REV-004290,ORD-014753,2,Muy bueno,Muy bueno,2021-12-22 09:46:00
REV-004291,ORD-000836,2,Buena calidad,,2023-04-16 22:19:00
REV-004292,ORD-001538,4,Mejor de lo esperado,,2021-08-13 12:49:00
REV-004293,ORD-009960,5,Buena calidad,Buena calidad,2022-01-02 20:03:00
REV-004294,ORD-001094,3,,,2022-08-18 15:10:00
REV-004295,ORD-011953,4,Regular,,2024-01-20 01:33:00
REV-004296,ORD-002444,1,Muy bueno,Muy bueno,2024-03-20 06:01:00
REV-004297,ORD-001115,5,Excelente producto,Excelente producto,2022-04-20 09:17:00
REV-004298,ORD-008879,5,Regular,,2023-01-27 10:23:00
REV-004299,ORD-009845,1,Recomendado,,2022-04-12 16:17:00
REV-004300,ORD-010900,2,Buena calidad,,2021-09-04 09:59:00
REV-004301,ORD-009100,2,No lo recomiendo,No lo recomiendo,2023-07-10 15:37:00
REV-004302,ORD-007087,3,OK,OK,2021-12-17 01:18:00
REV-004303,ORD-005404,3,OK,,2021-07-02 23:08:00
REV-004304,ORD-007629,5,Pesimo,Pesimo,2021-09-21 00:49:00
REV-004305,ORD-002159,1,Malo,Malo,2023-07-10 01:24:00
REV-004306,ORD-006651,4,Mejor de lo esperado,Mejor de lo esperado,2022-12-13 12:23:00
REV-004307,ORD-005203,1,Mejor de lo esperado,,2023-05-16 10:34:00
REV-004308,ORD-007415,4,Muy bueno,Muy bueno,2022-04-28 22:35:00
REV-004309,ORD-006021,3,Cumple expectativas,Cumple expectativas,2022-02-23 12:19:00
REV-004310,ORD-010064,4,No lo recomiendo,No lo recomiendo,2021-07-04 02:02:00
REV-004311,ORD-013441,1,Malo,,2023-03-27 07:09:00
REV-004312,ORD-000663,4,Excelente producto,Excelente producto,2023-09-18 13:36:00
REV-004313,ORD-004305,1,Recomendado,Recomendado,2022-07-12 20:08:00
REV-004314,ORD-006465,2,Buena calidad,,2022-02-08 08:12:00
REV-004315,ORD-003519,5,Muy bueno,,2022-02-23 16:56:00
REV-004316,ORD-007806,3,Recomendado,,2023-11-14 01:34:00
REV-004317,ORD-006282,2,Llego roto,Llego roto,2023-05-28 23:49:00
REV-004318,ORD-014367,2,Cumple expectativas,,2021-02-22 05:45:00
REV-004319,ORD-011636,4,Excelente producto,,2021-07-07 11:46:00
REV-004320,ORD-004798,4,Pesimo,Pesimo,2023-08-09 03:40:00
REV-004321,ORD-012918,2,Buena calidad,Buena calidad,2022-12-03 12:31:00
REV-004322,ORD-012135,4,Cumple expectativas,Cumple expectativas,2021-08-16 01:42:00
REV-004323,ORD-008869,2,Muy bueno,Muy bueno,2024-06-17 16:36:00
REV-004324,ORD-012315,4,Pesimo,Pesimo,2024-04-25 11:29:00
REV-004325,ORD-006028,1,OK,OK,2024-05-31 15:52:00
REV-004326,ORD-009298,2,Malo,Malo,2022-11-28 23:42:00
REV-004327,ORD-012560,3,OK,,2023-07-20 08:11:00
REV-004328,ORD-004071,3,Cumple expectativas,Cumple expectativas,2024-04-18 12:31:00
REV-004329,ORD-014352,4,Regular,Regular,2023-11-14 09:24:00
REV-004330,ORD-011641,2,Excelente producto,,2023-02-09 16:10:00
REV-004331,ORD-009684,2,Mejor de lo esperado,Mejor de lo esperado,2023-09-21 11:09:00
REV-004332,ORD-009511,2,No lo recomiendo,,2021-09-20 10:03:00
REV-004333,ORD-014585,5,Pesimo,Pesimo,2022-03-16 15:08:00
REV-004334,ORD-001832,5,Excelente producto,Excelente producto,2022-02-27 21:51:00
REV-004335,ORD-013182,1,,,2022-04-30 16:26:00
REV-004336,ORD-006936,1,Pesimo,Pesimo,2024-01-09 06:29:00
REV-004337,ORD-009362,5,Recomendado,Recomendado,2024-05-07 14:39:00
REV-004338,ORD-000370,2,Excelente producto,,2024-05-02 10:47:00
REV-004339,ORD-005532,4,,,2023-02-01 08:04:00
REV-004340,ORD-000532,5,OK,,2023-05-10 16:36:00
REV-004341,ORD-007693,1,Excelente producto,,2021-04-14 02:54:00
REV-004342,ORD-012538,5,Buena calidad,Buena calidad,2024-05-10 04:50:00
REV-004343,ORD-011609,3,OK,,2024-02-28 13:19:00
REV-004344,ORD-012778,4,Pesimo,Pesimo,2022-05-11 09:19:00
REV-004345,ORD-005452,5,Pesimo,Pesimo,2021-02-28 02:02:00
REV-004346,ORD-002557,1,Malo,Malo,2024-01-04 02:10:00
REV-004347,ORD-004193,3,Malo,Malo,2024-03-24 02:15:00
REV-004348,ORD-000180,5,OK,OK,2021-12-07 02:21:00
REV-004349,ORD-006861,2,Malo,Malo,2024-02-19 14:08:00
REV-004350,ORD-000984,4,Excelente producto,Excelente producto,2022-01-03 06:24:00
REV-004351,ORD-009877,4,Cumple expectativas,,2023-12-23 17:38:00
REV-004352,ORD-002076,5,Malo,Malo,2023-04-30 03:21:00
REV-004353,ORD-009420,5,No lo recomiendo,,2021-07-04 01:43:00
REV-004354,ORD-005441,5,Pesimo,Pesimo,2023-12-10 04:05:00
REV-004355,ORD-010873,3,Cumple expectativas,Cumple expectativas,2022-01-13 14:39:00
REV-004356,ORD-013902,4,Llego roto,,2021-03-07 18:49:00
REV-004357,ORD-007391,4,,,2023-12-15 21:49:00
REV-004358,ORD-013861,2,Buena calidad,Buena calidad,2022-05-08 21:46:00
REV-004359,ORD-004195,5,Cumple expectativas,,2023-12-16 13:05:00
REV-004360,ORD-007978,2,Cumple expectativas,,2024-03-16 04:37:00
REV-004361,ORD-013770,2,No lo recomiendo,No lo recomiendo,2023-12-14 07:35:00
REV-004362,ORD-002104,4,OK,,2022-10-14 09:35:00
REV-004363,ORD-010151,2,Regular,,2024-04-27 12:15:00
REV-004364,ORD-002070,2,Buena calidad,Buena calidad,2021-04-12 05:54:00
REV-004365,ORD-001430,1,Regular,Regular,2023-04-11 06:36:00
REV-004366,ORD-011632,1,Regular,Regular,2021-04-24 00:31:00
REV-004367,ORD-011678,1,Muy bueno,,2023-08-02 11:40:00
REV-004368,ORD-002342,3,Malo,Malo,2022-02-12 22:01:00
REV-004369,ORD-010073,5,Mejor de lo esperado,Mejor de lo esperado,2022-03-05 08:54:00
REV-004370,ORD-014211,4,Llego roto,,2021-06-17 08:13:00
REV-004371,ORD-008865,3,Muy bueno,,2024-05-18 04:21:00
REV-004372,ORD-005457,3,No lo recomiendo,No lo recomiendo,2022-04-10 13:28:00
REV-004373,ORD-001410,1,OK,OK,2022-09-25 12:28:00
REV-004374,ORD-013017,2,Mejor de lo esperado,,2022-07-07 11:56:00
REV-004375,ORD-013245,5,,,2022-10-16 17:11:00
REV-004376,ORD-001298,4,Pesimo,,2023-10-27 19:15:00
REV-004377,ORD-010321,6,OK,,2022-03-26 04:15:00
REV-004378,ORD-001483,5,Muy bueno,Muy bueno,2022-03-22 01:26:00
REV-004379,ORD-008106,1,Buena calidad,Buena calidad,2022-07-31 12:13:00
REV-004380,ORD-002004,2,Regular,,2023-01-28 01:04:00
REV-004381,ORD-005366,2,No lo recomiendo,No lo recomiendo,2021-11-05 08:01:00
REV-004382,ORD-004779,1,Mejor de lo esperado,Mejor de lo esperado,2021-08-10 00:12:00
REV-004383,ORD-003939,3,Regular,Regular,2023-12-16 23:21:00
REV-004384,ORD-012616,2,Recomendado,,2021-06-16 00:02:00
REV-004385,ORD-014637,4,Malo,Malo,2023-03-26 16:23:00
REV-004386,ORD-003456,5,Malo,,2023-04-24 09:22:00
REV-004387,ORD-007661,5,Muy bueno,,2021-06-25 12:01:00
REV-004388,ORD-009353,3,Muy bueno,Muy bueno,2022-04-26 16:30:00
REV-004389,ORD-000284,4,Pesimo,Pesimo,2021-03-14 02:33:00
REV-004390,ORD-002416,2,Malo,Malo,2023-06-13 22:06:00
REV-004391,ORD-005106,3,Regular,,2023-05-20 05:46:00
REV-004392,ORD-006582,4,Cumple expectativas,Cumple expectativas,2021-03-26 12:40:00
REV-004393,ORD-009526,4,,,2022-08-18 15:49:00
REV-004394,ORD-013597,5,Recomendado,,2021-05-30 09:39:00
REV-004395,ORD-002674,5,Mejor de lo esperado,Mejor de lo esperado,2024-03-25 10:45:00
REV-004396,ORD-003186,3,Regular,,2022-01-12 01:26:00
REV-004397,ORD-009980,4,,,2021-12-30 06:35:00
REV-004398,ORD-009714,1,Llego roto,,2022-09-08 19:52:00
REV-004399,ORD-014588,4,,,2021-02-22 17:29:00
REV-004400,ORD-008569,0,Muy bueno,Muy bueno,2022-05-16 13:19:00
REV-004401,ORD-011480,2,Regular,,2023-10-31 13:47:00
REV-004402,ORD-011099,4,Excelente producto,,2022-07-16 10:28:00
REV-004403,ORD-011031,2,Mejor de lo esperado,Mejor de lo esperado,2022-05-13 09:01:00
REV-004404,ORD-001278,3,Pesimo,Pesimo,2023-12-08 12:13:00
REV-004405,ORD-007791,3,Muy bueno,Muy bueno,2023-12-27 09:23:00
REV-004406,ORD-009401,2,Regular,Regular,2024-04-11 06:53:00
REV-004407,ORD-009955,5,Recomendado,,2021-09-01 14:16:00
REV-004408,ORD-014457,5,Buena calidad,Buena calidad,2024-01-30 05:04:00
REV-004409,ORD-006407,2,Buena calidad,,2022-09-20 01:30:00
REV-004410,ORD-014911,10,No lo recomiendo,,2021-12-16 13:57:00
REV-004411,ORD-005084,4,Muy bueno,,2021-07-08 07:37:00
REV-004412,ORD-007663,3,Regular,Regular,2021-03-19 02:08:00
REV-004413,ORD-002512,1,Cumple expectativas,Cumple expectativas,2023-12-15 03:54:00
REV-004414,ORD-010068,4,No lo recomiendo,,2023-07-08 05:58:00
REV-004415,ORD-003360,3,OK,OK,2023-10-10 21:04:00
REV-004416,ORD-007631,3,Cumple expectativas,Cumple expectativas,2024-01-26 10:11:00
REV-004417,ORD-000497,5,Muy bueno,,2022-11-06 12:31:00
REV-004418,ORD-010549,1,Llego roto,Llego roto,2023-05-18 12:07:00
REV-004419,ORD-002060,4,Muy bueno,,2022-06-28 14:14:00
REV-004420,ORD-011735,4,Buena calidad,Buena calidad,2021-05-04 05:19:00
REV-004421,ORD-000509,3,Malo,,2023-05-04 15:35:00
REV-004422,ORD-005659,2,Excelente producto,Excelente producto,2023-03-19 00:02:00
REV-004423,ORD-009606,4,Buena calidad,,2021-09-04 15:58:00
REV-004424,ORD-006975,2,Pesimo,Pesimo,2023-06-22 12:15:00
REV-004425,ORD-010134,,,,2021-05-30 12:02:00
REV-004426,ORD-009278,1,Malo,Malo,2021-03-21 08:59:00
REV-004427,ORD-007967,4,Malo,Malo,2024-06-20 10:23:00
REV-004428,ORD-003830,3,Recomendado,,2024-01-26 09:48:00
REV-004429,ORD-000879,5,Llego roto,,2021-10-01 23:01:00
REV-004430,ORD-012625,3,Buena calidad,,2021-02-13 15:49:00
REV-004431,ORD-011310,3,Pesimo,Pesimo,2023-08-23 07:34:00
REV-004432,ORD-000756,2,Mejor de lo esperado,Mejor de lo esperado,2022-01-24 18:28:00
REV-004433,ORD-013194,4,Buena calidad,,2023-02-28 09:14:00
REV-004434,ORD-009094,3,Malo,,2021-04-19 23:27:00
REV-004435,ORD-001159,2,Cumple expectativas,Cumple expectativas,2024-04-23 10:53:00
REV-004436,ORD-004814,6,,,2023-10-22 13:26:00
REV-004437,ORD-014965,3,Excelente producto,Excelente producto,2022-04-15 04:16:00
REV-004438,ORD-013369,5,Muy bueno,,2022-01-16 20:18:00
REV-004439,ORD-001677,3,Buena calidad,Buena calidad,2022-02-07 19:15:00
REV-004440,ORD-010558,3,Recomendado,Recomendado,2024-01-17 01:11:00
REV-004441,ORD-005319,2,No lo recomiendo,,2022-01-22 11:56:00
REV-004442,ORD-004099,1,OK,,2021-09-27 11:46:00
REV-004443,ORD-010429,5,Regular,Regular,2023-12-25 07:39:00
REV-004444,ORD-013949,1,Malo,,2023-04-16 00:22:00
REV-004445,ORD-012110,1,Cumple expectativas,Cumple expectativas,2024-06-25 14:40:00
REV-004446,ORD-013110,4,OK,OK,2023-01-05 16:02:00
REV-004447,ORD-003693,5,Pesimo,,2022-05-13 16:11:00
REV-004448,ORD-004758,1,No lo recomiendo,,2023-01-02 23:44:00
REV-004449,ORD-013812,2,Pesimo,Pesimo,2022-04-21 06:44:00
REV-004450,ORD-000604,4,No lo recomiendo,,2024-03-08 19:01:00
REV-004451,ORD-011822,1,Mejor de lo esperado,,2024-03-08 01:16:00
REV-004452,ORD-003301,4,Llego roto,Llego roto,2021-09-10 15:54:00
REV-004453,ORD-009227,4,Recomendado,Recomendado,2022-04-18 20:12:00
REV-004454,ORD-000979,2,Regular,Regular,2021-09-24 19:48:00
REV-004455,ORD-004044,1,Mejor de lo esperado,,2022-08-27 12:28:00
REV-004456,ORD-013162,4,Cumple expectativas,Cumple expectativas,2023-09-02 11:49:00
REV-004457,ORD-005961,5,OK,OK,2023-01-28 13:35:00
REV-004458,ORD-013416,4,,,2022-08-12 12:50:00
REV-004459,ORD-010537,1,Cumple expectativas,Cumple expectativas,2023-10-01 05:40:00
REV-004460,ORD-009260,4,Llego roto,Llego roto,2023-08-14 22:40:00
REV-004461,ORD-011525,4,Regular,,2021-07-14 16:28:00
REV-004462,ORD-011119,2,Buena calidad,,2021-11-28 02:24:00
REV-004463,ORD-003166,4,Recomendado,Recomendado,2022-06-28 18:21:00
REV-004464,ORD-008655,1,Buena calidad,Buena calidad,2023-11-14 01:10:00
REV-004465,ORD-011700,5,Excelente producto,,2021-08-08 16:38:00
REV-004466,ORD-013719,1,Recomendado,Recomendado,2023-11-27 18:12:00
REV-004467,ORD-001925,5,,,2022-10-26 04:06:00
REV-004468,ORD-003652,1,Cumple expectativas,,2024-01-20 05:33:00
REV-004469,ORD-006042,2,Recomendado,Recomendado,2023-03-20 18:35:00
REV-004470,ORD-010553,2,Malo,Malo,2022-07-14 03:03:00
REV-004471,ORD-011490,3,Recomendado,Recomendado,2021-04-20 07:20:00
REV-004472,ORD-005496,2,Llego roto,Llego roto,2023-03-19 16:20:00
REV-004473,ORD-012822,1,Mejor de lo esperado,Mejor de lo esperado,2024-04-15 10:30:00
REV-004474,ORD-011037,2,OK,OK,2021-05-05 06:30:00
REV-004475,ORD-926065,3,Regular,Regular,2023-02-27 11:23:00
REV-004476,ORD-004104,5,Buena calidad,,2023-08-03 17:55:00
REV-004477,ORD-001759,,Malo,Malo,2021-07-12 21:50:00
REV-004478,ORD-004010,4,Regular,Regular,2023-03-21 12:07:00
REV-004479,ORD-904260,3,,,2024-06-12 02:05:00
REV-004480,ORD-005434,5,Mejor de lo esperado,Mejor de lo esperado,2021-06-24 05:09:00
REV-004481,ORD-004521,3,Pesimo,Pesimo,2023-06-24 18:45:00
REV-004482,ORD-005020,3,Llego roto,Llego roto,2024-06-06 02:54:00
REV-004483,ORD-009497,4,Muy bueno,Muy bueno,2022-11-12 09:24:00
REV-004484,ORD-005590,3,No lo recomiendo,No lo recomiendo,2022-09-20 13:00:00
REV-004485,ORD-006792,1,Regular,,2022-10-02 11:49:00
REV-004486,ORD-002084,3,,,2023-12-23 14:32:00
REV-004487,ORD-011343,3,Mejor de lo esperado,,2023-08-16 21:30:00
REV-004488,ORD-007691,3,Malo,,2024-01-26 23:19:00
REV-004489,ORD-006655,5,Excelente producto,Excelente producto,2021-06-02 05:20:00
REV-004490,ORD-000666,2,Excelente producto,Excelente producto,2022-12-20 06:26:00
REV-004491,ORD-011041,4,Pesimo,Pesimo,2021-12-10 14:51:00
REV-004492,ORD-011005,5,Recomendado,,2021-05-10 00:37:00
REV-004493,ORD-007630,4,Mejor de lo esperado,Mejor de lo esperado,2022-12-19 10:36:00
REV-004494,ORD-001064,2,Buena calidad,,2021-10-02 05:52:00
REV-004495,ORD-004538,5,Buena calidad,,2021-11-06 15:13:00
REV-004496,ORD-001598,2,Buena calidad,,2022-11-22 11:02:00
REV-004497,ORD-000437,3,Malo,Malo,2023-12-10 05:40:00
REV-004498,ORD-009337,2,Mejor de lo esperado,,2023-02-12 20:36:00
REV-004499,ORD-012577,4,Muy bueno,Muy bueno,2023-07-29 21:25:00
REV-004500,ORD-008875,4,Cumple expectativas,Cumple expectativas,2024-02-05 05:10:00
REV-004501,ORD-010183,3,Regular,,2021-12-17 13:31:00
REV-004502,ORD-003685,5,Pesimo,,2022-07-24 22:27:00
REV-004503,ORD-004304,4,Malo,Malo,2024-02-16 20:32:00
REV-004504,ORD-007696,3,,,2024-01-22 13:16:00
REV-004505,ORD-001999,2,No lo recomiendo,,2024-02-05 20:59:00
REV-004506,ORD-005250,1,Recomendado,Recomendado,2021-10-31 09:32:00
REV-004507,ORD-005009,3,,,2023-08-04 09:08:00
REV-004508,ORD-008744,4,Llego roto,,2021-05-25 20:55:00
REV-004509,ORD-013184,5,Cumple expectativas,Cumple expectativas,2021-12-26 13:55:00
REV-004510,ORD-013981,1,,,2023-07-14 19:46:00
REV-004511,ORD-005107,4,,,2022-10-01 20:51:00
REV-004512,ORD-012561,3,Malo,Malo,2022-02-04 08:52:00
REV-004513,ORD-013535,2,OK,OK,2023-01-26 22:19:00
REV-004514,ORD-004129,5,Muy bueno,Muy bueno,2023-03-04 08:57:00
REV-004515,ORD-008896,4,Mejor de lo esperado,Mejor de lo esperado,2021-04-14 06:56:00
REV-004516,ORD-009866,4,Regular,Regular,2021-09-12 11:37:00
REV-004517,ORD-011030,2,Muy bueno,Muy bueno,2021-08-06 17:27:00
REV-004518,ORD-000744,2,OK,OK,2023-11-01 04:21:00
REV-004519,ORD-009989,4,Excelente producto,Excelente producto,2022-07-14 13:21:00
REV-004520,ORD-007370,3,Mejor de lo esperado,,2022-12-08 16:46:00
REV-004521,ORD-004293,3,Mejor de lo esperado,Mejor de lo esperado,2021-09-12 10:39:00
REV-004522,ORD-000416,5,Cumple expectativas,Cumple expectativas,2024-04-22 09:42:00
REV-004523,ORD-004835,3,Excelente producto,Excelente producto,2021-04-20 04:37:00
REV-004524,ORD-009913,4,Muy bueno,Muy bueno,2022-02-04 18:22:00
REV-004525,ORD-002152,2,Buena calidad,Buena calidad,2024-01-24 07:33:00
REV-004526,ORD-009434,1,Excelente producto,,2021-08-10 02:48:00
REV-004527,ORD-004732,2,Mejor de lo esperado,Mejor de lo esperado,2021-09-01 09:29:00
REV-004528,ORD-006164,5,,,2021-08-02 01:34:00
REV-004529,ORD-002731,1,,,2023-11-21 19:13:00
REV-004530,ORD-006784,4,Mejor de lo esperado,,2021-11-21 07:57:00
REV-004531,ORD-002139,3,Muy bueno,Muy bueno,2023-06-10 14:56:00
REV-004532,ORD-005948,1,Muy bueno,Muy bueno,2024-06-13 19:23:00
REV-004533,ORD-002514,5,Mejor de lo esperado,Mejor de lo esperado,2024-04-10 10:35:00
REV-004534,ORD-013331,5,Muy bueno,,2022-01-28 03:02:00
REV-004535,ORD-012840,4,Cumple expectativas,Cumple expectativas,2023-08-05 07:23:00
REV-004536,ORD-000003,3,Buena calidad,Buena calidad,2024-05-04 12:16:00
REV-004537,ORD-011538,2,Regular,Regular,2022-10-08 05:04:00
REV-004538,ORD-003791,3,Llego roto,Llego roto,2021-03-11 01:31:00
REV-004539,ORD-007735,5,Excelente producto,Excelente producto,2022-03-23 23:27:00
REV-004540,ORD-001610,1,Pesimo,Pesimo,2022-06-17 23:23:00
REV-004541,ORD-011751,3,Excelente producto,Excelente producto,2023-04-06 22:07:00
REV-004542,ORD-002797,4,No lo recomiendo,No lo recomiendo,2021-06-30 21:03:00
REV-004543,ORD-007946,1,Pesimo,,2022-05-11 19:12:00
REV-004544,ORD-005434,2,Recomendado,Recomendado,2022-09-08 11:40:00
REV-004545,ORD-000281,0,OK,,2023-03-07 11:06:00
REV-004546,ORD-011177,4,Malo,Malo,2024-01-13 05:17:00
REV-004547,ORD-003587,3,Cumple expectativas,,2022-12-26 00:15:00
REV-004548,ORD-010589,3,Recomendado,Recomendado,2022-06-14 23:09:00
REV-004549,ORD-009593,1,Mejor de lo esperado,Mejor de lo esperado,2024-05-03 10:51:00
REV-004550,ORD-010145,3,Excelente producto,Excelente producto,2024-06-05 15:38:00
REV-004551,ORD-002245,3,Regular,Regular,2022-02-14 23:08:00
REV-004552,ORD-005766,1,Pesimo,Pesimo,2021-04-12 19:27:00
REV-004553,ORD-014719,2,Buena calidad,Buena calidad,2024-04-14 16:33:00
REV-004554,ORD-010329,10,Mejor de lo esperado,Mejor de lo esperado,2024-05-18 01:22:00
REV-004555,ORD-003284,5,Mejor de lo esperado,Mejor de lo esperado,2022-08-14 09:43:00
REV-004556,ORD-003822,2,No lo recomiendo,,2022-01-04 11:53:00
REV-004557,ORD-014232,5,Cumple expectativas,Cumple expectativas,2022-04-12 12:16:00
REV-004558,ORD-002845,3,No lo recomiendo,No lo recomiendo,2021-10-18 11:20:00
REV-004559,ORD-002452,3,Malo,,2021-03-28 09:27:00
REV-004560,ORD-011452,3,Regular,Regular,2022-07-23 23:28:00
REV-004561,ORD-002870,4,No lo recomiendo,No lo recomiendo,2021-12-28 00:38:00
REV-004562,ORD-011780,3,Pesimo,Pesimo,2023-07-16 05:41:00
REV-004563,ORD-005796,2,Buena calidad,Buena calidad,2023-10-28 06:49:00
REV-004564,ORD-014959,1,Recomendado,Recomendado,2022-10-14 19:17:00
REV-004565,ORD-010102,4,OK,,2022-04-12 12:06:00
REV-004566,ORD-014621,3,No lo recomiendo,,2022-07-24 13:44:00
REV-004567,ORD-001900,5,Recomendado,,2021-03-11 22:30:00
REV-004568,ORD-012050,5,OK,,2023-04-25 11:10:00
REV-004569,ORD-006053,2,Llego roto,,2023-04-14 18:57:00
REV-004570,ORD-998149,3,Malo,Malo,2022-03-04 04:40:00
REV-004571,ORD-007784,4,,,2021-10-14 22:08:00
REV-004572,ORD-003996,2,No lo recomiendo,No lo recomiendo,2022-03-15 18:53:00
REV-004573,ORD-000500,5,Llego roto,,2021-02-06 21:32:00
REV-004574,ORD-001534,2,Excelente producto,Excelente producto,2024-01-03 11:48:00
REV-004575,ORD-001831,5,Mejor de lo esperado,,2023-11-06 16:51:00
REV-004576,ORD-002477,3,Regular,Regular,2022-02-19 09:48:00
REV-004577,ORD-001711,4,OK,OK,2023-03-23 23:48:00
REV-004578,ORD-013161,4,Muy bueno,Muy bueno,2022-08-27 04:44:00
REV-004579,ORD-010119,1,,,2023-10-13 10:19:00
REV-004580,ORD-014668,2,Mejor de lo esperado,,2023-12-22 19:01:00
REV-004581,ORD-014616,2,Excelente producto,Excelente producto,2022-02-14 03:55:00
REV-004582,ORD-004286,5,Regular,Regular,2023-05-08 18:46:00
REV-004583,ORD-008889,1,Llego roto,Llego roto,2022-12-09 03:13:00
REV-004584,ORD-012950,3,Regular,Regular,2022-03-04 06:57:00
REV-004585,ORD-006427,1,Regular,Regular,2022-03-15 09:54:00
REV-004586,ORD-011779,1,Buena calidad,Buena calidad,2023-08-18 15:30:00
REV-004587,ORD-005580,4,Recomendado,Recomendado,2022-07-02 06:30:00
REV-004588,ORD-009661,1,Malo,Malo,2022-07-21 01:39:00
REV-004589,ORD-006667,5,Excelente producto,Excelente producto,2021-10-13 12:56:00
REV-004590,ORD-010963,1,Mejor de lo esperado,Mejor de lo esperado,2021-10-21 08:27:00
REV-004591,ORD-007503,4,,,2022-01-16 00:45:00
REV-004592,ORD-014946,1,No lo recomiendo,,2023-08-10 10:13:00
REV-004593,ORD-000870,5,Muy bueno,Muy bueno,2023-10-05 05:52:00
REV-004594,ORD-009718,5,Recomendado,Recomendado,2023-12-08 03:28:00
REV-004595,ORD-006218,2,Buena calidad,,2021-03-07 22:14:00
REV-004596,ORD-006248,5,OK,,2021-11-04 15:15:00
REV-004597,ORD-001679,3,Cumple expectativas,Cumple expectativas,2024-01-09 20:59:00
REV-004598,ORD-000679,3,Buena calidad,,2022-03-08 18:16:00
REV-004599,ORD-010898,3,Buena calidad,,2022-12-24 08:23:00
REV-004600,ORD-002653,2,Excelente producto,Excelente producto,2022-05-16 22:04:00
REV-004601,ORD-004330,3,Buena calidad,,2023-04-07 07:32:00
REV-004602,ORD-008431,4,No lo recomiendo,No lo recomiendo,2021-06-21 01:19:00
REV-004603,ORD-004659,2,,,2023-10-19 18:59:00
REV-004604,ORD-005946,3,Regular,Regular,2023-12-31 11:44:00
REV-004605,ORD-014251,4,Malo,Malo,2023-02-10 22:00:00
REV-004606,ORD-013444,5,Mejor de lo esperado,Mejor de lo esperado,2023-04-12 23:26:00
REV-004607,ORD-002880,3,No lo recomiendo,No lo recomiendo,2023-02-05 04:11:00
REV-004608,ORD-011435,1,Pesimo,,2022-10-01 08:49:00
REV-004609,ORD-001388,4,No lo recomiendo,No lo recomiendo,2022-11-07 08:31:00
REV-004610,ORD-011873,5,Recomendado,,2023-02-12 21:15:00
REV-004611,ORD-013167,2,Regular,,2023-11-12 04:00:00
REV-004612,ORD-012444,4,Pesimo,,2022-01-01 01:58:00
REV-004613,ORD-014256,2,Muy bueno,,2023-11-09 07:52:00
REV-004614,ORD-006173,3,No lo recomiendo,No lo recomiendo,2022-01-02 21:56:00
REV-004615,ORD-005814,1,Malo,Malo,2021-08-06 12:18:00
REV-004616,ORD-012576,5,Cumple expectativas,,2021-11-17 00:37:00
REV-004617,ORD-003441,2,Malo,Malo,2023-02-17 23:17:00
REV-004618,ORD-003040,4,Excelente producto,Excelente producto,2021-07-06 11:33:00
REV-004619,ORD-006265,4,Pesimo,Pesimo,2022-12-10 13:41:00
REV-004620,ORD-012380,1,Regular,Regular,2024-03-20 21:08:00
REV-004621,ORD-003687,3,Mejor de lo esperado,Mejor de lo esperado,2022-11-19 15:35:00
REV-004622,ORD-006213,4,Mejor de lo esperado,,2024-02-19 21:31:00
REV-004623,ORD-008278,2,Pesimo,,2024-06-24 22:35:00
REV-004624,ORD-012445,1,Recomendado,Recomendado,2021-09-26 09:52:00
REV-004625,ORD-008404,1,Cumple expectativas,,2024-06-13 22:02:00
REV-004626,ORD-006859,2,Malo,Malo,2024-05-13 17:19:00
REV-004627,ORD-009207,5,Mejor de lo esperado,Mejor de lo esperado,2021-05-14 22:35:00
REV-004628,ORD-007520,2,Mejor de lo esperado,Mejor de lo esperado,2022-01-29 02:01:00
REV-004629,ORD-014005,2,Buena calidad,,2023-04-27 22:36:00
REV-000635,ORD-010007,5,Muy bueno,,2024-05-06 02:53:00
REV-004631,ORD-008186,3,No lo recomiendo,No lo recomiendo,2022-11-29 01:34:00
REV-004632,ORD-000158,3,Muy bueno,,2024-02-03 10:49:00
REV-004633,ORD-011746,3,,,2021-08-13 13:24:00
REV-004634,ORD-009956,1,Excelente producto,,2021-02-14 17:43:00
REV-004635,ORD-006026,1,Excelente producto,,2023-12-19 04:43:00
REV-004636,ORD-010085,5,Excelente producto,Excelente producto,2023-03-16 05:30:00
REV-004637,ORD-000139,3,Cumple expectativas,,2022-09-30 16:05:00
REV-004638,ORD-010061,1,Buena calidad,,2022-08-17 00:37:00
REV-004639,ORD-004002,5,OK,OK,2024-03-21 02:55:00
REV-004640,ORD-014832,5,Regular,,2023-06-24 02:17:00
REV-004641,ORD-008439,1,Excelente producto,Excelente producto,2022-09-05 10:41:00
REV-004642,ORD-011871,2,No lo recomiendo,No lo recomiendo,2024-02-10 13:54:00
REV-004643,ORD-001862,2,Pesimo,Pesimo,2024-06-28 04:27:00
REV-004644,ORD-005511,4,Muy bueno,Muy bueno,2023-06-28 21:49:00
REV-004645,ORD-005956,2,Mejor de lo esperado,Mejor de lo esperado,2021-11-16 22:47:00
REV-004646,ORD-007119,1,,,2022-06-23 17:14:00
REV-004647,ORD-012692,3,Buena calidad,Buena calidad,2022-05-07 13:31:00
REV-004648,ORD-011920,3,Cumple expectativas,Cumple expectativas,2023-09-27 01:44:00
REV-004649,ORD-007361,3,Malo,Malo,2023-08-05 10:03:00
REV-004650,ORD-004234,3,Cumple expectativas,Cumple expectativas,2021-12-29 22:48:00
REV-004651,ORD-001486,4,Mejor de lo esperado,Mejor de lo esperado,2021-05-18 09:34:00
REV-004652,ORD-000653,1,,,2021-11-06 03:16:00
REV-004653,ORD-011866,4,Mejor de lo esperado,,2022-03-04 14:02:00
REV-004654,ORD-003559,5,Regular,Regular,2023-11-04 18:43:00
REV-004655,ORD-013663,2,Regular,Regular,2023-06-24 07:12:00
REV-004656,ORD-006211,2,Cumple expectativas,Cumple expectativas,2022-06-15 02:28:00
REV-004657,ORD-007657,3,Buena calidad,,2021-07-18 06:49:00
REV-004658,ORD-011139,3,,,2023-11-05 16:51:00
REV-004659,ORD-009467,2,Buena calidad,Buena calidad,2023-07-07 01:08:00
REV-004660,ORD-006556,4,No lo recomiendo,No lo recomiendo,2022-01-20 10:33:00
REV-004661,ORD-013011,3,No lo recomiendo,No lo recomiendo,2022-11-21 20:52:00
REV-004662,ORD-000909,4,Excelente producto,Excelente producto,2022-03-20 11:21:00
REV-004663,ORD-007935,4,Excelente producto,Excelente producto,2022-02-22 01:41:00
REV-004664,ORD-003237,4,Muy bueno,Muy bueno,2022-08-28 12:08:00
REV-004665,ORD-005426,3,Pesimo,Pesimo,2021-08-01 01:47:00
REV-004666,ORD-011644,5,Pesimo,Pesimo,2023-03-21 22:02:00
REV-004667,ORD-013954,2,Mejor de lo esperado,Mejor de lo esperado,2023-11-19 05:44:00
REV-004668,ORD-014336,3,Pesimo,,2023-10-17 08:25:00
REV-004669,ORD-014307,5,No lo recomiendo,No lo recomiendo,2023-09-17 09:28:00
REV-004670,ORD-003024,4,OK,,2023-03-28 03:18:00
REV-004671,ORD-012447,4,No lo recomiendo,No lo recomiendo,2021-10-21 19:10:00
REV-004672,ORD-007843,3,Cumple expectativas,,2024-01-13 05:07:00
REV-004673,ORD-013396,4,Malo,Malo,2022-12-27 04:19:00
REV-004674,ORD-003313,5,Cumple expectativas,Cumple expectativas,2023-01-15 00:03:00
REV-004675,ORD-002974,4,Mejor de lo esperado,,2024-05-15 05:01:00
REV-004676,ORD-007118,1,Excelente producto,,2023-02-06 08:28:00
REV-004677,ORD-002126,2,Malo,Malo,2023-06-04 12:46:00
REV-004678,ORD-010003,5,Recomendado,Recomendado,2021-10-02 13:55:00
REV-004679,ORD-001526,4,Recomendado,,2024-03-13 04:59:00
REV-004680,ORD-005970,1,Mejor de lo esperado,,2023-04-08 07:59:00
REV-004681,ORD-005068,2,Buena calidad,Buena calidad,2022-05-22 08:14:00
REV-004682,ORD-006204,1,Llego roto,Llego roto,2022-09-27 03:42:00
REV-004683,ORD-004193,2,Llego roto,Llego roto,2021-12-17 21:44:00
REV-004684,ORD-004919,5,Buena calidad,Buena calidad,2022-02-14 21:52:00
REV-004685,ORD-002982,5,Mejor de lo esperado,Mejor de lo esperado,2023-08-21 10:37:00
REV-004686,ORD-013371,1,No lo recomiendo,,2022-03-31 10:10:00
REV-004687,ORD-004965,2,Recomendado,Recomendado,2023-01-09 04:06:00
REV-004688,ORD-967039,3,Llego roto,Llego roto,2021-06-24 14:27:00
REV-004689,ORD-011549,3,Excelente producto,Excelente producto,2022-09-28 02:35:00
REV-004690,ORD-011463,2,Cumple expectativas,,2023-03-02 13:20:00
REV-004691,ORD-010798,0,Regular,Regular,2023-08-04 10:12:00
REV-004692,ORD-007343,4,Regular,,2021-09-01 21:48:00
REV-004693,ORD-013196,5,Llego roto,,2021-11-05 02:04:00
REV-004694,ORD-001126,2,Mejor de lo esperado,Mejor de lo esperado,2023-08-23 18:27:00
REV-004695,ORD-002105,1,Cumple expectativas,,2021-10-20 22:49:00
REV-004696,ORD-005477,4,,,2024-01-29 15:45:00
REV-004697,ORD-013977,1,OK,OK,2023-05-12 16:34:00
REV-004698,ORD-013691,2,Buena calidad,,2024-03-07 03:25:00
REV-004699,ORD-000332,2,OK,,2021-12-16 22:52:00
REV-004700,ORD-004046,3,Llego roto,Llego roto,2022-10-02 15:20:00
REV-004701,ORD-004885,3,Mejor de lo esperado,Mejor de lo esperado,2023-01-23 02:13:00
REV-004702,ORD-005117,2,Buena calidad,Buena calidad,2024-03-17 17:01:00
REV-004703,ORD-004191,4,Llego roto,Llego roto,2023-05-12 11:29:00
REV-004704,ORD-000157,0,Pesimo,,2023-05-23 09:44:00
REV-004705,ORD-005973,1,Recomendado,Recomendado,2021-02-12 14:12:00
REV-004706,ORD-006691,2,No lo recomiendo,No lo recomiendo,2024-05-29 08:14:00
REV-004707,ORD-014176,4,Pesimo,Pesimo,2023-11-11 03:28:00
REV-004708,ORD-005624,3,OK,OK,2022-02-13 01:02:00
REV-004709,ORD-007555,1,Llego roto,Llego roto,2023-10-27 06:42:00
REV-004710,ORD-005573,2,Regular,,2021-12-30 05:55:00
REV-004711,ORD-001216,2,Malo,Malo,2023-04-03 00:14:00
REV-004712,ORD-001730,3,Malo,,2023-06-28 16:55:00
REV-004713,ORD-003186,2,No lo recomiendo,No lo recomiendo,2023-07-16 20:58:00
REV-004714,ORD-014198,4,Muy bueno,Muy bueno,2021-04-28 01:20:00
REV-004715,ORD-012112,2,Recomendado,Recomendado,2024-01-17 11:56:00
REV-004716,ORD-005812,5,Pesimo,Pesimo,2023-05-16 13:02:00
REV-004717,ORD-008813,1,Llego roto,Llego roto,2024-03-14 05:55:00
REV-004718,ORD-008539,5,Recomendado,Recomendado,2022-01-10 02:41:00
REV-004719,ORD-013759,2,Llego roto,Llego roto,2021-09-22 07:25:00
REV-004720,ORD-005535,1,Excelente producto,Excelente producto,2023-01-03 08:21:00
REV-004721,ORD-009855,3,Muy bueno,Muy bueno,2023-08-16 15:11:00
REV-004722,ORD-011247,5,Malo,Malo,2022-12-12 10:58:00
REV-004723,ORD-008863,4,Cumple expectativas,,2024-01-12 23:46:00
REV-004724,ORD-003675,4,Muy bueno,,2023-07-18 16:03:00
REV-004725,ORD-013586,3,Malo,Malo,2021-06-14 01:02:00
REV-004726,ORD-000425,5,Llego roto,Llego roto,2021-08-26 21:59:00
REV-004727,ORD-012313,4,Cumple expectativas,Cumple expectativas,2022-05-10 20:17:00
REV-004728,ORD-011248,2,,,2022-05-17 04:27:00
REV-004729,ORD-007783,4,Cumple expectativas,Cumple expectativas,2023-03-17 04:57:00
REV-004730,ORD-011072,1,Pesimo,Pesimo,2021-10-01 06:13:00
REV-004731,ORD-010467,4,Mejor de lo esperado,Mejor de lo esperado,2022-09-22 23:02:00
REV-004732,ORD-007853,4,No lo recomiendo,No lo recomiendo,2023-05-04 08:38:00
REV-004733,ORD-010122,2,Llego roto,Llego roto,2023-07-21 19:30:00
REV-004734,ORD-007588,4,Excelente producto,,2022-01-22 08:31:00
REV-004735,ORD-009014,4,Excelente producto,Excelente producto,2022-08-04 15:26:00
REV-004736,ORD-007577,6,,,2023-07-14 10:33:00
REV-004737,ORD-003102,4,OK,OK,2022-10-26 12:01:00
REV-004738,ORD-004358,4,Mejor de lo esperado,Mejor de lo esperado,2022-06-23 04:26:00
REV-004739,ORD-008428,5,Mejor de lo esperado,,2024-05-14 06:36:00
REV-004740,ORD-010482,1,Malo,Malo,2021-02-21 04:21:00
REV-004741,ORD-013426,1,Pesimo,Pesimo,2021-11-08 06:52:00
REV-004742,ORD-003675,4,Buena calidad,,2022-04-11 20:54:00
REV-004743,ORD-009247,1,Recomendado,Recomendado,2022-05-18 23:59:00
REV-004744,ORD-010949,1,Pesimo,,2021-02-13 02:46:00
REV-004745,ORD-012030,3,Malo,Malo,2023-04-17 15:47:00
REV-004746,ORD-008596,1,No lo recomiendo,,2023-03-25 02:25:00
REV-004747,ORD-003358,1,Malo,Malo,2023-09-07 02:02:00
REV-004748,ORD-005849,4,OK,,2024-03-08 15:24:00
REV-004749,ORD-008193,5,Recomendado,Recomendado,2023-02-06 14:41:00
REV-004750,ORD-009249,5,Regular,,2024-04-28 16:56:00
REV-004751,ORD-002091,5,No lo recomiendo,No lo recomiendo,2022-04-30 15:49:00
REV-004752,ORD-011231,5,OK,OK,2023-06-20 13:34:00
REV-004753,ORD-002476,4,Muy bueno,Muy bueno,2022-08-19 11:28:00
REV-004754,ORD-010327,5,Malo,,2021-07-25 11:01:00
REV-004755,ORD-001069,1,Llego roto,,2022-12-13 00:48:00
REV-004756,ORD-003510,1,Recomendado,,2022-05-17 00:53:00
REV-000329,ORD-961967,5,Muy bueno,Muy bueno,2023-11-07 13:18:00
REV-004758,ORD-008233,1,Cumple expectativas,,2021-08-22 10:47:00
REV-004759,ORD-008849,1,Regular,Regular,2023-05-02 16:37:00
REV-000862,ORD-000330,3,,,2022-06-23 05:30:00
REV-004761,ORD-014174,2,Pesimo,Pesimo,2021-05-24 08:44:00
REV-004762,ORD-014205,2,Excelente producto,Excelente producto,2024-04-28 17:05:00
REV-004763,ORD-000913,2,Pesimo,Pesimo,2023-11-27 06:54:00
REV-004764,ORD-013270,1,Recomendado,,2021-06-29 10:28:00
REV-004765,ORD-006086,5,Cumple expectativas,,2021-08-04 14:31:00
REV-004766,ORD-004843,4,Mejor de lo esperado,Mejor de lo esperado,2021-05-16 02:16:00
REV-004767,ORD-001514,5,Malo,,2021-04-05 23:23:00
REV-004768,ORD-000414,5,Pesimo,,2023-04-26 01:35:00
REV-004769,ORD-008563,2,Mejor de lo esperado,Mejor de lo esperado,2021-02-13 11:40:00
REV-004770,ORD-009350,5,Pesimo,,2023-12-29 13:38:00
REV-004771,ORD-010320,3,No lo recomiendo,,2023-08-09 15:04:00
REV-004772,ORD-012055,1,,,2021-11-12 10:36:00
REV-004773,ORD-010274,4,Malo,,2022-03-02 21:09:00
REV-004774,ORD-002718,4,Buena calidad,Buena calidad,2021-08-31 18:12:00
REV-004775,ORD-012317,3,Mejor de lo esperado,,2023-04-18 13:59:00
REV-004776,ORD-003313,3,Excelente producto,Excelente producto,2023-08-27 16:02:00
REV-004777,ORD-001449,2,Mejor de lo esperado,Mejor de lo esperado,2022-11-13 18:12:00
REV-004778,ORD-008092,3,Muy bueno,Muy bueno,2024-03-24 05:35:00
REV-004779,ORD-005614,2,Muy bueno,Muy bueno,2021-07-03 12:44:00
REV-004780,ORD-012195,3,Malo,Malo,2023-02-16 01:26:00
REV-004781,ORD-011311,3,OK,OK,2022-07-02 02:08:00
REV-004782,ORD-003709,-1,Recomendado,Recomendado,2021-12-03 07:58:00
REV-004783,ORD-012788,4,No lo recomiendo,No lo recomiendo,2022-12-08 00:58:00
REV-004784,ORD-992571,2,Excelente producto,Excelente producto,2021-10-24 23:25:00
REV-004785,ORD-007592,3,,,2023-11-26 22:51:00
REV-004786,ORD-004562,6,Cumple expectativas,,2021-09-05 20:25:00
REV-004787,ORD-005203,3,OK,OK,2024-01-12 00:30:00
REV-004788,ORD-006770,2,Pesimo,,2021-05-24 23:07:00
REV-004789,ORD-011958,4,Regular,,2021-06-28 18:28:00
REV-004790,ORD-004054,3,Pesimo,,2023-08-01 20:54:00
REV-004791,ORD-000163,3,Excelente producto,Excelente producto,2023-01-17 11:42:00
REV-004792,ORD-010079,1,Recomendado,Recomendado,2023-03-13 08:24:00
REV-004793,ORD-000007,2,,,2022-10-10 18:45:00
REV-004794,ORD-008195,1,OK,OK,2021-12-20 04:32:00
REV-004795,ORD-013886,3,No lo recomiendo,,2024-01-28 07:40:00
REV-004796,ORD-011258,3,,,2023-05-16 08:40:00
REV-004797,ORD-010555,3,Llego roto,Llego roto,2022-03-16 06:05:00
REV-004798,ORD-011314,1,Mejor de lo esperado,,2023-06-28 22:42:00
REV-004799,ORD-006901,1,Llego roto,Llego roto,2021-02-08 21:51:00
REV-004800,ORD-001377,1,,,2024-06-16 18:21:00
REV-004801,ORD-001711,5,,,2024-05-22 05:28:00
REV-004802,ORD-005728,5,Excelente producto,,2022-10-24 16:41:00
REV-004803,ORD-014169,2,Llego roto,Llego roto,2023-01-26 04:54:00
REV-004804,ORD-007718,5,Recomendado,Recomendado,2022-04-20 22:19:00
REV-004805,ORD-000930,3,Muy bueno,Muy bueno,2023-08-06 17:03:00
REV-004806,ORD-004072,5,Muy bueno,Muy bueno,2021-09-29 20:13:00
REV-004807,ORD-011890,4,Mejor de lo esperado,,2022-03-11 12:42:00
REV-004808,ORD-010498,2,Pesimo,Pesimo,2022-11-16 11:36:00
REV-004809,ORD-001956,1,Buena calidad,,2024-01-25 06:47:00
REV-004810,ORD-013013,1,Buena calidad,,2021-02-11 11:19:00
REV-004811,ORD-001085,1,Cumple expectativas,Cumple expectativas,2021-03-21 11:41:00
REV-004812,ORD-002938,2,Regular,,2022-02-24 18:06:00
REV-004813,ORD-008093,1,Pesimo,,2022-10-11 08:30:00
REV-004814,ORD-011722,1,Muy bueno,Muy bueno,2022-11-16 19:07:00
REV-004815,ORD-014132,2,Pesimo,,2023-02-14 05:38:00
REV-004816,ORD-003855,2,,,2022-12-20 10:18:00
REV-004817,ORD-011722,2,Excelente producto,Excelente producto,2022-01-12 01:39:00
REV-004818,ORD-010134,3,Regular,Regular,2023-12-25 06:44:00
REV-004819,ORD-000543,4,,,2023-06-07 17:35:00
REV-004820,ORD-011825,3,Buena calidad,Buena calidad,2023-03-18 14:13:00
REV-004821,ORD-011580,1,Malo,,2024-06-29 14:37:00
REV-004822,ORD-991994,4,,,2022-10-02 20:41:00
REV-004823,ORD-006807,3,Pesimo,,2022-03-30 21:08:00
REV-004824,ORD-013643,4,Regular,Regular,2023-07-25 07:48:00
REV-004825,ORD-011260,3,OK,,2023-02-19 15:16:00
REV-004826,ORD-013830,3,Pesimo,Pesimo,2021-07-17 09:37:00
REV-004827,ORD-002919,3,Malo,Malo,2023-03-03 23:42:00
REV-004828,ORD-013790,4,Malo,Malo,2023-03-12 16:07:00
REV-004829,ORD-002219,2,Pesimo,,2024-02-02 20:04:00
REV-004830,ORD-007065,4,No lo recomiendo,No lo recomiendo,2023-05-16 12:14:00
REV-004831,ORD-007261,5,Muy bueno,Muy bueno,2023-03-02 21:08:00
REV-004832,ORD-005953,4,Pesimo,Pesimo,2021-02-08 12:51:00
REV-004833,ORD-009078,3,OK,,2021-03-02 02:39:00
REV-004834,ORD-005146,2,Recomendado,Recomendado,2023-09-07 00:18:00
REV-004835,ORD-004240,5,,,2024-02-09 18:39:00
REV-004836,ORD-014634,1,OK,OK,2022-06-26 16:59:00
REV-004837,ORD-010492,2,,,2022-12-23 01:38:00
REV-004838,ORD-974358,5,Pesimo,Pesimo,2024-06-14 16:58:00
REV-004839,ORD-013177,4,Mejor de lo esperado,,2023-12-20 16:31:00
REV-004840,ORD-014479,4,Malo,,2022-09-26 00:12:00
REV-004841,ORD-006870,3,Cumple expectativas,Cumple expectativas,2023-04-29 14:04:00
REV-004842,ORD-003797,5,OK,,2022-02-28 20:52:00
REV-004843,ORD-014652,4,Pesimo,Pesimo,2023-03-27 03:16:00
REV-004844,ORD-007039,3,Regular,,2023-09-01 21:42:00
REV-004845,ORD-005187,5,Cumple expectativas,Cumple expectativas,2022-12-16 10:14:00
REV-004846,ORD-012188,5,Muy bueno,Muy bueno,2021-10-01 21:40:00
REV-004847,ORD-009566,1,Llego roto,Llego roto,2024-01-09 06:06:00
REV-004848,ORD-005631,3,Malo,Malo,2023-02-04 03:42:00
REV-004849,ORD-003724,2,OK,,2023-05-05 08:22:00
REV-004850,ORD-002714,5,Cumple expectativas,Cumple expectativas,2023-11-03 04:14:00
REV-004851,ORD-009306,4,OK,OK,2022-04-06 16:46:00
REV-004852,ORD-011238,1,,,2021-12-23 09:25:00
REV-004853,ORD-004405,4,Pesimo,,2021-05-16 10:19:00
REV-004854,ORD-005445,1,Llego roto,Llego roto,2021-04-21 12:15:00
REV-004855,ORD-001691,5,Excelente producto,Excelente producto,2024-06-15 10:58:00
REV-004856,ORD-005022,2,OK,OK,2023-07-09 17:51:00
REV-004857,ORD-012860,1,Muy bueno,Muy bueno,2024-01-20 06:23:00
REV-004858,ORD-008397,1,Muy bueno,Muy bueno,2021-02-19 01:26:00
REV-004859,ORD-006369,2,Mejor de lo esperado,,2021-10-28 04:37:00
REV-004860,ORD-011354,4,Recomendado,Recomendado,2024-06-24 09:01:00
REV-004861,ORD-010730,5,Regular,Regular,2024-04-21 10:07:00
REV-004862,ORD-005739,2,Regular,Regular,2022-06-13 04:52:00
REV-004863,ORD-008707,1,Mejor de lo esperado,,2023-03-18 03:41:00
REV-004864,ORD-009576,4,Recomendado,,2023-10-04 01:49:00
REV-004865,ORD-007986,3,Llego roto,Llego roto,2023-09-14 17:30:00
REV-004866,ORD-008524,5,Buena calidad,,2022-04-25 18:41:00
REV-004867,ORD-006020,4,No lo recomiendo,,2021-09-18 10:41:00
REV-004868,ORD-014354,5,Llego roto,,2021-02-26 16:33:00
REV-004869,ORD-002677,3,OK,OK,2022-04-11 22:19:00
REV-004870,ORD-007220,3,,,2024-04-23 14:35:00
REV-004871,ORD-012826,1,Cumple expectativas,,2023-01-13 04:12:00
REV-004872,ORD-012889,4,Excelente producto,,2022-09-13 21:19:00
REV-004873,ORD-009467,4,Muy bueno,,2023-04-25 08:49:00
REV-004874,ORD-002642,5,Buena calidad,Buena calidad,2021-05-02 18:02:00
REV-004875,ORD-009729,5,Muy bueno,Muy bueno,2022-10-05 07:31:00
REV-004876,ORD-012772,2,Muy bueno,Muy bueno,2023-04-04 01:47:00
REV-004877,ORD-005766,3,Cumple expectativas,Cumple expectativas,2022-12-08 00:33:00
REV-004878,ORD-007583,5,Cumple expectativas,,2024-05-05 10:21:00
REV-004879,ORD-012516,2,Cumple expectativas,Cumple expectativas,2021-09-25 17:46:00
REV-004880,ORD-000717,4,,,2021-03-08 08:43:00
REV-004881,ORD-001684,4,Buena calidad,Buena calidad,2022-07-05 01:45:00
REV-004882,ORD-013432,1,Excelente producto,Excelente producto,2021-09-29 07:20:00
REV-004883,ORD-003861,3,Mejor de lo esperado,Mejor de lo esperado,2023-03-19 08:48:00
REV-004884,ORD-013855,5,No lo recomiendo,,2022-01-28 14:01:00
REV-004885,ORD-000080,4,OK,OK,2023-11-09 05:09:00
REV-004886,ORD-008475,3,,,2021-03-11 14:09:00
REV-004887,ORD-004699,5,Buena calidad,Buena calidad,2022-03-06 01:52:00
REV-004888,ORD-002511,2,No lo recomiendo,,2023-04-14 13:05:00
REV-004889,ORD-009802,2,Malo,Malo,2023-07-26 20:39:00
REV-004890,ORD-001097,4,OK,OK,2023-02-10 13:55:00
REV-004891,ORD-008587,4,Pesimo,,2023-02-28 22:28:00
REV-004892,ORD-013137,5,Mejor de lo esperado,,2021-10-15 18:55:00
REV-004893,ORD-005722,4,No lo recomiendo,No lo recomiendo,2022-08-26 10:40:00
REV-004894,ORD-014793,2,,,2022-04-27 03:56:00
REV-004895,ORD-003786,1,Llego roto,,2022-12-09 01:31:00
REV-004896,ORD-008315,1,Malo,,2022-07-25 13:40:00
REV-004897,ORD-014739,5,,,2022-10-06 03:42:00
REV-004898,ORD-011340,4,Excelente producto,,2021-02-09 08:25:00
REV-004899,ORD-007620,3,Muy bueno,Muy bueno,2021-11-17 08:21:00
REV-004900,ORD-900201,4,Recomendado,Recomendado,2022-02-07 07:09:00
REV-004901,ORD-000811,1,Buena calidad,,2022-10-09 17:43:00
REV-004902,ORD-012079,-1,Llego roto,Llego roto,2023-02-03 08:43:00
REV-004903,ORD-008165,4,OK,,2021-12-21 22:25:00
REV-004904,ORD-002561,1,Recomendado,,2023-01-27 13:23:00
REV-004905,ORD-012438,0,Recomendado,Recomendado,2023-12-18 19:24:00
REV-004906,ORD-006571,1,No lo recomiendo,,2022-07-13 22:00:00
REV-004907,ORD-004415,2,Excelente producto,Excelente producto,2022-11-05 09:25:00
REV-004908,ORD-001359,3,Mejor de lo esperado,Mejor de lo esperado,2022-06-16 02:26:00
REV-004909,ORD-002555,4,Muy bueno,Muy bueno,2024-06-01 06:41:00
REV-004910,ORD-008340,4,OK,,2023-03-31 17:44:00
REV-004911,ORD-014311,5,No lo recomiendo,No lo recomiendo,2021-06-21 01:03:00
REV-004912,ORD-011507,5,Buena calidad,,2023-04-14 04:45:00
REV-004913,ORD-008289,3,Cumple expectativas,Cumple expectativas,2021-09-08 14:25:00
REV-004914,ORD-009575,2,Regular,Regular,2021-02-07 21:19:00
REV-004915,ORD-000329,3,Recomendado,Recomendado,2022-06-10 03:11:00
REV-004916,ORD-011576,10,Regular,,2021-06-22 08:18:00
REV-004917,ORD-001541,4,,,2021-02-02 17:44:00
REV-004918,ORD-012902,3,Muy bueno,,2021-05-03 18:34:00
REV-004919,ORD-011178,1,Muy bueno,Muy bueno,2021-11-10 21:11:00
REV-004920,ORD-003997,2,Regular,Regular,2022-06-03 10:17:00
REV-004921,ORD-013442,2,Buena calidad,,2023-06-23 05:20:00
REV-004922,ORD-011120,3,Regular,,2022-02-17 11:03:00
REV-004923,ORD-014933,2,Cumple expectativas,,2023-12-15 14:37:00
REV-004924,ORD-008958,1,Excelente producto,,2022-01-01 19:31:00
REV-004925,ORD-005275,5,Recomendado,Recomendado,2022-06-05 12:06:00
REV-004926,ORD-008039,5,Mejor de lo esperado,Mejor de lo esperado,2023-09-23 02:39:00
REV-004927,ORD-013073,4,Buena calidad,Buena calidad,2022-10-26 23:40:00
REV-004928,ORD-008889,3,OK,,2021-10-08 02:36:00
REV-004929,ORD-005760,2,No lo recomiendo,No lo recomiendo,2024-03-15 08:31:00
REV-004930,ORD-009271,5,No lo recomiendo,,2024-03-08 10:29:00
REV-004931,ORD-006454,5,Pesimo,,2022-05-13 08:15:00
REV-004932,ORD-001436,4,Llego roto,Llego roto,2021-12-16 22:41:00
REV-004933,ORD-013029,1,No lo recomiendo,,2021-09-14 04:45:00
REV-004934,ORD-010434,3,Mejor de lo esperado,Mejor de lo esperado,2023-02-10 17:16:00
REV-004935,ORD-013119,2,Excelente producto,Excelente producto,2022-01-14 22:48:00
REV-004936,ORD-008492,3,Llego roto,,2022-11-27 19:15:00
REV-004937,ORD-010443,4,Recomendado,Recomendado,2021-12-12 04:45:00
REV-004938,ORD-001300,5,OK,,2021-10-10 22:22:00
REV-004939,ORD-004937,4,Mejor de lo esperado,Mejor de lo esperado,2023-06-12 02:21:00
REV-004940,ORD-003342,2,Recomendado,Recomendado,2022-10-09 10:51:00
REV-004941,ORD-009061,4,Buena calidad,Buena calidad,2024-02-29 19:23:00
REV-004942,ORD-008120,5,Pesimo,Pesimo,2024-02-15 14:17:00
REV-004943,ORD-006888,5,Mejor de lo esperado,Mejor de lo esperado,2023-10-12 19:02:00
REV-004944,ORD-010839,3,Malo,,2023-07-02 22:19:00
REV-004945,ORD-007220,2,Cumple expectativas,Cumple expectativas,2022-01-08 00:15:00
REV-004946,ORD-013487,1,Pesimo,Pesimo,2022-02-06 05:21:00
REV-004947,ORD-014693,0,Buena calidad,,2024-04-01 13:00:00
REV-004948,ORD-014126,3,Muy bueno,Muy bueno,2021-04-06 02:04:00
REV-004949,ORD-008573,1,Excelente producto,,2023-09-29 19:00:00
REV-004950,ORD-005557,4,OK,OK,2023-08-09 10:46:00
REV-004951,ORD-006575,5,Pesimo,Pesimo,2024-06-04 07:33:00
REV-004952,ORD-009936,4,Excelente producto,Excelente producto,2023-07-28 10:15:00
REV-004953,ORD-006647,4,Regular,Regular,2022-04-19 23:34:00
REV-004954,ORD-005021,2,Mejor de lo esperado,Mejor de lo esperado,2024-01-08 08:00:00
REV-004955,ORD-014718,5,Cumple expectativas,,2021-04-26 23:13:00
REV-004956,ORD-004271,4,Recomendado,,2021-07-12 16:23:00
REV-004957,ORD-013211,3,No lo recomiendo,,2021-05-12 21:37:00
REV-004958,ORD-010719,1,OK,OK,2023-12-29 18:04:00
REV-004959,ORD-006554,3,Recomendado,,2022-12-11 21:39:00
REV-004960,ORD-014335,1,No lo recomiendo,No lo recomiendo,2022-06-12 15:35:00
REV-004961,ORD-006770,2,Cumple expectativas,Cumple expectativas,2023-09-28 03:50:00
REV-004962,ORD-011429,2,Excelente producto,Excelente producto,2023-03-31 07:08:00
REV-004963,ORD-004504,2,Llego roto,,2024-05-09 20:29:00
REV-004964,ORD-000533,1,Llego roto,Llego roto,2021-04-30 06:54:00
REV-004965,ORD-006181,3,Excelente producto,Excelente producto,2021-12-10 20:25:00
REV-004966,ORD-009445,5,Buena calidad,Buena calidad,2021-05-11 13:09:00
REV-004967,ORD-012607,4,Pesimo,Pesimo,2022-02-05 07:27:00
REV-004968,ORD-005790,4,Recomendado,,2021-03-25 13:28:00
REV-004969,ORD-000986,5,Pesimo,Pesimo,2023-12-16 01:23:00
REV-004970,ORD-013843,5,Cumple expectativas,Cumple expectativas,2024-01-11 15:11:00
REV-004971,ORD-002990,5,OK,,2022-01-10 01:30:00
REV-004972,ORD-012386,4,OK,OK,2023-04-06 14:38:00
REV-004973,ORD-004084,4,,,2022-08-18 09:56:00
REV-004974,ORD-947232,5,Mejor de lo esperado,Mejor de lo esperado,2022-01-30 22:29:00
REV-004975,ORD-014233,5,OK,OK,2022-01-14 21:59:00
REV-004976,ORD-005888,4,Malo,,2021-07-01 01:25:00
REV-004977,ORD-011140,5,,,2022-09-15 05:00:00
REV-004978,ORD-009386,2,Mejor de lo esperado,Mejor de lo esperado,2023-09-09 17:39:00
REV-004979,ORD-006391,6,No lo recomiendo,,2021-11-04 17:05:00
REV-004980,ORD-011166,3,Llego roto,,2023-06-20 18:44:00
REV-004981,ORD-014661,3,Excelente producto,Excelente producto,2023-11-27 19:17:00
REV-004982,ORD-006030,2,Pesimo,Pesimo,2021-10-15 15:49:00
REV-004983,ORD-001827,1,Regular,,2022-11-03 16:09:00
REV-004984,ORD-008683,2,Buena calidad,Buena calidad,2021-02-04 18:32:00
REV-004985,ORD-004385,5,Muy bueno,,2022-11-25 22:23:00
REV-004986,ORD-008728,5,Regular,Regular,2023-06-30 02:48:00
REV-004987,ORD-000880,2,Regular,Regular,2023-05-07 05:31:00
REV-004988,ORD-007835,3,Mejor de lo esperado,Mejor de lo esperado,2023-04-15 18:41:00
REV-004989,ORD-010634,5,Malo,,2022-02-26 03:09:00
REV-004990,ORD-012279,1,Muy bueno,,2023-08-04 16:42:00
REV-004991,ORD-001116,3,Malo,Malo,2023-09-29 23:15:00
REV-004992,ORD-001057,1,Muy bueno,Muy bueno,2023-07-29 19:03:00
REV-004993,ORD-010793,5,Muy bueno,Muy bueno,2021-11-17 20:49:00
REV-004994,ORD-003815,1,Llego roto,Llego roto,2021-08-17 01:25:00
REV-004995,ORD-014865,3,Muy bueno,,2024-03-16 03:59:00
REV-004996,ORD-950741,5,Mejor de lo esperado,,2021-04-29 19:14:00
REV-004002,ORD-003683,5,Malo,,2023-07-14 19:41:00
REV-004998,ORD-013815,1,Llego roto,Llego roto,2023-05-29 17:09:00
REV-004999,ORD-007345,1,No lo recomiendo,,2023-06-08 20:29:00
REV-005000,ORD-010458,4,Malo,Malo,2022-12-07 11:08:00
REV-005001,ORD-008240,3,OK,OK,2021-04-10 02:11:00
REV-005002,ORD-003666,1,Muy bueno,,2022-06-23 21:25:00
REV-005003,ORD-009127,4,Mejor de lo esperado,,2023-04-29 15:38:00
REV-005004,ORD-004513,4,Regular,,2023-10-28 06:20:00
REV-005005,ORD-002312,2,OK,OK,2023-11-17 19:52:00
REV-005006,ORD-001347,5,,,2022-11-14 16:15:00
REV-005007,ORD-005854,4,Pesimo,Pesimo,2022-11-20 08:58:00
REV-005008,ORD-003678,4,Muy bueno,Muy bueno,2024-01-06 08:36:00
REV-005009,ORD-005271,3,Malo,,2021-11-18 07:40:00
REV-005010,ORD-000808,5,OK,,2023-03-23 17:11:00
REV-005011,ORD-012827,5,,,2023-07-29 17:39:00
REV-005012,ORD-003807,2,Recomendado,,2023-04-13 03:11:00
REV-005013,ORD-001848,4,,,2021-04-29 17:19:00
REV-005014,ORD-004270,1,OK,,2021-03-19 13:03:00
REV-005015,ORD-011268,4,Buena calidad,Buena calidad,2021-11-10 02:29:00
REV-005016,ORD-013290,2,No lo recomiendo,,2024-02-01 13:37:00
REV-005017,ORD-000563,2,Recomendado,Recomendado,2023-07-14 18:24:00
REV-005018,ORD-002755,5,No lo recomiendo,,2023-03-01 21:37:00
REV-005019,ORD-012975,1,Buena calidad,Buena calidad,2021-03-04 19:06:00
REV-005020,ORD-012815,3,Malo,,2022-09-11 19:22:00
REV-005021,ORD-001323,4,Muy bueno,Muy bueno,2023-09-18 20:50:00
REV-005022,ORD-004300,5,,,2021-03-02 09:14:00
REV-005023,ORD-001818,1,Muy bueno,Muy bueno,2022-08-21 12:46:00
REV-005024,ORD-007605,3,Recomendado,Recomendado,2021-12-19 15:54:00
REV-005025,ORD-005536,4,Regular,,2022-04-23 05:47:00
REV-005026,ORD-006108,4,OK,,2021-02-25 18:12:00
REV-005027,ORD-005565,2,Malo,,2023-07-10 10:22:00
REV-005028,ORD-002425,4,Pesimo,,2021-09-28 16:04:00
REV-005029,ORD-007621,0,Buena calidad,Buena calidad,2024-06-26 12:48:00
REV-005030,ORD-012570,1,Buena calidad,,2022-01-18 17:03:00
REV-005031,ORD-012332,2,,,2021-08-11 01:12:00
REV-005032,ORD-011205,1,Muy bueno,Muy bueno,2023-10-21 19:12:00
REV-005033,ORD-007656,3,No lo recomiendo,No lo recomiendo,2021-09-14 19:06:00
REV-005034,ORD-007432,5,Muy bueno,Muy bueno,2024-06-06 13:30:00
REV-005035,ORD-000546,5,Malo,,2021-06-27 17:29:00
REV-005036,ORD-004080,5,Muy bueno,Muy bueno,2024-06-18 22:07:00
REV-005037,ORD-005815,3,Cumple expectativas,Cumple expectativas,2022-01-06 12:45:00
REV-005038,ORD-001559,3,Muy bueno,,2023-02-15 10:28:00
REV-005039,ORD-012807,1,Muy bueno,Muy bueno,2024-03-12 03:35:00
REV-005040,ORD-007679,1,Cumple expectativas,Cumple expectativas,2024-01-04 02:54:00
REV-005041,ORD-005215,4,Buena calidad,,2022-08-11 17:08:00
REV-005042,ORD-013130,4,Pesimo,Pesimo,2023-03-10 04:10:00
REV-005043,ORD-009122,4,Recomendado,Recomendado,2024-01-21 16:22:00
REV-005044,ORD-988793,5,Excelente producto,Excelente producto,2024-04-18 06:44:00
REV-005045,ORD-003169,3,Pesimo,,2023-07-01 06:16:00
REV-005046,ORD-011798,2,Buena calidad,Buena calidad,2022-10-28 20:07:00
REV-005047,ORD-013560,2,Regular,,2023-10-12 18:38:00
REV-005048,ORD-002312,3,OK,,2023-02-13 19:37:00
REV-005049,ORD-003225,3,Recomendado,Recomendado,2021-05-26 07:55:00
REV-005050,ORD-007480,1,No lo recomiendo,,2024-06-24 04:11:00
REV-005051,ORD-012236,5,Excelente producto,,2022-03-01 00:44:00
REV-005052,ORD-003841,2,Malo,Malo,2023-05-20 22:08:00
REV-005053,ORD-006252,10,Cumple expectativas,Cumple expectativas,2023-10-03 19:36:00
REV-005054,ORD-005907,4,Buena calidad,Buena calidad,2022-12-28 00:00:00
REV-005055,ORD-002399,1,OK,OK,2022-10-31 10:10:00
REV-005056,ORD-011953,4,Excelente producto,,2023-04-27 17:37:00
REV-005057,ORD-000279,4,Malo,Malo,2021-06-22 07:32:00
REV-005058,ORD-000588,4,Malo,,2023-10-04 14:35:00
REV-005059,ORD-000185,5,Malo,,2021-11-17 20:32:00
REV-005060,ORD-006867,1,OK,OK,2024-01-07 17:30:00
REV-005061,ORD-003358,3,Excelente producto,,2024-01-27 21:17:00
REV-005062,ORD-014854,4,Cumple expectativas,,2024-03-12 13:20:00
REV-005063,ORD-003795,4,OK,,2022-07-08 23:30:00
REV-005064,ORD-011503,3,Muy bueno,,2021-10-01 19:50:00
REV-005065,ORD-006117,1,Cumple expectativas,Cumple expectativas,2021-02-27 04:15:00
REV-005066,ORD-011709,-1,Mejor de lo esperado,Mejor de lo esperado,2021-08-12 21:06:00
REV-005067,ORD-012598,5,Cumple expectativas,Cumple expectativas,2021-06-25 02:46:00
REV-005068,ORD-006724,4,Malo,,2023-04-08 00:32:00
REV-005069,ORD-007659,1,Pesimo,Pesimo,2023-06-08 17:12:00
REV-005070,ORD-004013,1,Malo,Malo,2021-03-20 17:01:00
REV-005071,ORD-011689,4,No lo recomiendo,No lo recomiendo,2023-07-09 16:24:00
REV-005072,ORD-010564,5,No lo recomiendo,,2023-12-21 20:30:00
REV-005073,ORD-985564,3,Cumple expectativas,Cumple expectativas,2021-06-24 22:19:00
REV-005074,ORD-000828,1,Llego roto,Llego roto,2022-12-25 01:47:00
REV-005075,ORD-004768,4,Buena calidad,,2022-01-17 21:08:00
REV-005076,ORD-007337,5,,,2024-04-07 17:24:00
REV-005077,ORD-014297,1,Buena calidad,Buena calidad,2022-03-23 10:59:00
REV-005078,ORD-014973,,Buena calidad,Buena calidad,2022-07-05 05:58:00
REV-005079,ORD-002477,5,,,2023-11-12 04:14:00
REV-005080,ORD-002594,3,Excelente producto,,2022-01-19 10:46:00
REV-005081,ORD-003778,2,No lo recomiendo,,2023-01-11 04:57:00
REV-005082,ORD-014343,5,Recomendado,Recomendado,2023-12-15 02:08:00
REV-005083,ORD-013805,5,Malo,,2021-07-20 18:53:00
REV-005084,ORD-002983,4,Excelente producto,,2023-09-07 11:03:00
REV-005085,ORD-004630,3,No lo recomiendo,,2023-07-05 15:10:00
REV-005086,ORD-013093,3,Llego roto,,2021-02-13 04:43:00
REV-005087,ORD-002002,3,Recomendado,Recomendado,2021-08-01 07:12:00
REV-005088,ORD-002669,1,Recomendado,,2021-07-15 05:15:00
REV-005089,ORD-008855,5,Excelente producto,Excelente producto,2021-08-31 23:05:00
REV-005090,ORD-013507,3,Pesimo,,2023-03-02 13:54:00
REV-005091,ORD-006377,5,Cumple expectativas,Cumple expectativas,2021-02-09 19:50:00
REV-005092,ORD-012423,3,Llego roto,,2021-09-17 08:23:00
REV-005093,ORD-010398,1,Muy bueno,Muy bueno,2023-09-03 19:24:00
REV-005094,ORD-011447,5,,,2024-05-03 18:06:00
REV-005095,ORD-006404,3,OK,,2024-02-07 04:08:00
REV-005096,ORD-006582,4,Pesimo,Pesimo,2022-10-15 15:13:00
REV-005097,ORD-013769,2,Llego roto,Llego roto,2023-06-28 16:27:00
REV-005098,ORD-005533,3,Buena calidad,,2021-06-21 11:16:00
REV-005099,ORD-005078,1,Buena calidad,Buena calidad,2023-10-21 01:59:00
REV-005100,ORD-008455,2,,,2023-06-30 17:50:00
REV-005101,ORD-009063,5,,,2023-05-17 21:46:00
REV-005102,ORD-001442,2,OK,OK,2023-02-20 22:50:00
REV-005103,ORD-006220,4,OK,,2023-08-09 18:22:00
REV-005104,ORD-009669,3,Recomendado,Recomendado,2023-04-06 06:07:00
REV-005105,ORD-011672,1,Buena calidad,,2023-03-12 22:51:00
REV-005106,ORD-010939,5,Muy bueno,Muy bueno,2021-06-14 07:19:00
REV-005107,ORD-000077,4,Excelente producto,Excelente producto,2022-07-04 10:18:00
REV-005108,ORD-909379,2,Muy bueno,Muy bueno,2022-09-06 18:18:00
REV-005109,ORD-000148,2,Mejor de lo esperado,,2024-01-04 09:04:00
REV-005110,ORD-003289,1,Excelente producto,Excelente producto,2021-04-27 07:44:00
REV-005111,ORD-004850,1,Malo,,2021-07-22 05:34:00
REV-005112,ORD-010963,3,Regular,Regular,2024-04-27 08:13:00
REV-005113,ORD-011687,5,Pesimo,Pesimo,2021-05-28 22:20:00
REV-005114,ORD-010643,2,,,2024-05-03 19:17:00
REV-005115,ORD-009319,2,,,2022-12-06 02:57:00
REV-005116,ORD-004425,4,Malo,Malo,2023-10-20 01:05:00
REV-005117,ORD-006737,3,Recomendado,,2023-12-05 19:05:00
REV-005118,ORD-004344,4,Llego roto,Llego roto,2022-03-21 19:10:00
REV-005119,ORD-012737,2,Cumple expectativas,,2024-01-30 15:45:00
REV-005120,ORD-012500,4,Cumple expectativas,,2021-10-15 20:24:00
REV-005121,ORD-014369,5,OK,OK,2023-10-01 04:25:00
REV-005122,ORD-998725,3,Llego roto,,2022-02-13 10:26:00
REV-005123,ORD-010396,1,Excelente producto,Excelente producto,2024-04-03 01:19:00
REV-005124,ORD-003561,3,Excelente producto,Excelente producto,2023-11-15 03:15:00
REV-005125,ORD-004737,1,OK,OK,2022-07-14 19:03:00
REV-005126,ORD-002722,3,Recomendado,Recomendado,2023-02-04 04:24:00
REV-005127,ORD-011329,0,Cumple expectativas,,2022-04-02 06:57:00
REV-005128,ORD-014209,2,Llego roto,,2023-12-28 10:39:00
REV-005129,ORD-004371,1,Cumple expectativas,Cumple expectativas,2022-09-24 11:48:00
REV-005130,ORD-012193,1,No lo recomiendo,No lo recomiendo,2021-06-04 09:18:00
REV-005131,ORD-013179,4,OK,,2023-09-26 15:26:00
REV-005132,ORD-002078,2,Pesimo,Pesimo,2023-03-28 22:56:00
REV-005133,ORD-004348,2,Muy bueno,Muy bueno,2022-03-07 21:29:00
REV-005134,ORD-009489,2,OK,OK,2022-04-20 09:48:00
REV-005135,ORD-005933,1,Malo,,2023-06-23 23:13:00
REV-005136,ORD-001514,5,Recomendado,Recomendado,2021-11-14 14:06:00
REV-005137,ORD-000909,5,Regular,Regular,2021-06-01 14:43:00
REV-005138,ORD-003863,3,Cumple expectativas,Cumple expectativas,2021-02-02 08:52:00
REV-005139,ORD-003365,5,Recomendado,,2022-02-13 21:09:00
REV-005140,ORD-003558,0,,,2023-06-03 05:33:00
REV-005141,ORD-010775,2,Malo,Malo,2021-04-27 09:10:00
REV-005142,ORD-012687,3,Excelente producto,Excelente producto,2021-06-24 13:42:00
REV-005143,ORD-002611,5,Regular,Regular,2023-05-11 02:50:00
REV-005144,ORD-007311,3,Excelente producto,,2024-02-08 18:57:00
REV-005145,ORD-010760,1,No lo recomiendo,,2023-06-21 17:55:00
REV-005146,ORD-014874,2,Mejor de lo esperado,Mejor de lo esperado,2022-09-04 00:03:00
REV-005147,ORD-014015,2,Buena calidad,Buena calidad,2022-04-07 20:20:00
REV-005148,ORD-007612,3,Mejor de lo esperado,,2023-08-01 00:35:00
REV-005149,ORD-006803,2,Buena calidad,,2023-04-06 06:45:00
REV-005150,ORD-010106,4,,,2024-02-12 21:13:00
REV-005151,ORD-003002,3,Recomendado,Recomendado,2023-09-09 01:26:00
REV-005152,ORD-005685,5,Excelente producto,Excelente producto,2023-01-21 09:26:00
REV-005153,ORD-006666,5,Llego roto,Llego roto,2022-02-14 12:36:00
REV-005154,ORD-004225,5,Llego roto,,2024-01-15 15:11:00
REV-005155,ORD-014128,5,OK,,2023-05-19 00:45:00
REV-005156,ORD-009386,4,Excelente producto,,2024-01-06 20:18:00
REV-005157,ORD-013654,5,Regular,,2023-09-19 15:14:00
REV-005158,ORD-008373,4,Regular,Regular,2021-10-17 19:17:00
REV-005159,ORD-003143,2,Recomendado,Recomendado,2021-08-31 09:34:00
REV-005160,ORD-978235,3,,,2022-09-09 19:21:00
REV-005161,ORD-001729,3,No lo recomiendo,,2021-08-08 14:40:00
REV-005162,ORD-011070,1,Excelente producto,,2022-07-04 16:24:00
REV-005163,ORD-013972,3,Buena calidad,,2021-11-19 19:09:00
REV-005164,ORD-007409,5,Excelente producto,,2021-07-11 22:12:00
REV-005165,ORD-002303,2,,,2023-07-03 11:43:00
REV-005166,ORD-002673,3,Mejor de lo esperado,,2022-11-13 09:08:00
REV-005167,ORD-005078,3,OK,,2023-11-25 08:38:00
REV-005168,ORD-014831,4,No lo recomiendo,,2022-10-05 02:08:00
REV-005169,ORD-013867,3,Llego roto,Llego roto,2023-12-04 15:31:00
REV-005170,ORD-008575,5,Muy bueno,Muy bueno,2022-11-22 19:36:00
REV-005171,ORD-003988,5,Malo,Malo,2022-11-13 04:13:00
REV-005172,ORD-005581,5,Muy bueno,,2023-04-15 02:14:00
REV-005173,ORD-006883,3,Muy bueno,,2021-11-14 19:18:00
REV-005174,ORD-010787,5,Mejor de lo esperado,Mejor de lo esperado,2024-06-10 09:17:00
REV-005175,ORD-013998,1,Regular,Regular,2024-02-02 22:57:00
REV-005176,ORD-003373,3,Llego roto,Llego roto,2023-09-07 07:45:00
REV-005177,ORD-012372,2,Recomendado,,2021-06-25 18:49:00
REV-005178,ORD-010362,4,Excelente producto,,2023-03-26 22:22:00
REV-005179,ORD-001651,3,No lo recomiendo,No lo recomiendo,2021-08-12 08:53:00
REV-005180,ORD-002688,4,Buena calidad,Buena calidad,2023-01-06 21:44:00
REV-005181,ORD-005157,3,Regular,Regular,2023-05-15 20:32:00
REV-005182,ORD-004384,4,Recomendado,,2022-01-22 01:07:00
REV-005183,ORD-011773,3,Mejor de lo esperado,Mejor de lo esperado,2021-07-18 16:48:00
REV-005184,ORD-002413,4,Malo,Malo,2022-06-10 05:36:00
REV-005185,ORD-006966,3,Muy bueno,Muy bueno,2022-12-01 16:33:00
REV-005186,ORD-008927,3,Pesimo,Pesimo,2023-07-16 20:48:00
REV-005187,ORD-010686,4,Llego roto,,2023-11-04 19:24:00
REV-005188,ORD-010217,1,Pesimo,,2022-01-22 03:59:00
REV-005189,ORD-007981,3,No lo recomiendo,No lo recomiendo,2021-06-16 01:55:00
REV-005190,ORD-003982,4,Excelente producto,Excelente producto,2021-07-31 00:03:00
REV-005191,ORD-007854,3,Mejor de lo esperado,,2021-09-04 03:42:00
REV-005192,ORD-001619,4,OK,OK,2023-07-25 10:35:00
REV-005193,ORD-013724,3,Muy bueno,Muy bueno,2021-05-11 06:02:00
REV-005194,ORD-003036,3,Recomendado,,2023-09-30 18:36:00
REV-005195,ORD-014818,5,Muy bueno,,2022-09-27 22:10:00
REV-005196,ORD-012620,3,,,2021-06-05 00:54:00
REV-005197,ORD-001118,2,Llego roto,Llego roto,2021-10-31 16:05:00
REV-005198,ORD-010414,2,Buena calidad,Buena calidad,2023-11-19 21:53:00
REV-005199,ORD-014652,2,Llego roto,,2023-04-03 01:02:00
REV-005200,ORD-014170,5,Llego roto,Llego roto,2022-11-29 03:30:00
REV-005201,ORD-002097,2,Recomendado,,2021-11-28 13:41:00
REV-005202,ORD-004345,2,Llego roto,Llego roto,2023-02-02 05:34:00
REV-003488,ORD-007907,3,No lo recomiendo,No lo recomiendo,2021-12-01 11:28:00
REV-005204,ORD-011779,3,Pesimo,Pesimo,2022-09-29 23:19:00
REV-005205,ORD-012433,2,Muy bueno,Muy bueno,2024-06-06 16:45:00
REV-005206,ORD-001182,4,Pesimo,Pesimo,2024-03-11 04:58:00
REV-005207,ORD-000309,2,Pesimo,Pesimo,2021-07-22 19:10:00
REV-005208,ORD-002122,3,Recomendado,,2021-06-11 07:27:00
REV-005209,ORD-006312,5,Llego roto,Llego roto,2021-03-05 20:14:00
REV-005210,ORD-002644,4,Malo,Malo,2023-07-27 16:26:00
REV-005211,ORD-014861,1,OK,,2021-12-22 11:38:00
REV-005212,ORD-004123,1,Mejor de lo esperado,Mejor de lo esperado,2022-03-06 05:26:00
REV-005213,ORD-008829,5,,,2024-06-10 07:05:00
REV-005214,ORD-003602,4,Cumple expectativas,,2023-05-07 06:12:00
REV-005215,ORD-010849,4,Cumple expectativas,Cumple expectativas,2024-03-03 08:33:00
REV-005216,ORD-003593,3,Excelente producto,Excelente producto,2022-01-05 14:28:00
REV-005217,ORD-002889,1,Cumple expectativas,,2021-04-03 11:07:00
REV-005218,ORD-000437,4,Regular,Regular,2024-03-03 06:40:00
REV-005219,ORD-008947,2,Excelente producto,,2022-07-07 17:32:00
REV-005220,ORD-013856,3,OK,OK,2022-08-01 18:14:00
REV-005221,ORD-006743,3,Recomendado,,2023-06-26 12:14:00
REV-005222,ORD-002782,2,Recomendado,Recomendado,2021-10-12 16:17:00
REV-005223,ORD-001758,5,Muy bueno,Muy bueno,2023-10-09 07:28:00
REV-005224,ORD-004351,1,Excelente producto,,2021-02-09 00:17:00
REV-005225,ORD-005927,-1,Regular,,2022-03-01 17:31:00
REV-005226,ORD-002210,2,Pesimo,,2022-01-14 06:25:00
REV-005227,ORD-009893,5,Muy bueno,Muy bueno,2021-04-08 21:45:00
REV-005228,ORD-003658,5,Mejor de lo esperado,Mejor de lo esperado,2024-05-29 23:59:00
REV-005229,ORD-002997,2,OK,,2021-07-15 22:12:00
REV-005230,ORD-006212,3,Excelente producto,Excelente producto,2023-08-25 17:09:00
REV-005231,ORD-004384,5,Muy bueno,Muy bueno,2023-01-09 11:50:00
REV-005232,ORD-002163,3,Recomendado,Recomendado,2022-06-01 06:31:00
REV-005233,ORD-001625,0,Pesimo,,2021-11-08 00:43:00
REV-005234,ORD-011964,3,Pesimo,Pesimo,2023-05-02 14:25:00
REV-005235,ORD-001736,3,Pesimo,Pesimo,2023-04-23 17:02:00
REV-005236,ORD-006697,1,Pesimo,Pesimo,2022-10-31 13:44:00
REV-005237,ORD-012641,3,Regular,Regular,2023-05-21 23:27:00
REV-005238,ORD-004166,3,Muy bueno,Muy bueno,2022-12-19 02:51:00
REV-005239,ORD-001140,3,Mejor de lo esperado,Mejor de lo esperado,2022-04-14 19:13:00
REV-005240,ORD-006102,10,OK,OK,2022-10-13 18:35:00
REV-005241,ORD-008801,2,OK,OK,2021-12-31 06:35:00
REV-005242,ORD-004143,2,Buena calidad,Buena calidad,2023-09-10 18:00:00
REV-005243,ORD-001416,2,Buena calidad,Buena calidad,2022-08-26 08:14:00
REV-005244,ORD-009138,4,Llego roto,,2023-09-24 13:33:00
REV-005245,ORD-001465,3,Excelente producto,,2021-07-07 06:12:00
REV-005246,ORD-013553,4,,,2023-09-27 17:32:00
REV-005247,ORD-008091,4,Recomendado,Recomendado,2023-10-06 17:30:00
REV-005248,ORD-982590,2,Cumple expectativas,Cumple expectativas,2023-11-06 03:01:00
REV-005249,ORD-012915,3,Llego roto,Llego roto,2021-08-06 19:52:00
REV-005250,ORD-003160,5,Mejor de lo esperado,,2021-07-13 04:24:00
REV-005251,ORD-013400,4,Llego roto,Llego roto,2022-10-31 12:55:00
REV-005252,ORD-002766,1,Regular,Regular,2023-12-18 05:49:00
REV-005253,ORD-011662,4,Cumple expectativas,,2021-02-27 17:20:00
REV-005254,ORD-006207,1,Recomendado,,2022-10-12 00:27:00
REV-005255,ORD-009215,2,Malo,,2022-03-04 09:20:00
REV-003402,ORD-008902,5,OK,,2023-05-22 22:58:00
REV-005257,ORD-000117,1,Excelente producto,,2022-12-01 06:40:00
REV-005258,ORD-014229,5,Recomendado,Recomendado,2021-08-22 10:18:00
REV-005259,ORD-007929,5,Recomendado,Recomendado,2023-12-28 18:35:00
REV-005260,ORD-009848,4,OK,OK,2023-02-24 09:27:00
REV-005261,ORD-012971,2,,,2022-04-22 01:05:00
REV-005262,ORD-010404,5,Cumple expectativas,Cumple expectativas,2023-09-06 09:30:00
REV-005263,ORD-012126,3,Malo,Malo,2023-04-15 13:02:00
REV-005264,ORD-010322,4,Recomendado,,2023-03-27 09:40:00
REV-005265,ORD-006142,2,OK,OK,2021-06-01 17:54:00
REV-005266,ORD-012934,2,Excelente producto,Excelente producto,2023-09-21 17:54:00
REV-005267,ORD-004702,1,,,2021-08-09 00:20:00
REV-005268,ORD-005572,3,Recomendado,,2023-03-11 05:07:00
REV-005269,ORD-001631,4,,,2021-05-25 11:19:00
REV-005270,ORD-007455,4,,,2021-04-01 14:52:00
REV-005271,ORD-010006,1,Pesimo,Pesimo,2022-11-15 23:05:00
REV-005272,ORD-011251,5,OK,OK,2024-02-15 01:34:00
REV-005273,ORD-012057,3,Buena calidad,Buena calidad,2024-02-22 23:15:00
REV-005274,ORD-014861,5,Regular,Regular,2021-02-09 21:28:00
REV-005275,ORD-013102,2,Excelente producto,,2023-10-31 18:48:00
REV-005276,ORD-011097,4,Mejor de lo esperado,Mejor de lo esperado,2023-04-17 19:56:00
REV-005277,ORD-006268,4,Buena calidad,Buena calidad,2024-03-27 12:26:00
REV-005278,ORD-011243,3,Malo,,2023-11-21 03:10:00
REV-005279,ORD-013961,4,No lo recomiendo,No lo recomiendo,2021-05-07 00:49:00
REV-005280,ORD-001399,10,Regular,Regular,2022-04-20 08:26:00
REV-005281,ORD-008139,5,Mejor de lo esperado,,2022-03-06 07:44:00
REV-005282,ORD-012772,3,Buena calidad,,2021-10-30 02:01:00
REV-005283,ORD-004338,1,OK,OK,2022-03-25 03:22:00
REV-005284,ORD-009245,1,Recomendado,Recomendado,2023-01-08 03:31:00
REV-005285,ORD-007027,4,Buena calidad,Buena calidad,2023-12-30 04:34:00
REV-005286,ORD-002879,2,Cumple expectativas,,2023-03-16 16:22:00
REV-005287,ORD-005390,5,Excelente producto,Excelente producto,2022-11-27 00:23:00
REV-005288,ORD-012934,2,Regular,,2023-12-20 04:25:00
REV-005289,ORD-013098,2,,,2024-04-09 17:26:00
REV-005290,ORD-007809,5,Cumple expectativas,Cumple expectativas,2021-02-11 04:14:00
REV-005291,ORD-961638,4,Malo,,2023-07-28 09:35:00
REV-005292,ORD-014936,2,Recomendado,Recomendado,2021-02-12 16:13:00
REV-005293,ORD-009244,3,Cumple expectativas,,2023-04-15 11:45:00
REV-005294,ORD-003663,4,Regular,Regular,2023-09-13 04:43:00
REV-005295,ORD-004515,5,No lo recomiendo,No lo recomiendo,2022-09-02 07:40:00
REV-005296,ORD-927484,10,Buena calidad,Buena calidad,2023-11-01 03:26:00
REV-005297,ORD-000557,1,Cumple expectativas,,2022-05-30 03:25:00
REV-005298,ORD-000657,1,Mejor de lo esperado,,2022-01-10 20:10:00
REV-005299,ORD-012658,1,Excelente producto,Excelente producto,2023-06-20 17:45:00
REV-005300,ORD-012248,3,OK,OK,2021-11-15 17:08:00
REV-005301,ORD-011845,3,Buena calidad,,2023-02-06 12:12:00
REV-005302,ORD-000549,2,,,2022-07-05 13:53:00
REV-005303,ORD-013255,4,Recomendado,Recomendado,2023-02-16 20:53:00
REV-005304,ORD-010550,3,Malo,,2024-05-07 19:57:00
REV-005305,ORD-007334,3,No lo recomiendo,No lo recomiendo,2023-01-16 23:36:00
REV-005306,ORD-007190,2,Mejor de lo esperado,Mejor de lo esperado,2021-06-24 16:39:00
REV-005307,ORD-002110,2,Llego roto,Llego roto,2022-01-07 20:19:00
REV-005308,ORD-003439,4,Recomendado,Recomendado,2021-07-22 17:47:00
REV-005309,ORD-006778,2,Mejor de lo esperado,,2022-01-18 21:33:00
REV-005310,ORD-003834,2,OK,OK,2021-09-14 11:22:00
REV-005311,ORD-003602,2,Buena calidad,,2023-09-10 10:47:00
REV-005312,ORD-006171,3,,,2021-12-19 15:11:00
REV-005313,ORD-009407,2,No lo recomiendo,No lo recomiendo,2024-04-05 18:33:00
REV-005314,ORD-002654,4,Malo,Malo,2021-04-24 14:04:00
REV-005315,ORD-002776,4,Recomendado,Recomendado,2022-10-18 14:06:00
REV-005316,ORD-012573,5,Mejor de lo esperado,,2024-04-28 12:03:00
REV-005317,ORD-008564,2,Malo,Malo,2023-03-19 06:24:00
REV-005318,ORD-007638,5,Recomendado,,2023-05-23 15:08:00
REV-005319,ORD-012275,1,Pesimo,Pesimo,2023-09-01 20:14:00
REV-005320,ORD-011055,3,Llego roto,Llego roto,2021-11-25 15:12:00
REV-005321,ORD-000711,1,No lo recomiendo,No lo recomiendo,2024-01-18 13:06:00
REV-005322,ORD-011323,6,Recomendado,Recomendado,2021-06-26 04:29:00
REV-005323,ORD-004002,5,Regular,Regular,2024-04-25 18:13:00
REV-005324,ORD-002801,3,Regular,,2023-01-26 13:48:00
REV-005325,ORD-008052,3,Excelente producto,Excelente producto,2021-10-25 20:56:00
REV-005326,ORD-004373,3,Malo,,2024-04-16 03:09:00
REV-005327,ORD-010840,3,Recomendado,,2021-05-08 03:25:00
REV-005328,ORD-002112,2,,,2022-08-12 10:04:00
REV-005329,ORD-001160,3,,,2023-11-20 02:11:00
REV-005330,ORD-967747,3,,,2023-03-21 02:58:00
REV-005331,ORD-007370,2,No lo recomiendo,,2022-12-09 19:33:00
REV-005332,ORD-010658,3,Pesimo,Pesimo,2023-10-29 12:05:00
REV-005333,ORD-006788,5,Muy bueno,,2023-06-29 00:56:00
REV-005334,ORD-011319,6,Excelente producto,Excelente producto,2021-09-26 05:02:00
REV-005335,ORD-005874,3,Pesimo,,2023-02-27 08:38:00
REV-005336,ORD-011543,5,Malo,Malo,2022-05-24 15:43:00
REV-005337,ORD-014748,,Cumple expectativas,,2023-02-24 07:03:00
REV-005338,ORD-006687,3,Malo,Malo,2021-10-15 03:00:00
REV-005339,ORD-004341,4,,,2022-12-04 07:52:00
REV-005340,ORD-000013,3,Malo,,2021-09-28 10:43:00
REV-005341,ORD-000387,2,Mejor de lo esperado,Mejor de lo esperado,2022-03-24 20:51:00
REV-003272,ORD-013163,5,Mejor de lo esperado,,2022-07-04 17:21:00
REV-005343,ORD-001684,2,Malo,Malo,2024-02-03 15:13:00
REV-005344,ORD-010773,4,Recomendado,Recomendado,2023-12-10 12:56:00
REV-005345,ORD-007576,1,Excelente producto,,2022-12-06 02:09:00
REV-005346,ORD-013682,0,OK,OK,2023-08-08 06:19:00
REV-005347,ORD-007120,4,Malo,,2024-05-26 13:13:00
REV-005348,ORD-000515,1,Muy bueno,,2021-04-27 11:19:00
REV-005349,ORD-010305,5,Mejor de lo esperado,Mejor de lo esperado,2022-03-02 04:30:00
REV-005350,ORD-001333,1,Recomendado,Recomendado,2024-03-27 06:57:00
REV-005351,ORD-010315,2,Muy bueno,,2021-02-08 10:03:00
REV-005352,ORD-009929,5,OK,OK,2023-06-14 01:48:00
REV-005353,ORD-002734,1,Pesimo,Pesimo,2024-06-22 08:05:00
REV-005354,ORD-007840,4,No lo recomiendo,No lo recomiendo,2021-04-16 04:46:00
REV-005355,ORD-010323,2,Cumple expectativas,Cumple expectativas,2021-09-03 07:16:00
REV-005356,ORD-001393,1,Buena calidad,,2021-03-31 23:44:00
REV-005357,ORD-000196,1,Regular,Regular,2022-11-26 13:49:00
REV-005358,ORD-001024,5,Buena calidad,,2023-01-22 15:16:00
REV-005359,ORD-000604,2,Regular,Regular,2022-06-04 14:31:00
REV-005360,ORD-003479,2,Buena calidad,,2021-03-08 12:02:00
REV-005361,ORD-007989,5,Pesimo,,2024-01-13 03:00:00
REV-005362,ORD-002824,1,Mejor de lo esperado,Mejor de lo esperado,2023-05-09 17:38:00
REV-005363,ORD-000755,3,Recomendado,,2023-05-17 21:13:00
REV-005364,ORD-010908,3,Malo,Malo,2023-11-07 20:58:00
REV-005365,ORD-009578,5,Cumple expectativas,Cumple expectativas,2024-04-20 20:29:00
REV-005366,ORD-008497,5,,,2021-12-09 01:41:00
REV-005367,ORD-001363,4,Buena calidad,Buena calidad,2021-04-09 06:18:00
REV-005368,ORD-001568,4,OK,,2022-10-31 18:41:00
REV-005369,ORD-011303,4,Mejor de lo esperado,Mejor de lo esperado,2021-10-01 18:51:00
REV-005370,ORD-002567,3,Mejor de lo esperado,,2021-02-15 17:04:00
REV-005371,ORD-009614,1,OK,OK,2024-04-16 02:49:00
REV-005372,ORD-004417,3,Malo,Malo,2022-08-03 16:11:00
REV-005373,ORD-000150,2,Llego roto,Llego roto,2023-06-07 23:58:00
REV-005374,ORD-008807,5,Malo,Malo,2022-07-12 19:58:00
REV-005375,ORD-014821,4,Muy bueno,,2022-10-13 13:48:00
REV-005376,ORD-001754,2,Regular,,2021-06-10 03:30:00
REV-005377,ORD-000711,5,,,2023-02-24 04:10:00
REV-000312,ORD-004412,2,Pesimo,Pesimo,2021-07-29 02:39:00
REV-005379,ORD-007054,4,Excelente producto,Excelente producto,2022-11-29 20:05:00
REV-005380,ORD-010446,4,Cumple expectativas,Cumple expectativas,2023-09-11 08:33:00
REV-005381,ORD-000836,4,Cumple expectativas,Cumple expectativas,2022-08-31 19:32:00
REV-005382,ORD-004510,3,OK,OK,2023-01-31 07:27:00
REV-005383,ORD-008743,3,Excelente producto,,2024-01-09 14:13:00
REV-005384,ORD-003266,3,Muy bueno,,2022-05-21 06:11:00
REV-005385,ORD-006413,4,,,2024-03-16 12:59:00
REV-005386,ORD-002634,4,Mejor de lo esperado,Mejor de lo esperado,2024-02-28 00:34:00
REV-005387,ORD-012788,4,Muy bueno,Muy bueno,2022-09-22 11:32:00
REV-005388,ORD-001469,2,Mejor de lo esperado,Mejor de lo esperado,2023-09-14 03:51:00
REV-005389,ORD-001268,5,Muy bueno,Muy bueno,2023-08-15 18:42:00
REV-005390,ORD-001543,4,Buena calidad,Buena calidad,2022-07-02 08:56:00
REV-005391,ORD-008413,5,Regular,,2024-02-05 02:35:00
REV-005392,ORD-012352,3,No lo recomiendo,,2021-05-30 14:09:00
REV-005393,ORD-009822,5,Buena calidad,Buena calidad,2024-04-11 07:05:00
REV-005394,ORD-010725,1,Recomendado,,2023-01-03 06:14:00
REV-005395,ORD-001596,1,Llego roto,Llego roto,2024-01-22 17:44:00
REV-005396,ORD-005327,3,Excelente producto,,2023-11-20 15:13:00
REV-005397,ORD-013327,5,Recomendado,Recomendado,2024-05-28 09:00:00
REV-005398,ORD-013168,3,Excelente producto,Excelente producto,2022-04-16 13:11:00
REV-005399,ORD-009845,2,OK,,2023-06-19 23:39:00
REV-005400,ORD-006397,4,Llego roto,Llego roto,2023-01-23 12:43:00
REV-005401,ORD-001102,2,Cumple expectativas,Cumple expectativas,2024-03-01 19:19:00
REV-005402,ORD-005626,5,Malo,Malo,2021-03-10 20:28:00
REV-005403,ORD-010310,2,Buena calidad,Buena calidad,2023-03-25 03:45:00
REV-005404,ORD-005500,1,Excelente producto,,2023-12-14 03:45:00
REV-005405,ORD-011959,5,Llego roto,Llego roto,2024-06-07 22:23:00
REV-005406,ORD-014616,5,Malo,Malo,2023-07-25 01:11:00
REV-005407,ORD-008315,2,Excelente producto,Excelente producto,2021-06-22 02:40:00
REV-005408,ORD-000395,5,Recomendado,Recomendado,2021-03-01 01:10:00
REV-005409,ORD-002954,1,Regular,Regular,2021-09-15 00:07:00
REV-005410,ORD-012975,4,Malo,,2024-06-24 08:30:00
REV-005411,ORD-004498,4,Buena calidad,,2021-07-29 18:26:00
REV-005412,ORD-005790,3,Regular,Regular,2024-01-28 07:07:00
REV-005413,ORD-013043,4,OK,OK,2022-05-07 13:28:00
REV-005414,ORD-011254,1,Recomendado,,2023-04-06 06:56:00
REV-005415,ORD-002953,4,No lo recomiendo,No lo recomiendo,2022-11-22 12:47:00
REV-005416,ORD-014860,1,Pesimo,Pesimo,2022-09-18 10:10:00
REV-005417,ORD-011203,1,Muy bueno,Muy bueno,2023-06-27 08:59:00
REV-005418,ORD-011041,5,Muy bueno,Muy bueno,2024-03-07 10:19:00
REV-005419,ORD-014819,5,Recomendado,,2024-04-26 23:35:00
REV-005420,ORD-011226,4,Excelente producto,Excelente producto,2023-01-02 20:25:00
REV-004603,ORD-004659,2,,,2023-10-19 18:59:00
REV-005422,ORD-013219,3,Cumple expectativas,Cumple expectativas,2021-09-16 19:39:00
REV-005423,ORD-004795,3,Cumple expectativas,Cumple expectativas,2021-04-01 00:07:00
REV-005424,ORD-007358,2,Pesimo,Pesimo,2024-04-20 02:49:00
REV-005425,ORD-005800,2,Muy bueno,Muy bueno,2022-09-03 10:38:00
REV-005426,ORD-002814,4,OK,OK,2022-05-10 18:12:00
REV-005427,ORD-014744,3,Excelente producto,,2021-05-23 23:56:00
REV-005428,ORD-012632,3,,,2023-06-09 03:33:00
REV-005429,ORD-011112,2,Llego roto,,2024-04-02 20:50:00
REV-005430,ORD-013305,1,Cumple expectativas,Cumple expectativas,2024-06-16 10:08:00
REV-005431,ORD-006925,1,Recomendado,,2021-12-19 12:26:00
REV-005432,ORD-002794,4,,,2021-06-28 12:55:00
REV-005433,ORD-000787,3,Pesimo,,2023-10-13 20:52:00
REV-005434,ORD-005357,5,Mejor de lo esperado,Mejor de lo esperado,2024-02-16 23:27:00
REV-005435,ORD-007434,1,Muy bueno,Muy bueno,2021-08-21 21:33:00
REV-005436,ORD-006275,3,Excelente producto,Excelente producto,2023-01-21 13:12:00
REV-005437,ORD-985531,4,Regular,,2021-03-03 16:04:00
REV-005438,ORD-006901,5,Llego roto,Llego roto,2021-08-08 10:19:00
REV-005439,ORD-006974,4,Pesimo,Pesimo,2024-04-07 10:19:00
REV-005440,ORD-932058,3,Muy bueno,,2023-07-23 19:04:00
REV-005441,ORD-000287,1,Pesimo,Pesimo,2022-12-20 10:18:00
REV-005442,ORD-008460,6,Cumple expectativas,,2023-03-02 09:23:00
REV-005443,ORD-010689,10,OK,OK,2022-07-23 18:34:00
REV-005444,ORD-001049,2,Regular,,2021-02-02 14:57:00
REV-005445,ORD-006409,1,No lo recomiendo,,2021-02-02 12:45:00
REV-005446,ORD-007530,5,Buena calidad,,2021-02-28 17:01:00
REV-005447,ORD-000317,2,Muy bueno,Muy bueno,2022-03-24 07:30:00
REV-005448,ORD-001736,5,Mejor de lo esperado,Mejor de lo esperado,2023-03-17 12:06:00
REV-005449,ORD-012339,4,Regular,Regular,2023-07-19 13:51:00
REV-005450,ORD-003936,3,Buena calidad,Buena calidad,2024-06-27 16:31:00
REV-005451,ORD-005436,5,Cumple expectativas,,2022-05-11 12:01:00
REV-005452,ORD-011208,1,Malo,Malo,2022-03-23 02:31:00
REV-005453,ORD-010908,3,,,2022-05-14 05:30:00
REV-005454,ORD-004378,5,Malo,Malo,2021-03-17 04:01:00
REV-005455,ORD-000041,2,Cumple expectativas,Cumple expectativas,2021-06-30 08:59:00
REV-005456,ORD-013074,2,Llego roto,Llego roto,2022-05-04 17:49:00
REV-005457,ORD-013421,10,Pesimo,Pesimo,2024-04-07 12:09:00
REV-005458,ORD-011494,3,Cumple expectativas,,2022-10-20 14:08:00
REV-005459,ORD-013182,3,No lo recomiendo,No lo recomiendo,2021-10-22 05:27:00
REV-005460,ORD-001167,5,Malo,,2024-01-10 20:37:00
REV-005461,ORD-006125,5,Mejor de lo esperado,Mejor de lo esperado,2023-10-15 08:09:00
REV-002639,ORD-010913,2,Buena calidad,Buena calidad,2023-09-06 09:54:00
REV-005463,ORD-005541,1,OK,OK,2022-03-19 14:19:00
REV-005464,ORD-008857,3,No lo recomiendo,No lo recomiendo,2023-10-02 16:24:00
REV-005465,ORD-014654,4,Llego roto,,2023-02-16 17:23:00
REV-005466,ORD-010992,2,Buena calidad,Buena calidad,2021-05-13 20:23:00
REV-005467,ORD-013821,2,,,2022-07-09 11:59:00
REV-005468,ORD-001210,-1,Muy bueno,Muy bueno,2022-09-10 13:43:00
REV-005469,ORD-002298,1,Recomendado,,2022-02-07 06:33:00
REV-005470,ORD-008166,4,Regular,Regular,2021-08-25 16:15:00
REV-005471,ORD-001268,5,Excelente producto,,2022-07-21 19:58:00
REV-005472,ORD-012185,5,Muy bueno,Muy bueno,2022-01-27 10:51:00
REV-005473,ORD-011805,2,,,2022-02-26 02:36:00
REV-005474,ORD-006243,3,Muy bueno,Muy bueno,2024-02-03 16:51:00
REV-005475,ORD-011504,2,Llego roto,Llego roto,2023-04-25 15:25:00
REV-005476,ORD-014175,2,Malo,Malo,2021-05-03 06:29:00
REV-005477,ORD-012027,1,Pesimo,Pesimo,2023-01-13 22:49:00
REV-005478,ORD-000431,4,OK,,2022-01-09 07:52:00
REV-005479,ORD-952935,1,Malo,Malo,2021-02-14 23:21:00
REV-005480,ORD-000195,4,OK,,2021-05-16 20:47:00
REV-005481,ORD-003513,1,Excelente producto,Excelente producto,2021-11-06 17:21:00
REV-005482,ORD-004440,4,Malo,,2023-09-06 03:36:00
REV-005483,ORD-009667,10,,,2024-03-21 22:52:00
REV-005484,ORD-004001,3,Regular,,2024-06-30 22:01:00
REV-005485,ORD-006881,1,Muy bueno,,2023-10-04 11:40:00
REV-005486,ORD-011207,4,Mejor de lo esperado,,2024-05-26 05:51:00
REV-005487,ORD-006662,2,Buena calidad,,2023-06-04 06:17:00
REV-005488,ORD-001909,2,Mejor de lo esperado,Mejor de lo esperado,2024-01-12 04:59:00
REV-005489,ORD-008980,4,Excelente producto,Excelente producto,2024-06-11 23:49:00
REV-005490,ORD-012878,5,Regular,,2024-05-15 05:36:00
REV-005491,ORD-006445,4,Excelente producto,Excelente producto,2021-07-13 09:18:00
REV-005492,ORD-007575,3,Malo,Malo,2021-07-12 15:52:00
REV-005493,ORD-009152,3,Pesimo,Pesimo,2021-11-08 03:41:00
REV-005494,ORD-003829,2,Pesimo,,2022-01-30 21:26:00
REV-005495,ORD-006199,3,Regular,,2023-04-30 10:56:00
REV-005496,ORD-002121,1,Regular,Regular,2023-05-06 18:38:00
REV-005497,ORD-013576,2,Excelente producto,Excelente producto,2021-10-01 08:04:00
REV-005498,ORD-003381,4,Pesimo,Pesimo,2022-01-25 02:18:00
REV-005499,ORD-009518,5,Buena calidad,,2021-02-28 15:42:00
REV-005500,ORD-005606,1,Excelente producto,Excelente producto,2023-08-26 00:20:00
REV-005501,ORD-011899,3,Pesimo,,2024-03-28 22:54:00
REV-005502,ORD-001229,2,Recomendado,Recomendado,2021-11-13 13:50:00
REV-003454,ORD-007249,3,Buena calidad,,2022-02-02 12:37:00
REV-005504,ORD-011658,4,Buena calidad,Buena calidad,2021-09-02 21:37:00
REV-005505,ORD-010128,2,Muy bueno,,2024-06-13 06:56:00
REV-005506,ORD-013372,4,Buena calidad,Buena calidad,2021-09-05 23:09:00
REV-005507,ORD-008521,3,OK,OK,2023-08-14 13:53:00
REV-005508,ORD-008528,1,Mejor de lo esperado,Mejor de lo esperado,2022-04-17 23:48:00
REV-005509,ORD-004749,1,No lo recomiendo,No lo recomiendo,2022-03-25 21:22:00
REV-005510,ORD-005870,2,Buena calidad,Buena calidad,2021-12-05 13:41:00
REV-005511,ORD-001700,4,Mejor de lo esperado,Mejor de lo esperado,2023-12-27 09:03:00
REV-005512,ORD-010982,3,No lo recomiendo,No lo recomiendo,2022-07-16 12:05:00
REV-005513,ORD-014162,3,Mejor de lo esperado,Mejor de lo esperado,2023-12-08 18:36:00
REV-005514,ORD-005394,4,OK,OK,2021-04-16 17:08:00
REV-005515,ORD-000243,5,Cumple expectativas,Cumple expectativas,2021-09-02 22:26:00
REV-005516,ORD-008337,3,Cumple expectativas,Cumple expectativas,2021-11-25 05:21:00
REV-005517,ORD-010826,4,Buena calidad,Buena calidad,2021-06-30 10:01:00
REV-005518,ORD-004431,4,Buena calidad,Buena calidad,2021-03-30 18:20:00
REV-005519,ORD-006424,3,Regular,,2023-10-17 05:00:00
REV-005520,ORD-009820,5,Muy bueno,,2022-01-30 23:46:00
REV-005521,ORD-006996,3,Llego roto,,2024-06-01 11:34:00
REV-005522,ORD-012673,3,Cumple expectativas,Cumple expectativas,2021-09-24 22:44:00
REV-005523,ORD-012124,3,Regular,,2022-10-21 08:56:00
REV-005524,ORD-960351,1,Cumple expectativas,,2022-10-17 23:04:00
REV-005525,ORD-001282,1,Mejor de lo esperado,Mejor de lo esperado,2023-02-13 13:42:00
REV-005526,ORD-011120,1,Recomendado,,2023-10-25 00:19:00
REV-005527,ORD-003780,4,Excelente producto,,2021-12-25 16:01:00
REV-005528,ORD-000623,3,Buena calidad,Buena calidad,2022-05-30 11:54:00
REV-005529,ORD-007469,3,Llego roto,Llego roto,2022-07-03 03:05:00
REV-005530,ORD-012987,1,Recomendado,Recomendado,2021-12-25 11:11:00
REV-005531,ORD-011819,3,Pesimo,Pesimo,2023-07-13 15:26:00
REV-005532,ORD-011868,1,Mejor de lo esperado,Mejor de lo esperado,2023-12-23 12:54:00
REV-005533,ORD-002292,1,Excelente producto,Excelente producto,2021-08-18 13:02:00
REV-005534,ORD-008418,5,Cumple expectativas,,2024-06-08 05:07:00
REV-005535,ORD-002502,2,OK,,2022-08-05 01:38:00
REV-005536,ORD-010683,3,Regular,Regular,2021-03-13 17:00:00
REV-005537,ORD-006121,3,Muy bueno,Muy bueno,2022-06-01 00:46:00
REV-005538,ORD-008155,4,Pesimo,,2022-06-17 21:13:00
REV-005539,ORD-004153,4,Cumple expectativas,Cumple expectativas,2022-01-21 11:46:00
REV-005540,ORD-007315,0,Mejor de lo esperado,Mejor de lo esperado,2022-12-18 06:55:00
REV-005541,ORD-005898,3,Buena calidad,Buena calidad,2024-03-18 13:50:00
REV-005542,ORD-013795,3,Cumple expectativas,Cumple expectativas,2023-09-13 04:18:00
REV-005543,ORD-008124,1,Recomendado,,2021-09-07 03:47:00
REV-005544,ORD-012685,3,Regular,Regular,2022-09-07 07:53:00
REV-005545,ORD-011629,2,,,2022-04-17 13:35:00
REV-005546,ORD-004121,2,Mejor de lo esperado,,2024-03-07 07:20:00
REV-005547,ORD-011702,1,Cumple expectativas,Cumple expectativas,2024-04-26 08:46:00
REV-005548,ORD-013770,3,Buena calidad,,2024-02-11 13:14:00
REV-005549,ORD-003309,1,Cumple expectativas,Cumple expectativas,2023-05-30 15:06:00
REV-005550,ORD-002293,3,Muy bueno,Muy bueno,2023-08-31 19:48:00
REV-005551,ORD-002294,1,Buena calidad,,2024-04-27 01:13:00
REV-005552,ORD-007710,2,Mejor de lo esperado,Mejor de lo esperado,2024-05-14 03:10:00
REV-005553,ORD-004149,1,,,2023-08-27 08:03:00
REV-005554,ORD-006311,5,Excelente producto,,2022-06-09 21:31:00
REV-005555,ORD-008925,5,Muy bueno,Muy bueno,2024-05-01 11:01:00
REV-005556,ORD-000472,1,Regular,Regular,2022-01-24 06:51:00
REV-005557,ORD-012600,4,Buena calidad,,2022-03-06 17:28:00
REV-005558,ORD-003719,3,No lo recomiendo,,2022-09-02 10:45:00
REV-005559,ORD-004097,2,No lo recomiendo,No lo recomiendo,2023-11-26 03:38:00
REV-005560,ORD-003782,1,Pesimo,Pesimo,2022-12-19 22:26:00
REV-005561,ORD-000408,2,,,2021-07-14 14:12:00
REV-005562,ORD-004955,2,OK,,2023-03-13 21:44:00
REV-005563,ORD-009793,4,Cumple expectativas,Cumple expectativas,2022-08-17 04:30:00
REV-005564,ORD-012487,3,Llego roto,Llego roto,2023-06-29 02:31:00
REV-005565,ORD-004830,1,Pesimo,,2021-03-04 00:55:00
REV-005566,ORD-000325,1,Mejor de lo esperado,Mejor de lo esperado,2023-09-05 15:41:00
REV-005567,ORD-003463,-1,Regular,,2023-12-14 17:30:00
REV-005568,ORD-008919,3,No lo recomiendo,,2021-11-11 06:35:00
REV-005569,ORD-002200,3,Regular,Regular,2022-03-05 23:48:00
REV-005570,ORD-003575,1,,,2022-10-28 21:05:00
REV-005571,ORD-012410,5,OK,OK,2023-02-17 14:05:00
REV-005572,ORD-002526,3,Cumple expectativas,Cumple expectativas,2023-01-17 11:28:00
REV-005573,ORD-006485,5,Pesimo,Pesimo,2023-08-18 17:06:00
REV-005574,ORD-001506,2,Llego roto,,2022-10-12 08:51:00
REV-005575,ORD-006842,4,OK,OK,2022-10-14 09:55:00
REV-005576,ORD-005645,4,Mejor de lo esperado,Mejor de lo esperado,2021-11-10 10:42:00
REV-005577,ORD-001430,5,Recomendado,Recomendado,2022-01-11 02:45:00
REV-005578,ORD-002434,5,Muy bueno,Muy bueno,2023-03-26 18:35:00
REV-005579,ORD-007104,2,Excelente producto,Excelente producto,2024-06-07 21:49:00
REV-005580,ORD-014708,3,Malo,Malo,2021-06-29 11:43:00
REV-005581,ORD-005682,3,Malo,Malo,2021-05-15 08:20:00
REV-005582,ORD-001408,5,No lo recomiendo,,2022-11-24 05:40:00
REV-005583,ORD-002385,4,,,2023-10-30 15:53:00
REV-005584,ORD-007230,,,,2024-01-22 14:11:00
REV-005585,ORD-003005,3,Muy bueno,Muy bueno,2022-06-26 05:10:00
REV-005586,ORD-003383,2,Regular,Regular,2023-08-05 18:51:00
REV-005587,ORD-006156,3,Pesimo,,2022-06-03 14:59:00
REV-005588,ORD-001333,4,No lo recomiendo,,2023-10-15 18:17:00
REV-005589,ORD-012492,1,,,2022-09-19 18:48:00
REV-005590,ORD-010455,2,Pesimo,Pesimo,2023-07-06 19:24:00
REV-005591,ORD-000056,2,Cumple expectativas,Cumple expectativas,2021-04-21 04:29:00
REV-005592,ORD-013194,1,Mejor de lo esperado,,2023-01-17 16:02:00
REV-005593,ORD-005038,4,Recomendado,,2023-04-08 11:50:00
REV-005594,ORD-006498,1,,,2022-10-02 18:56:00
REV-005595,ORD-011671,4,OK,OK,2023-08-31 08:33:00
REV-005596,ORD-005843,3,Excelente producto,,2022-03-14 09:02:00
REV-005597,ORD-001137,1,Mejor de lo esperado,,2023-01-21 22:39:00
REV-005598,ORD-010682,4,OK,,2022-08-03 07:56:00
REV-005599,ORD-011274,2,Mejor de lo esperado,,2023-07-07 09:29:00
REV-005600,ORD-012427,4,No lo recomiendo,,2024-03-26 22:42:00
REV-005601,ORD-002648,5,Buena calidad,Buena calidad,2022-09-22 17:33:00
REV-005602,ORD-000858,4,Regular,Regular,2024-02-20 21:28:00
REV-005603,ORD-006823,5,Pesimo,,2022-03-27 06:38:00
REV-005604,ORD-000171,5,Pesimo,,2023-04-18 00:33:00
REV-005605,ORD-006699,4,Buena calidad,,2022-07-03 20:11:00
REV-005606,ORD-004388,2,Llego roto,,2022-07-26 14:02:00
REV-005607,ORD-011795,5,Mejor de lo esperado,Mejor de lo esperado,2021-02-27 04:48:00
REV-005608,ORD-004781,1,OK,OK,2023-03-27 10:29:00
REV-005609,ORD-939708,1,No lo recomiendo,No lo recomiendo,2022-12-20 06:37:00
REV-005610,ORD-012729,10,Recomendado,Recomendado,2022-10-17 16:59:00
REV-005611,ORD-006282,5,No lo recomiendo,No lo recomiendo,2022-09-22 22:29:00
REV-005612,ORD-001713,-1,,,2021-03-08 01:36:00
REV-005613,ORD-010553,3,Regular,,2021-12-14 20:32:00
REV-005614,ORD-010035,1,Mejor de lo esperado,Mejor de lo esperado,2023-01-29 04:21:00
REV-005615,ORD-003194,4,,,2023-03-21 01:35:00
REV-005616,ORD-011955,3,Buena calidad,,2023-03-10 08:26:00
REV-005617,ORD-000693,5,OK,,2023-06-01 21:37:00
REV-005618,ORD-007682,5,Malo,,2023-01-27 09:10:00
REV-005619,ORD-002780,3,Mejor de lo esperado,Mejor de lo esperado,2023-09-10 23:14:00
REV-005620,ORD-920077,5,Malo,Malo,2023-06-24 16:34:00
REV-005621,ORD-011609,1,Excelente producto,Excelente producto,2023-12-28 11:13:00
REV-005622,ORD-946321,2,Mejor de lo esperado,Mejor de lo esperado,2024-04-19 04:54:00
REV-005623,ORD-002629,1,Recomendado,Recomendado,2022-06-14 13:45:00
REV-005624,ORD-012007,1,Muy bueno,Muy bueno,2021-06-11 11:58:00
REV-005625,ORD-002678,1,Excelente producto,,2024-01-17 14:47:00
REV-005626,ORD-013763,,Malo,,2024-01-27 11:48:00
REV-005627,ORD-013901,5,Malo,,2022-12-16 16:08:00
REV-005628,ORD-014969,4,Buena calidad,Buena calidad,2022-07-15 19:49:00
REV-005629,ORD-012501,4,Muy bueno,Muy bueno,2021-09-20 00:43:00
REV-005630,ORD-012206,3,Recomendado,,2021-03-27 11:37:00
REV-005631,ORD-002989,1,No lo recomiendo,No lo recomiendo,2023-09-14 18:38:00
REV-005632,ORD-001302,4,Pesimo,,2021-02-02 15:02:00
REV-005633,ORD-000369,3,Regular,,2023-08-20 22:17:00
REV-005634,ORD-950035,1,Pesimo,Pesimo,2024-03-31 16:37:00
REV-005635,ORD-012132,1,Recomendado,,2024-01-28 18:33:00
REV-005636,ORD-001628,5,Regular,Regular,2024-01-17 18:00:00
REV-005637,ORD-006104,4,No lo recomiendo,No lo recomiendo,2024-06-21 19:16:00
REV-005638,ORD-007739,3,Malo,Malo,2022-06-10 07:47:00
REV-005639,ORD-007667,4,Malo,Malo,2021-05-13 10:17:00
REV-005640,ORD-000142,4,Pesimo,Pesimo,2022-09-29 07:23:00
REV-005641,ORD-006143,1,,,2023-06-19 03:01:00
REV-005642,ORD-009661,10,Excelente producto,,2023-05-16 22:38:00
REV-005643,ORD-012695,4,Regular,,2021-11-09 18:15:00
REV-005644,ORD-000709,2,,,2022-03-19 16:28:00
REV-005645,ORD-010161,2,No lo recomiendo,,2023-04-18 19:36:00
REV-005646,ORD-012176,4,Buena calidad,Buena calidad,2024-01-03 15:53:00
REV-005647,ORD-009308,4,,,2021-03-06 11:08:00
REV-005648,ORD-004812,5,Mejor de lo esperado,,2022-10-08 09:17:00
REV-005649,ORD-010352,1,Excelente producto,Excelente producto,2023-08-18 11:51:00
REV-005650,ORD-002316,1,,,2023-06-04 00:59:00
REV-005651,ORD-997296,4,Mejor de lo esperado,Mejor de lo esperado,2023-06-10 10:05:00
REV-005652,ORD-000802,2,Malo,,2021-07-11 21:17:00
REV-005653,ORD-009824,,Mejor de lo esperado,Mejor de lo esperado,2021-06-03 23:51:00
REV-005654,ORD-005650,1,,,2023-10-04 01:14:00
REV-005655,ORD-005611,3,No lo recomiendo,,2022-08-18 15:04:00
REV-005656,ORD-013919,5,OK,OK,2022-12-29 02:23:00
REV-005657,ORD-000438,4,Excelente producto,,2022-01-29 05:11:00
REV-005658,ORD-989214,4,Recomendado,Recomendado,2021-06-19 20:51:00
REV-005659,ORD-009967,2,Muy bueno,,2021-04-19 03:58:00
REV-005660,ORD-006596,2,,,2023-05-27 16:29:00
REV-005661,ORD-001148,4,Mejor de lo esperado,Mejor de lo esperado,2021-08-14 02:00:00
REV-005662,ORD-001877,4,Mejor de lo esperado,Mejor de lo esperado,2021-09-16 06:56:00
REV-005663,ORD-012087,3,OK,,2022-04-18 11:30:00
REV-005664,ORD-005743,1,Muy bueno,,2022-11-16 17:05:00
REV-005665,ORD-006581,1,Mejor de lo esperado,Mejor de lo esperado,2022-11-08 22:07:00
REV-005666,ORD-004809,4,Malo,,2023-05-17 05:57:00
REV-005667,ORD-004032,2,Llego roto,Llego roto,2021-12-06 07:27:00
REV-005668,ORD-011576,5,Mejor de lo esperado,,2023-03-16 11:04:00
REV-005669,ORD-001820,4,Buena calidad,Buena calidad,2023-12-04 20:03:00
REV-005670,ORD-000425,4,Regular,Regular,2023-02-21 20:54:00
REV-005671,ORD-013984,1,Recomendado,Recomendado,2023-09-13 00:27:00
REV-005672,ORD-004545,2,No lo recomiendo,No lo recomiendo,2022-01-20 02:53:00
REV-005673,ORD-006868,5,Buena calidad,Buena calidad,2022-08-28 11:41:00
REV-005674,ORD-011477,2,,,2023-02-07 01:25:00
REV-005675,ORD-008362,3,,,2023-05-05 02:26:00
REV-005676,ORD-007869,5,Buena calidad,Buena calidad,2023-08-25 09:44:00
REV-005677,ORD-003960,1,Mejor de lo esperado,,2023-07-19 05:08:00
REV-005678,ORD-004709,5,OK,,2021-02-09 11:26:00
REV-005679,ORD-001055,5,Excelente producto,,2022-01-13 08:32:00
REV-005680,ORD-014163,2,Recomendado,,2023-07-24 09:16:00
REV-005681,ORD-007246,2,Recomendado,,2021-08-28 15:43:00
REV-005682,ORD-008856,5,Muy bueno,,2022-11-02 03:21:00
REV-005683,ORD-013707,5,Buena calidad,Buena calidad,2022-06-27 06:22:00
REV-005684,ORD-001070,4,Llego roto,Llego roto,2023-09-29 15:27:00
REV-005685,ORD-008771,4,,,2024-06-26 01:55:00
REV-005686,ORD-002416,5,Buena calidad,Buena calidad,2024-04-05 11:19:00
REV-003356,ORD-007736,1,Excelente producto,,2021-11-24 23:24:00
REV-005688,ORD-005117,3,Recomendado,Recomendado,2022-11-28 10:54:00
REV-005689,ORD-000172,2,Regular,Regular,2023-11-30 02:45:00
REV-005690,ORD-001254,5,Mejor de lo esperado,Mejor de lo esperado,2022-05-29 06:35:00
REV-005691,ORD-008400,5,Recomendado,Recomendado,2021-09-25 23:16:00
REV-005692,ORD-002058,3,Muy bueno,Muy bueno,2021-05-12 16:38:00
REV-005693,ORD-008675,4,Pesimo,Pesimo,2021-02-04 23:26:00
REV-005694,ORD-002961,3,Llego roto,Llego roto,2023-03-19 05:36:00
REV-005695,ORD-009667,5,Excelente producto,Excelente producto,2023-12-01 08:29:00
REV-005696,ORD-005146,3,Llego roto,Llego roto,2024-05-06 19:09:00
REV-005697,ORD-014023,3,Recomendado,Recomendado,2021-05-11 05:49:00
REV-005698,ORD-010075,2,Buena calidad,Buena calidad,2024-02-21 12:59:00
REV-005699,ORD-005669,5,No lo recomiendo,No lo recomiendo,2024-04-08 07:15:00
REV-005700,ORD-011810,2,Buena calidad,Buena calidad,2022-08-20 05:17:00
REV-005701,ORD-003855,1,Muy bueno,Muy bueno,2023-08-02 14:27:00
REV-005702,ORD-005453,5,Recomendado,,2022-03-26 05:02:00
REV-005703,ORD-008463,2,,,2022-06-18 02:05:00
REV-005704,ORD-004824,1,,,2022-03-22 06:49:00
REV-005705,ORD-004305,4,Buena calidad,,2024-02-04 05:46:00
REV-005706,ORD-012842,3,,,2023-01-12 10:05:00
REV-005707,ORD-008608,1,Llego roto,,2022-04-21 16:52:00
REV-005708,ORD-006746,4,OK,,2022-04-17 00:20:00
REV-005709,ORD-013211,1,Mejor de lo esperado,Mejor de lo esperado,2021-02-02 09:04:00
REV-005710,ORD-005800,5,Regular,,2022-08-19 08:07:00
REV-005711,ORD-008348,1,Recomendado,Recomendado,2021-08-21 23:51:00
REV-005712,ORD-007792,1,Regular,,2021-10-09 13:42:00
REV-005713,ORD-012377,3,Regular,Regular,2022-12-11 05:45:00
REV-005714,ORD-008370,5,Malo,Malo,2023-10-07 13:30:00
REV-005715,ORD-009209,10,Malo,Malo,2023-12-04 07:23:00
REV-005716,ORD-002715,1,OK,OK,2021-04-23 22:57:00
REV-005717,ORD-014107,3,Muy bueno,Muy bueno,2023-06-29 14:01:00
REV-005718,ORD-009348,1,Pesimo,Pesimo,2023-10-21 19:11:00
REV-005719,ORD-008235,5,Llego roto,Llego roto,2023-04-05 09:45:00
REV-005720,ORD-014457,3,Llego roto,Llego roto,2021-03-14 06:06:00
REV-005721,ORD-012331,1,No lo recomiendo,No lo recomiendo,2021-11-19 23:35:00
REV-005722,ORD-010560,3,Pesimo,Pesimo,2021-03-19 18:05:00
REV-005723,ORD-014090,2,No lo recomiendo,,2023-04-02 20:28:00
REV-005724,ORD-014682,4,Cumple expectativas,,2023-08-01 11:02:00
REV-005725,ORD-014906,4,Llego roto,Llego roto,2023-04-18 10:12:00
REV-005726,ORD-011869,2,Cumple expectativas,Cumple expectativas,2024-02-15 03:46:00
REV-005727,ORD-011834,3,Llego roto,,2021-06-22 16:26:00
REV-005728,ORD-000629,10,Recomendado,,2023-05-14 11:15:00
REV-005729,ORD-002787,4,Llego roto,Llego roto,2021-02-24 13:06:00
REV-005730,ORD-010654,1,,,2022-11-23 21:19:00
REV-005731,ORD-008473,3,Malo,,2022-01-28 07:14:00
REV-005732,ORD-013504,2,Mejor de lo esperado,,2024-05-02 10:09:00
REV-005733,ORD-000761,3,Llego roto,,2021-09-19 13:45:00
REV-005734,ORD-013723,4,,,2023-11-03 14:42:00
REV-005735,ORD-003119,3,,,2022-01-12 20:51:00
REV-005736,ORD-005163,5,OK,,2024-05-23 02:03:00
REV-005737,ORD-014737,4,Mejor de lo esperado,Mejor de lo esperado,2023-11-01 07:07:00
REV-005738,ORD-003451,3,Mejor de lo esperado,,2023-02-02 10:02:00
REV-005739,ORD-002349,5,Mejor de lo esperado,Mejor de lo esperado,2022-12-04 05:00:00
REV-005740,ORD-011895,1,No lo recomiendo,,2022-10-22 18:58:00
REV-005741,ORD-000068,3,Llego roto,Llego roto,2023-01-04 07:30:00
REV-005742,ORD-011787,1,No lo recomiendo,No lo recomiendo,2022-09-04 13:45:00
REV-005743,ORD-011578,1,,,2021-05-14 08:03:00
REV-005744,ORD-012670,3,Llego roto,Llego roto,2022-08-21 16:27:00
REV-005745,ORD-006776,2,Buena calidad,,2021-09-16 16:19:00
REV-005746,ORD-001039,3,Buena calidad,Buena calidad,2021-03-16 10:54:00
REV-005747,ORD-006485,3,No lo recomiendo,No lo recomiendo,2024-01-28 00:29:00
REV-005748,ORD-012936,0,OK,OK,2021-02-16 20:57:00
REV-005749,ORD-005431,1,Buena calidad,,2024-03-08 09:56:00
REV-005750,ORD-001877,5,Malo,,2021-10-20 03:42:00
REV-005751,ORD-008447,4,Mejor de lo esperado,Mejor de lo esperado,2022-03-03 03:15:00
REV-005752,ORD-004838,0,Malo,Malo,2024-02-11 23:05:00
REV-005753,ORD-010990,5,Llego roto,,2023-09-21 13:47:00
REV-005754,ORD-005470,3,Buena calidad,,2021-02-19 20:49:00
REV-005755,ORD-009406,1,Llego roto,Llego roto,2024-03-15 12:45:00
REV-005756,ORD-011372,2,Recomendado,,2022-06-10 14:03:00
REV-005757,ORD-005804,1,Recomendado,Recomendado,2023-01-28 01:50:00
REV-005758,ORD-008381,1,Recomendado,,2023-03-31 12:19:00
REV-005759,ORD-004931,1,Buena calidad,,2023-09-24 20:49:00
REV-005760,ORD-011292,5,Llego roto,Llego roto,2024-05-06 06:53:00
REV-005761,ORD-013681,4,OK,OK,2023-12-19 02:25:00
REV-005762,ORD-008375,4,OK,,2024-02-08 21:08:00
REV-005763,ORD-005503,5,Malo,Malo,2021-06-17 23:31:00
REV-005764,ORD-009490,2,Regular,Regular,2021-09-22 20:48:00
REV-005765,ORD-012677,3,,,2024-03-03 21:20:00
REV-005766,ORD-014958,4,Mejor de lo esperado,,2022-10-23 23:50:00
REV-005767,ORD-006262,1,Muy bueno,Muy bueno,2023-06-08 08:31:00
REV-005768,ORD-006712,5,Muy bueno,Muy bueno,2022-10-02 12:04:00
REV-005769,ORD-000271,5,Pesimo,,2024-06-12 01:31:00
REV-005770,ORD-007318,1,OK,OK,2023-05-29 06:09:00
REV-005771,ORD-014398,5,Malo,Malo,2021-03-29 19:59:00
REV-005772,ORD-005560,2,Malo,Malo,2022-04-26 12:31:00
REV-005773,ORD-010353,1,Recomendado,Recomendado,2021-12-01 22:37:00
REV-005774,ORD-010439,1,Malo,,2021-12-27 13:48:00
REV-005775,ORD-004542,5,Regular,,2021-07-19 05:48:00
REV-005776,ORD-008755,2,Llego roto,Llego roto,2022-08-09 18:22:00
REV-005777,ORD-001550,2,Pesimo,Pesimo,2023-03-13 13:48:00
REV-005778,ORD-005216,3,,,2022-12-17 02:15:00
REV-005779,ORD-005837,,Mejor de lo esperado,,2021-09-27 09:13:00
REV-005780,ORD-910622,4,OK,,2024-01-30 10:55:00
REV-005781,ORD-002508,0,Pesimo,,2022-09-22 21:21:00
REV-005782,ORD-008261,1,Malo,,2023-08-08 10:38:00
REV-005783,ORD-002533,2,Buena calidad,Buena calidad,2021-04-03 11:08:00
REV-005784,ORD-001892,1,Cumple expectativas,,2021-05-09 06:17:00
REV-005785,ORD-002893,2,Malo,Malo,2021-03-01 05:51:00
REV-005786,ORD-011885,2,Pesimo,Pesimo,2021-05-31 01:01:00
REV-005787,ORD-000526,4,No lo recomiendo,No lo recomiendo,2023-03-29 23:43:00
REV-005788,ORD-011374,1,OK,,2024-06-05 12:02:00
REV-005789,ORD-008095,1,Recomendado,Recomendado,2021-03-21 17:55:00
REV-005790,ORD-010876,2,OK,OK,2024-05-25 15:17:00
REV-005791,ORD-012591,1,Pesimo,Pesimo,2022-07-17 04:43:00
REV-005792,ORD-011885,5,Pesimo,Pesimo,2022-01-16 08:37:00
REV-005793,ORD-004478,4,Malo,Malo,2023-04-24 06:15:00
REV-005794,ORD-006317,3,Malo,Malo,2021-04-20 05:36:00
REV-005795,ORD-004718,5,Buena calidad,,2021-05-12 21:53:00
REV-005796,ORD-938628,2,Llego roto,Llego roto,2021-02-01 18:57:00
REV-005797,ORD-009752,2,Pesimo,,2022-07-24 09:25:00
REV-005798,ORD-002690,1,Buena calidad,,2021-12-02 11:26:00
REV-005799,ORD-000827,5,Buena calidad,,2021-05-20 18:55:00
REV-005800,ORD-004500,1,Cumple expectativas,Cumple expectativas,2023-04-29 16:29:00
REV-005801,ORD-013593,5,Regular,Regular,2024-05-08 06:07:00
REV-005802,ORD-004911,3,Muy bueno,Muy bueno,2022-11-15 06:26:00
REV-005803,ORD-008846,5,Muy bueno,,2022-12-12 06:59:00
REV-005804,ORD-013671,5,Mejor de lo esperado,,2024-02-20 21:46:00
REV-005805,ORD-009457,1,Pesimo,,2024-06-04 01:03:00
REV-005806,ORD-013134,3,Pesimo,,2022-02-26 15:16:00
REV-005807,ORD-001448,2,Malo,Malo,2022-02-21 06:35:00
REV-005808,ORD-012940,2,Excelente producto,Excelente producto,2022-02-04 01:45:00
REV-005809,ORD-005897,2,Recomendado,,2022-06-09 20:00:00
REV-005810,ORD-009622,4,,,2024-06-04 22:13:00
REV-005811,ORD-006204,2,OK,,2021-03-06 21:27:00
REV-005812,ORD-006721,3,Excelente producto,Excelente producto,2022-08-13 18:32:00
REV-005813,ORD-003330,4,Buena calidad,,2023-05-02 11:47:00
REV-005814,ORD-005206,2,Llego roto,,2024-03-30 07:21:00
REV-005815,ORD-013167,2,No lo recomiendo,,2021-07-15 22:19:00
REV-005816,ORD-004853,5,Excelente producto,Excelente producto,2024-03-24 03:53:00
REV-005817,ORD-012055,1,Pesimo,,2022-07-03 18:57:00
REV-005818,ORD-005953,1,Excelente producto,,2022-10-23 19:08:00
REV-005819,ORD-008671,5,Mejor de lo esperado,Mejor de lo esperado,2022-01-29 07:52:00
REV-005820,ORD-013303,4,Recomendado,Recomendado,2021-12-22 08:40:00
REV-005821,ORD-001497,2,Malo,Malo,2021-10-20 01:11:00
REV-005822,ORD-012643,3,Cumple expectativas,Cumple expectativas,2023-12-14 18:09:00
REV-005823,ORD-013550,4,Malo,Malo,2023-06-23 06:29:00
REV-005824,ORD-012820,5,Cumple expectativas,,2021-07-23 15:17:00
REV-005825,ORD-002240,2,Excelente producto,Excelente producto,2024-02-21 14:13:00
REV-005826,ORD-011689,4,Muy bueno,,2023-12-01 07:54:00
REV-005827,ORD-004415,5,Recomendado,Recomendado,2021-08-14 18:51:00
REV-005828,ORD-002964,1,Recomendado,Recomendado,2021-06-04 14:23:00
REV-005829,ORD-005717,1,Cumple expectativas,Cumple expectativas,2024-06-11 09:17:00
REV-005830,ORD-012373,2,Regular,Regular,2021-09-25 20:35:00
REV-005831,ORD-010187,3,,,2023-08-30 01:00:00
REV-005832,ORD-008873,3,OK,OK,2022-10-12 19:44:00
REV-005833,ORD-014620,1,No lo recomiendo,,2021-06-03 23:07:00
REV-005834,ORD-012605,4,Buena calidad,Buena calidad,2023-12-22 15:08:00
REV-005835,ORD-010498,5,OK,OK,2021-05-12 18:34:00
REV-005836,ORD-002860,5,Malo,Malo,2022-01-23 22:03:00
REV-005837,ORD-014670,2,Pesimo,,2021-10-29 14:27:00
REV-005838,ORD-000655,5,Regular,Regular,2022-06-24 09:00:00
REV-005839,ORD-007836,1,Recomendado,Recomendado,2021-10-18 13:47:00
REV-005840,ORD-003169,4,Regular,Regular,2022-10-26 15:20:00
REV-005841,ORD-002793,4,Regular,Regular,2021-05-24 22:26:00
REV-005842,ORD-000032,4,Malo,,2023-07-24 18:50:00
REV-005843,ORD-008171,4,Mejor de lo esperado,Mejor de lo esperado,2022-08-16 22:29:00
REV-005844,ORD-013335,3,Excelente producto,,2022-07-18 04:15:00
REV-005845,ORD-001589,4,Excelente producto,Excelente producto,2024-05-24 19:24:00
REV-005846,ORD-003757,1,Cumple expectativas,Cumple expectativas,2022-01-21 04:27:00
REV-005847,ORD-001777,1,Malo,Malo,2021-04-23 04:36:00
REV-005848,ORD-002843,1,Excelente producto,,2023-05-23 20:52:00
REV-005849,ORD-001569,1,Llego roto,,2022-06-29 20:30:00
REV-005850,ORD-011954,2,Muy bueno,,2022-09-24 15:46:00
REV-005851,ORD-012905,5,Recomendado,,2021-12-28 13:26:00
REV-005852,ORD-012175,2,Llego roto,,2023-10-07 21:17:00
REV-005853,ORD-001524,1,Recomendado,,2022-02-19 08:41:00
REV-005854,ORD-013975,3,Malo,,2022-12-17 17:32:00
REV-005855,ORD-003686,4,Cumple expectativas,Cumple expectativas,2023-05-22 20:22:00
REV-005856,ORD-004560,4,Muy bueno,,2023-12-03 21:45:00
REV-005857,ORD-009374,3,Mejor de lo esperado,,2024-04-10 21:52:00
REV-005858,ORD-010519,2,Malo,,2021-02-06 05:19:00
REV-005859,ORD-013924,1,Muy bueno,Muy bueno,2021-05-21 05:35:00
REV-005860,ORD-012080,3,Buena calidad,Buena calidad,2024-02-04 03:58:00
REV-005861,ORD-004921,5,Muy bueno,,2021-10-24 04:11:00
REV-005862,ORD-011202,1,Mejor de lo esperado,Mejor de lo esperado,2022-02-22 19:18:00
REV-005863,ORD-013648,4,Recomendado,,2024-02-29 14:54:00
REV-005864,ORD-002350,4,Pesimo,Pesimo,2021-03-28 06:15:00
REV-005865,ORD-001361,4,No lo recomiendo,No lo recomiendo,2021-05-20 04:47:00
REV-005866,ORD-002605,2,Pesimo,Pesimo,2022-05-29 20:45:00
REV-005867,ORD-011456,3,Malo,Malo,2022-08-21 19:39:00
REV-005868,ORD-942466,2,Malo,,2024-02-10 08:25:00
REV-005869,ORD-011696,3,Muy bueno,,2024-04-10 17:00:00
REV-005870,ORD-005790,5,Malo,,2024-05-19 18:27:00
REV-005871,ORD-013202,1,Cumple expectativas,Cumple expectativas,2022-03-13 08:20:00
REV-005872,ORD-011882,1,Pesimo,Pesimo,2023-01-21 07:27:00
REV-005873,ORD-005157,1,Malo,,2021-07-08 19:47:00
REV-005874,ORD-001803,5,Muy bueno,,2024-04-20 03:28:00
REV-005875,ORD-000901,5,Cumple expectativas,,2022-08-26 11:33:00
REV-005876,ORD-008920,3,Malo,Malo,2024-05-31 09:33:00
REV-005877,ORD-006538,1,No lo recomiendo,,2022-11-30 03:24:00
REV-005878,ORD-007176,4,Muy bueno,Muy bueno,2021-11-19 04:49:00
REV-005879,ORD-013666,3,No lo recomiendo,,2021-10-19 18:24:00
REV-005880,ORD-011221,3,Recomendado,,2021-05-14 12:09:00
REV-005881,ORD-013966,5,Buena calidad,Buena calidad,2023-09-20 10:42:00
REV-005882,ORD-004023,3,Pesimo,,2023-01-20 22:09:00
REV-005883,ORD-009210,4,OK,,2022-05-13 05:38:00
REV-005884,ORD-002826,4,Mejor de lo esperado,,2024-02-10 17:29:00
REV-005885,ORD-014097,2,Cumple expectativas,Cumple expectativas,2021-10-25 22:04:00
REV-005886,ORD-003401,3,Pesimo,,2023-01-02 21:00:00
REV-005887,ORD-014296,4,,,2023-07-11 00:09:00
REV-002277,ORD-014922,4,Excelente producto,Excelente producto,2024-01-13 12:08:00
REV-005889,ORD-010657,4,Muy bueno,,2023-04-15 12:09:00
REV-005890,ORD-011072,5,OK,OK,2022-12-25 14:29:00
REV-005891,ORD-014096,4,Regular,Regular,2023-06-30 06:20:00
REV-005892,ORD-941499,5,No lo recomiendo,,2022-07-21 10:44:00
REV-005893,ORD-000341,3,,,2023-12-08 10:22:00
REV-005894,ORD-014362,5,Muy bueno,Muy bueno,2023-08-27 13:24:00
REV-005895,ORD-002272,5,Cumple expectativas,Cumple expectativas,2023-03-21 01:04:00
REV-005896,ORD-005630,2,OK,OK,2023-04-05 19:29:00
REV-005897,ORD-000142,4,Muy bueno,Muy bueno,2021-11-27 10:48:00
REV-005898,ORD-011585,4,Regular,,2022-07-04 01:29:00
REV-005899,ORD-005403,1,Excelente producto,Excelente producto,2023-08-14 11:31:00
REV-005900,ORD-013071,4,Malo,,2023-12-03 05:58:00
REV-005901,ORD-007148,1,Pesimo,Pesimo,2022-07-07 10:45:00
REV-005902,ORD-004280,2,OK,OK,2021-09-18 00:10:00
REV-005903,ORD-014808,1,OK,,2023-12-12 05:47:00
REV-005904,ORD-002753,4,,,2022-01-07 10:55:00
REV-005905,ORD-001458,3,Muy bueno,Muy bueno,2022-02-19 19:59:00
REV-005906,ORD-013822,1,OK,OK,2021-07-21 08:46:00
REV-005907,ORD-013273,3,Llego roto,Llego roto,2023-12-09 12:18:00
REV-005908,ORD-011703,1,Excelente producto,Excelente producto,2023-01-10 18:43:00
REV-005909,ORD-011258,5,,,2023-06-27 09:42:00
REV-005910,ORD-011220,5,Buena calidad,Buena calidad,2022-08-07 15:14:00
REV-005911,ORD-004777,3,,,2024-06-28 21:07:00
REV-005912,ORD-001784,2,Regular,Regular,2023-08-08 03:16:00
REV-005913,ORD-008733,4,Cumple expectativas,Cumple expectativas,2022-02-26 01:45:00
REV-005914,ORD-007842,4,Pesimo,,2022-07-29 23:38:00
REV-005915,ORD-003988,1,Cumple expectativas,,2022-11-12 12:36:00
REV-005916,ORD-002542,3,Cumple expectativas,Cumple expectativas,2022-06-10 13:36:00
REV-005917,ORD-005020,1,Regular,Regular,2023-01-04 17:34:00
REV-005918,ORD-012694,5,Muy bueno,,2024-04-23 12:40:00
REV-005919,ORD-011441,2,Llego roto,Llego roto,2023-04-15 12:38:00
REV-005920,ORD-000919,3,Excelente producto,,2021-03-09 10:45:00
REV-005921,ORD-012580,5,Regular,,2022-12-23 11:14:00
REV-005922,ORD-003235,3,Mejor de lo esperado,,2023-05-09 18:18:00
REV-005923,ORD-011340,4,No lo recomiendo,,2021-08-11 00:21:00
REV-005924,ORD-006565,4,Malo,,2022-12-18 05:50:00
REV-005925,ORD-008148,3,Buena calidad,Buena calidad,2022-03-07 08:12:00
REV-005926,ORD-002847,5,Malo,Malo,2023-09-05 06:50:00
REV-005927,ORD-008505,1,Buena calidad,Buena calidad,2021-08-02 20:24:00
REV-005928,ORD-012820,4,Llego roto,Llego roto,2023-03-13 10:20:00
REV-005929,ORD-009344,3,Muy bueno,Muy bueno,2021-11-09 12:08:00
REV-005930,ORD-004287,2,Mejor de lo esperado,,2023-03-05 05:22:00
REV-005931,ORD-000778,2,Excelente producto,,2021-07-24 13:40:00
REV-005932,ORD-003728,3,Cumple expectativas,,2021-08-19 14:32:00
REV-005933,ORD-013870,4,OK,,2023-05-24 17:42:00
REV-005934,ORD-011326,2,Malo,Malo,2022-03-05 12:15:00
REV-005935,ORD-006944,3,No lo recomiendo,No lo recomiendo,2021-11-03 02:44:00
REV-005936,ORD-001836,2,Recomendado,Recomendado,2022-09-29 10:12:00
REV-005937,ORD-009769,1,Regular,Regular,2022-06-27 18:03:00
REV-005938,ORD-014083,2,Llego roto,Llego roto,2023-03-30 03:18:00
REV-005939,ORD-011575,4,No lo recomiendo,No lo recomiendo,2023-10-15 02:33:00
REV-002661,ORD-010729,5,Cumple expectativas,Cumple expectativas,2024-03-23 05:12:00
REV-005941,ORD-012932,3,Llego roto,Llego roto,2021-06-06 17:46:00
REV-005942,ORD-935414,3,Muy bueno,Muy bueno,2023-08-12 10:17:00
REV-005943,ORD-008826,5,Regular,,2023-05-10 20:45:00
REV-005944,ORD-003078,5,Malo,Malo,2022-01-28 13:23:00
REV-005945,ORD-012110,2,No lo recomiendo,,2023-05-12 09:22:00
REV-005946,ORD-001160,2,No lo recomiendo,No lo recomiendo,2024-02-13 16:18:00
REV-005947,ORD-009403,1,Recomendado,Recomendado,2023-09-22 23:38:00
REV-005948,ORD-006882,1,Recomendado,,2024-02-18 08:32:00
REV-000175,ORD-002380,5,,,2023-09-11 17:05:00
REV-005950,ORD-013479,3,Excelente producto,,2021-04-05 21:19:00
REV-005951,ORD-014248,4,Recomendado,,2023-12-14 16:08:00
REV-005952,ORD-010233,3,Buena calidad,Buena calidad,2024-06-26 04:23:00
REV-005953,ORD-009446,,Excelente producto,Excelente producto,2021-09-29 13:00:00
REV-005954,ORD-012732,2,Regular,Regular,2022-02-01 09:32:00
REV-005955,ORD-000374,1,Cumple expectativas,Cumple expectativas,2021-06-08 03:44:00
REV-005956,ORD-008336,1,Llego roto,,2022-09-01 05:23:00
REV-005957,ORD-011182,1,Mejor de lo esperado,,2023-01-11 20:47:00
REV-005958,ORD-011179,5,,,2022-12-09 09:45:00
REV-005959,ORD-011256,2,Recomendado,Recomendado,2021-11-13 08:35:00
REV-005960,ORD-010006,4,,,2022-07-08 18:51:00
REV-005961,ORD-008911,1,Malo,Malo,2022-10-05 10:26:00
REV-005962,ORD-013154,4,,,2023-08-31 17:16:00
REV-005963,ORD-011848,4,Cumple expectativas,Cumple expectativas,2021-10-23 22:48:00
REV-005964,ORD-001229,4,Cumple expectativas,,2021-08-29 12:42:00
REV-005965,ORD-011091,1,Llego roto,Llego roto,2023-04-17 15:30:00
REV-005966,ORD-005757,3,Malo,Malo,2021-05-15 14:52:00
REV-005967,ORD-003506,1,Cumple expectativas,Cumple expectativas,2023-05-23 21:44:00
REV-005968,ORD-009388,4,Regular,,2024-05-28 11:57:00
REV-005969,ORD-013194,2,OK,,2022-12-28 12:14:00
REV-005970,ORD-007632,2,Malo,Malo,2021-09-18 13:57:00
REV-005971,ORD-003091,1,Excelente producto,,2022-07-09 17:46:00
REV-005972,ORD-011720,2,OK,OK,2023-05-19 13:29:00
REV-005973,ORD-003225,4,,,2024-06-18 07:42:00
REV-005974,ORD-011602,4,Cumple expectativas,Cumple expectativas,2023-05-06 03:04:00
REV-005975,ORD-002861,2,Llego roto,,2022-02-03 03:12:00
REV-005976,ORD-000321,5,Regular,,2023-12-14 15:40:00
REV-005977,ORD-010138,2,Llego roto,Llego roto,2023-11-14 13:18:00
REV-005978,ORD-011505,3,Muy bueno,,2023-10-29 19:39:00
REV-005979,ORD-007890,2,OK,OK,2024-04-11 05:42:00
REV-005980,ORD-011782,2,Llego roto,,2022-03-23 20:55:00
REV-005981,ORD-003408,1,No lo recomiendo,No lo recomiendo,2022-07-15 20:22:00
REV-005982,ORD-003796,5,Mejor de lo esperado,Mejor de lo esperado,2024-03-19 02:59:00
REV-005983,ORD-006394,3,OK,,2022-09-09 14:49:00
REV-005984,ORD-006405,5,Recomendado,Recomendado,2024-06-24 11:16:00
REV-005985,ORD-011625,5,Excelente producto,Excelente producto,2022-05-18 14:00:00
REV-005986,ORD-004266,5,Regular,Regular,2023-03-30 01:54:00
REV-005987,ORD-009736,1,Muy bueno,,2021-03-16 11:46:00
REV-005988,ORD-011625,1,OK,OK,2023-05-21 01:03:00
REV-005989,ORD-002685,5,Cumple expectativas,Cumple expectativas,2023-07-22 22:05:00
REV-005990,ORD-012186,10,Malo,Malo,2021-02-17 20:53:00
REV-005991,ORD-004339,5,Pesimo,Pesimo,2023-04-20 09:44:00
REV-005992,ORD-011617,5,Regular,Regular,2023-05-11 22:35:00
REV-005993,ORD-006115,5,Excelente producto,Excelente producto,2022-06-01 11:07:00
REV-005994,ORD-012931,5,Cumple expectativas,Cumple expectativas,2022-07-08 00:43:00
REV-005995,ORD-006990,4,,,2024-06-26 05:50:00
REV-005996,ORD-014906,5,Muy bueno,Muy bueno,2022-08-07 04:49:00
REV-005997,ORD-008006,2,,,2024-05-05 22:03:00
REV-005998,ORD-012269,3,Pesimo,,2021-11-18 16:01:00
REV-005999,ORD-003488,2,Recomendado,Recomendado,2024-06-10 00:29:00
REV-006000,ORD-008729,3,Llego roto,Llego roto,2022-01-19 14:20:00
REV-006001,ORD-013225,2,Mejor de lo esperado,,2021-02-16 16:16:00
REV-006002,ORD-000143,2,Pesimo,Pesimo,2022-05-27 19:38:00
REV-006003,ORD-010646,1,Recomendado,Recomendado,2022-07-28 13:12:00
REV-006004,ORD-014936,3,Recomendado,Recomendado,2022-09-15 13:11:00
REV-006005,ORD-001423,2,Buena calidad,,2022-12-24 19:31:00
REV-006006,ORD-973146,4,Recomendado,Recomendado,2022-11-01 16:00:00
REV-006007,ORD-006186,4,No lo recomiendo,No lo recomiendo,2022-09-27 14:59:00
REV-006008,ORD-011218,5,Buena calidad,Buena calidad,2023-11-17 18:30:00
REV-006009,ORD-014826,2,Pesimo,Pesimo,2022-02-08 19:23:00
REV-006010,ORD-004533,2,Recomendado,Recomendado,2022-05-01 14:23:00
REV-006011,ORD-008788,4,Pesimo,Pesimo,2021-10-27 17:14:00
REV-006012,ORD-003672,5,Muy bueno,Muy bueno,2023-05-09 00:30:00
REV-006013,ORD-005420,4,,,2023-10-24 21:40:00
REV-006014,ORD-014474,1,Buena calidad,,2022-01-07 21:01:00
REV-006015,ORD-005215,3,OK,,2023-02-18 18:59:00
REV-006016,ORD-009453,2,Muy bueno,,2023-03-16 06:00:00
REV-006017,ORD-006102,3,Malo,,2021-05-27 09:30:00
REV-006018,ORD-001410,1,Recomendado,Recomendado,2024-06-04 20:49:00
REV-006019,ORD-008514,3,Excelente producto,,2022-07-01 02:22:00
REV-006020,ORD-005007,2,Pesimo,,2023-01-30 17:41:00
REV-006021,ORD-009807,2,Muy bueno,,2022-02-26 08:01:00
REV-006022,ORD-005155,4,Malo,,2022-02-26 22:50:00
REV-006023,ORD-004801,4,Pesimo,,2021-04-10 06:33:00
REV-006024,ORD-011807,3,OK,OK,2021-10-29 03:44:00
REV-006025,ORD-013762,5,Malo,Malo,2022-04-22 13:10:00
REV-006026,ORD-002692,5,OK,,2022-03-03 03:23:00
REV-006027,ORD-010672,3,OK,,2022-02-16 03:14:00
REV-006028,ORD-010270,4,Recomendado,Recomendado,2021-12-10 14:37:00
REV-006029,ORD-009162,5,Regular,Regular,2021-11-19 05:24:00
REV-006030,ORD-014102,1,Cumple expectativas,Cumple expectativas,2021-02-26 14:56:00
REV-006031,ORD-010513,5,Llego roto,,2022-03-02 07:39:00
REV-006032,ORD-001724,2,Mejor de lo esperado,,2022-12-11 21:52:00
REV-006033,ORD-011784,1,Muy bueno,,2022-03-16 02:29:00
REV-006034,ORD-003000,5,Muy bueno,,2023-11-28 11:41:00
REV-006035,ORD-010397,4,Muy bueno,,2022-07-04 22:30:00
REV-006036,ORD-011200,3,Malo,,2024-01-03 05:59:00
REV-006037,ORD-012789,5,Mejor de lo esperado,Mejor de lo esperado,2024-05-26 08:26:00
REV-006038,ORD-006039,3,Regular,,2024-01-10 02:25:00
REV-006039,ORD-002704,,Mejor de lo esperado,,2022-10-16 16:34:00
REV-006040,ORD-001448,2,Recomendado,Recomendado,2023-07-11 23:24:00
REV-006041,ORD-003384,5,Regular,Regular,2021-05-11 21:11:00
REV-006042,ORD-002390,5,Pesimo,,2021-07-02 23:08:00
REV-006043,ORD-008920,4,Recomendado,Recomendado,2022-09-29 20:48:00
REV-006044,ORD-008139,2,Llego roto,Llego roto,2023-09-27 17:48:00
REV-006045,ORD-921945,2,Muy bueno,Muy bueno,2023-12-16 20:27:00
REV-006046,ORD-009993,5,Excelente producto,,2023-10-10 15:37:00
REV-006047,ORD-010992,3,Llego roto,,2021-09-15 16:09:00
REV-006048,ORD-001145,2,Cumple expectativas,Cumple expectativas,2021-10-26 11:11:00
REV-006049,ORD-000523,3,Regular,,2022-10-16 02:56:00
REV-006050,ORD-003161,1,OK,OK,2023-12-13 20:06:00
REV-006051,ORD-003218,5,OK,OK,2022-12-12 11:41:00
REV-006052,ORD-013086,4,Buena calidad,,2023-02-02 17:23:00
REV-006053,ORD-005568,5,Mejor de lo esperado,Mejor de lo esperado,2023-03-29 00:20:00
REV-006054,ORD-010145,4,Muy bueno,,2022-06-09 03:55:00
REV-006055,ORD-011493,2,Malo,,2024-02-25 04:13:00
REV-006056,ORD-000229,2,OK,OK,2024-04-16 00:37:00
REV-006057,ORD-002445,3,Pesimo,,2021-08-11 03:15:00
REV-006058,ORD-006684,5,Regular,,2024-04-27 03:35:00
REV-006059,ORD-002432,1,Regular,,2021-07-24 04:34:00
REV-006060,ORD-013999,1,Regular,,2023-01-13 15:57:00
REV-006061,ORD-003329,2,Recomendado,,2021-08-04 14:19:00
REV-006062,ORD-014940,4,Muy bueno,Muy bueno,2023-08-31 16:57:00
REV-006063,ORD-008904,1,Muy bueno,,2021-10-24 15:55:00
REV-006064,ORD-949039,2,Regular,,2022-05-30 17:04:00
REV-006065,ORD-008623,1,Pesimo,,2023-02-01 00:34:00
REV-006066,ORD-000998,2,Muy bueno,,2024-04-26 14:56:00
REV-006067,ORD-009328,2,Buena calidad,Buena calidad,2023-10-23 07:32:00
REV-006068,ORD-005541,5,Muy bueno,Muy bueno,2022-10-14 17:24:00
REV-006069,ORD-013079,1,Buena calidad,Buena calidad,2024-02-16 09:12:00
REV-006070,ORD-001986,3,Malo,,2023-09-30 16:51:00
REV-006071,ORD-004450,5,Pesimo,,2023-08-13 07:20:00
REV-006072,ORD-006841,2,Buena calidad,Buena calidad,2022-02-14 18:24:00
REV-006073,ORD-011686,5,Pesimo,Pesimo,2024-06-27 16:35:00
REV-006074,ORD-010827,2,,,2022-09-13 21:56:00
REV-005667,ORD-004032,2,Llego roto,Llego roto,2021-12-06 07:27:00
REV-006076,ORD-000223,2,OK,,2022-03-01 06:25:00
REV-006077,ORD-009759,1,Malo,,2023-02-04 16:16:00
REV-006078,ORD-008839,1,Llego roto,Llego roto,2022-02-02 18:04:00
REV-006079,ORD-014827,2,Excelente producto,Excelente producto,2021-04-27 08:36:00
REV-006080,ORD-009384,10,Regular,Regular,2022-07-23 14:35:00
REV-006081,ORD-009749,5,Muy bueno,,2023-06-27 11:25:00
REV-006082,ORD-013718,5,Mejor de lo esperado,Mejor de lo esperado,2021-07-17 20:24:00
REV-006083,ORD-012455,1,Recomendado,Recomendado,2021-04-08 08:54:00
REV-006084,ORD-014376,4,Cumple expectativas,,2023-11-28 00:00:00
REV-006085,ORD-007835,3,Pesimo,,2021-04-08 00:44:00
REV-006086,ORD-013103,2,Llego roto,,2021-09-26 18:28:00
REV-006087,ORD-008752,2,No lo recomiendo,No lo recomiendo,2022-05-31 05:21:00
REV-006088,ORD-012299,5,Llego roto,Llego roto,2024-02-14 18:38:00
REV-006089,ORD-000136,4,Excelente producto,Excelente producto,2023-05-23 18:02:00
REV-006090,ORD-003226,1,Mejor de lo esperado,Mejor de lo esperado,2021-07-21 12:20:00
REV-006091,ORD-006139,3,Mejor de lo esperado,Mejor de lo esperado,2022-07-13 16:16:00
REV-006092,ORD-003936,3,Malo,,2024-01-29 22:04:00
REV-006093,ORD-004507,3,Recomendado,Recomendado,2022-08-14 13:22:00
REV-006094,ORD-008547,5,Cumple expectativas,,2021-05-11 10:50:00
REV-006095,ORD-002669,5,Recomendado,Recomendado,2022-12-10 06:42:00
REV-006096,ORD-007892,4,Pesimo,,2022-08-24 07:35:00
REV-006097,ORD-012110,4,Excelente producto,Excelente producto,2024-05-10 09:13:00
REV-006098,ORD-013813,5,Malo,Malo,2021-03-06 04:58:00
REV-006099,ORD-008735,4,Excelente producto,Excelente producto,2021-10-08 11:47:00
REV-006100,ORD-001050,4,Muy bueno,,2022-05-11 03:21:00
REV-006101,ORD-013896,1,,,2023-02-09 09:07:00
REV-006102,ORD-000004,1,Recomendado,,2023-01-24 08:43:00
REV-006103,ORD-005641,1,Recomendado,,2022-08-09 17:15:00
REV-006104,ORD-002904,2,Llego roto,Llego roto,2022-07-29 18:04:00
REV-006105,ORD-005307,1,OK,,2023-03-23 16:59:00
REV-006106,ORD-000137,5,OK,OK,2024-06-20 05:52:00
REV-006107,ORD-002358,5,No lo recomiendo,,2021-07-12 16:38:00
REV-006108,ORD-010565,1,Muy bueno,Muy bueno,2022-06-10 12:09:00
REV-006109,ORD-008588,3,Recomendado,,2023-12-22 18:09:00
REV-006110,ORD-005081,1,Pesimo,,2022-03-02 16:37:00
REV-006111,ORD-007264,1,Muy bueno,Muy bueno,2022-02-03 06:04:00
REV-006112,ORD-000455,1,Regular,,2022-11-17 07:32:00
REV-006113,ORD-006574,5,Excelente producto,,2021-03-03 06:17:00
REV-006114,ORD-005596,4,,,2023-01-06 23:12:00
REV-006115,ORD-000461,1,Cumple expectativas,Cumple expectativas,2022-07-25 15:39:00
REV-006116,ORD-008842,5,Muy bueno,Muy bueno,2023-08-13 23:19:00
REV-006117,ORD-007476,2,Pesimo,,2024-05-04 21:44:00
REV-006118,ORD-001806,5,No lo recomiendo,No lo recomiendo,2021-04-26 15:25:00
REV-006119,ORD-921689,1,Mejor de lo esperado,,2021-11-09 01:13:00
REV-006120,ORD-007155,3,Mejor de lo esperado,Mejor de lo esperado,2022-04-21 14:56:00
REV-006121,ORD-000189,4,Malo,Malo,2021-06-20 13:26:00
REV-006122,ORD-000804,5,Muy bueno,Muy bueno,2024-05-13 15:28:00
REV-006123,ORD-012117,3,Regular,Regular,2023-01-28 07:37:00
REV-006124,ORD-013732,5,OK,,2023-12-16 15:37:00
REV-006125,ORD-008240,3,,,2024-04-27 19:52:00
REV-006126,ORD-014950,2,Malo,Malo,2022-05-26 10:24:00
REV-006127,ORD-953597,3,Regular,Regular,2023-04-04 22:33:00
REV-006128,ORD-002804,4,Llego roto,Llego roto,2021-06-29 12:14:00
REV-006129,ORD-014664,3,Recomendado,Recomendado,2022-04-23 17:12:00
REV-006130,ORD-009103,2,Cumple expectativas,,2023-01-11 12:12:00
REV-006131,ORD-008288,1,,,2021-02-03 16:07:00
REV-006132,ORD-004288,2,Cumple expectativas,,2023-08-06 22:32:00
REV-006133,ORD-014881,1,Cumple expectativas,Cumple expectativas,2021-11-13 04:33:00
REV-006134,ORD-005238,4,Recomendado,Recomendado,2023-11-21 23:54:00
REV-006135,ORD-010837,4,,,2024-05-26 21:09:00
REV-006136,ORD-000752,3,Pesimo,,2022-09-15 22:54:00
REV-006137,ORD-003426,1,Mejor de lo esperado,Mejor de lo esperado,2022-12-05 14:54:00
REV-006138,ORD-004518,3,,,2024-05-27 07:04:00
REV-006139,ORD-009144,2,Llego roto,,2022-09-07 17:02:00
REV-006140,ORD-014146,3,Muy bueno,,2023-06-03 13:15:00
REV-006141,ORD-010689,2,OK,,2024-06-02 14:01:00
REV-006142,ORD-002264,5,Regular,,2023-12-02 15:21:00
REV-006143,ORD-002489,4,No lo recomiendo,No lo recomiendo,2022-11-26 20:52:00
REV-006144,ORD-011983,2,Recomendado,Recomendado,2021-05-18 08:07:00
REV-006145,ORD-005209,5,Recomendado,,2021-03-05 09:19:00
REV-006146,ORD-001162,1,Llego roto,Llego roto,2024-01-31 18:20:00
REV-006147,ORD-013899,2,Llego roto,,2023-12-27 17:55:00
REV-006148,ORD-004707,1,No lo recomiendo,,2022-04-08 23:49:00
REV-006149,ORD-012637,5,Buena calidad,,2021-07-21 14:05:00
REV-006150,ORD-004717,1,OK,OK,2022-03-19 17:36:00
REV-006151,ORD-010130,2,Cumple expectativas,,2022-12-30 09:22:00
REV-006152,ORD-013751,4,Malo,Malo,2022-03-30 10:42:00
REV-006153,ORD-002890,4,Excelente producto,,2023-05-06 01:27:00
REV-006154,ORD-000433,5,Pesimo,Pesimo,2023-03-07 16:10:00
REV-006155,ORD-013861,4,Llego roto,Llego roto,2022-09-06 07:54:00
REV-006156,ORD-006093,4,Recomendado,Recomendado,2021-06-25 10:05:00
REV-006157,ORD-006516,3,Mejor de lo esperado,,2022-11-09 14:30:00
REV-006158,ORD-010155,3,OK,OK,2022-01-19 08:48:00
REV-006159,ORD-011979,2,Llego roto,,2021-09-25 08:11:00
REV-006160,ORD-011162,4,Mejor de lo esperado,Mejor de lo esperado,2023-10-06 18:39:00
REV-006161,ORD-005704,3,Muy bueno,,2023-02-07 21:39:00
REV-006162,ORD-008292,6,Buena calidad,Buena calidad,2023-05-18 07:13:00
REV-006163,ORD-005158,4,Pesimo,Pesimo,2022-08-07 01:20:00
REV-006164,ORD-000162,5,Cumple expectativas,Cumple expectativas,2021-06-28 13:59:00
REV-006165,ORD-013919,5,Excelente producto,,2023-06-20 13:20:00
REV-006166,ORD-005375,5,Regular,Regular,2023-11-02 11:03:00
REV-006167,ORD-009317,3,Pesimo,,2022-01-13 12:25:00
REV-006168,ORD-003434,5,Muy bueno,,2021-03-11 21:48:00
REV-006169,ORD-010469,1,Mejor de lo esperado,,2021-06-12 19:36:00
REV-006170,ORD-001066,2,Muy bueno,,2022-07-14 23:13:00
REV-006171,ORD-000288,5,Llego roto,Llego roto,2021-03-25 09:06:00
REV-006172,ORD-000188,5,Excelente producto,Excelente producto,2022-06-27 22:47:00
REV-006173,ORD-005946,1,Cumple expectativas,Cumple expectativas,2022-08-08 14:50:00
REV-006174,ORD-000811,1,OK,OK,2021-02-04 20:23:00
REV-006175,ORD-000148,3,Pesimo,,2021-09-16 21:22:00
REV-006176,ORD-013265,4,Cumple expectativas,Cumple expectativas,2021-09-01 21:04:00
REV-006177,ORD-006938,5,Buena calidad,Buena calidad,2022-09-15 00:31:00
REV-006178,ORD-007548,2,Llego roto,Llego roto,2022-05-16 09:57:00
REV-006179,ORD-013721,1,Regular,Regular,2022-03-17 20:29:00
REV-006180,ORD-008167,5,Pesimo,,2023-05-05 17:17:00
REV-006181,ORD-000812,1,Buena calidad,,2023-01-08 11:00:00
REV-006182,ORD-009976,5,Recomendado,Recomendado,2021-11-13 13:37:00
REV-006183,ORD-006932,3,No lo recomiendo,No lo recomiendo,2021-03-25 22:54:00
REV-006184,ORD-011240,4,Malo,Malo,2023-02-20 12:38:00
REV-006185,ORD-014613,1,Cumple expectativas,,2022-03-05 01:13:00
REV-006186,ORD-014269,5,,,2022-11-06 13:28:00
REV-006187,ORD-003722,0,Pesimo,Pesimo,2023-07-06 02:00:00
REV-006188,ORD-010067,2,Pesimo,,2022-02-01 03:13:00
REV-006189,ORD-014890,4,OK,OK,2021-02-21 15:07:00
REV-006190,ORD-000464,1,Excelente producto,,2022-09-15 00:23:00
REV-006191,ORD-001018,3,No lo recomiendo,No lo recomiendo,2023-10-06 08:35:00
REV-006192,ORD-000323,4,Excelente producto,,2024-03-21 04:53:00
REV-006193,ORD-011776,4,Excelente producto,Excelente producto,2023-07-08 08:01:00
REV-006194,ORD-009561,1,,,2022-02-10 00:15:00
REV-006195,ORD-004771,3,Pesimo,,2023-04-06 07:36:00
REV-006196,ORD-007372,5,,,2024-04-05 19:56:00
REV-006197,ORD-009914,2,Cumple expectativas,Cumple expectativas,2024-03-29 14:57:00
REV-006198,ORD-002268,3,Llego roto,Llego roto,2023-04-07 05:12:00
REV-006199,ORD-010244,3,No lo recomiendo,,2024-05-26 10:21:00
REV-006200,ORD-005119,2,Pesimo,,2022-06-05 05:52:00
REV-006201,ORD-007675,2,Muy bueno,Muy bueno,2022-03-31 01:21:00
REV-006202,ORD-006646,4,No lo recomiendo,,2023-06-22 22:36:00
REV-006203,ORD-004441,5,Pesimo,,2022-04-28 20:14:00
REV-006204,ORD-009726,2,Buena calidad,Buena calidad,2023-08-14 18:15:00
REV-006205,ORD-004321,2,,,2024-03-07 23:43:00
REV-006206,ORD-011013,4,No lo recomiendo,,2022-09-01 01:37:00
REV-006207,ORD-009457,5,Recomendado,Recomendado,2022-07-19 14:19:00
REV-006208,ORD-010895,1,Llego roto,Llego roto,2022-02-05 16:57:00
REV-006209,ORD-009237,5,Muy bueno,Muy bueno,2022-10-15 16:19:00
REV-006210,ORD-011180,1,Pesimo,Pesimo,2021-08-14 13:37:00
REV-006211,ORD-007058,5,Excelente producto,Excelente producto,2023-08-01 10:57:00
REV-006212,ORD-006388,4,Mejor de lo esperado,Mejor de lo esperado,2023-07-30 01:55:00
REV-006213,ORD-007858,2,Buena calidad,Buena calidad,2021-07-03 23:10:00
REV-006214,ORD-000391,3,,,2021-04-01 13:04:00
REV-006215,ORD-008431,3,Llego roto,Llego roto,2021-03-23 06:13:00
REV-006216,ORD-001299,5,Mejor de lo esperado,,2023-09-04 06:04:00
REV-006217,ORD-010470,1,Buena calidad,Buena calidad,2023-03-30 00:40:00
REV-006218,ORD-003503,2,OK,OK,2021-10-26 09:08:00
REV-006219,ORD-006705,5,Muy bueno,Muy bueno,2023-10-29 22:55:00
REV-006220,ORD-013339,5,Excelente producto,,2022-06-29 03:21:00
REV-006221,ORD-010075,4,Muy bueno,,2023-03-15 02:26:00
REV-006222,ORD-006366,4,Cumple expectativas,Cumple expectativas,2023-07-17 08:38:00
REV-006223,ORD-004066,3,No lo recomiendo,No lo recomiendo,2023-03-27 03:23:00
REV-006224,ORD-012045,2,Muy bueno,Muy bueno,2023-02-11 13:58:00
REV-006225,ORD-004798,5,No lo recomiendo,,2022-07-06 10:28:00
REV-006226,ORD-000998,5,Excelente producto,,2021-04-01 01:17:00
REV-006227,ORD-011798,4,OK,,2022-08-01 22:54:00
REV-006228,ORD-005968,4,Excelente producto,,2022-10-23 09:59:00
REV-006229,ORD-009266,5,Malo,Malo,2021-10-13 02:03:00
REV-006230,ORD-001830,2,Recomendado,,2023-12-18 13:02:00
REV-006231,ORD-006451,5,No lo recomiendo,No lo recomiendo,2021-08-16 14:02:00
REV-006232,ORD-008820,3,Pesimo,Pesimo,2024-06-01 22:15:00
REV-006233,ORD-978310,4,Excelente producto,,2023-12-11 19:30:00
REV-006234,ORD-010610,3,Mejor de lo esperado,,2021-09-13 08:58:00
REV-006235,ORD-006926,4,Recomendado,Recomendado,2021-11-10 10:03:00
REV-006236,ORD-006301,1,Regular,Regular,2022-11-27 10:43:00
REV-006237,ORD-005729,4,Mejor de lo esperado,Mejor de lo esperado,2022-08-31 19:50:00
REV-006238,ORD-000484,1,Malo,Malo,2022-11-30 09:56:00
REV-006239,ORD-009160,3,Recomendado,Recomendado,2022-07-13 03:33:00
REV-006240,ORD-002613,,Llego roto,Llego roto,2022-06-26 01:05:00
REV-006241,ORD-000779,1,Mejor de lo esperado,Mejor de lo esperado,2024-04-06 07:10:00
REV-006242,ORD-005120,4,Excelente producto,Excelente producto,2021-09-26 00:38:00
REV-006243,ORD-009866,1,,,2024-01-07 00:51:00
REV-006244,ORD-929757,1,Cumple expectativas,Cumple expectativas,2021-03-29 02:13:00
REV-006245,ORD-010837,2,Llego roto,Llego roto,2023-03-21 00:50:00
REV-006246,ORD-013371,4,Muy bueno,,2022-01-16 11:04:00
REV-006247,ORD-003252,3,Cumple expectativas,Cumple expectativas,2021-10-02 08:04:00
REV-006248,ORD-004117,2,Pesimo,,2023-02-02 02:04:00
REV-006249,ORD-003305,2,Recomendado,Recomendado,2023-10-08 08:33:00
REV-006250,ORD-006115,,Recomendado,,2023-10-06 16:46:00
REV-006251,ORD-014638,2,Recomendado,Recomendado,2023-10-01 07:36:00
REV-006252,ORD-012086,2,Llego roto,,2023-10-16 18:33:00
REV-006253,ORD-010119,1,Muy bueno,Muy bueno,2024-01-16 08:37:00
REV-006254,ORD-011161,1,Pesimo,Pesimo,2021-06-21 23:29:00
REV-006255,ORD-001339,3,No lo recomiendo,No lo recomiendo,2023-02-02 14:22:00
REV-006256,ORD-014071,4,Mejor de lo esperado,,2021-07-20 14:30:00
REV-006257,ORD-007267,4,Excelente producto,,2021-06-13 13:33:00
REV-006258,ORD-010251,5,No lo recomiendo,No lo recomiendo,2021-02-08 15:31:00
REV-006259,ORD-001588,4,Llego roto,Llego roto,2024-01-25 03:17:00
REV-006260,ORD-012014,2,Malo,Malo,2022-07-17 16:37:00
REV-006261,ORD-000756,1,Regular,,2021-04-04 21:14:00
REV-006262,ORD-002926,1,,,2021-08-28 14:34:00
REV-006263,ORD-012310,1,Regular,Regular,2022-05-27 14:27:00
REV-006264,ORD-013725,2,,,2024-03-26 05:34:00
REV-006265,ORD-000859,5,Buena calidad,Buena calidad,2022-06-09 14:29:00
REV-006266,ORD-008817,3,Malo,,2023-04-20 21:21:00
REV-006267,ORD-009379,3,Cumple expectativas,,2022-02-10 16:29:00
REV-006268,ORD-004711,3,Llego roto,,2022-05-31 09:23:00
REV-006269,ORD-013477,3,Buena calidad,,2022-11-13 19:20:00
REV-006270,ORD-980991,1,Cumple expectativas,Cumple expectativas,2021-03-03 03:30:00
REV-006271,ORD-006505,4,No lo recomiendo,No lo recomiendo,2022-08-25 11:57:00
REV-006272,ORD-003808,2,Excelente producto,Excelente producto,2021-03-10 02:33:00
REV-006273,ORD-007820,2,Pesimo,Pesimo,2024-05-02 02:08:00
REV-006274,ORD-013580,1,Malo,,2021-10-28 17:16:00
REV-006275,ORD-013900,5,Regular,Regular,2021-06-20 19:30:00
REV-006276,ORD-007354,3,Cumple expectativas,Cumple expectativas,2023-02-04 10:54:00
REV-006277,ORD-000336,2,No lo recomiendo,No lo recomiendo,2022-09-17 23:16:00
REV-006278,ORD-014284,0,Recomendado,,2024-03-28 22:34:00
REV-006279,ORD-003624,3,Malo,,2023-04-21 11:07:00
REV-006280,ORD-013301,1,Malo,Malo,2021-12-21 09:35:00
REV-006281,ORD-014702,3,Buena calidad,,2023-02-19 12:29:00
REV-006282,ORD-006339,,Excelente producto,,2024-01-15 16:31:00
REV-006283,ORD-012517,2,Malo,Malo,2023-12-18 11:26:00
REV-006284,ORD-014380,2,No lo recomiendo,No lo recomiendo,2023-11-03 04:44:00
REV-006285,ORD-005838,4,No lo recomiendo,No lo recomiendo,2024-02-20 15:57:00
REV-006286,ORD-006837,3,Recomendado,,2022-10-31 06:02:00
REV-006287,ORD-011655,2,No lo recomiendo,No lo recomiendo,2022-10-16 18:55:00
REV-006288,ORD-005325,4,Excelente producto,Excelente producto,2022-06-17 03:38:00
REV-006289,ORD-004057,4,Pesimo,Pesimo,2023-02-17 19:46:00
REV-006290,ORD-009238,4,,,2022-09-01 06:36:00
REV-006291,ORD-005209,4,Cumple expectativas,Cumple expectativas,2023-11-26 11:49:00
REV-006292,ORD-002043,5,Muy bueno,,2021-04-20 11:18:00
REV-006293,ORD-013742,3,Pesimo,Pesimo,2023-12-24 00:01:00
REV-006294,ORD-007061,4,No lo recomiendo,,2024-04-10 03:23:00
REV-006295,ORD-009011,1,Llego roto,,2023-01-07 03:48:00
REV-006296,ORD-004610,4,Malo,,2024-04-09 14:28:00
REV-006297,ORD-012840,4,Muy bueno,Muy bueno,2023-11-26 14:44:00
REV-006298,ORD-013269,1,Buena calidad,Buena calidad,2021-06-05 06:14:00
REV-006299,ORD-002028,2,No lo recomiendo,No lo recomiendo,2022-02-03 03:19:00
REV-006300,ORD-000040,4,Regular,Regular,2023-07-11 19:29:00
REV-006301,ORD-009097,1,Pesimo,Pesimo,2023-02-12 03:13:00
REV-006302,ORD-007568,3,OK,OK,2023-03-07 23:26:00
REV-006303,ORD-007396,3,Cumple expectativas,,2021-10-25 04:07:00
REV-006304,ORD-002704,3,Buena calidad,,2022-03-07 07:26:00
REV-006305,ORD-011902,5,Regular,,2024-03-11 22:12:00
REV-006306,ORD-002527,3,Recomendado,Recomendado,2023-08-21 08:22:00
REV-006307,ORD-000870,4,Llego roto,Llego roto,2024-05-26 20:13:00
REV-006308,ORD-013480,5,Malo,Malo,2021-07-14 12:03:00
REV-006309,ORD-004969,2,No lo recomiendo,,2023-02-25 20:33:00
REV-006310,ORD-007740,2,Malo,,2023-08-15 18:23:00
REV-006311,ORD-007697,-1,Buena calidad,Buena calidad,2024-04-06 23:40:00
REV-006312,ORD-009911,4,Recomendado,Recomendado,2023-07-08 17:18:00
REV-006313,ORD-005962,4,Regular,Regular,2022-04-17 02:36:00
REV-006314,ORD-009240,3,Malo,Malo,2021-12-08 21:50:00
REV-006315,ORD-013181,3,Buena calidad,,2022-09-24 09:50:00
REV-006316,ORD-013831,3,No lo recomiendo,No lo recomiendo,2023-08-23 13:24:00
REV-006317,ORD-005348,5,No lo recomiendo,No lo recomiendo,2023-04-19 10:01:00
REV-006318,ORD-001036,4,Muy bueno,,2021-12-18 18:30:00
REV-006319,ORD-001280,3,Malo,,2023-12-14 15:34:00
REV-005176,ORD-003373,3,Llego roto,Llego roto,2023-09-07 07:45:00
REV-006321,ORD-006044,5,,,2023-04-20 20:44:00
REV-006322,ORD-004104,2,Buena calidad,Buena calidad,2022-05-30 03:29:00
REV-006323,ORD-007733,2,Recomendado,Recomendado,2023-03-26 18:55:00
REV-006324,ORD-011800,5,Malo,Malo,2021-05-26 22:44:00
REV-006325,ORD-010679,3,Recomendado,Recomendado,2023-06-13 04:59:00
REV-006326,ORD-011702,4,,,2022-11-19 15:54:00
REV-006327,ORD-004679,5,Cumple expectativas,,2023-01-10 21:36:00
REV-006328,ORD-003203,2,Pesimo,Pesimo,2022-03-26 17:21:00
REV-006329,ORD-013081,2,Mejor de lo esperado,,2023-05-20 16:40:00
REV-006330,ORD-014022,2,Excelente producto,,2024-05-28 15:47:00
REV-003566,ORD-000089,2,Llego roto,Llego roto,2022-12-08 14:21:00
REV-006332,ORD-013457,3,Mejor de lo esperado,,2024-03-09 16:14:00
REV-006333,ORD-007703,3,Regular,,2023-01-04 01:11:00
REV-006334,ORD-006592,5,Muy bueno,Muy bueno,2024-04-03 07:25:00
REV-006335,ORD-011881,5,Llego roto,Llego roto,2023-12-10 03:27:00
REV-006336,ORD-013719,1,Llego roto,,2024-02-10 07:15:00
REV-006337,ORD-002109,5,Recomendado,Recomendado,2024-03-01 11:15:00
REV-006338,ORD-012970,1,Pesimo,Pesimo,2022-09-05 18:24:00
REV-006339,ORD-002275,5,Excelente producto,Excelente producto,2024-06-14 05:21:00
REV-006340,ORD-002615,5,Excelente producto,Excelente producto,2021-07-02 13:47:00
REV-006341,ORD-009575,3,No lo recomiendo,No lo recomiendo,2023-12-12 10:52:00
REV-006342,ORD-001112,1,Excelente producto,Excelente producto,2023-03-14 01:30:00
REV-006343,ORD-000368,5,Llego roto,Llego roto,2024-06-08 23:06:00
REV-006344,ORD-014375,4,Llego roto,Llego roto,2022-02-16 23:25:00
REV-006345,ORD-000068,6,OK,OK,2022-01-10 15:28:00
REV-006346,ORD-002986,4,,,2021-04-12 21:27:00
REV-006347,ORD-001462,5,OK,OK,2023-06-01 02:00:00
REV-006348,ORD-003304,5,Cumple expectativas,Cumple expectativas,2023-01-18 01:57:00
REV-006349,ORD-012249,3,Pesimo,,2023-02-01 01:27:00
REV-006350,ORD-000429,5,,,2024-06-10 02:27:00
REV-006351,ORD-014510,5,Pesimo,,2023-01-24 06:34:00
REV-006352,ORD-012017,3,Pesimo,,2023-06-14 03:19:00
REV-006353,ORD-009226,1,,,2021-07-21 17:40:00
REV-006354,ORD-009597,5,Mejor de lo esperado,,2021-04-14 20:30:00
REV-006355,ORD-011163,4,Muy bueno,Muy bueno,2022-11-23 16:36:00
REV-006356,ORD-979985,4,Pesimo,Pesimo,2022-05-26 20:04:00
REV-006357,ORD-002020,1,Mejor de lo esperado,Mejor de lo esperado,2021-02-25 22:53:00
REV-006358,ORD-012325,5,Malo,Malo,2023-02-01 00:06:00
REV-006359,ORD-010294,4,Regular,Regular,2021-02-12 08:00:00
REV-006360,ORD-007363,5,Cumple expectativas,Cumple expectativas,2024-04-28 14:21:00
REV-006361,ORD-007341,2,Pesimo,Pesimo,2022-03-10 04:21:00
REV-006362,ORD-011948,3,Pesimo,Pesimo,2023-07-08 07:43:00
REV-006363,ORD-005916,1,Excelente producto,,2021-08-19 12:15:00
REV-006364,ORD-009880,4,Buena calidad,,2023-07-28 18:27:00
REV-006365,ORD-012053,4,Buena calidad,Buena calidad,2022-10-16 01:25:00
REV-006366,ORD-002979,3,,,2023-03-21 02:58:00
REV-006367,ORD-001407,4,Regular,,2023-03-28 19:33:00
REV-006368,ORD-014747,1,Cumple expectativas,,2022-03-11 14:07:00
REV-006369,ORD-001777,1,Mejor de lo esperado,,2023-10-27 14:01:00
REV-006370,ORD-011761,3,Pesimo,,2021-04-06 22:24:00
REV-006371,ORD-004788,4,No lo recomiendo,No lo recomiendo,2024-05-17 08:14:00
REV-006372,ORD-004943,4,Muy bueno,Muy bueno,2024-04-06 18:10:00
REV-006373,ORD-005026,2,Buena calidad,Buena calidad,2023-05-16 15:22:00
REV-006374,ORD-000069,2,OK,,2022-03-01 21:20:00
REV-006375,ORD-014215,4,Malo,Malo,2021-03-16 04:01:00
REV-006376,ORD-010541,2,Cumple expectativas,,2022-11-13 01:14:00
REV-006377,ORD-012545,3,Recomendado,Recomendado,2024-06-22 18:35:00
REV-006378,ORD-005250,2,Cumple expectativas,Cumple expectativas,2024-06-18 03:35:00
REV-006379,ORD-001619,4,Recomendado,,2022-08-29 18:54:00
REV-006380,ORD-014116,3,Pesimo,,2023-09-13 00:24:00
REV-006381,ORD-002302,2,Muy bueno,Muy bueno,2023-08-29 20:01:00
REV-006382,ORD-005524,2,Regular,,2022-01-30 09:04:00
REV-006383,ORD-014394,5,Excelente producto,Excelente producto,2021-10-21 18:02:00
REV-006384,ORD-009913,4,Pesimo,Pesimo,2022-07-06 20:56:00
REV-006385,ORD-014012,5,Buena calidad,Buena calidad,2021-07-28 16:38:00
REV-006386,ORD-004146,1,Pesimo,Pesimo,2023-01-05 18:56:00
REV-006387,ORD-005202,1,Cumple expectativas,,2021-12-24 05:16:00
REV-006388,ORD-011298,4,Recomendado,,2023-08-30 03:33:00
REV-006389,ORD-006108,2,Excelente producto,,2024-02-13 21:26:00
REV-006390,ORD-008527,4,OK,OK,2023-11-29 02:17:00
REV-006391,ORD-008704,4,Regular,Regular,2024-03-04 08:24:00
REV-006392,ORD-012571,2,Malo,,2023-08-31 17:40:00
REV-006393,ORD-011323,4,,,2023-07-19 09:04:00
REV-006394,ORD-005882,1,OK,OK,2023-07-25 04:08:00
REV-006395,ORD-010999,5,Regular,,2024-03-27 02:32:00
REV-006396,ORD-009631,3,Llego roto,Llego roto,2023-03-26 21:47:00
REV-006397,ORD-003747,2,Muy bueno,Muy bueno,2022-08-25 04:47:00
REV-006398,ORD-007910,3,Pesimo,,2022-03-31 08:03:00
REV-006399,ORD-006180,4,Recomendado,,2024-04-12 05:17:00
REV-006400,ORD-004167,5,Muy bueno,Muy bueno,2023-12-21 23:22:00
REV-006401,ORD-014783,0,Cumple expectativas,,2023-09-02 18:55:00
REV-006402,ORD-004037,3,Mejor de lo esperado,Mejor de lo esperado,2023-12-17 14:02:00
REV-006403,ORD-013050,3,Recomendado,Recomendado,2022-01-18 14:09:00
REV-006404,ORD-006906,5,,,2023-05-09 23:16:00
REV-006405,ORD-007977,5,Buena calidad,,2024-04-20 01:40:00
REV-006406,ORD-014887,5,Malo,,2023-06-02 20:57:00
REV-006407,ORD-013924,4,Cumple expectativas,Cumple expectativas,2023-03-14 17:12:00
REV-006408,ORD-951077,5,Llego roto,Llego roto,2022-07-04 19:36:00
REV-006409,ORD-010907,1,Excelente producto,,2023-01-09 21:41:00
REV-006410,ORD-010320,5,Llego roto,Llego roto,2022-05-01 08:21:00
REV-006411,ORD-011942,1,Pesimo,Pesimo,2022-01-12 23:44:00
REV-006412,ORD-007413,3,Llego roto,,2022-09-29 19:49:00
REV-006413,ORD-004327,4,Mejor de lo esperado,Mejor de lo esperado,2023-04-18 17:33:00
REV-006414,ORD-013314,2,Recomendado,,2023-03-15 21:45:00
REV-006415,ORD-014381,1,Regular,,2021-07-22 02:51:00
REV-006416,ORD-001564,1,Cumple expectativas,,2022-11-28 02:13:00
REV-006417,ORD-011944,3,Excelente producto,,2024-06-25 11:26:00
REV-006418,ORD-011891,1,Malo,Malo,2024-05-30 03:44:00
REV-006419,ORD-000527,5,,,2022-09-21 23:05:00
REV-006420,ORD-000243,1,Recomendado,,2023-03-21 03:18:00
REV-006421,ORD-014449,2,OK,,2021-12-24 03:06:00
REV-006422,ORD-009875,2,Pesimo,Pesimo,2021-05-15 17:28:00
REV-006423,ORD-000563,2,Buena calidad,Buena calidad,2024-03-18 18:42:00
REV-006424,ORD-002579,2,Cumple expectativas,,2022-04-26 17:46:00
REV-006425,ORD-009198,5,,,2022-10-14 22:10:00
REV-006426,ORD-005618,5,Excelente producto,Excelente producto,2021-07-13 23:13:00
REV-006427,ORD-004107,3,Buena calidad,Buena calidad,2021-02-27 00:53:00
REV-006428,ORD-004174,1,Buena calidad,,2021-12-04 20:02:00
REV-006429,ORD-011645,1,No lo recomiendo,No lo recomiendo,2022-08-24 03:22:00
REV-006430,ORD-008850,5,Buena calidad,,2022-09-22 15:17:00
REV-006431,ORD-006667,2,Muy bueno,,2022-06-07 11:21:00
REV-006432,ORD-011663,3,Regular,Regular,2024-04-26 09:20:00
REV-006433,ORD-000533,5,Pesimo,Pesimo,2023-07-23 16:05:00
REV-006434,ORD-010033,5,Regular,Regular,2021-02-04 20:07:00
REV-006435,ORD-009683,5,No lo recomiendo,No lo recomiendo,2023-10-19 08:49:00
REV-006436,ORD-004983,4,Malo,Malo,2024-03-13 10:27:00
REV-006437,ORD-001896,3,No lo recomiendo,,2021-05-25 15:01:00
REV-006438,ORD-014045,4,Malo,Malo,2024-01-10 23:52:00
REV-006439,ORD-009218,2,,,2024-02-21 21:20:00
REV-006440,ORD-000149,1,Malo,,2022-12-29 08:14:00
REV-006441,ORD-008404,4,Cumple expectativas,,2022-05-16 10:04:00
REV-006442,ORD-014966,1,Mejor de lo esperado,,2024-04-26 06:31:00
REV-006443,ORD-011838,1,Pesimo,Pesimo,2022-06-28 08:16:00
REV-006444,ORD-921231,1,Recomendado,,2021-06-28 23:48:00
REV-006445,ORD-004339,2,Mejor de lo esperado,Mejor de lo esperado,2024-01-04 06:46:00
REV-006446,ORD-007342,1,Pesimo,Pesimo,2022-09-10 06:37:00
REV-006447,ORD-012248,3,Malo,Malo,2023-01-13 15:06:00
REV-006448,ORD-985528,1,Cumple expectativas,Cumple expectativas,2022-02-08 23:16:00
REV-006449,ORD-949066,3,OK,,2023-07-14 22:03:00
REV-006450,ORD-005361,2,OK,,2023-09-14 06:33:00
REV-006451,ORD-006906,4,Recomendado,Recomendado,2024-01-28 03:15:00
REV-006452,ORD-000524,5,,,2021-05-24 09:33:00
REV-006453,ORD-007161,4,Recomendado,Recomendado,2021-04-27 13:58:00
REV-006454,ORD-013173,2,No lo recomiendo,No lo recomiendo,2021-04-26 00:54:00
REV-006455,ORD-002620,3,OK,OK,2024-01-17 00:59:00
REV-006456,ORD-001296,4,Muy bueno,Muy bueno,2023-08-02 16:09:00
REV-006457,ORD-008336,2,Mejor de lo esperado,Mejor de lo esperado,2022-06-26 01:22:00
REV-006458,ORD-013293,1,Llego roto,Llego roto,2022-09-21 23:13:00
REV-006459,ORD-008416,5,,,2022-07-09 08:24:00
REV-006460,ORD-003432,2,Cumple expectativas,Cumple expectativas,2022-05-25 21:23:00
REV-006461,ORD-007448,4,Llego roto,Llego roto,2023-08-16 11:16:00
REV-006462,ORD-004001,4,Muy bueno,,2023-10-15 08:51:00
REV-006463,ORD-013255,3,Cumple expectativas,,2024-04-26 15:55:00
REV-006464,ORD-005735,4,No lo recomiendo,,2021-12-04 10:31:00
REV-006465,ORD-008332,4,Mejor de lo esperado,,2021-07-28 05:59:00
REV-006466,ORD-002553,1,Buena calidad,,2021-10-23 03:00:00
REV-006467,ORD-000905,1,Muy bueno,Muy bueno,2022-09-21 18:28:00
REV-006468,ORD-007201,3,Regular,Regular,2021-12-11 21:11:00
REV-006469,ORD-003603,-1,Llego roto,Llego roto,2022-01-18 13:12:00
REV-006470,ORD-000147,3,Recomendado,Recomendado,2023-07-21 00:22:00
REV-006471,ORD-010194,4,Cumple expectativas,,2023-12-18 18:18:00
REV-006472,ORD-001867,10,,,2021-11-10 09:38:00
REV-006473,ORD-003653,1,Cumple expectativas,Cumple expectativas,2022-02-06 23:33:00
REV-006474,ORD-007867,5,Buena calidad,,2024-05-04 12:40:00
REV-006475,ORD-002410,4,Buena calidad,Buena calidad,2021-08-18 17:38:00
REV-006476,ORD-003197,4,Pesimo,Pesimo,2022-05-13 17:59:00
REV-006477,ORD-008158,4,Regular,,2023-02-03 03:05:00
REV-006478,ORD-004040,1,Regular,Regular,2021-12-22 10:04:00
REV-006479,ORD-013345,5,Malo,Malo,2023-10-11 10:03:00
REV-006480,ORD-005539,1,OK,OK,2023-10-08 12:02:00
REV-006481,ORD-000446,2,Cumple expectativas,,2023-01-28 18:32:00
REV-006482,ORD-014615,5,OK,OK,2021-07-13 13:36:00
REV-006483,ORD-001767,4,Regular,Regular,2023-10-21 03:50:00
REV-006484,ORD-011190,1,Llego roto,Llego roto,2023-06-01 01:37:00
REV-006485,ORD-012013,2,Recomendado,,2023-07-07 05:14:00
REV-006486,ORD-004355,2,Recomendado,Recomendado,2022-01-08 06:23:00
REV-006487,ORD-013590,1,Mejor de lo esperado,Mejor de lo esperado,2023-05-12 07:12:00
REV-006488,ORD-008930,4,Recomendado,Recomendado,2023-12-12 23:36:00
REV-006489,ORD-001026,3,,,2021-11-11 07:34:00
REV-006490,ORD-010299,-1,Regular,Regular,2022-02-23 08:10:00
REV-006491,ORD-005507,6,Llego roto,,2021-03-15 01:28:00
REV-006492,ORD-008689,5,Recomendado,Recomendado,2022-03-02 15:05:00
REV-006493,ORD-001110,2,Mejor de lo esperado,Mejor de lo esperado,2022-07-18 06:34:00
REV-006494,ORD-014648,1,Recomendado,,2022-05-11 02:15:00
REV-006495,ORD-006759,3,OK,,2021-02-22 19:51:00
REV-006496,ORD-013876,3,Excelente producto,Excelente producto,2021-03-30 04:38:00
REV-006497,ORD-007194,1,No lo recomiendo,No lo recomiendo,2022-11-05 02:58:00
REV-006498,ORD-004678,1,Cumple expectativas,,2021-04-17 20:00:00
REV-006499,ORD-007307,3,,,2021-06-01 09:28:00
REV-006500,ORD-009197,6,Recomendado,Recomendado,2023-04-24 07:10:00
REV-006501,ORD-003674,5,Llego roto,,2023-02-17 15:28:00
REV-006502,ORD-001335,4,Llego roto,Llego roto,2022-11-18 22:29:00
REV-006503,ORD-010788,2,,,2023-02-06 15:29:00
REV-006504,ORD-013100,4,Malo,Malo,2021-03-02 01:25:00
REV-006505,ORD-007927,3,,,2022-08-09 17:27:00
REV-006506,ORD-013618,3,Recomendado,Recomendado,2021-09-23 07:35:00
REV-006507,ORD-005410,4,Cumple expectativas,Cumple expectativas,2024-05-13 12:59:00
REV-006508,ORD-013420,4,Regular,Regular,2021-07-20 12:14:00
REV-006509,ORD-010662,2,OK,OK,2022-11-26 15:00:00
REV-006510,ORD-011397,5,No lo recomiendo,No lo recomiendo,2022-02-26 13:39:00
REV-006511,ORD-011327,2,,,2021-08-02 05:52:00
REV-006512,ORD-011838,5,Excelente producto,,2021-10-08 11:47:00
REV-006513,ORD-008128,2,Buena calidad,Buena calidad,2024-01-14 01:28:00
REV-006514,ORD-008957,3,Muy bueno,,2021-07-19 22:46:00
REV-006515,ORD-014471,5,,,2023-11-09 13:52:00
REV-006516,ORD-008342,2,Muy bueno,Muy bueno,2022-09-05 11:57:00
REV-006517,ORD-005864,5,Cumple expectativas,Cumple expectativas,2021-03-22 06:40:00
REV-006518,ORD-006301,5,Buena calidad,Buena calidad,2023-03-16 16:38:00
REV-006519,ORD-000570,4,Malo,Malo,2023-08-15 22:48:00
REV-006520,ORD-000263,2,OK,OK,2023-10-07 17:32:00
REV-006521,ORD-003582,2,No lo recomiendo,,2023-05-07 04:09:00
REV-006522,ORD-009447,1,Muy bueno,,2022-07-26 14:32:00
REV-006523,ORD-009013,4,Excelente producto,,2021-12-06 12:11:00
REV-006524,ORD-006459,2,Mejor de lo esperado,,2021-04-16 21:27:00
REV-006525,ORD-008075,3,Cumple expectativas,,2023-08-21 19:21:00
REV-006526,ORD-006288,3,Llego roto,,2022-07-20 12:25:00
REV-006527,ORD-013772,2,Mejor de lo esperado,Mejor de lo esperado,2021-05-12 23:30:00
REV-006528,ORD-008598,3,Recomendado,,2023-05-23 12:04:00
REV-006529,ORD-003441,1,Buena calidad,Buena calidad,2022-12-31 06:23:00
REV-006530,ORD-010613,4,Buena calidad,,2021-11-25 01:35:00
REV-006531,ORD-000050,3,Buena calidad,Buena calidad,2023-02-12 11:37:00
REV-006532,ORD-010266,5,Malo,Malo,2023-10-18 17:54:00
REV-006533,ORD-008440,5,Regular,Regular,2021-08-08 20:24:00
REV-006534,ORD-010109,3,,,2022-03-08 19:07:00
REV-006535,ORD-005728,4,Muy bueno,Muy bueno,2022-10-20 19:50:00
REV-003870,ORD-010352,4,Cumple expectativas,Cumple expectativas,2022-05-07 03:36:00
REV-006537,ORD-012483,3,OK,OK,2022-11-12 06:40:00
REV-006538,ORD-014687,2,,,2024-02-18 23:52:00
REV-006539,ORD-001004,4,,,2023-11-06 16:44:00
REV-006540,ORD-011252,2,Excelente producto,,2022-08-04 05:48:00
REV-006541,ORD-006105,2,No lo recomiendo,,2022-01-16 17:57:00
REV-006542,ORD-011906,5,Buena calidad,Buena calidad,2024-03-04 23:53:00
REV-006543,ORD-010655,1,Regular,,2021-07-09 15:01:00
REV-006544,ORD-007001,3,No lo recomiendo,No lo recomiendo,2022-12-20 00:05:00
REV-006545,ORD-001272,1,Mejor de lo esperado,,2022-05-01 16:39:00
REV-006546,ORD-010754,5,Llego roto,Llego roto,2021-11-17 09:36:00
REV-006547,ORD-007421,1,Muy bueno,Muy bueno,2024-04-19 05:39:00
REV-006548,ORD-001588,5,Pesimo,,2023-10-02 06:13:00
REV-006549,ORD-001014,1,Regular,Regular,2024-01-04 17:51:00
REV-006550,ORD-010869,3,Excelente producto,,2021-04-22 08:32:00
REV-006551,ORD-007986,1,No lo recomiendo,,2023-03-20 04:13:00
REV-006552,ORD-003512,2,Regular,Regular,2021-11-10 06:45:00
REV-006553,ORD-009374,3,Cumple expectativas,,2021-02-01 04:28:00
REV-006554,ORD-001399,3,Buena calidad,Buena calidad,2022-11-12 21:05:00
REV-006555,ORD-012224,5,Regular,Regular,2023-12-02 00:44:00
REV-006556,ORD-002193,5,Muy bueno,,2021-07-26 18:33:00
REV-006557,ORD-010231,5,Llego roto,Llego roto,2021-05-22 13:24:00
REV-006558,ORD-005111,5,Buena calidad,,2024-04-17 05:48:00
REV-006559,ORD-005657,2,Mejor de lo esperado,Mejor de lo esperado,2024-01-13 22:15:00
REV-006560,ORD-011196,2,Mejor de lo esperado,,2022-03-19 10:42:00
REV-006561,ORD-009882,5,Pesimo,,2024-02-13 14:05:00
REV-006562,ORD-010252,5,Muy bueno,,2024-03-14 05:49:00
REV-006563,ORD-014809,4,No lo recomiendo,No lo recomiendo,2024-02-22 07:43:00
REV-006564,ORD-012299,5,Llego roto,Llego roto,2022-08-17 20:49:00
REV-006565,ORD-001145,5,,,2022-04-28 00:35:00
REV-006566,ORD-005681,2,Malo,Malo,2022-04-04 11:47:00
REV-006567,ORD-005817,4,Regular,Regular,2021-12-23 04:54:00
REV-006568,ORD-010347,-1,Llego roto,Llego roto,2022-10-23 12:36:00
REV-006569,ORD-002497,2,Regular,Regular,2021-05-27 00:38:00
REV-006570,ORD-010606,4,OK,OK,2024-02-14 22:29:00
REV-006571,ORD-007741,5,Excelente producto,Excelente producto,2021-03-12 12:00:00
REV-006572,ORD-012671,4,Muy bueno,Muy bueno,2022-12-15 16:54:00
REV-006573,ORD-009189,4,OK,,2022-09-24 23:57:00
REV-006574,ORD-013844,4,Pesimo,,2023-09-17 01:57:00
REV-006575,ORD-005222,1,Buena calidad,,2023-04-28 18:37:00
REV-006576,ORD-014612,5,Cumple expectativas,,2022-04-24 05:43:00
REV-006577,ORD-000789,4,Cumple expectativas,,2021-05-15 08:59:00
REV-006578,ORD-010151,1,Recomendado,,2023-05-10 04:04:00
REV-006579,ORD-008844,2,Cumple expectativas,Cumple expectativas,2023-05-23 20:14:00
REV-006580,ORD-004590,3,Malo,Malo,2023-07-09 08:01:00
REV-006581,ORD-011428,1,Cumple expectativas,Cumple expectativas,2023-08-03 01:05:00
REV-006582,ORD-001168,2,Cumple expectativas,,2023-06-18 23:28:00
REV-006583,ORD-013826,4,Mejor de lo esperado,Mejor de lo esperado,2021-06-04 22:18:00
REV-006584,ORD-013387,1,Muy bueno,,2022-08-12 19:09:00
REV-006585,ORD-000658,4,OK,OK,2022-07-19 10:23:00
REV-006586,ORD-008610,3,Cumple expectativas,Cumple expectativas,2021-07-15 00:21:00
REV-006587,ORD-007456,1,Recomendado,,2021-11-01 06:41:00
REV-006588,ORD-009223,4,Muy bueno,,2024-05-09 11:31:00
REV-006589,ORD-001244,5,Excelente producto,Excelente producto,2022-09-02 00:20:00
REV-006590,ORD-007475,5,Malo,Malo,2024-03-30 13:44:00
REV-006591,ORD-007708,1,Muy bueno,,2024-02-25 20:57:00
REV-006592,ORD-002226,2,,,2023-06-08 02:52:00
REV-006593,ORD-006316,3,Pesimo,Pesimo,2023-02-14 12:18:00
REV-006594,ORD-012983,5,Recomendado,Recomendado,2024-03-02 12:31:00
REV-006595,ORD-009732,3,Malo,Malo,2023-07-25 03:39:00
REV-006596,ORD-004966,4,Mejor de lo esperado,Mejor de lo esperado,2024-01-19 00:52:00
REV-006597,ORD-010197,4,Pesimo,,2022-10-12 22:27:00
REV-006598,ORD-007707,3,Cumple expectativas,Cumple expectativas,2022-02-04 23:23:00
REV-006599,ORD-013375,5,OK,OK,2022-07-22 12:32:00
REV-006600,ORD-006397,5,No lo recomiendo,No lo recomiendo,2024-03-21 06:17:00
REV-006601,ORD-976224,5,Regular,Regular,2021-04-11 14:37:00
REV-006602,ORD-001113,5,Recomendado,Recomendado,2021-12-28 09:47:00
REV-006603,ORD-012639,1,Excelente producto,Excelente producto,2021-03-30 13:26:00
REV-006604,ORD-009787,5,Regular,Regular,2021-03-18 02:55:00
REV-006605,ORD-006044,3,Regular,,2024-04-21 22:29:00
REV-006606,ORD-004672,3,Recomendado,,2022-02-26 20:08:00
REV-006607,ORD-008602,3,Malo,Malo,2024-04-25 15:39:00
REV-006608,ORD-001076,2,,,2021-05-10 10:20:00
REV-006609,ORD-010788,1,Malo,Malo,2023-06-06 14:14:00
REV-006610,ORD-007272,3,Pesimo,,2022-12-18 01:53:00
REV-006611,ORD-005535,2,Recomendado,,2023-08-08 09:43:00
REV-006612,ORD-012230,3,No lo recomiendo,No lo recomiendo,2023-01-08 06:54:00
REV-006613,ORD-007942,1,Pesimo,Pesimo,2022-08-27 11:04:00
REV-006614,ORD-014999,4,Muy bueno,,2024-06-25 03:09:00
REV-006615,ORD-000923,2,Mejor de lo esperado,,2021-03-11 00:08:00
REV-006616,ORD-013702,3,Pesimo,,2022-12-04 17:11:00
REV-006617,ORD-000662,1,Pesimo,Pesimo,2021-02-07 05:24:00
REV-006618,ORD-002708,3,Cumple expectativas,Cumple expectativas,2022-05-03 22:18:00
REV-006619,ORD-999893,2,Buena calidad,Buena calidad,2024-01-31 14:21:00
REV-006620,ORD-011594,2,Malo,,2023-08-03 17:47:00
REV-006621,ORD-006161,2,Cumple expectativas,,2023-05-11 09:09:00
REV-006622,ORD-012310,5,Pesimo,Pesimo,2022-08-17 12:52:00
REV-006623,ORD-012380,5,Cumple expectativas,,2022-11-24 19:41:00
REV-006624,ORD-014351,2,Buena calidad,Buena calidad,2023-08-25 22:11:00
REV-006625,ORD-002250,3,,,2023-06-24 18:07:00
REV-006626,ORD-012544,2,No lo recomiendo,No lo recomiendo,2021-03-26 11:54:00
REV-006627,ORD-005024,2,Excelente producto,,2021-08-03 17:24:00
REV-006628,ORD-012279,4,Mejor de lo esperado,Mejor de lo esperado,2024-06-12 06:38:00
REV-006629,ORD-011545,3,Pesimo,,2022-01-16 07:23:00
REV-006630,ORD-001583,3,Cumple expectativas,Cumple expectativas,2022-06-11 01:26:00
REV-006631,ORD-002754,4,Regular,Regular,2024-05-27 08:58:00
REV-006632,ORD-003363,2,Excelente producto,Excelente producto,2021-08-20 05:55:00
REV-006633,ORD-008778,5,OK,OK,2023-05-15 03:55:00
REV-006634,ORD-002397,5,Cumple expectativas,,2022-05-27 09:14:00
REV-006635,ORD-008561,1,Malo,Malo,2022-10-13 00:53:00
REV-006636,ORD-014140,1,Excelente producto,,2024-03-06 13:16:00
REV-006637,ORD-005974,2,Muy bueno,Muy bueno,2021-12-07 08:37:00
REV-006638,ORD-012780,5,Pesimo,,2023-06-10 12:06:00
REV-006639,ORD-012418,2,,,2023-07-03 04:44:00
REV-006640,ORD-010751,5,Buena calidad,Buena calidad,2022-03-28 05:52:00
REV-006641,ORD-009218,2,Llego roto,Llego roto,2021-09-21 14:49:00
REV-006642,ORD-010534,5,Malo,,2024-06-02 04:08:00
REV-006643,ORD-001200,1,Mejor de lo esperado,,2022-10-13 07:51:00
REV-006644,ORD-013734,5,Recomendado,Recomendado,2021-10-18 16:16:00
REV-006645,ORD-011831,2,Buena calidad,,2022-05-16 04:14:00
REV-006646,ORD-013271,1,OK,,2022-12-04 08:24:00
REV-006647,ORD-000508,3,OK,,2022-02-08 02:35:00
REV-006648,ORD-000792,4,Llego roto,,2023-02-12 14:48:00
REV-006649,ORD-005706,2,Muy bueno,,2022-06-11 01:49:00
REV-006650,ORD-014154,1,,,2023-06-10 11:12:00
REV-006651,ORD-004931,1,Muy bueno,Muy bueno,2023-04-01 06:04:00
REV-006652,ORD-012174,5,Mejor de lo esperado,Mejor de lo esperado,2021-11-28 09:34:00
REV-006653,ORD-008425,1,Buena calidad,,2023-10-04 03:31:00
REV-006654,ORD-001981,3,Excelente producto,,2022-04-18 17:03:00
REV-006655,ORD-014077,4,Pesimo,,2022-12-30 20:35:00
REV-006656,ORD-008653,1,Buena calidad,,2021-06-03 11:40:00
REV-006657,ORD-012354,3,Mejor de lo esperado,,2021-02-13 07:40:00
REV-006658,ORD-915520,2,Buena calidad,Buena calidad,2023-03-03 00:45:00
REV-006659,ORD-002920,4,No lo recomiendo,No lo recomiendo,2024-05-07 17:59:00
REV-006660,ORD-014642,1,OK,OK,2022-04-26 14:09:00
REV-006661,ORD-013806,4,Regular,Regular,2023-08-15 16:35:00
REV-006662,ORD-000188,5,Muy bueno,Muy bueno,2023-11-25 00:56:00
REV-006663,ORD-014200,1,Malo,,2023-11-06 09:29:00
REV-006664,ORD-013459,2,Regular,,2022-02-02 15:58:00
REV-006665,ORD-009495,1,Mejor de lo esperado,Mejor de lo esperado,2023-01-24 09:22:00
REV-006666,ORD-937585,0,No lo recomiendo,,2022-05-12 03:47:00
REV-006667,ORD-007567,3,Malo,,2021-11-25 07:33:00
REV-006668,ORD-010318,5,Regular,Regular,2022-05-22 02:13:00
REV-006669,ORD-006412,1,Recomendado,Recomendado,2022-11-28 02:53:00
REV-006670,ORD-013759,4,OK,OK,2022-03-21 21:55:00
REV-006671,ORD-005960,2,Muy bueno,Muy bueno,2024-04-11 11:50:00
REV-006672,ORD-005702,5,Llego roto,,2022-08-03 10:16:00
REV-006673,ORD-011931,1,Muy bueno,Muy bueno,2022-11-29 19:11:00
REV-006674,ORD-004015,4,Recomendado,,2021-10-29 05:30:00
REV-006675,ORD-012471,3,,,2024-03-13 22:05:00
REV-006676,ORD-014013,5,Cumple expectativas,Cumple expectativas,2024-04-03 10:56:00
REV-006677,ORD-001859,10,OK,OK,2022-03-21 17:59:00
REV-006678,ORD-011492,4,Muy bueno,,2024-01-05 02:49:00
REV-006679,ORD-002923,5,Muy bueno,,2021-07-10 00:11:00
REV-006680,ORD-013772,3,OK,OK,2021-05-23 06:03:00
REV-006681,ORD-012410,4,Buena calidad,Buena calidad,2021-09-10 12:05:00
REV-006682,ORD-002629,3,OK,OK,2022-09-30 01:46:00
REV-006683,ORD-008953,3,Recomendado,Recomendado,2021-08-24 10:15:00
REV-006684,ORD-003373,3,Malo,,2022-01-24 21:54:00
REV-006685,ORD-009143,1,Buena calidad,,2023-01-19 14:14:00
REV-006686,ORD-000055,3,,,2022-07-10 00:47:00
REV-006687,ORD-004225,2,Cumple expectativas,,2023-06-12 08:30:00
REV-006688,ORD-004496,5,Mejor de lo esperado,,2023-07-04 06:57:00
REV-006689,ORD-001055,5,Recomendado,,2022-03-30 21:30:00
REV-006690,ORD-002772,2,Buena calidad,Buena calidad,2023-01-25 09:18:00
REV-006691,ORD-005837,1,OK,OK,2021-12-27 13:05:00
REV-006692,ORD-014393,2,Recomendado,Recomendado,2023-05-14 05:47:00
REV-006244,ORD-929757,1,Cumple expectativas,Cumple expectativas,2021-03-29 02:13:00
REV-006694,ORD-001981,3,OK,OK,2021-07-21 15:05:00
REV-006695,ORD-000654,3,OK,OK,2023-06-09 22:22:00
REV-006696,ORD-006854,3,,,2023-07-29 22:43:00
REV-006697,ORD-003241,4,Mejor de lo esperado,Mejor de lo esperado,2022-01-01 21:37:00
REV-006698,ORD-004965,5,,,2023-12-16 01:20:00
REV-006699,ORD-001794,4,Buena calidad,Buena calidad,2024-04-03 21:23:00
REV-006700,ORD-007407,1,Cumple expectativas,,2022-03-12 15:07:00
REV-006701,ORD-012184,3,Malo,,2023-12-09 09:42:00
REV-006702,ORD-003110,4,Regular,Regular,2021-09-15 07:35:00
REV-006703,ORD-008946,2,Recomendado,Recomendado,2021-10-16 13:52:00
REV-006704,ORD-009445,4,Cumple expectativas,,2021-09-29 21:13:00
REV-006705,ORD-007140,4,Buena calidad,,2023-03-25 13:26:00
REV-006706,ORD-010361,2,Llego roto,,2022-02-11 19:46:00
REV-006707,ORD-000858,3,Cumple expectativas,,2021-08-09 10:51:00
REV-006708,ORD-007456,3,Malo,Malo,2021-10-01 02:06:00
REV-006709,ORD-008788,2,Excelente producto,Excelente producto,2023-03-05 09:40:00
REV-006710,ORD-009019,5,Recomendado,,2023-11-27 21:30:00
REV-006711,ORD-003467,3,Muy bueno,Muy bueno,2024-06-02 21:09:00
REV-006712,ORD-012162,5,Malo,,2023-10-17 01:57:00
REV-006713,ORD-014555,1,Mejor de lo esperado,Mejor de lo esperado,2024-01-13 07:53:00
REV-006714,ORD-004247,1,Malo,,2024-04-21 23:57:00
REV-006715,ORD-011509,5,,,2023-06-15 21:54:00
REV-006716,ORD-003073,4,,,2022-09-29 05:37:00
REV-006717,ORD-007313,1,Llego roto,Llego roto,2023-08-13 09:36:00
REV-006718,ORD-011583,5,Pesimo,Pesimo,2024-01-31 22:02:00
REV-006719,ORD-003465,1,Regular,,2023-07-27 07:02:00
REV-006720,ORD-013265,2,Malo,,2023-02-05 20:37:00
REV-006721,ORD-000187,3,Cumple expectativas,,2023-09-12 21:42:00
REV-006722,ORD-005840,4,No lo recomiendo,No lo recomiendo,2021-04-25 16:54:00
REV-006723,ORD-012675,1,,,2023-12-24 13:30:00
REV-006724,ORD-014114,3,Recomendado,Recomendado,2024-06-23 18:03:00
REV-006725,ORD-010889,1,OK,OK,2021-03-07 13:10:00
REV-006726,ORD-012051,5,Cumple expectativas,Cumple expectativas,2024-05-08 08:05:00
REV-006727,ORD-001891,4,Cumple expectativas,,2022-05-31 10:17:00
REV-006728,ORD-003423,4,Muy bueno,,2021-04-27 16:51:00
REV-006729,ORD-003070,-1,Excelente producto,Excelente producto,2021-07-11 13:53:00
REV-006730,ORD-012940,1,OK,OK,2024-03-26 15:57:00
REV-006731,ORD-005031,3,Pesimo,,2021-05-09 09:58:00
REV-006732,ORD-002040,2,Cumple expectativas,Cumple expectativas,2024-06-16 21:32:00
REV-006733,ORD-000754,5,Cumple expectativas,Cumple expectativas,2021-12-17 06:37:00
REV-006734,ORD-006590,5,Regular,,2022-07-25 15:59:00
REV-006735,ORD-001393,10,Llego roto,,2022-05-19 06:14:00
REV-006736,ORD-009875,1,Regular,Regular,2021-09-24 11:13:00
REV-006737,ORD-003698,1,No lo recomiendo,No lo recomiendo,2024-03-29 13:16:00
REV-006738,ORD-012551,1,Mejor de lo esperado,Mejor de lo esperado,2021-09-10 22:49:00
REV-006739,ORD-000805,3,Llego roto,,2023-09-22 14:59:00
REV-006740,ORD-010230,1,Llego roto,Llego roto,2024-04-18 04:26:00
REV-006741,ORD-002305,2,Recomendado,Recomendado,2024-01-16 01:12:00
REV-006742,ORD-005898,1,Malo,Malo,2021-04-23 20:54:00
REV-006743,ORD-012007,2,Muy bueno,Muy bueno,2022-09-18 08:09:00
REV-006744,ORD-013511,1,,,2023-08-02 03:26:00
REV-006745,ORD-007160,2,OK,OK,2023-09-15 02:22:00
REV-006746,ORD-001505,4,,,2022-07-22 02:27:00
REV-006747,ORD-000247,3,Excelente producto,,2021-09-23 22:12:00
REV-006748,ORD-009974,3,OK,OK,2021-10-29 02:32:00
REV-006749,ORD-003232,4,,,2021-03-11 10:18:00
REV-006750,ORD-013291,2,Llego roto,Llego roto,2024-05-14 14:29:00
REV-006751,ORD-008082,2,Mejor de lo esperado,,2021-11-19 08:30:00
REV-006752,ORD-000883,4,Llego roto,Llego roto,2022-02-13 05:52:00
REV-006753,ORD-002759,2,No lo recomiendo,No lo recomiendo,2022-11-09 03:53:00
REV-006754,ORD-003384,1,OK,,2022-06-21 22:27:00
REV-006755,ORD-001206,3,Regular,,2023-03-18 16:28:00
REV-006756,ORD-007423,2,OK,OK,2021-02-23 10:13:00
REV-006757,ORD-012552,2,Recomendado,,2021-11-28 15:46:00
REV-006758,ORD-009764,3,No lo recomiendo,No lo recomiendo,2021-03-28 07:41:00
REV-006759,ORD-003976,5,OK,OK,2021-06-30 16:43:00
REV-006760,ORD-007703,1,Excelente producto,Excelente producto,2021-07-15 10:29:00
REV-006761,ORD-008580,5,Llego roto,Llego roto,2024-04-30 10:39:00
REV-006762,ORD-004139,4,Regular,Regular,2022-06-05 21:06:00
REV-006763,ORD-012676,5,Recomendado,Recomendado,2023-08-17 10:04:00
REV-006764,ORD-010009,1,Buena calidad,,2023-10-08 08:17:00
REV-006765,ORD-013384,3,Malo,Malo,2023-12-16 22:55:00
REV-006766,ORD-001346,1,Mejor de lo esperado,Mejor de lo esperado,2023-06-19 04:54:00
REV-006767,ORD-014166,5,Pesimo,,2022-12-31 19:51:00
REV-006768,ORD-005947,-1,Regular,Regular,2024-04-07 23:24:00
REV-006769,ORD-011020,1,Malo,Malo,2021-03-13 16:33:00
REV-006770,ORD-014843,2,Regular,Regular,2023-03-05 07:28:00
REV-006771,ORD-001168,3,,,2024-05-05 17:57:00
REV-006772,ORD-013502,3,Regular,Regular,2021-11-14 20:57:00
REV-006773,ORD-000548,3,,,2021-11-06 15:17:00
REV-006774,ORD-003989,1,Excelente producto,Excelente producto,2023-01-09 01:24:00
REV-006775,ORD-006695,3,Pesimo,Pesimo,2021-03-06 09:25:00
REV-006776,ORD-000938,4,Muy bueno,Muy bueno,2021-05-08 13:18:00
REV-006777,ORD-006801,5,Recomendado,,2021-09-11 09:40:00
REV-006778,ORD-011695,1,Muy bueno,,2022-05-11 13:42:00
REV-006779,ORD-009397,1,Buena calidad,,2021-06-08 22:21:00
REV-006780,ORD-012723,2,,,2023-06-15 14:40:00
REV-006781,ORD-009039,3,Buena calidad,Buena calidad,2024-01-28 12:19:00
REV-006782,ORD-008763,3,Muy bueno,Muy bueno,2021-11-07 00:36:00
REV-006783,ORD-009285,4,OK,OK,2024-02-09 18:53:00
REV-006784,ORD-008716,3,Cumple expectativas,Cumple expectativas,2021-05-21 05:29:00
REV-006785,ORD-011449,10,No lo recomiendo,No lo recomiendo,2022-01-08 09:44:00
REV-006786,ORD-010447,5,No lo recomiendo,No lo recomiendo,2022-07-02 06:35:00
REV-006787,ORD-001095,2,Buena calidad,,2023-06-06 16:40:00
REV-006788,ORD-012019,5,Excelente producto,,2022-04-01 02:08:00
REV-006789,ORD-009743,1,OK,OK,2021-10-23 02:03:00
REV-006790,ORD-005196,3,Cumple expectativas,Cumple expectativas,2021-10-25 23:57:00
REV-006791,ORD-014533,1,OK,OK,2021-03-29 15:02:00
REV-006792,ORD-002347,1,Recomendado,Recomendado,2021-05-22 04:42:00
REV-006793,ORD-006632,5,Pesimo,Pesimo,2021-12-14 09:54:00
REV-006794,ORD-008109,3,Malo,,2022-09-25 04:03:00
REV-006795,ORD-011688,2,,,2022-01-31 01:56:00
REV-006796,ORD-003299,10,OK,,2023-11-22 09:06:00
REV-006797,ORD-006126,1,Regular,Regular,2022-05-26 22:22:00
REV-006798,ORD-011809,2,Malo,,2024-02-29 03:12:00
REV-006799,ORD-003069,1,Regular,,2022-06-18 04:46:00
REV-006800,ORD-011158,4,Regular,Regular,2023-12-12 15:06:00
REV-006801,ORD-000848,3,,,2024-03-28 16:20:00
REV-006802,ORD-005287,4,Mejor de lo esperado,,2023-09-07 04:55:00
REV-006803,ORD-005702,1,No lo recomiendo,No lo recomiendo,2022-11-25 15:46:00
REV-006804,ORD-011585,3,Pesimo,Pesimo,2021-07-26 21:27:00
REV-006805,ORD-003806,2,Llego roto,,2023-10-17 13:56:00
REV-006806,ORD-012420,-1,Pesimo,Pesimo,2021-09-21 01:40:00
REV-006807,ORD-005074,3,Cumple expectativas,Cumple expectativas,2023-02-21 09:41:00
REV-006808,ORD-004361,3,Pesimo,,2023-04-26 05:04:00
REV-006809,ORD-000197,5,Muy bueno,,2022-09-11 06:01:00
REV-004810,ORD-013013,1,Buena calidad,,2021-02-11 11:19:00
REV-006811,ORD-004661,5,Regular,Regular,2024-01-19 19:11:00
REV-006812,ORD-010035,3,No lo recomiendo,No lo recomiendo,2022-04-18 21:40:00
REV-006813,ORD-005681,5,Malo,Malo,2022-10-12 19:07:00
REV-006814,ORD-000733,4,Muy bueno,Muy bueno,2023-09-09 16:00:00
REV-006815,ORD-013995,2,Malo,,2024-01-22 05:56:00
REV-006816,ORD-004097,1,Buena calidad,Buena calidad,2021-09-14 14:07:00
REV-006817,ORD-010728,1,Mejor de lo esperado,Mejor de lo esperado,2021-03-07 19:12:00
REV-006818,ORD-001027,4,Buena calidad,,2022-09-10 12:33:00
REV-006819,ORD-014678,3,Pesimo,,2023-11-14 19:18:00
REV-006820,ORD-014559,3,Cumple expectativas,,2022-04-16 06:53:00
REV-006821,ORD-008260,3,Malo,Malo,2023-05-21 21:17:00
REV-001069,ORD-006587,1,Recomendado,,2022-06-03 16:14:00
REV-006823,ORD-006949,3,Mejor de lo esperado,Mejor de lo esperado,2024-03-31 09:37:00
REV-006824,ORD-010446,1,Recomendado,,2023-02-28 10:49:00
REV-006825,ORD-013990,,Buena calidad,Buena calidad,2023-05-28 02:55:00
REV-006826,ORD-006057,1,Regular,,2023-05-11 06:23:00
REV-006827,ORD-004067,1,Malo,Malo,2023-01-21 04:30:00
REV-006828,ORD-014881,2,Cumple expectativas,Cumple expectativas,2022-07-16 01:51:00
REV-006829,ORD-008838,3,Cumple expectativas,Cumple expectativas,2022-02-03 11:46:00
REV-006830,ORD-010556,1,No lo recomiendo,No lo recomiendo,2023-01-20 04:41:00
REV-006831,ORD-013806,2,Regular,,2022-08-30 19:14:00
REV-006832,ORD-001220,3,Muy bueno,Muy bueno,2021-08-16 21:08:00
REV-006833,ORD-009893,5,Mejor de lo esperado,Mejor de lo esperado,2023-03-12 02:46:00
REV-006834,ORD-008999,1,Muy bueno,Muy bueno,2021-07-01 23:51:00
REV-006835,ORD-010106,1,Recomendado,,2022-07-24 20:59:00
REV-006836,ORD-000121,4,Buena calidad,,2023-09-12 02:49:00
REV-006837,ORD-008003,3,Cumple expectativas,Cumple expectativas,2022-09-20 23:51:00
REV-006838,ORD-011867,3,,,2023-01-17 03:11:00
REV-006839,ORD-009955,1,,,2022-05-23 06:05:00
REV-006840,ORD-005693,3,Buena calidad,,2022-08-03 19:39:00
REV-006841,ORD-012874,2,Cumple expectativas,,2021-05-01 17:03:00
REV-006842,ORD-002886,,Recomendado,Recomendado,2023-09-02 16:21:00
REV-006843,ORD-003443,2,Muy bueno,,2023-09-14 22:45:00
REV-006844,ORD-010462,5,Llego roto,Llego roto,2022-05-17 09:18:00
REV-006845,ORD-008708,5,Llego roto,,2023-05-06 00:26:00
REV-002551,ORD-008158,1,,,2021-12-05 01:32:00
REV-006847,ORD-006419,4,Llego roto,,2024-03-28 21:53:00
REV-006848,ORD-013156,2,Cumple expectativas,Cumple expectativas,2023-04-08 13:39:00
REV-006849,ORD-014561,1,Excelente producto,,2022-02-13 17:00:00
REV-006850,ORD-007505,3,Mejor de lo esperado,Mejor de lo esperado,2024-03-04 01:05:00
REV-006851,ORD-002545,2,Regular,Regular,2021-09-15 09:23:00
REV-006852,ORD-010202,2,OK,OK,2023-05-08 20:14:00
REV-006853,ORD-007223,2,OK,,2021-10-01 19:46:00
REV-006854,ORD-006805,4,Pesimo,Pesimo,2022-05-02 23:03:00
REV-006855,ORD-009164,3,,,2021-05-21 23:14:00
REV-006856,ORD-006100,3,Excelente producto,,2023-08-29 14:23:00
REV-005660,ORD-006596,2,,,2023-05-27 16:29:00
REV-006858,ORD-006980,3,OK,OK,2021-03-12 09:15:00
REV-006859,ORD-004565,1,Buena calidad,,2021-02-06 18:09:00
REV-006860,ORD-001292,3,Buena calidad,,2022-02-24 22:06:00
REV-006861,ORD-010574,3,Regular,Regular,2021-08-24 09:18:00
REV-006862,ORD-000652,4,Pesimo,,2023-09-13 13:14:00
REV-006863,ORD-012674,3,Muy bueno,Muy bueno,2023-06-08 00:09:00
REV-006864,ORD-011649,2,No lo recomiendo,,2023-04-07 16:32:00
REV-006865,ORD-014267,3,Llego roto,,2022-04-03 04:37:00
REV-006866,ORD-006276,1,No lo recomiendo,,2021-08-14 22:46:00
REV-006327,ORD-004679,5,Cumple expectativas,,2023-01-10 21:36:00
REV-006868,ORD-003669,4,No lo recomiendo,No lo recomiendo,2022-09-25 21:04:00
REV-006869,ORD-014597,5,Recomendado,Recomendado,2021-08-30 18:19:00
REV-006870,ORD-005047,4,Buena calidad,Buena calidad,2024-02-17 10:26:00
REV-006871,ORD-000155,3,Cumple expectativas,,2021-04-16 22:29:00
REV-006872,ORD-007675,4,Buena calidad,Buena calidad,2023-12-09 05:34:00
REV-006873,ORD-014142,5,Mejor de lo esperado,Mejor de lo esperado,2022-12-08 22:04:00
REV-006874,ORD-003853,2,Recomendado,Recomendado,2022-07-15 16:46:00
REV-006875,ORD-002767,1,Llego roto,,2022-02-19 01:11:00
REV-006876,ORD-003518,1,Llego roto,Llego roto,2021-03-19 18:27:00
REV-006877,ORD-012392,5,Muy bueno,Muy bueno,2024-01-10 08:22:00
REV-006878,ORD-004395,1,Recomendado,,2024-04-21 07:13:00
REV-006879,ORD-014741,1,Malo,,2022-10-07 15:54:00
REV-006880,ORD-002421,5,Muy bueno,Muy bueno,2023-07-15 09:27:00
REV-006881,ORD-006585,4,Muy bueno,Muy bueno,2021-06-13 21:18:00
REV-006882,ORD-007214,4,OK,OK,2022-01-20 06:18:00
REV-006883,ORD-003636,2,Buena calidad,Buena calidad,2023-03-02 10:12:00
REV-006884,ORD-008780,3,Mejor de lo esperado,Mejor de lo esperado,2021-02-03 22:42:00
REV-006885,ORD-009683,4,No lo recomiendo,,2023-07-26 01:40:00
REV-006886,ORD-007177,4,Llego roto,Llego roto,2024-06-27 22:07:00
REV-006887,ORD-003488,2,Mejor de lo esperado,Mejor de lo esperado,2022-12-02 19:21:00
REV-006888,ORD-001428,5,Llego roto,,2021-04-19 20:36:00
REV-006889,ORD-001926,1,No lo recomiendo,No lo recomiendo,2022-02-16 07:49:00
REV-006890,ORD-007178,5,Pesimo,,2023-02-23 04:37:00
REV-006891,ORD-008458,1,,,2023-12-17 15:08:00
REV-006892,ORD-004197,3,Muy bueno,,2022-04-02 02:33:00
REV-006893,ORD-000755,,Recomendado,,2022-07-22 14:36:00
REV-006894,ORD-010540,3,No lo recomiendo,,2021-04-22 15:39:00
REV-006895,ORD-008790,2,OK,,2022-07-16 14:26:00
REV-006896,ORD-004216,4,OK,OK,2023-08-04 04:41:00
REV-006897,ORD-006822,3,Regular,,2022-07-27 08:11:00
REV-006898,ORD-006504,2,Llego roto,,2023-02-03 22:41:00
REV-006899,ORD-011667,1,Excelente producto,Excelente producto,2023-10-08 14:09:00
REV-006900,ORD-006273,4,Cumple expectativas,Cumple expectativas,2021-08-18 14:41:00
REV-006901,ORD-011125,3,Cumple expectativas,Cumple expectativas,2021-08-09 15:18:00
REV-006902,ORD-001344,2,Mejor de lo esperado,Mejor de lo esperado,2023-08-10 06:27:00
REV-006903,ORD-009890,2,Malo,Malo,2022-05-25 18:10:00
REV-006904,ORD-006176,3,Cumple expectativas,Cumple expectativas,2021-04-06 03:37:00
REV-006905,ORD-004615,2,OK,OK,2022-10-22 16:06:00
REV-006906,ORD-003254,2,OK,,2021-03-06 10:50:00
REV-006907,ORD-013249,1,Llego roto,Llego roto,2024-02-11 22:50:00
REV-006908,ORD-005666,4,No lo recomiendo,,2023-07-18 13:30:00
REV-006909,ORD-001713,2,,,2021-05-18 17:48:00
REV-006910,ORD-001235,5,No lo recomiendo,,2021-07-29 22:05:00
REV-006911,ORD-010130,5,Pesimo,Pesimo,2023-12-08 09:36:00
REV-006912,ORD-003988,1,Malo,Malo,2024-06-11 09:47:00
REV-006913,ORD-007866,4,,,2022-08-02 08:01:00
REV-006914,ORD-010427,1,No lo recomiendo,No lo recomiendo,2022-06-24 06:14:00
REV-006915,ORD-007137,5,,,2022-12-02 20:06:00
REV-006916,ORD-007155,2,Recomendado,,2022-05-01 15:17:00
REV-006917,ORD-005696,3,Excelente producto,Excelente producto,2022-09-20 23:22:00
REV-006918,ORD-001058,4,Regular,,2023-01-14 07:01:00
REV-006919,ORD-004665,5,Excelente producto,Excelente producto,2021-07-04 21:51:00
REV-006920,ORD-005751,2,OK,OK,2022-08-09 19:14:00
REV-006921,ORD-000649,5,Malo,,2022-03-24 00:45:00
REV-006922,ORD-013747,2,No lo recomiendo,No lo recomiendo,2021-05-16 23:13:00
REV-006923,ORD-010723,3,Pesimo,Pesimo,2024-05-17 19:35:00
REV-006924,ORD-003804,3,Buena calidad,Buena calidad,2023-10-31 11:50:00
REV-006925,ORD-010407,4,Cumple expectativas,,2021-04-27 01:13:00
REV-006926,ORD-003001,1,Mejor de lo esperado,,2021-09-28 05:04:00
REV-006927,ORD-011949,3,Regular,,2022-05-12 13:59:00
REV-006928,ORD-012938,3,Mejor de lo esperado,Mejor de lo esperado,2022-06-05 22:44:00
REV-006929,ORD-014544,1,Regular,,2021-10-31 19:25:00
REV-006930,ORD-002311,1,Llego roto,Llego roto,2021-12-13 23:25:00
REV-006931,ORD-008966,4,Regular,Regular,2023-01-01 21:28:00
REV-006932,ORD-012892,3,Mejor de lo esperado,Mejor de lo esperado,2022-11-07 03:46:00
REV-006933,ORD-013883,3,Recomendado,Recomendado,2024-02-12 14:02:00
REV-006934,ORD-006160,1,OK,OK,2022-02-24 03:43:00
REV-006935,ORD-001660,5,Excelente producto,Excelente producto,2023-04-27 05:23:00
REV-006936,ORD-002929,3,Malo,Malo,2022-07-03 18:33:00
REV-006937,ORD-010473,3,Llego roto,Llego roto,2023-05-02 05:47:00
REV-006938,ORD-013606,2,Muy bueno,Muy bueno,2022-03-09 14:04:00
REV-006939,ORD-013380,3,Mejor de lo esperado,Mejor de lo esperado,2021-07-13 03:09:00
REV-006940,ORD-012128,3,Buena calidad,Buena calidad,2024-01-20 08:47:00
REV-006941,ORD-008726,5,Regular,Regular,2023-11-26 03:22:00
REV-006942,ORD-006159,4,OK,OK,2023-02-12 09:23:00
REV-006943,ORD-005841,1,Cumple expectativas,Cumple expectativas,2023-10-13 16:45:00
REV-006944,ORD-009621,1,Muy bueno,Muy bueno,2024-02-19 17:15:00
REV-006945,ORD-005244,3,Pesimo,,2022-03-30 18:47:00
REV-006946,ORD-000698,2,Mejor de lo esperado,,2023-04-16 07:59:00
REV-006947,ORD-013133,1,Malo,Malo,2024-02-23 13:58:00
REV-006948,ORD-000352,1,Muy bueno,,2023-03-13 04:53:00
REV-006949,ORD-000271,4,Mejor de lo esperado,Mejor de lo esperado,2021-12-22 15:36:00
REV-006950,ORD-000260,3,Llego roto,,2023-03-16 08:01:00
REV-006951,ORD-004539,3,Excelente producto,,2023-11-03 20:56:00
REV-006952,ORD-013024,1,Muy bueno,,2021-07-16 09:27:00
REV-006953,ORD-001943,,OK,,2021-10-21 04:47:00
REV-006954,ORD-001066,5,Muy bueno,,2023-03-26 21:10:00
REV-006955,ORD-010211,5,Recomendado,Recomendado,2022-09-28 01:12:00
REV-006956,ORD-014269,5,Pesimo,Pesimo,2022-10-03 22:44:00
REV-006957,ORD-003065,1,Mejor de lo esperado,,2022-03-05 21:32:00
REV-006958,ORD-008952,5,Muy bueno,Muy bueno,2024-02-27 13:40:00
REV-006959,ORD-001121,3,Excelente producto,Excelente producto,2021-02-02 04:18:00
REV-006960,ORD-012918,-1,Excelente producto,Excelente producto,2021-07-29 08:46:00
REV-006961,ORD-902139,5,Mejor de lo esperado,Mejor de lo esperado,2023-01-26 18:03:00
REV-006962,ORD-004818,5,OK,OK,2024-05-12 10:28:00
REV-006963,ORD-974906,3,Mejor de lo esperado,,2022-05-03 22:05:00
REV-006964,ORD-011574,2,Regular,Regular,2022-12-15 10:13:00
REV-006965,ORD-013334,1,Malo,Malo,2022-04-10 05:09:00
REV-006966,ORD-011371,5,Buena calidad,,2023-09-04 10:18:00
REV-006967,ORD-012280,5,,,2023-10-11 19:25:00
REV-006968,ORD-014313,5,Cumple expectativas,Cumple expectativas,2021-12-31 09:55:00
REV-006969,ORD-009798,2,No lo recomiendo,No lo recomiendo,2021-07-30 09:47:00
REV-006970,ORD-003216,1,Malo,,2023-02-24 14:17:00
REV-006971,ORD-011563,2,Excelente producto,Excelente producto,2021-02-09 08:19:00
REV-006972,ORD-008402,5,Pesimo,,2021-11-26 14:58:00
REV-006973,ORD-011751,3,Mejor de lo esperado,,2021-06-03 01:44:00
REV-006974,ORD-009926,4,,,2023-03-30 18:11:00
REV-006975,ORD-003717,2,Regular,Regular,2022-01-09 00:17:00
REV-006976,ORD-011288,5,Pesimo,,2023-06-26 03:38:00
REV-006977,ORD-004707,3,Excelente producto,,2023-09-08 20:43:00
REV-006978,ORD-002395,1,OK,OK,2023-08-04 11:12:00
REV-006979,ORD-004665,4,Llego roto,,2023-09-27 13:46:00
REV-006980,ORD-009028,2,Cumple expectativas,,2024-03-22 08:04:00
REV-006981,ORD-014919,4,Llego roto,Llego roto,2021-04-19 10:06:00
REV-006982,ORD-003583,4,OK,,2021-04-22 17:56:00
REV-006983,ORD-006672,4,Muy bueno,Muy bueno,2022-07-28 11:24:00
REV-006984,ORD-001161,2,Regular,Regular,2021-06-23 01:41:00
REV-006985,ORD-012015,5,Cumple expectativas,Cumple expectativas,2023-10-20 01:43:00
REV-006986,ORD-012771,1,No lo recomiendo,,2021-10-18 09:34:00
REV-006987,ORD-014845,5,Excelente producto,,2022-08-07 03:41:00
REV-006988,ORD-014500,4,OK,,2022-07-03 04:57:00
REV-006989,ORD-000343,3,Regular,,2023-04-30 07:07:00
REV-006990,ORD-005113,5,Muy bueno,,2022-11-19 00:43:00
REV-006991,ORD-007900,5,Excelente producto,Excelente producto,2021-11-01 00:08:00
REV-006992,ORD-007281,4,Recomendado,,2023-06-22 06:31:00
REV-006993,ORD-006818,1,Malo,Malo,2023-04-10 17:16:00
REV-006994,ORD-010501,4,Cumple expectativas,Cumple expectativas,2022-05-16 15:15:00
REV-006995,ORD-011667,2,,,2023-11-07 07:12:00
REV-006996,ORD-010019,3,Mejor de lo esperado,Mejor de lo esperado,2024-06-24 17:28:00
REV-006997,ORD-012944,1,Excelente producto,,2022-10-24 13:11:00
REV-006998,ORD-010167,2,Pesimo,,2022-03-28 09:21:00
REV-006999,ORD-010358,2,Pesimo,Pesimo,2024-05-31 12:02:00
REV-007000,ORD-007160,-1,Muy bueno,,2023-11-18 20:24:00
REV-007001,ORD-001535,2,Mejor de lo esperado,Mejor de lo esperado,2021-09-25 18:56:00
REV-007002,ORD-012178,4,Pesimo,Pesimo,2021-07-04 18:23:00
REV-007003,ORD-010931,4,Llego roto,Llego roto,2023-05-28 08:29:00
REV-007004,ORD-002763,2,Malo,,2023-04-11 23:24:00
REV-007005,ORD-014894,1,Muy bueno,,2021-11-23 15:47:00
REV-007006,ORD-014795,2,Excelente producto,Excelente producto,2022-07-29 15:20:00
REV-007007,ORD-008210,1,OK,,2023-07-31 03:34:00
REV-007008,ORD-014637,4,,,2022-04-02 11:12:00
REV-007009,ORD-009210,4,Excelente producto,Excelente producto,2023-03-23 06:10:00
REV-007010,ORD-003875,5,Recomendado,Recomendado,2024-06-04 03:31:00
REV-007011,ORD-012452,5,No lo recomiendo,No lo recomiendo,2022-05-09 09:08:00
REV-007012,ORD-000439,5,Buena calidad,Buena calidad,2021-04-04 12:21:00
REV-007013,ORD-004620,1,OK,OK,2021-06-06 17:29:00
REV-007014,ORD-007101,2,Llego roto,Llego roto,2023-05-24 16:42:00
REV-007015,ORD-012766,3,Pesimo,Pesimo,2023-01-01 23:17:00
REV-007016,ORD-013726,3,Llego roto,Llego roto,2024-06-07 23:33:00
REV-007017,ORD-000135,2,Regular,Regular,2021-10-27 00:27:00
REV-007018,ORD-011603,3,Pesimo,,2022-12-09 04:04:00
REV-007019,ORD-010433,4,Llego roto,Llego roto,2024-01-07 17:52:00
REV-007020,ORD-013769,1,Pesimo,,2021-02-22 13:53:00
REV-007021,ORD-917018,1,Llego roto,Llego roto,2023-11-24 19:36:00
REV-007022,ORD-004582,2,Cumple expectativas,Cumple expectativas,2021-02-15 15:37:00
REV-007023,ORD-014191,2,Pesimo,,2023-04-15 20:35:00
REV-007024,ORD-012713,3,No lo recomiendo,No lo recomiendo,2021-07-12 23:52:00
REV-007025,ORD-013194,1,Malo,Malo,2022-02-13 15:38:00
REV-007026,ORD-010361,5,Llego roto,Llego roto,2022-11-20 05:41:00
REV-007027,ORD-007698,3,OK,,2023-03-04 12:45:00
REV-007028,ORD-004645,3,Regular,,2022-03-28 07:05:00
REV-007029,ORD-004596,3,Excelente producto,Excelente producto,2024-02-23 10:34:00
REV-007030,ORD-012798,5,Buena calidad,Buena calidad,2023-08-31 20:26:00
REV-007031,ORD-006055,4,Mejor de lo esperado,Mejor de lo esperado,2023-04-23 03:35:00
REV-007032,ORD-011216,1,Malo,Malo,2023-06-02 12:00:00
REV-007033,ORD-010218,4,Mejor de lo esperado,,2021-05-18 20:24:00
REV-007034,ORD-010907,3,Pesimo,Pesimo,2024-05-05 07:58:00
REV-007035,ORD-002047,5,Recomendado,Recomendado,2021-05-26 13:55:00
REV-007036,ORD-007253,3,Regular,,2024-01-09 17:52:00
REV-007037,ORD-014453,0,Cumple expectativas,,2024-01-10 03:33:00
REV-007038,ORD-001834,3,Regular,Regular,2024-06-28 06:08:00
REV-007039,ORD-014615,4,Regular,Regular,2022-09-17 22:46:00
REV-007040,ORD-006472,1,,,2023-06-08 12:39:00
REV-007041,ORD-012977,4,Excelente producto,,2022-05-12 05:25:00
REV-007042,ORD-010982,5,Recomendado,,2021-04-20 02:56:00
REV-007043,ORD-006118,1,Mejor de lo esperado,,2022-01-12 12:02:00
REV-007044,ORD-012923,2,Malo,Malo,2024-06-26 00:39:00
REV-007045,ORD-008987,1,Excelente producto,Excelente producto,2023-04-11 09:13:00
REV-007046,ORD-003353,1,Cumple expectativas,,2021-12-24 04:56:00
REV-007047,ORD-000557,4,Regular,Regular,2023-04-21 14:10:00
REV-007048,ORD-012775,4,Llego roto,Llego roto,2021-10-02 10:11:00
REV-007049,ORD-008547,3,,,2023-09-25 11:04:00
REV-007050,ORD-007208,2,OK,,2023-03-13 20:10:00
REV-007051,ORD-006782,1,Regular,Regular,2021-05-16 19:22:00
REV-007052,ORD-013129,1,OK,OK,2024-05-28 18:18:00
REV-007053,ORD-014661,2,Llego roto,Llego roto,2022-01-11 20:23:00
REV-007054,ORD-008961,3,Excelente producto,,2021-03-17 04:48:00
REV-007055,ORD-003186,4,Cumple expectativas,,2023-05-03 12:41:00
REV-007056,ORD-000002,2,Llego roto,,2024-06-25 19:26:00
REV-007057,ORD-003478,5,Cumple expectativas,Cumple expectativas,2021-12-02 08:05:00
REV-007058,ORD-006264,3,Pesimo,Pesimo,2021-10-27 04:22:00
REV-007059,ORD-003476,4,Muy bueno,,2021-03-10 19:10:00
REV-007060,ORD-003084,4,Pesimo,,2022-11-15 20:32:00
REV-007061,ORD-011170,2,Pesimo,Pesimo,2021-10-02 18:08:00
REV-007062,ORD-010834,5,Recomendado,Recomendado,2023-02-15 23:56:00
REV-007063,ORD-010267,1,OK,OK,2023-01-20 14:25:00
REV-007064,ORD-008702,3,Cumple expectativas,Cumple expectativas,2021-08-16 00:00:00
REV-007065,ORD-006337,3,Regular,Regular,2022-07-06 15:39:00
REV-007066,ORD-004859,1,Regular,Regular,2021-12-09 08:04:00
REV-007067,ORD-003757,3,Malo,Malo,2022-04-17 00:42:00
REV-007068,ORD-004906,2,Recomendado,Recomendado,2023-10-31 16:57:00
REV-007069,ORD-008899,4,Recomendado,Recomendado,2022-12-23 12:37:00
REV-007070,ORD-002193,1,Pesimo,Pesimo,2022-07-11 14:17:00
REV-007071,ORD-001119,1,Pesimo,Pesimo,2022-09-27 18:57:00
REV-007072,ORD-001800,5,Pesimo,Pesimo,2022-08-12 23:15:00
REV-007073,ORD-008289,3,Cumple expectativas,Cumple expectativas,2023-11-15 13:20:00
REV-007074,ORD-009809,5,Buena calidad,,2022-02-20 09:40:00
REV-007075,ORD-008696,2,Regular,,2024-03-11 01:21:00
REV-007076,ORD-007099,2,Pesimo,Pesimo,2024-06-08 08:34:00
REV-007077,ORD-005747,5,Llego roto,Llego roto,2021-02-19 22:10:00
REV-007078,ORD-009204,5,Llego roto,Llego roto,2021-03-25 21:18:00
REV-007079,ORD-008571,2,Malo,Malo,2021-02-03 11:59:00
REV-007080,ORD-001424,4,Recomendado,,2023-10-16 11:31:00
REV-007081,ORD-004656,2,,,2024-03-28 13:10:00
REV-007082,ORD-008643,3,OK,OK,2023-08-10 17:42:00
REV-007083,ORD-003879,2,Llego roto,,2022-06-08 16:24:00
REV-007084,ORD-014120,4,Mejor de lo esperado,Mejor de lo esperado,2021-03-14 03:07:00
REV-007085,ORD-006266,4,Excelente producto,Excelente producto,2021-04-10 10:12:00
REV-007086,ORD-013590,2,Mejor de lo esperado,,2023-02-02 22:01:00
REV-007087,ORD-007121,3,Pesimo,Pesimo,2021-07-06 23:29:00
REV-007088,ORD-006247,10,Buena calidad,,2022-01-20 15:05:00
REV-007089,ORD-000936,5,Mejor de lo esperado,Mejor de lo esperado,2021-07-07 02:15:00
REV-007090,ORD-014571,5,Muy bueno,Muy bueno,2023-08-01 01:14:00
REV-007091,ORD-009406,1,Regular,Regular,2023-05-07 21:04:00
REV-007092,ORD-010206,5,Buena calidad,Buena calidad,2023-12-09 23:49:00
REV-007093,ORD-012863,1,Regular,Regular,2021-10-14 12:16:00
REV-007094,ORD-014749,2,Recomendado,,2023-03-06 22:17:00
REV-007095,ORD-001102,2,Mejor de lo esperado,Mejor de lo esperado,2021-08-26 18:37:00
REV-007096,ORD-002407,1,Cumple expectativas,Cumple expectativas,2021-10-08 01:57:00
REV-007097,ORD-001355,2,Excelente producto,,2021-02-03 14:41:00
REV-007098,ORD-003467,4,Llego roto,Llego roto,2023-08-28 03:02:00
REV-007099,ORD-009945,2,OK,OK,2021-03-14 11:58:00
REV-007100,ORD-002695,5,Buena calidad,Buena calidad,2022-01-16 19:15:00
REV-007101,ORD-007933,4,Recomendado,Recomendado,2022-06-26 19:11:00
REV-007102,ORD-002250,4,Llego roto,,2021-03-14 22:30:00
REV-007103,ORD-011768,4,Recomendado,,2021-08-14 22:05:00
REV-007104,ORD-003224,5,,,2022-06-21 23:47:00
REV-007105,ORD-011675,2,,,2021-11-15 22:42:00
REV-007106,ORD-011577,3,Cumple expectativas,,2023-06-27 18:20:00
REV-007107,ORD-007514,4,Excelente producto,Excelente producto,2021-05-28 03:01:00
REV-007108,ORD-009145,4,OK,OK,2023-03-12 07:31:00
REV-007109,ORD-007101,2,OK,,2022-05-29 17:48:00
REV-007110,ORD-002458,4,Malo,Malo,2021-05-11 18:01:00
REV-007111,ORD-001098,4,Malo,,2021-04-26 17:41:00
REV-007112,ORD-014303,2,Mejor de lo esperado,Mejor de lo esperado,2021-04-09 22:35:00
REV-007113,ORD-008163,5,Excelente producto,,2022-02-02 16:06:00
REV-007114,ORD-009078,4,Cumple expectativas,Cumple expectativas,2021-07-31 08:23:00
REV-007115,ORD-001565,2,Pesimo,Pesimo,2023-02-27 18:23:00
REV-007116,ORD-012808,1,Cumple expectativas,Cumple expectativas,2021-12-04 17:05:00
REV-007117,ORD-012541,3,Pesimo,Pesimo,2022-03-07 05:25:00
REV-007118,ORD-008557,1,,,2023-02-11 16:59:00
REV-007119,ORD-000786,4,Recomendado,,2024-04-30 21:33:00
REV-007120,ORD-006914,2,Muy bueno,Muy bueno,2022-05-17 10:33:00
REV-007121,ORD-009689,3,Muy bueno,,2022-05-24 10:57:00
REV-007122,ORD-955337,1,Malo,Malo,2023-04-20 10:20:00
REV-007123,ORD-014114,1,Regular,Regular,2022-07-19 00:00:00
REV-007124,ORD-003531,5,No lo recomiendo,No lo recomiendo,2022-01-24 02:25:00
REV-007125,ORD-000399,4,Buena calidad,Buena calidad,2023-05-11 14:19:00
REV-007126,ORD-005519,1,Buena calidad,Buena calidad,2022-01-21 03:20:00
REV-007127,ORD-006242,5,OK,OK,2021-05-04 20:58:00
REV-007128,ORD-000469,2,No lo recomiendo,,2021-05-24 16:42:00
REV-007129,ORD-009541,1,Mejor de lo esperado,Mejor de lo esperado,2023-06-11 22:57:00
REV-007130,ORD-005189,1,Pesimo,,2022-03-26 06:57:00
REV-007131,ORD-012713,4,Buena calidad,Buena calidad,2021-12-17 13:49:00
REV-007132,ORD-009715,1,No lo recomiendo,,2021-05-07 13:26:00
REV-007133,ORD-002775,5,Excelente producto,Excelente producto,2022-07-21 11:13:00
REV-007134,ORD-003922,4,Malo,,2022-07-06 09:34:00
REV-007135,ORD-005366,3,Buena calidad,,2023-01-07 09:22:00
REV-007136,ORD-007079,4,,,2021-07-29 09:27:00
REV-007137,ORD-013809,3,Recomendado,Recomendado,2023-09-30 13:05:00
REV-007138,ORD-005757,1,,,2023-09-23 18:03:00
REV-007139,ORD-000944,3,Mejor de lo esperado,Mejor de lo esperado,2022-02-17 03:00:00
REV-007140,ORD-004550,2,Pesimo,Pesimo,2023-08-10 16:25:00
REV-007141,ORD-007705,5,Regular,Regular,2022-09-12 12:17:00
REV-007142,ORD-003329,2,Cumple expectativas,Cumple expectativas,2024-03-13 06:38:00
REV-007143,ORD-950991,5,Pesimo,,2023-10-26 20:31:00
REV-007144,ORD-008203,3,Malo,Malo,2022-03-25 01:29:00
REV-007145,ORD-007658,1,Cumple expectativas,,2021-02-03 18:02:00
REV-007146,ORD-002473,2,Regular,Regular,2023-07-18 20:24:00
REV-007147,ORD-007481,4,Cumple expectativas,Cumple expectativas,2022-05-04 16:25:00
REV-007148,ORD-014851,5,Llego roto,Llego roto,2021-05-21 01:25:00
REV-007149,ORD-001994,1,Regular,Regular,2022-09-16 15:01:00
REV-007150,ORD-000790,5,Cumple expectativas,Cumple expectativas,2023-07-24 19:12:00
REV-007151,ORD-014489,5,Muy bueno,,2022-01-22 23:50:00
REV-007152,ORD-005355,4,,,2023-06-14 03:01:00
REV-002770,ORD-013997,5,Regular,,2023-04-07 07:59:00
REV-007154,ORD-013982,5,OK,OK,2023-03-28 22:35:00
REV-007155,ORD-004912,3,Llego roto,,2022-11-29 11:19:00
REV-007156,ORD-001243,2,OK,OK,2021-11-05 08:31:00
REV-007157,ORD-001848,1,Excelente producto,,2024-04-01 10:50:00
REV-007158,ORD-003740,3,Muy bueno,Muy bueno,2021-04-07 03:13:00
REV-007159,ORD-000259,3,Excelente producto,Excelente producto,2022-05-05 14:56:00
REV-007160,ORD-010278,2,No lo recomiendo,No lo recomiendo,2023-05-21 15:37:00
REV-007161,ORD-013581,5,Cumple expectativas,,2023-07-19 20:40:00
REV-007162,ORD-012351,1,Malo,Malo,2024-03-06 14:50:00
REV-007163,ORD-005139,2,Llego roto,,2022-02-08 01:35:00
REV-007164,ORD-012095,2,Llego roto,,2022-06-22 03:15:00
REV-007165,ORD-987406,3,,,2022-02-11 03:08:00
REV-007166,ORD-008447,4,OK,,2022-07-13 21:05:00
REV-007167,ORD-003355,5,Buena calidad,Buena calidad,2023-01-03 13:40:00
REV-007168,ORD-009100,1,OK,,2021-08-30 04:55:00
REV-007169,ORD-010951,3,Buena calidad,,2022-04-11 01:22:00
REV-007170,ORD-007692,5,Cumple expectativas,,2022-11-28 22:13:00
REV-007171,ORD-000336,3,No lo recomiendo,No lo recomiendo,2022-01-14 19:36:00
REV-007172,ORD-010213,4,,,2022-11-04 03:16:00
REV-007173,ORD-005461,4,Excelente producto,,2023-10-15 08:12:00
REV-007174,ORD-000621,4,Recomendado,Recomendado,2022-07-13 02:41:00
REV-007175,ORD-002530,4,Regular,Regular,2021-09-03 07:08:00
REV-007176,ORD-003948,1,Cumple expectativas,Cumple expectativas,2022-05-10 07:52:00
REV-007177,ORD-002074,5,Recomendado,Recomendado,2023-01-15 04:05:00
REV-007178,ORD-004051,4,Muy bueno,,2022-12-08 09:47:00
REV-007179,ORD-009908,1,Excelente producto,Excelente producto,2022-10-03 13:17:00
REV-007180,ORD-013390,2,Malo,,2021-06-15 12:21:00
REV-007181,ORD-006615,4,Mejor de lo esperado,Mejor de lo esperado,2022-08-27 16:26:00
REV-007182,ORD-011552,2,Regular,,2021-11-15 08:15:00
REV-007183,ORD-000450,4,,,2022-06-01 19:16:00
REV-007184,ORD-005299,4,Mejor de lo esperado,,2023-10-13 01:40:00
REV-007185,ORD-014877,5,Malo,Malo,2023-07-29 23:55:00
REV-007186,ORD-003075,5,Muy bueno,Muy bueno,2021-03-08 15:13:00
REV-004872,ORD-012889,4,Excelente producto,,2022-09-13 21:19:00
REV-007188,ORD-010003,-1,Pesimo,,2022-06-03 01:02:00
REV-007189,ORD-009305,1,,,2023-12-01 10:42:00
REV-007190,ORD-006607,1,Recomendado,Recomendado,2024-02-01 22:45:00
REV-007191,ORD-006436,5,,,2022-01-05 07:34:00
REV-007192,ORD-972581,2,Llego roto,Llego roto,2021-08-01 12:08:00
REV-007193,ORD-003534,3,Excelente producto,Excelente producto,2022-07-13 10:16:00
REV-007194,ORD-005891,-1,,,2023-01-31 14:44:00
REV-007195,ORD-001947,1,Buena calidad,Buena calidad,2023-01-13 06:57:00
REV-007196,ORD-005504,1,,,2023-05-06 17:25:00
REV-007197,ORD-013468,2,Regular,Regular,2022-12-26 07:27:00
REV-007198,ORD-009995,2,Llego roto,,2022-02-12 20:57:00
REV-007199,ORD-010435,2,Malo,,2021-05-24 02:18:00
REV-007200,ORD-009522,3,,,2021-07-02 13:19:00
REV-007201,ORD-008728,3,Buena calidad,Buena calidad,2021-10-29 19:37:00
REV-007202,ORD-006884,3,Excelente producto,Excelente producto,2022-07-05 16:46:00
REV-007203,ORD-006812,5,Recomendado,Recomendado,2023-06-24 00:00:00
REV-007204,ORD-007186,3,Llego roto,Llego roto,2024-04-23 19:46:00
REV-007205,ORD-012947,3,Excelente producto,,2023-11-07 23:35:00
REV-007206,ORD-008316,2,Mejor de lo esperado,Mejor de lo esperado,2024-02-25 18:40:00
REV-007207,ORD-007541,4,Buena calidad,Buena calidad,2023-03-30 09:18:00
REV-007208,ORD-003441,4,Llego roto,Llego roto,2022-07-27 19:08:00
REV-007209,ORD-009200,1,Mejor de lo esperado,,2022-06-09 14:51:00
REV-007210,ORD-007489,4,Muy bueno,Muy bueno,2022-12-25 01:56:00
REV-007211,ORD-010761,4,Malo,Malo,2021-10-27 07:27:00
REV-007212,ORD-011663,5,Muy bueno,Muy bueno,2022-10-30 20:02:00
REV-007213,ORD-010945,2,,,2022-08-02 00:07:00
REV-007214,ORD-013298,3,No lo recomiendo,No lo recomiendo,2023-12-25 06:43:00
REV-007215,ORD-010181,3,OK,,2021-11-14 10:03:00
REV-007216,ORD-006718,4,Excelente producto,,2021-03-28 06:49:00
REV-007217,ORD-005179,4,OK,,2022-10-02 03:15:00
REV-007218,ORD-009175,5,Excelente producto,Excelente producto,2021-02-18 19:52:00
REV-007219,ORD-004997,5,Muy bueno,Muy bueno,2022-03-16 05:54:00
REV-007220,ORD-003305,5,Cumple expectativas,Cumple expectativas,2023-11-05 10:49:00
REV-007221,ORD-012176,3,Cumple expectativas,,2023-03-18 04:48:00
REV-007222,ORD-014467,1,Buena calidad,Buena calidad,2021-05-30 09:44:00
REV-007223,ORD-002126,1,Pesimo,Pesimo,2021-08-20 10:36:00
REV-007224,ORD-009621,3,Excelente producto,Excelente producto,2023-03-26 02:12:00
REV-007225,ORD-007959,2,Buena calidad,Buena calidad,2024-01-18 14:00:00
REV-007226,ORD-004001,5,Llego roto,Llego roto,2023-03-21 00:32:00
REV-007227,ORD-013746,2,Buena calidad,Buena calidad,2023-11-22 02:12:00
REV-007228,ORD-008105,2,Mejor de lo esperado,,2023-11-06 16:41:00
REV-007229,ORD-011416,1,Cumple expectativas,Cumple expectativas,2022-07-05 03:35:00
REV-007230,ORD-009120,4,Malo,Malo,2023-07-18 03:27:00
REV-007231,ORD-008806,4,Regular,,2021-04-04 11:33:00
REV-007232,ORD-009056,3,Buena calidad,,2023-07-31 07:10:00
REV-007233,ORD-009576,4,Muy bueno,,2023-04-17 07:09:00
REV-007234,ORD-001830,2,Regular,,2024-05-16 23:54:00
REV-007235,ORD-012914,1,,,2021-10-27 04:58:00
REV-007236,ORD-012385,5,Cumple expectativas,Cumple expectativas,2024-02-02 05:07:00
REV-007237,ORD-004975,4,Muy bueno,Muy bueno,2021-02-24 18:43:00
REV-007238,ORD-014547,1,No lo recomiendo,No lo recomiendo,2022-07-10 03:33:00
REV-007239,ORD-008988,5,Muy bueno,Muy bueno,2022-12-14 05:32:00
REV-007240,ORD-006779,1,,,2024-04-28 12:42:00
REV-007241,ORD-013682,4,Cumple expectativas,,2021-03-31 19:17:00
REV-007242,ORD-009028,4,Llego roto,,2022-12-18 21:08:00
REV-007243,ORD-013525,1,Cumple expectativas,,2022-12-07 16:35:00
REV-007244,ORD-005662,2,Muy bueno,Muy bueno,2021-10-06 07:00:00
REV-007245,ORD-002621,5,Pesimo,Pesimo,2023-02-03 00:47:00
REV-007246,ORD-009139,2,Excelente producto,Excelente producto,2023-03-14 10:50:00
REV-007247,ORD-007460,2,Cumple expectativas,Cumple expectativas,2023-09-25 00:00:00
REV-007248,ORD-014304,5,Cumple expectativas,,2021-07-01 10:34:00
REV-007249,ORD-006564,4,Malo,,2023-08-21 13:07:00
REV-007250,ORD-014571,3,Excelente producto,Excelente producto,2022-09-12 03:22:00
REV-007251,ORD-007198,3,Cumple expectativas,Cumple expectativas,2022-01-31 01:57:00
REV-007252,ORD-012457,1,Buena calidad,Buena calidad,2021-11-11 17:15:00
REV-007253,ORD-008555,3,OK,,2023-01-04 14:12:00
REV-007254,ORD-005133,4,Recomendado,Recomendado,2021-08-22 19:35:00
REV-007255,ORD-002747,5,Recomendado,Recomendado,2022-09-30 06:03:00
REV-007256,ORD-011724,5,Muy bueno,Muy bueno,2022-01-14 05:58:00
REV-007257,ORD-012773,1,No lo recomiendo,,2024-06-05 03:48:00
REV-007258,ORD-002232,5,No lo recomiendo,,2023-11-02 04:08:00
REV-007259,ORD-012501,5,No lo recomiendo,No lo recomiendo,2023-12-01 02:50:00
REV-007260,ORD-011370,1,Mejor de lo esperado,Mejor de lo esperado,2021-10-24 14:43:00
REV-007261,ORD-006759,1,No lo recomiendo,,2022-03-07 13:45:00
REV-007262,ORD-014943,4,Excelente producto,Excelente producto,2023-09-03 05:45:00
REV-007263,ORD-011400,4,No lo recomiendo,No lo recomiendo,2023-03-28 08:45:00
REV-007264,ORD-005666,2,Regular,,2022-03-03 14:24:00
REV-007265,ORD-012476,-1,Cumple expectativas,,2023-09-18 13:06:00
REV-007266,ORD-004446,1,Pesimo,Pesimo,2021-02-21 07:50:00
REV-007267,ORD-007175,1,Muy bueno,Muy bueno,2021-08-10 18:12:00
REV-007268,ORD-002907,4,,,2021-08-23 03:12:00
REV-007269,ORD-001847,4,Recomendado,Recomendado,2023-02-15 15:56:00
REV-007270,ORD-007668,5,Excelente producto,Excelente producto,2024-05-03 21:15:00
REV-007271,ORD-006348,5,Muy bueno,Muy bueno,2022-03-20 02:58:00
REV-007272,ORD-012827,4,Buena calidad,,2021-12-03 23:01:00
REV-007273,ORD-003790,4,OK,OK,2022-02-26 05:36:00
REV-007274,ORD-008370,1,Mejor de lo esperado,Mejor de lo esperado,2023-01-12 18:34:00
REV-007275,ORD-013146,1,Cumple expectativas,Cumple expectativas,2023-04-08 20:13:00
REV-007276,ORD-012577,2,No lo recomiendo,,2024-04-10 02:22:00
REV-007277,ORD-005228,1,OK,OK,2022-03-24 22:28:00
REV-007278,ORD-000070,3,Regular,Regular,2022-08-07 13:41:00
REV-007279,ORD-013185,2,Regular,Regular,2023-06-13 10:40:00
REV-007280,ORD-003859,3,Excelente producto,Excelente producto,2021-04-09 21:40:00
REV-007281,ORD-012071,4,Mejor de lo esperado,,2022-09-02 05:42:00
REV-007282,ORD-004243,1,OK,OK,2024-06-19 06:22:00
REV-007283,ORD-004308,1,OK,OK,2021-06-07 15:49:00
REV-007284,ORD-004859,2,Recomendado,,2022-12-02 03:46:00
REV-007285,ORD-000243,5,Regular,,2024-02-09 05:53:00
REV-007286,ORD-005370,2,Muy bueno,,2022-04-02 21:16:00
REV-007287,ORD-014604,1,Mejor de lo esperado,,2021-08-27 16:16:00
REV-007288,ORD-007124,1,Excelente producto,,2023-09-25 17:59:00
REV-007289,ORD-007890,2,Cumple expectativas,Cumple expectativas,2021-08-18 10:00:00
REV-007290,ORD-002610,3,No lo recomiendo,,2021-09-29 06:59:00
REV-007291,ORD-004346,5,Excelente producto,Excelente producto,2023-06-02 05:56:00
REV-007292,ORD-014199,4,Recomendado,Recomendado,2021-10-10 19:11:00
REV-007293,ORD-006934,,Llego roto,Llego roto,2022-11-14 08:16:00
REV-007294,ORD-011819,5,Buena calidad,,2023-10-28 00:33:00
REV-007295,ORD-005244,3,Recomendado,Recomendado,2024-02-13 10:06:00
REV-007296,ORD-011771,3,Recomendado,Recomendado,2021-12-16 22:43:00
REV-007297,ORD-013756,5,Regular,,2024-03-16 19:56:00
REV-007298,ORD-009075,1,Pesimo,Pesimo,2023-08-30 21:57:00
REV-007299,ORD-002654,4,Regular,Regular,2024-02-07 05:11:00
REV-007300,ORD-012180,4,Mejor de lo esperado,Mejor de lo esperado,2022-06-18 00:43:00
REV-007301,ORD-005942,3,Mejor de lo esperado,,2023-12-14 01:05:00
REV-007302,ORD-009429,3,,,2021-07-21 03:16:00
REV-007303,ORD-014459,,Mejor de lo esperado,Mejor de lo esperado,2021-06-24 00:29:00
REV-007304,ORD-009159,3,Mejor de lo esperado,,2021-10-14 21:53:00
REV-007305,ORD-005737,5,Pesimo,Pesimo,2021-06-19 07:12:00
REV-007306,ORD-000037,1,Regular,,2023-12-02 15:01:00
REV-007307,ORD-010854,4,Malo,Malo,2021-04-19 06:20:00
REV-007308,ORD-004712,4,OK,,2023-12-23 22:16:00
REV-007309,ORD-005746,1,Buena calidad,,2023-09-02 04:23:00
REV-007310,ORD-005830,1,Malo,,2021-03-04 15:57:00
REV-007311,ORD-907542,5,No lo recomiendo,No lo recomiendo,2021-09-11 15:38:00
REV-007312,ORD-001618,4,Buena calidad,Buena calidad,2022-10-30 10:40:00
REV-007313,ORD-006211,10,OK,,2022-10-02 06:08:00
REV-007314,ORD-003245,3,Excelente producto,,2021-05-04 00:17:00
REV-007315,ORD-003393,5,Malo,,2024-02-20 07:45:00
REV-007316,ORD-011824,5,No lo recomiendo,,2022-12-09 02:52:00
REV-007317,ORD-011409,5,Cumple expectativas,,2023-03-03 11:50:00
REV-007318,ORD-001049,4,Llego roto,Llego roto,2023-02-09 23:46:00
REV-007319,ORD-011964,4,Recomendado,,2022-11-18 04:54:00
REV-007320,ORD-010687,4,Mejor de lo esperado,,2023-07-25 05:52:00
REV-007321,ORD-005932,5,Cumple expectativas,Cumple expectativas,2022-08-23 13:23:00
REV-007322,ORD-012409,1,Mejor de lo esperado,Mejor de lo esperado,2023-03-27 09:30:00
REV-007323,ORD-006245,3,Buena calidad,,2023-04-13 12:27:00
REV-007324,ORD-007207,2,,,2022-04-05 18:34:00
REV-007325,ORD-009496,1,Regular,,2023-07-18 18:28:00
REV-007326,ORD-014221,4,Mejor de lo esperado,Mejor de lo esperado,2022-06-05 02:02:00
REV-007327,ORD-007479,3,Recomendado,,2022-06-24 14:09:00
REV-007328,ORD-004789,-1,No lo recomiendo,,2021-06-15 07:17:00
REV-007329,ORD-011436,3,Cumple expectativas,Cumple expectativas,2021-12-24 02:05:00
REV-007330,ORD-010164,3,Malo,,2022-12-06 20:29:00
REV-007331,ORD-011448,4,Pesimo,Pesimo,2021-08-27 05:24:00
REV-007332,ORD-011805,2,Cumple expectativas,Cumple expectativas,2024-02-17 20:15:00
REV-007333,ORD-014301,3,Excelente producto,Excelente producto,2021-05-27 09:55:00
REV-007334,ORD-003891,2,Malo,,2021-12-22 20:25:00
REV-007335,ORD-008675,5,OK,,2023-11-12 20:01:00
REV-007336,ORD-000683,4,No lo recomiendo,No lo recomiendo,2024-06-03 07:54:00
REV-007337,ORD-006832,1,No lo recomiendo,No lo recomiendo,2021-10-08 06:11:00
REV-007338,ORD-008990,2,Muy bueno,Muy bueno,2023-12-07 21:24:00
REV-007339,ORD-008834,4,,,2021-12-12 12:04:00
REV-007340,ORD-006280,4,Muy bueno,,2021-09-21 03:51:00
REV-007341,ORD-001290,1,Regular,,2021-05-17 01:40:00
REV-007342,ORD-008035,2,Llego roto,Llego roto,2021-08-24 09:19:00
REV-007343,ORD-001227,2,Recomendado,Recomendado,2022-11-29 15:55:00
REV-007344,ORD-000900,5,Pesimo,Pesimo,2023-10-12 10:02:00
REV-007345,ORD-013491,,No lo recomiendo,,2023-04-28 10:39:00
REV-007346,ORD-014374,1,No lo recomiendo,,2022-03-15 07:19:00
REV-007347,ORD-003197,2,Cumple expectativas,Cumple expectativas,2024-03-16 05:14:00
REV-007348,ORD-001895,4,Malo,Malo,2024-03-03 23:40:00
REV-007349,ORD-002456,1,No lo recomiendo,,2021-04-10 15:04:00
REV-007350,ORD-006559,2,Excelente producto,,2021-06-08 22:00:00
REV-007351,ORD-013304,1,Regular,,2022-07-15 23:27:00
REV-007352,ORD-014717,4,Malo,Malo,2021-05-05 10:44:00
REV-007353,ORD-003026,4,Buena calidad,,2023-10-09 19:48:00
REV-007354,ORD-007386,3,Muy bueno,Muy bueno,2023-06-25 13:39:00
REV-007355,ORD-007415,4,Llego roto,Llego roto,2024-01-06 20:29:00
REV-007356,ORD-002404,6,Mejor de lo esperado,Mejor de lo esperado,2024-04-13 06:58:00
REV-007357,ORD-000273,4,Buena calidad,Buena calidad,2023-09-30 07:57:00
REV-007358,ORD-013005,5,Recomendado,Recomendado,2022-05-27 18:13:00
REV-007359,ORD-006975,1,Recomendado,Recomendado,2022-09-01 03:24:00
REV-007360,ORD-011677,4,Pesimo,Pesimo,2022-08-01 14:21:00
REV-007361,ORD-005743,3,Mejor de lo esperado,Mejor de lo esperado,2024-02-12 05:09:00
REV-007362,ORD-005140,5,Buena calidad,Buena calidad,2021-11-02 03:18:00
REV-007363,ORD-004818,1,No lo recomiendo,,2024-03-30 04:26:00
REV-007364,ORD-005053,1,Mejor de lo esperado,,2024-02-24 09:01:00
REV-007365,ORD-003751,5,Llego roto,,2021-04-10 02:42:00
REV-007366,ORD-004511,5,Pesimo,,2021-10-29 02:36:00
REV-007367,ORD-001014,3,Pesimo,Pesimo,2022-11-10 18:52:00
REV-007368,ORD-009046,2,Pesimo,Pesimo,2021-10-12 14:43:00
REV-007369,ORD-003998,5,Muy bueno,Muy bueno,2022-09-24 14:50:00
REV-007370,ORD-002436,1,Excelente producto,,2023-10-14 08:40:00
REV-007371,ORD-006592,5,Recomendado,Recomendado,2024-01-01 06:39:00
REV-007372,ORD-013556,5,Recomendado,Recomendado,2022-06-21 09:07:00
REV-007373,ORD-014807,3,Excelente producto,Excelente producto,2023-04-20 11:25:00
REV-007374,ORD-009510,2,Regular,,2024-05-26 08:13:00
REV-007375,ORD-011362,,Recomendado,Recomendado,2021-07-27 08:51:00
REV-007376,ORD-001021,1,No lo recomiendo,,2021-12-06 05:29:00
REV-007377,ORD-007960,1,Recomendado,Recomendado,2021-02-19 22:17:00
REV-007378,ORD-008345,4,Regular,Regular,2022-04-23 15:14:00
REV-007379,ORD-005426,5,No lo recomiendo,,2022-05-19 00:16:00
REV-007380,ORD-003729,4,No lo recomiendo,,2022-10-18 20:33:00
REV-007381,ORD-004844,4,Recomendado,Recomendado,2023-05-29 22:38:00
REV-007382,ORD-014125,2,Regular,Regular,2022-11-23 10:08:00
REV-007383,ORD-003973,3,,,2021-07-16 05:02:00
REV-007384,ORD-009565,1,Muy bueno,,2023-03-29 18:28:00
REV-007385,ORD-008299,3,OK,OK,2022-07-30 00:49:00
REV-007386,ORD-008845,4,Recomendado,Recomendado,2023-02-07 22:12:00
REV-007387,ORD-009444,1,OK,,2024-02-05 09:28:00
REV-007388,ORD-008958,2,Pesimo,,2023-08-15 15:25:00
REV-007389,ORD-003562,2,Mejor de lo esperado,,2023-09-19 08:20:00
REV-007390,ORD-012397,4,Excelente producto,Excelente producto,2022-12-05 09:55:00
REV-007391,ORD-006636,4,Pesimo,,2023-10-21 07:38:00
REV-007392,ORD-000749,1,Buena calidad,,2021-07-22 09:46:00
REV-007393,ORD-003631,5,Muy bueno,Muy bueno,2022-01-16 08:13:00
REV-007394,ORD-009863,1,Excelente producto,Excelente producto,2023-06-29 23:21:00
REV-007395,ORD-011497,5,Excelente producto,Excelente producto,2021-09-25 16:36:00
REV-007396,ORD-009478,10,Llego roto,Llego roto,2022-04-05 21:29:00
REV-007397,ORD-010763,4,Regular,Regular,2023-01-20 13:42:00
REV-007398,ORD-013171,4,Llego roto,Llego roto,2024-02-07 11:33:00
REV-007399,ORD-003557,1,Mejor de lo esperado,Mejor de lo esperado,2021-04-01 10:00:00
REV-007400,ORD-011842,1,Regular,Regular,2024-01-01 15:05:00
REV-007401,ORD-014252,1,Excelente producto,Excelente producto,2022-07-02 20:30:00
REV-007402,ORD-000628,2,Pesimo,Pesimo,2021-08-28 18:47:00
REV-007403,ORD-002341,2,Cumple expectativas,,2021-06-23 12:44:00
REV-007404,ORD-003510,4,Buena calidad,Buena calidad,2023-05-09 05:03:00
REV-007405,ORD-005364,3,Regular,Regular,2022-10-10 08:23:00
REV-007406,ORD-009820,4,Mejor de lo esperado,Mejor de lo esperado,2022-09-23 16:07:00
REV-007407,ORD-013132,3,,,2023-01-03 09:44:00
REV-007408,ORD-005004,5,,,2021-05-21 16:08:00
REV-007409,ORD-010760,3,,,2023-11-12 05:41:00
REV-007410,ORD-008707,3,No lo recomiendo,,2023-03-23 05:22:00
REV-007411,ORD-003466,5,Regular,,2021-03-17 10:10:00
REV-007412,ORD-000854,1,OK,OK,2021-07-02 12:54:00
REV-007413,ORD-009058,1,Llego roto,Llego roto,2023-07-31 00:24:00
REV-007414,ORD-010767,2,Regular,Regular,2023-06-29 05:12:00
REV-007415,ORD-007365,4,Regular,,2022-09-15 08:37:00
REV-007416,ORD-014296,1,Cumple expectativas,Cumple expectativas,2022-03-25 16:13:00
REV-007417,ORD-012180,3,OK,OK,2023-11-01 17:07:00
REV-007418,ORD-009363,5,Malo,,2022-04-25 16:08:00
REV-007419,ORD-000480,3,Recomendado,Recomendado,2023-01-28 00:54:00
REV-007420,ORD-004938,3,Cumple expectativas,Cumple expectativas,2021-02-14 06:06:00
REV-007421,ORD-002508,4,Regular,Regular,2024-06-12 16:02:00
REV-007422,ORD-007786,5,Pesimo,Pesimo,2021-06-11 21:25:00
REV-007423,ORD-005664,3,Llego roto,Llego roto,2021-04-25 08:17:00
REV-007424,ORD-009001,4,Muy bueno,Muy bueno,2021-02-15 00:48:00
REV-007425,ORD-002422,2,Pesimo,Pesimo,2023-10-23 08:49:00
REV-007426,ORD-002826,5,Muy bueno,Muy bueno,2021-04-12 10:04:00
REV-007427,ORD-008819,4,,,2022-11-01 19:10:00
REV-007428,ORD-007148,5,,,2023-04-06 11:22:00
REV-007429,ORD-002474,1,Excelente producto,,2022-04-04 19:16:00
REV-007430,ORD-012825,3,Pesimo,,2021-09-08 06:13:00
REV-007431,ORD-009502,2,Regular,,2021-11-06 10:01:00
REV-007432,ORD-007883,2,Regular,,2023-12-29 14:46:00
REV-007433,ORD-010335,3,Muy bueno,Muy bueno,2022-04-19 09:41:00
REV-007434,ORD-006942,3,Excelente producto,,2023-01-31 01:47:00
REV-007435,ORD-007837,2,Excelente producto,Excelente producto,2024-03-17 17:11:00
REV-007436,ORD-002152,2,Buena calidad,Buena calidad,2022-09-30 08:24:00
REV-007437,ORD-010973,5,Recomendado,Recomendado,2023-11-12 05:19:00
REV-007438,ORD-011301,1,Llego roto,,2024-02-29 04:27:00
REV-007439,ORD-007336,4,Muy bueno,,2023-10-07 14:10:00
REV-007440,ORD-010396,4,No lo recomiendo,No lo recomiendo,2023-08-06 00:19:00
REV-007441,ORD-002328,3,Regular,,2021-03-23 00:43:00
REV-007442,ORD-010961,4,Llego roto,Llego roto,2021-11-22 11:57:00
REV-007443,ORD-004946,1,OK,,2022-10-29 02:53:00
REV-007444,ORD-009804,1,Recomendado,Recomendado,2022-11-07 05:19:00
REV-007445,ORD-003532,3,No lo recomiendo,,2024-04-18 09:51:00
REV-007446,ORD-005268,3,Pesimo,,2021-06-01 03:00:00
REV-007447,ORD-010969,1,No lo recomiendo,,2021-04-17 19:51:00
REV-007448,ORD-003366,2,Excelente producto,Excelente producto,2022-09-06 18:58:00
REV-007449,ORD-014475,4,Pesimo,,2023-08-19 20:51:00
REV-007450,ORD-006427,5,No lo recomiendo,,2023-08-23 07:22:00
REV-007451,ORD-011298,4,Malo,,2022-08-11 05:23:00
REV-007452,ORD-013682,3,Excelente producto,Excelente producto,2023-01-28 11:56:00
REV-007453,ORD-012737,2,OK,,2023-12-29 23:31:00
REV-007454,ORD-006374,2,Buena calidad,Buena calidad,2023-04-11 18:22:00
REV-007455,ORD-010157,2,Muy bueno,Muy bueno,2022-07-04 12:22:00
REV-007456,ORD-008201,2,,,2023-07-23 20:18:00
REV-007457,ORD-009035,5,Regular,Regular,2022-03-01 13:32:00
REV-007458,ORD-000410,2,Excelente producto,,2022-03-23 14:56:00
REV-007459,ORD-008932,4,Cumple expectativas,Cumple expectativas,2023-01-18 16:54:00
REV-007460,ORD-007458,2,Malo,Malo,2022-08-11 11:12:00
REV-007461,ORD-014567,1,Pesimo,,2022-05-16 01:56:00
REV-007462,ORD-006244,5,Mejor de lo esperado,,2022-08-02 02:08:00
REV-007463,ORD-002632,1,OK,OK,2023-12-22 06:38:00
REV-007464,ORD-013370,3,Buena calidad,Buena calidad,2023-10-15 00:55:00
REV-007465,ORD-010831,5,Recomendado,,2022-06-28 22:53:00
REV-007466,ORD-001277,2,,,2023-12-08 15:20:00
REV-007467,ORD-001905,3,Recomendado,Recomendado,2021-10-22 08:49:00
REV-007468,ORD-013181,5,Regular,Regular,2024-06-03 07:02:00
REV-007469,ORD-014401,4,Muy bueno,,2022-08-23 12:16:00
REV-007470,ORD-012401,5,Regular,Regular,2021-02-01 16:00:00
REV-007471,ORD-005366,5,Recomendado,Recomendado,2022-09-30 14:38:00
REV-007472,ORD-003112,4,,,2024-05-28 21:07:00
REV-007473,ORD-005697,1,OK,,2023-02-10 03:37:00
REV-007474,ORD-011971,2,Buena calidad,Buena calidad,2023-07-27 15:59:00
REV-007475,ORD-002664,2,No lo recomiendo,No lo recomiendo,2023-11-07 20:46:00
REV-007476,ORD-000982,2,Llego roto,Llego roto,2023-02-08 14:18:00
REV-007477,ORD-938199,2,Recomendado,,2024-04-02 17:53:00
REV-007478,ORD-008167,4,Regular,,2022-07-19 18:22:00
REV-007479,ORD-009349,4,Recomendado,,2023-05-04 20:36:00
REV-007480,ORD-012867,2,Mejor de lo esperado,,2021-07-17 04:47:00
REV-007481,ORD-002554,4,No lo recomiendo,No lo recomiendo,2024-02-04 17:37:00
REV-007482,ORD-014569,5,Recomendado,Recomendado,2023-01-05 05:46:00
REV-007483,ORD-011060,4,Malo,Malo,2024-03-24 03:44:00
REV-007484,ORD-006735,4,OK,OK,2021-07-18 03:00:00
REV-007485,ORD-010858,5,Buena calidad,,2022-11-03 15:45:00
REV-007486,ORD-011210,4,Excelente producto,Excelente producto,2023-05-28 23:42:00
REV-007487,ORD-003958,5,Regular,,2024-01-05 12:10:00
REV-007488,ORD-013411,3,Malo,,2024-04-20 00:59:00
REV-007489,ORD-013963,2,Recomendado,,2022-12-21 15:19:00
REV-007490,ORD-011601,4,,,2022-04-21 06:26:00
REV-007491,ORD-000909,2,Excelente producto,Excelente producto,2021-05-25 21:58:00
REV-007492,ORD-003698,4,Llego roto,,2021-06-15 07:38:00
REV-007493,ORD-014004,4,Recomendado,,2022-11-02 17:10:00
REV-006292,ORD-002043,5,Muy bueno,,2021-04-20 11:18:00
REV-007495,ORD-014011,4,Malo,Malo,2023-03-20 07:21:00
REV-007496,ORD-960064,3,Buena calidad,Buena calidad,2023-08-14 11:10:00
REV-007497,ORD-004117,3,Llego roto,Llego roto,2022-04-04 17:09:00
REV-007498,ORD-007810,1,Regular,Regular,2021-08-10 07:46:00
REV-007499,ORD-001469,5,Cumple expectativas,Cumple expectativas,2023-09-02 01:56:00
REV-007500,ORD-003960,1,No lo recomiendo,No lo recomiendo,2023-01-01 13:36:00
REV-007501,ORD-008894,4,Llego roto,,2021-04-14 08:01:00
REV-007502,ORD-916206,2,Cumple expectativas,Cumple expectativas,2023-06-03 13:10:00
REV-007503,ORD-013428,4,Pesimo,Pesimo,2021-09-10 07:13:00
REV-007504,ORD-002908,2,No lo recomiendo,No lo recomiendo,2023-12-28 14:04:00
REV-007505,ORD-006291,2,No lo recomiendo,,2023-08-14 07:27:00
REV-007506,ORD-000922,4,Mejor de lo esperado,,2023-04-24 16:37:00
REV-007507,ORD-011290,3,Pesimo,Pesimo,2022-01-12 20:51:00
REV-007508,ORD-011516,2,OK,OK,2022-10-12 10:56:00
REV-007509,ORD-006610,4,Pesimo,Pesimo,2021-08-08 18:54:00
REV-007510,ORD-013010,2,Muy bueno,,2024-03-23 09:19:00
REV-007511,ORD-011669,4,Buena calidad,Buena calidad,2021-12-21 08:50:00
REV-007512,ORD-005149,1,Buena calidad,Buena calidad,2021-10-04 08:49:00
REV-007513,ORD-002706,4,Cumple expectativas,Cumple expectativas,2021-11-26 18:34:00
REV-007514,ORD-007550,2,Malo,,2024-06-06 03:49:00
REV-007515,ORD-013861,5,No lo recomiendo,,2022-08-01 13:19:00
REV-007516,ORD-003918,1,Pesimo,,2022-05-30 20:14:00
REV-007517,ORD-011712,5,Recomendado,,2021-12-08 15:53:00
REV-007518,ORD-012064,2,Regular,Regular,2022-02-05 23:57:00
REV-007519,ORD-008050,4,Pesimo,Pesimo,2024-06-26 15:31:00
REV-007520,ORD-012248,4,Mejor de lo esperado,Mejor de lo esperado,2021-08-27 15:59:00
REV-007521,ORD-013287,2,Excelente producto,Excelente producto,2022-11-01 04:06:00
REV-007522,ORD-010146,10,Mejor de lo esperado,Mejor de lo esperado,2024-05-29 07:49:00
REV-007523,ORD-009088,1,OK,OK,2022-06-30 03:02:00
REV-007524,ORD-009291,3,Mejor de lo esperado,Mejor de lo esperado,2022-01-11 21:23:00
REV-007525,ORD-010812,1,Excelente producto,,2023-06-12 23:48:00
REV-007526,ORD-012165,5,Pesimo,Pesimo,2022-07-22 00:22:00
REV-007527,ORD-002589,2,Excelente producto,Excelente producto,2021-03-10 12:43:00
REV-007528,ORD-001826,1,Malo,Malo,2021-03-03 11:46:00
REV-007529,ORD-011680,2,Llego roto,,2024-04-09 04:31:00
REV-007530,ORD-008394,2,Muy bueno,,2023-07-30 06:46:00
REV-007531,ORD-003638,3,Llego roto,Llego roto,2022-05-07 11:47:00
REV-007532,ORD-006494,4,Pesimo,,2023-01-01 10:01:00
REV-007533,ORD-014762,3,Excelente producto,Excelente producto,2021-02-02 02:25:00
REV-007534,ORD-010775,4,Buena calidad,,2021-07-16 23:20:00
REV-007535,ORD-968199,1,Malo,,2022-10-13 04:45:00
REV-007536,ORD-003396,5,Cumple expectativas,Cumple expectativas,2023-12-29 19:41:00
REV-007537,ORD-009685,5,,,2023-04-08 10:14:00
REV-007538,ORD-006163,1,Buena calidad,Buena calidad,2023-12-04 21:39:00
REV-007539,ORD-002609,2,Excelente producto,Excelente producto,2021-08-17 17:43:00
REV-007540,ORD-011660,2,Malo,Malo,2021-07-02 13:12:00
REV-007541,ORD-009814,2,Pesimo,Pesimo,2022-01-16 23:14:00
REV-007542,ORD-989194,1,No lo recomiendo,No lo recomiendo,2024-02-12 10:24:00
REV-007543,ORD-010040,2,Cumple expectativas,Cumple expectativas,2022-11-18 14:37:00
REV-007544,ORD-013688,3,Cumple expectativas,Cumple expectativas,2023-09-08 18:42:00
REV-007545,ORD-009164,3,Excelente producto,Excelente producto,2022-09-15 04:09:00
REV-007546,ORD-003501,5,Buena calidad,Buena calidad,2022-09-28 08:26:00
REV-007547,ORD-009312,2,Excelente producto,Excelente producto,2022-09-29 17:47:00
REV-007548,ORD-005207,4,Malo,Malo,2022-03-28 10:48:00
REV-007549,ORD-000235,5,,,2021-05-21 00:32:00
REV-007550,ORD-007039,2,Regular,Regular,2022-12-26 01:11:00
REV-007551,ORD-009293,1,No lo recomiendo,No lo recomiendo,2024-05-22 17:42:00
REV-007552,ORD-014537,3,Recomendado,,2021-06-08 18:52:00
REV-007553,ORD-000585,4,OK,OK,2024-01-03 03:25:00
REV-007554,ORD-014571,2,Mejor de lo esperado,Mejor de lo esperado,2022-10-11 09:55:00
REV-007555,ORD-013722,5,Malo,,2023-10-17 16:03:00
REV-007556,ORD-009237,3,Mejor de lo esperado,Mejor de lo esperado,2022-09-24 22:58:00
REV-007557,ORD-001589,1,,,2021-07-03 02:36:00
REV-007558,ORD-013172,4,Pesimo,Pesimo,2021-10-18 20:59:00
REV-007559,ORD-002282,5,Recomendado,Recomendado,2022-05-08 06:41:00
REV-007560,ORD-008249,3,Pesimo,,2023-01-23 06:46:00
REV-007561,ORD-012009,3,No lo recomiendo,No lo recomiendo,2023-07-26 21:48:00
REV-007562,ORD-001214,3,OK,OK,2023-12-08 09:04:00
REV-007563,ORD-005731,1,Excelente producto,,2021-12-29 22:19:00
REV-007564,ORD-006993,4,Regular,Regular,2023-05-18 23:18:00
REV-007565,ORD-012835,5,Mejor de lo esperado,,2022-08-20 21:32:00
REV-007566,ORD-014828,3,,,2024-05-07 14:25:00
REV-007567,ORD-005679,5,OK,,2022-04-15 10:23:00
REV-007568,ORD-012707,2,Muy bueno,Muy bueno,2024-06-01 14:42:00
REV-007569,ORD-003648,3,Muy bueno,,2021-05-08 23:28:00
REV-007570,ORD-005542,5,Malo,Malo,2024-03-18 04:11:00
REV-007571,ORD-007794,5,No lo recomiendo,No lo recomiendo,2024-02-06 17:30:00
REV-007572,ORD-006152,3,Pesimo,Pesimo,2021-12-01 06:59:00
REV-007573,ORD-002412,5,No lo recomiendo,,2023-01-14 09:46:00
REV-007574,ORD-007868,4,Recomendado,Recomendado,2022-02-08 15:43:00
REV-007575,ORD-011545,1,Muy bueno,Muy bueno,2022-04-11 07:07:00
REV-007576,ORD-013676,3,Muy bueno,Muy bueno,2024-05-18 20:39:00
REV-007577,ORD-004551,1,Buena calidad,Buena calidad,2023-11-01 23:19:00
REV-007578,ORD-012317,5,Buena calidad,Buena calidad,2024-05-24 23:19:00
REV-007579,ORD-008440,1,,,2024-04-27 23:06:00
REV-007580,ORD-007112,2,Pesimo,,2024-05-20 03:39:00
REV-007581,ORD-010315,4,Llego roto,Llego roto,2023-02-11 19:42:00
REV-007582,ORD-006422,-1,Mejor de lo esperado,Mejor de lo esperado,2023-06-19 15:48:00
REV-007583,ORD-009541,1,Recomendado,Recomendado,2024-06-15 11:33:00
REV-007584,ORD-014787,2,No lo recomiendo,,2023-03-19 22:16:00
REV-007585,ORD-003301,5,Recomendado,,2021-04-19 20:46:00
REV-007586,ORD-004140,3,Recomendado,Recomendado,2023-12-01 04:04:00
REV-007587,ORD-010499,1,Pesimo,Pesimo,2024-06-07 12:17:00
REV-007588,ORD-007591,4,No lo recomiendo,No lo recomiendo,2022-05-11 14:58:00
REV-007589,ORD-008700,5,Pesimo,Pesimo,2022-11-16 01:12:00
REV-007590,ORD-010315,3,Llego roto,Llego roto,2021-10-31 18:23:00
REV-007591,ORD-004481,2,Buena calidad,,2024-05-22 22:56:00
REV-007592,ORD-013735,5,Regular,,2024-01-05 21:25:00
REV-007593,ORD-001225,1,Cumple expectativas,Cumple expectativas,2023-10-07 21:20:00
REV-007594,ORD-013531,4,Pesimo,Pesimo,2023-03-10 23:35:00
REV-007595,ORD-011437,1,Recomendado,,2022-09-21 09:14:00
REV-007596,ORD-013741,1,Recomendado,Recomendado,2021-03-14 19:52:00
REV-002525,ORD-011550,2,,,2024-04-27 12:08:00
REV-007598,ORD-002210,5,,,2021-10-29 02:57:00
REV-007599,ORD-005393,4,No lo recomiendo,No lo recomiendo,2023-03-24 17:00:00
REV-007600,ORD-000859,5,Regular,,2022-01-10 05:28:00
REV-007601,ORD-001085,5,Pesimo,Pesimo,2022-01-14 15:27:00
REV-007602,ORD-003906,5,Malo,Malo,2023-02-22 18:17:00
REV-007603,ORD-004976,4,Muy bueno,,2023-08-07 19:31:00
REV-007604,ORD-002838,2,Pesimo,Pesimo,2023-09-12 07:57:00
REV-007605,ORD-010075,5,Muy bueno,Muy bueno,2023-03-22 06:04:00
REV-007606,ORD-004228,5,Pesimo,Pesimo,2022-05-18 15:14:00
REV-007607,ORD-002831,4,Cumple expectativas,,2023-11-12 17:03:00
REV-007608,ORD-008653,1,Recomendado,,2022-05-22 00:46:00
REV-007609,ORD-009514,1,Malo,,2023-11-01 05:34:00
REV-007610,ORD-014909,5,Regular,Regular,2024-04-20 15:17:00
REV-003005,ORD-004008,5,Buena calidad,Buena calidad,2023-08-14 19:27:00
REV-007612,ORD-014105,5,Buena calidad,Buena calidad,2022-03-12 07:24:00
REV-007613,ORD-006641,3,Recomendado,Recomendado,2021-02-06 10:45:00
REV-007614,ORD-013218,5,Buena calidad,,2021-03-01 20:37:00
REV-007615,ORD-007590,3,Buena calidad,Buena calidad,2023-06-08 01:35:00
REV-007616,ORD-008682,3,Llego roto,Llego roto,2022-04-04 22:05:00
REV-007617,ORD-000050,5,No lo recomiendo,,2023-05-31 03:12:00
REV-007618,ORD-014318,3,Mejor de lo esperado,Mejor de lo esperado,2021-07-16 12:43:00
REV-007619,ORD-006123,4,Llego roto,Llego roto,2021-08-16 08:44:00
REV-007620,ORD-012144,2,Llego roto,,2021-09-13 16:09:00
REV-007621,ORD-014983,4,Pesimo,Pesimo,2022-01-17 22:58:00
REV-007622,ORD-005844,1,Cumple expectativas,Cumple expectativas,2023-09-15 22:08:00
REV-007623,ORD-005072,5,OK,,2023-03-18 23:11:00
REV-007624,ORD-003730,1,No lo recomiendo,No lo recomiendo,2024-06-20 01:44:00
REV-007625,ORD-003587,1,Pesimo,,2021-06-29 20:27:00
REV-007626,ORD-011056,4,OK,,2022-08-24 17:48:00
REV-007627,ORD-010770,2,OK,,2023-12-15 10:22:00
REV-007628,ORD-004087,3,OK,,2024-03-26 02:23:00
REV-007629,ORD-014462,2,Llego roto,,2022-11-03 23:47:00
REV-007630,ORD-000951,4,Cumple expectativas,,2024-01-18 00:44:00
REV-007631,ORD-000410,5,Buena calidad,Buena calidad,2021-08-06 14:37:00
REV-007632,ORD-007865,1,Buena calidad,Buena calidad,2023-06-07 07:00:00
REV-007633,ORD-014116,4,Buena calidad,Buena calidad,2023-11-18 22:03:00
REV-007634,ORD-008920,4,OK,OK,2022-07-01 01:40:00
REV-007635,ORD-010755,3,Llego roto,,2021-09-30 12:31:00
REV-007636,ORD-003808,4,Malo,,2022-12-20 13:30:00
REV-007637,ORD-004527,2,Recomendado,Recomendado,2021-02-27 22:56:00
REV-007638,ORD-006206,2,Mejor de lo esperado,Mejor de lo esperado,2023-09-17 06:56:00
REV-007639,ORD-014548,2,Cumple expectativas,,2022-05-03 12:36:00
REV-007640,ORD-001874,5,No lo recomiendo,No lo recomiendo,2021-04-14 23:53:00
REV-007641,ORD-012779,2,Buena calidad,,2022-09-30 08:21:00
REV-007642,ORD-001430,4,Buena calidad,Buena calidad,2024-02-13 10:52:00
REV-007643,ORD-011044,3,OK,OK,2023-12-21 13:03:00
REV-007644,ORD-012811,2,No lo recomiendo,,2021-07-18 06:49:00
REV-007645,ORD-004954,5,No lo recomiendo,,2023-02-15 21:00:00
REV-007646,ORD-004845,1,,,2022-07-23 16:58:00
REV-007647,ORD-970739,5,OK,,2023-11-26 08:59:00
REV-007648,ORD-002369,2,Mejor de lo esperado,,2021-09-13 02:53:00
REV-007649,ORD-009452,4,Mejor de lo esperado,,2021-06-11 06:20:00
REV-007650,ORD-008043,5,Recomendado,Recomendado,2021-10-31 17:40:00
REV-007651,ORD-001730,1,Recomendado,Recomendado,2022-10-02 07:22:00
REV-007652,ORD-003966,2,Recomendado,,2023-04-01 01:00:00
REV-007653,ORD-006036,2,Cumple expectativas,,2022-12-10 21:23:00
REV-007654,ORD-010475,1,Recomendado,,2023-04-15 04:17:00
REV-007655,ORD-002856,1,Llego roto,Llego roto,2022-08-29 02:43:00
REV-007656,ORD-000821,4,Cumple expectativas,Cumple expectativas,2022-11-30 08:38:00
REV-007657,ORD-011582,3,,,2021-08-16 07:53:00
REV-007658,ORD-003029,5,Excelente producto,Excelente producto,2024-06-29 01:06:00
REV-007659,ORD-009915,3,Cumple expectativas,Cumple expectativas,2024-02-15 21:51:00
REV-007660,ORD-007980,5,No lo recomiendo,,2023-09-03 09:02:00
REV-007661,ORD-009519,1,Cumple expectativas,Cumple expectativas,2021-10-16 08:59:00
REV-007662,ORD-007622,5,Excelente producto,,2023-02-03 06:07:00
REV-007663,ORD-013867,5,Recomendado,Recomendado,2022-07-05 19:37:00
REV-007664,ORD-007216,1,Llego roto,Llego roto,2021-10-18 13:46:00
REV-007665,ORD-005453,2,Muy bueno,Muy bueno,2023-03-26 23:07:00
REV-007666,ORD-011488,1,,,2022-12-13 10:36:00
REV-007667,ORD-012493,3,,,2024-04-25 11:51:00
REV-007668,ORD-002654,5,Recomendado,Recomendado,2021-12-26 07:52:00
REV-007669,ORD-010589,2,Mejor de lo esperado,Mejor de lo esperado,2023-07-11 05:47:00
REV-007670,ORD-002147,5,Recomendado,,2021-02-10 21:25:00
REV-007671,ORD-001517,5,,,2023-07-25 08:25:00
REV-007672,ORD-005598,2,Malo,,2021-03-04 14:20:00
REV-007673,ORD-010018,4,No lo recomiendo,No lo recomiendo,2022-07-20 04:18:00
REV-007674,ORD-008245,1,Buena calidad,Buena calidad,2021-03-14 03:12:00
REV-007675,ORD-011828,5,Llego roto,Llego roto,2023-03-02 20:35:00
REV-007676,ORD-006204,5,Muy bueno,Muy bueno,2021-11-25 13:55:00
REV-007677,ORD-012895,4,Muy bueno,Muy bueno,2024-04-23 02:03:00
REV-007678,ORD-007352,2,,,2022-05-23 22:11:00
REV-007679,ORD-005224,5,No lo recomiendo,No lo recomiendo,2021-06-27 11:17:00
REV-007680,ORD-007075,2,Pesimo,Pesimo,2023-07-31 05:32:00
REV-007681,ORD-014071,3,OK,OK,2023-03-13 06:27:00
REV-007682,ORD-010407,3,Buena calidad,,2022-09-12 00:12:00
REV-007683,ORD-012528,1,Malo,Malo,2021-12-20 10:22:00
REV-007684,ORD-014086,4,Llego roto,Llego roto,2022-05-02 17:36:00
REV-007685,ORD-003175,2,Excelente producto,Excelente producto,2023-07-22 07:22:00
REV-007686,ORD-013432,1,No lo recomiendo,No lo recomiendo,2021-10-13 12:39:00
REV-007687,ORD-012243,4,OK,OK,2021-03-21 19:59:00
REV-007688,ORD-010069,5,Pesimo,,2024-03-24 21:31:00
REV-007689,ORD-004993,3,Recomendado,Recomendado,2022-10-06 19:01:00
REV-007690,ORD-014330,1,Recomendado,,2022-03-19 17:57:00
REV-007691,ORD-000542,2,Recomendado,,2022-06-18 10:43:00
REV-007692,ORD-007898,5,Muy bueno,Muy bueno,2023-11-22 17:11:00
REV-007693,ORD-011661,4,No lo recomiendo,No lo recomiendo,2023-10-26 08:43:00
REV-007694,ORD-011250,1,Excelente producto,Excelente producto,2021-11-30 11:40:00
REV-007695,ORD-005975,5,No lo recomiendo,No lo recomiendo,2024-02-10 11:04:00
REV-007696,ORD-005507,0,Buena calidad,Buena calidad,2023-02-27 18:52:00
REV-007697,ORD-007032,5,Mejor de lo esperado,Mejor de lo esperado,2022-03-22 07:17:00
REV-007698,ORD-004192,3,No lo recomiendo,,2022-02-21 15:36:00
REV-007699,ORD-011679,-1,Cumple expectativas,Cumple expectativas,2024-02-14 22:51:00
REV-007700,ORD-013330,5,Mejor de lo esperado,Mejor de lo esperado,2021-09-13 06:44:00
REV-007701,ORD-003179,3,Excelente producto,,2024-06-02 19:07:00
REV-007702,ORD-014073,1,,,2021-08-13 08:04:00
REV-007703,ORD-003743,5,Regular,Regular,2023-04-16 14:01:00
REV-007704,ORD-008703,2,Llego roto,Llego roto,2021-10-29 08:24:00
REV-007705,ORD-009669,3,Regular,Regular,2023-10-17 20:57:00
REV-007706,ORD-004192,3,Llego roto,,2021-05-31 08:31:00
REV-007707,ORD-000813,3,Excelente producto,Excelente producto,2021-06-09 12:05:00
REV-007708,ORD-006864,1,Muy bueno,,2024-04-08 22:19:00
REV-007709,ORD-014658,4,Regular,Regular,2021-06-06 00:29:00
REV-007710,ORD-000718,2,Excelente producto,Excelente producto,2021-05-31 15:27:00
REV-007711,ORD-009320,2,Excelente producto,Excelente producto,2023-06-10 20:19:00
REV-007712,ORD-011948,4,Muy bueno,,2024-04-20 08:02:00
REV-007713,ORD-014239,4,Recomendado,Recomendado,2021-10-26 08:11:00
REV-007714,ORD-008793,5,Malo,,2021-08-29 06:08:00
REV-007715,ORD-005495,3,Cumple expectativas,,2022-08-05 21:21:00
REV-007716,ORD-014452,5,Pesimo,,2022-08-14 04:51:00
REV-007717,ORD-010771,3,,,2022-03-02 15:22:00
REV-007718,ORD-009471,5,Mejor de lo esperado,Mejor de lo esperado,2022-04-25 19:39:00
REV-007719,ORD-007681,3,Mejor de lo esperado,Mejor de lo esperado,2022-07-12 07:36:00
REV-007720,ORD-003215,3,Buena calidad,,2022-09-23 10:19:00
REV-007721,ORD-010419,1,Pesimo,Pesimo,2023-02-01 10:40:00
REV-007722,ORD-002563,2,OK,OK,2021-06-01 20:19:00
REV-007723,ORD-006504,3,Llego roto,,2023-09-18 03:00:00
REV-007724,ORD-009375,3,Recomendado,,2023-05-17 16:42:00
REV-007725,ORD-014632,4,OK,,2021-02-28 05:38:00
REV-007726,ORD-011418,2,Malo,Malo,2022-06-18 10:42:00
REV-007727,ORD-005406,4,Pesimo,Pesimo,2021-03-08 03:51:00
REV-007728,ORD-009744,5,Llego roto,Llego roto,2023-09-26 13:13:00
REV-007729,ORD-013396,5,Mejor de lo esperado,Mejor de lo esperado,2022-08-12 06:58:00
REV-007730,ORD-959176,5,Malo,Malo,2023-09-15 01:06:00
REV-007731,ORD-009924,5,Cumple expectativas,Cumple expectativas,2022-04-16 13:50:00
REV-007732,ORD-006796,5,Pesimo,,2022-08-30 14:14:00
REV-007733,ORD-007661,3,No lo recomiendo,No lo recomiendo,2021-09-05 19:08:00
REV-007734,ORD-013643,4,Buena calidad,Buena calidad,2022-01-29 18:14:00
REV-007735,ORD-012298,2,Pesimo,,2023-08-20 04:01:00
REV-002110,ORD-007247,1,No lo recomiendo,,2022-12-25 04:35:00
REV-007737,ORD-010630,5,No lo recomiendo,,2022-06-10 21:53:00
REV-007738,ORD-014026,5,No lo recomiendo,No lo recomiendo,2021-08-15 22:57:00
REV-007739,ORD-014910,3,Cumple expectativas,Cumple expectativas,2023-08-17 17:53:00
REV-007740,ORD-009371,4,Excelente producto,,2022-02-18 14:02:00
REV-007741,ORD-000064,4,Recomendado,Recomendado,2021-12-15 03:08:00
REV-007742,ORD-006333,4,Cumple expectativas,Cumple expectativas,2022-12-05 22:42:00
REV-007743,ORD-003020,4,Cumple expectativas,Cumple expectativas,2021-05-06 12:32:00
REV-007744,ORD-011093,5,OK,OK,2022-04-29 20:35:00
REV-007745,ORD-002208,3,Regular,Regular,2023-04-13 12:09:00
REV-007746,ORD-009853,3,Buena calidad,Buena calidad,2023-05-01 11:16:00
REV-007747,ORD-001553,5,Muy bueno,Muy bueno,2023-09-13 00:48:00
REV-007748,ORD-006001,1,No lo recomiendo,,2021-06-03 03:19:00
REV-007749,ORD-001972,2,Muy bueno,,2022-12-11 17:06:00
REV-007750,ORD-010672,4,Llego roto,,2023-09-12 00:55:00
REV-007751,ORD-008938,3,Muy bueno,,2022-01-22 06:30:00
REV-007752,ORD-011607,5,Malo,Malo,2022-02-24 22:33:00
REV-007753,ORD-005171,3,Recomendado,Recomendado,2023-06-10 04:00:00
REV-007754,ORD-005563,5,Malo,,2023-07-13 22:25:00
REV-007755,ORD-010032,5,Regular,,2023-03-28 12:44:00
REV-007756,ORD-000517,2,Recomendado,,2021-07-10 14:30:00
REV-007757,ORD-004128,3,,,2022-05-29 16:19:00
REV-007758,ORD-011275,2,No lo recomiendo,No lo recomiendo,2021-04-27 08:26:00
REV-007759,ORD-001386,2,Buena calidad,Buena calidad,2023-01-03 04:22:00
REV-007760,ORD-010457,2,,,2024-01-30 14:38:00
REV-007761,ORD-007636,1,No lo recomiendo,No lo recomiendo,2022-05-11 18:57:00
REV-007762,ORD-014988,1,Cumple expectativas,Cumple expectativas,2024-02-16 23:28:00
REV-007763,ORD-001167,5,Buena calidad,Buena calidad,2021-02-27 04:55:00
REV-007764,ORD-004644,1,Malo,Malo,2023-06-05 13:28:00
REV-007765,ORD-000291,2,Recomendado,Recomendado,2023-07-09 00:20:00
REV-007766,ORD-005317,2,Buena calidad,Buena calidad,2021-02-23 07:04:00
REV-007767,ORD-011600,1,Regular,Regular,2022-10-10 02:22:00
REV-007768,ORD-006827,3,Malo,,2022-07-21 01:24:00
REV-007769,ORD-013868,1,,,2021-08-12 03:20:00
REV-007770,ORD-013431,1,Buena calidad,Buena calidad,2021-10-06 20:26:00
REV-007771,ORD-004292,4,,,2023-10-21 23:50:00
REV-007772,ORD-014323,3,Regular,,2022-06-01 02:00:00
REV-007773,ORD-008337,2,No lo recomiendo,No lo recomiendo,2023-02-02 08:35:00
REV-007774,ORD-006347,3,Pesimo,,2023-06-24 23:14:00
REV-007775,ORD-001043,3,Pesimo,Pesimo,2022-08-27 00:20:00
REV-007776,ORD-000512,1,Llego roto,Llego roto,2024-04-17 15:02:00
REV-007777,ORD-012452,1,Mejor de lo esperado,Mejor de lo esperado,2023-05-06 19:19:00
REV-007778,ORD-009408,1,Buena calidad,Buena calidad,2021-02-16 04:46:00
REV-007779,ORD-005830,2,Recomendado,Recomendado,2023-04-27 18:16:00
REV-007780,ORD-005998,4,Recomendado,Recomendado,2022-02-02 03:35:00
REV-007781,ORD-008428,5,Cumple expectativas,Cumple expectativas,2023-10-04 04:04:00
REV-007782,ORD-003957,1,No lo recomiendo,No lo recomiendo,2021-03-18 18:58:00
REV-007783,ORD-013252,1,Cumple expectativas,,2023-02-11 02:36:00
REV-007784,ORD-011708,4,Excelente producto,Excelente producto,2021-12-13 08:02:00
REV-007785,ORD-007429,4,Excelente producto,Excelente producto,2022-03-03 18:39:00
REV-007786,ORD-959302,2,Recomendado,,2023-01-18 13:26:00
REV-007787,ORD-004687,2,Regular,Regular,2021-06-27 00:06:00
REV-007432,ORD-007883,2,Regular,,2023-12-29 14:46:00
REV-007789,ORD-003237,1,Malo,,2021-10-11 13:24:00
REV-007790,ORD-007604,2,Pesimo,Pesimo,2023-07-22 20:31:00
REV-007791,ORD-005120,2,Pesimo,Pesimo,2022-12-18 19:44:00
REV-007792,ORD-011608,5,No lo recomiendo,No lo recomiendo,2022-11-13 04:21:00
REV-007793,ORD-000523,1,Malo,Malo,2023-11-22 23:11:00
REV-007794,ORD-000170,1,Pesimo,Pesimo,2022-06-27 19:30:00
REV-007795,ORD-000198,2,OK,OK,2024-03-13 11:34:00
REV-007796,ORD-005549,3,Malo,Malo,2021-07-06 12:49:00
REV-007797,ORD-001712,3,Buena calidad,Buena calidad,2022-01-28 11:20:00
REV-007798,ORD-011573,5,Mejor de lo esperado,Mejor de lo esperado,2023-07-20 11:49:00
REV-007799,ORD-000211,5,,,2022-08-22 19:46:00
REV-007800,ORD-004880,5,Muy bueno,Muy bueno,2022-09-03 14:48:00
REV-007801,ORD-005889,5,,,2023-01-16 20:39:00
REV-007802,ORD-002569,1,,,2022-10-28 18:21:00
REV-007803,ORD-000232,6,Regular,,2021-12-28 09:08:00
REV-007804,ORD-000043,4,,,2023-08-13 23:11:00
REV-007805,ORD-003793,1,No lo recomiendo,No lo recomiendo,2022-01-10 03:12:00
REV-007806,ORD-009375,1,OK,OK,2022-01-19 00:32:00
REV-007807,ORD-005945,2,Cumple expectativas,,2023-01-28 02:29:00
REV-007808,ORD-007951,5,Malo,,2024-06-22 20:08:00
REV-007809,ORD-001403,1,Regular,,2023-07-18 00:02:00
REV-007810,ORD-014483,3,Mejor de lo esperado,,2023-08-22 04:39:00
REV-007811,ORD-012093,3,OK,,2024-01-02 04:23:00
REV-007812,ORD-009042,2,Malo,Malo,2024-03-17 05:33:00
REV-007813,ORD-007364,5,Regular,,2023-04-01 13:24:00
REV-007814,ORD-005063,5,Excelente producto,Excelente producto,2023-03-11 02:52:00
REV-007815,ORD-000571,3,OK,,2022-01-07 03:40:00
REV-007816,ORD-000640,4,No lo recomiendo,No lo recomiendo,2022-04-18 17:31:00
REV-007817,ORD-014451,2,OK,OK,2022-10-20 12:43:00
REV-007818,ORD-008635,2,Buena calidad,Buena calidad,2023-08-21 16:35:00
REV-007819,ORD-007097,3,Recomendado,Recomendado,2023-08-29 04:48:00
REV-007820,ORD-000676,3,Excelente producto,Excelente producto,2022-06-30 20:47:00
REV-007821,ORD-001610,5,,,2021-12-28 08:15:00
REV-007822,ORD-012306,2,,,2023-08-22 20:40:00
REV-007823,ORD-012635,2,Malo,,2021-09-13 00:02:00
REV-007824,ORD-011882,3,,,2024-04-08 10:37:00
REV-007825,ORD-003770,3,Muy bueno,Muy bueno,2023-03-13 11:12:00
REV-007826,ORD-001329,1,Buena calidad,Buena calidad,2021-03-04 05:08:00
REV-007827,ORD-009011,5,Mejor de lo esperado,,2022-10-20 14:30:00
REV-007828,ORD-009589,5,Mejor de lo esperado,Mejor de lo esperado,2022-09-18 18:27:00
REV-007829,ORD-002806,2,Llego roto,Llego roto,2021-09-26 02:02:00
REV-007830,ORD-008144,1,Regular,,2022-06-10 10:26:00
REV-007831,ORD-001557,2,Llego roto,,2021-12-20 23:09:00
REV-007832,ORD-007388,3,Recomendado,Recomendado,2022-02-25 14:41:00
REV-007833,ORD-003129,3,Regular,Regular,2021-11-11 02:35:00
REV-007834,ORD-010138,2,Regular,Regular,2021-12-31 20:47:00
REV-007835,ORD-012135,3,No lo recomiendo,No lo recomiendo,2022-04-03 15:23:00
REV-007836,ORD-002869,5,Llego roto,Llego roto,2021-02-28 00:28:00
REV-007837,ORD-003455,1,Regular,Regular,2021-06-07 05:28:00
REV-005361,ORD-007989,5,Pesimo,,2024-01-13 03:00:00
REV-007839,ORD-000152,5,,,2022-02-23 16:01:00
REV-007840,ORD-003884,2,Regular,,2022-01-16 06:47:00
REV-007841,ORD-007884,3,Buena calidad,Buena calidad,2021-12-30 02:23:00
REV-007842,ORD-012825,2,Malo,Malo,2023-09-15 03:48:00
REV-007843,ORD-004655,4,Regular,,2023-01-31 14:15:00
REV-007844,ORD-002229,2,Recomendado,Recomendado,2021-05-26 11:14:00
REV-007845,ORD-980037,2,Mejor de lo esperado,,2021-02-05 07:53:00
REV-007846,ORD-011275,2,,,2022-07-30 11:58:00
REV-007847,ORD-009460,5,Malo,Malo,2024-06-14 15:13:00
REV-007848,ORD-014464,2,Excelente producto,,2023-07-05 16:04:00
REV-007849,ORD-002637,6,,,2023-04-16 00:27:00
REV-007850,ORD-014935,5,Malo,,2023-12-03 11:47:00
REV-007851,ORD-013398,3,,,2023-11-20 12:43:00
REV-007852,ORD-006992,1,Malo,,2021-06-12 10:05:00
REV-007853,ORD-010874,4,,,2023-06-30 05:09:00
REV-007854,ORD-010180,2,Recomendado,,2022-04-23 08:06:00
REV-007855,ORD-003251,4,OK,,2022-08-04 03:24:00
REV-007856,ORD-004324,4,Llego roto,,2021-09-17 14:49:00
REV-007857,ORD-012024,1,Mejor de lo esperado,Mejor de lo esperado,2024-03-15 12:22:00
REV-007858,ORD-010382,5,Llego roto,Llego roto,2022-06-18 05:51:00
REV-007859,ORD-009743,4,Muy bueno,Muy bueno,2023-06-17 11:10:00
REV-007860,ORD-012282,4,Cumple expectativas,,2022-06-09 00:54:00
REV-007861,ORD-004647,3,Malo,,2022-11-07 18:01:00
REV-007862,ORD-002443,5,Recomendado,,2022-06-28 20:28:00
REV-007863,ORD-002150,5,No lo recomiendo,No lo recomiendo,2021-09-22 06:43:00
REV-007864,ORD-009594,4,Excelente producto,Excelente producto,2023-07-08 00:55:00
REV-007865,ORD-005978,2,Regular,Regular,2024-03-05 06:45:00
REV-007866,ORD-008957,1,Mejor de lo esperado,,2024-06-28 07:33:00
REV-007867,ORD-984254,1,OK,OK,2022-09-21 10:58:00
REV-007868,ORD-010331,5,Malo,Malo,2024-02-16 04:36:00
REV-007869,ORD-010861,5,Regular,Regular,2023-04-09 09:25:00
REV-007870,ORD-012186,4,Regular,,2021-07-18 08:00:00
REV-007871,ORD-013803,1,Cumple expectativas,Cumple expectativas,2022-08-07 06:52:00
REV-007872,ORD-014133,3,Recomendado,,2021-05-31 01:36:00
REV-007873,ORD-012150,2,Regular,Regular,2022-08-07 05:29:00
REV-007874,ORD-003185,4,,,2021-07-03 07:07:00
REV-007875,ORD-014466,2,Cumple expectativas,,2021-09-06 07:49:00
REV-007876,ORD-004706,2,Muy bueno,,2022-07-20 23:32:00
REV-007877,ORD-004104,2,Muy bueno,,2021-12-16 12:18:00
REV-007878,ORD-005679,3,Mejor de lo esperado,,2022-01-27 01:01:00
REV-007879,ORD-013074,5,Muy bueno,Muy bueno,2022-07-06 02:35:00
REV-007880,ORD-010380,1,OK,,2024-04-01 02:22:00
REV-007881,ORD-001552,4,Regular,,2022-03-01 10:22:00
REV-007882,ORD-009467,1,Regular,Regular,2021-06-28 23:04:00
REV-007883,ORD-008658,4,Mejor de lo esperado,Mejor de lo esperado,2023-11-02 11:03:00
REV-007884,ORD-001007,5,Excelente producto,Excelente producto,2021-11-16 10:00:00
REV-007885,ORD-000712,4,Muy bueno,,2023-06-14 18:14:00
REV-007886,ORD-006110,1,OK,OK,2023-05-12 15:42:00
REV-007887,ORD-007294,2,No lo recomiendo,,2021-03-11 12:42:00
REV-007888,ORD-007868,-1,Pesimo,,2022-08-01 10:21:00
REV-007889,ORD-013076,2,Excelente producto,Excelente producto,2024-06-14 06:08:00
REV-007890,ORD-003817,2,OK,OK,2022-03-22 13:53:00
REV-007891,ORD-012678,3,Pesimo,Pesimo,2022-09-05 08:48:00
REV-007892,ORD-003634,2,Excelente producto,Excelente producto,2021-12-06 23:47:00
REV-007893,ORD-000476,4,Mejor de lo esperado,Mejor de lo esperado,2021-08-07 01:28:00
REV-007894,ORD-000942,2,Mejor de lo esperado,Mejor de lo esperado,2022-05-08 13:18:00
REV-007895,ORD-014413,5,Malo,,2021-09-21 22:31:00
REV-007896,ORD-004778,3,,,2023-08-23 15:00:00
REV-007897,ORD-002021,4,No lo recomiendo,No lo recomiendo,2022-06-27 02:52:00
REV-007898,ORD-013181,4,Excelente producto,Excelente producto,2023-09-29 23:18:00
REV-007899,ORD-000519,4,Pesimo,Pesimo,2022-12-19 19:29:00
REV-007900,ORD-013659,2,,,2022-08-29 04:24:00
REV-007901,ORD-001863,2,Buena calidad,,2021-08-20 04:39:00
REV-007902,ORD-002263,5,Recomendado,,2023-12-25 19:11:00
REV-007903,ORD-003286,1,Mejor de lo esperado,Mejor de lo esperado,2021-10-26 11:52:00
REV-007904,ORD-006340,1,Excelente producto,Excelente producto,2021-12-21 17:34:00
REV-007905,ORD-005644,3,Mejor de lo esperado,Mejor de lo esperado,2023-11-29 15:54:00
REV-007906,ORD-006384,5,OK,OK,2021-04-04 10:32:00
REV-007907,ORD-005493,5,Cumple expectativas,Cumple expectativas,2022-05-04 05:46:00
REV-007908,ORD-008251,5,Malo,Malo,2021-03-08 19:26:00
REV-007909,ORD-008191,5,Mejor de lo esperado,,2023-10-02 10:04:00
REV-007910,ORD-005584,5,Malo,Malo,2021-07-31 20:37:00
REV-007911,ORD-009585,3,Buena calidad,Buena calidad,2021-09-07 16:46:00
REV-007912,ORD-012701,2,,,2022-08-03 10:06:00
REV-007913,ORD-005943,4,Recomendado,Recomendado,2022-08-08 08:07:00
REV-007914,ORD-013659,4,Regular,,2021-10-28 14:36:00
REV-007915,ORD-009723,3,Regular,,2021-08-27 16:39:00
REV-007916,ORD-002025,5,Regular,Regular,2023-03-09 02:24:00
REV-007917,ORD-008044,4,No lo recomiendo,,2022-05-02 10:42:00
REV-007918,ORD-011634,3,OK,OK,2023-12-28 15:18:00
REV-007919,ORD-003744,5,Muy bueno,Muy bueno,2023-11-11 07:18:00
REV-007920,ORD-014356,5,Regular,Regular,2024-01-11 03:32:00
REV-007921,ORD-014752,4,Pesimo,Pesimo,2022-12-13 00:14:00
REV-007922,ORD-012003,5,Malo,,2021-11-08 17:51:00
REV-007923,ORD-008983,5,Llego roto,,2023-02-08 11:02:00
REV-007924,ORD-010499,1,OK,OK,2021-06-10 06:22:00
REV-007925,ORD-004182,3,,,2021-03-03 01:44:00
REV-007926,ORD-012971,5,No lo recomiendo,No lo recomiendo,2022-03-10 07:32:00
REV-007927,ORD-008329,5,Regular,Regular,2021-12-13 15:20:00
REV-007928,ORD-003303,1,Recomendado,,2021-12-11 17:36:00
REV-007929,ORD-014072,5,Muy bueno,Muy bueno,2023-09-23 23:19:00
REV-007930,ORD-004195,2,Llego roto,,2023-11-07 08:32:00
REV-007931,ORD-010256,2,No lo recomiendo,,2024-03-02 00:16:00
REV-007932,ORD-003804,5,Pesimo,Pesimo,2021-11-10 01:16:00
REV-007933,ORD-929641,3,Buena calidad,Buena calidad,2022-05-29 17:46:00
REV-007934,ORD-005059,3,Excelente producto,Excelente producto,2021-07-17 03:44:00
REV-007935,ORD-007549,4,Muy bueno,,2022-11-05 10:10:00
REV-007936,ORD-005011,5,Muy bueno,Muy bueno,2023-02-04 03:30:00
REV-007937,ORD-008123,5,Malo,Malo,2021-02-24 06:32:00
REV-007938,ORD-014155,2,Pesimo,Pesimo,2022-09-08 03:16:00
REV-007939,ORD-005844,2,No lo recomiendo,,2023-11-26 03:30:00
REV-007940,ORD-005876,3,,,2023-08-26 11:40:00
REV-007941,ORD-011148,5,Cumple expectativas,,2023-06-29 19:02:00
REV-007942,ORD-002089,4,Excelente producto,Excelente producto,2021-11-08 18:59:00
REV-007943,ORD-007537,3,No lo recomiendo,,2021-04-26 14:15:00
REV-007944,ORD-009464,1,Cumple expectativas,Cumple expectativas,2022-06-08 22:54:00
REV-007945,ORD-011383,3,OK,,2024-06-14 09:52:00
REV-007946,ORD-011725,4,Muy bueno,Muy bueno,2021-11-29 02:29:00
REV-007947,ORD-007466,5,OK,OK,2021-12-16 18:19:00
REV-007948,ORD-004697,5,Recomendado,,2022-07-17 23:56:00
REV-007949,ORD-009406,1,OK,,2022-12-29 05:35:00
REV-007950,ORD-000053,5,Mejor de lo esperado,,2021-11-13 09:08:00
REV-007951,ORD-006101,4,Buena calidad,Buena calidad,2021-05-24 14:56:00
REV-007952,ORD-009076,5,OK,,2023-06-04 20:54:00
REV-007953,ORD-009943,5,Regular,Regular,2024-03-21 13:12:00
REV-007954,ORD-012368,2,Excelente producto,Excelente producto,2022-02-05 09:40:00
REV-007955,ORD-006032,2,Regular,,2021-05-06 21:42:00
REV-007956,ORD-004037,2,Llego roto,Llego roto,2023-08-23 00:05:00
REV-007957,ORD-000705,4,Cumple expectativas,,2022-05-12 05:41:00
REV-007958,ORD-004035,1,Buena calidad,Buena calidad,2023-10-31 21:38:00
REV-007959,ORD-006271,4,Recomendado,Recomendado,2022-12-11 05:51:00
REV-007960,ORD-002688,3,Buena calidad,Buena calidad,2023-04-16 01:09:00
REV-007961,ORD-006861,1,Malo,Malo,2021-03-03 19:56:00
REV-007962,ORD-008583,2,Recomendado,,2023-04-02 01:11:00
REV-007963,ORD-009403,1,Recomendado,,2022-11-13 05:37:00
REV-007964,ORD-014286,5,Llego roto,Llego roto,2021-06-24 09:59:00
REV-007965,ORD-011110,3,Malo,Malo,2023-08-17 07:22:00
REV-007966,ORD-008775,4,Cumple expectativas,,2021-10-10 03:18:00
REV-007967,ORD-003421,3,Recomendado,Recomendado,2022-03-15 01:34:00
REV-007968,ORD-009383,4,Malo,,2023-07-23 20:19:00
REV-007969,ORD-004308,5,Regular,,2022-12-19 21:02:00
REV-007970,ORD-011604,1,Regular,Regular,2022-03-11 02:37:00
REV-007971,ORD-926693,3,Pesimo,Pesimo,2021-12-20 01:35:00
REV-007972,ORD-010888,1,Llego roto,Llego roto,2023-11-04 18:19:00
REV-007973,ORD-013131,3,Excelente producto,Excelente producto,2023-10-12 07:07:00
REV-007974,ORD-014910,1,Muy bueno,,2024-06-27 21:33:00
REV-007975,ORD-974963,,,,2023-03-06 09:33:00
REV-007976,ORD-002158,2,,,2023-07-29 12:48:00
REV-007977,ORD-005191,3,No lo recomiendo,,2023-10-06 16:34:00
REV-007978,ORD-003199,4,Muy bueno,,2022-05-13 09:20:00
REV-007979,ORD-014307,4,Muy bueno,Muy bueno,2023-06-28 04:55:00
REV-007980,ORD-002454,1,Buena calidad,,2024-06-22 16:20:00
REV-007981,ORD-006402,2,No lo recomiendo,No lo recomiendo,2021-05-14 08:18:00
REV-007982,ORD-011361,3,Excelente producto,Excelente producto,2022-01-31 09:41:00
REV-007983,ORD-004437,2,Regular,,2022-08-24 00:17:00
REV-007984,ORD-012354,5,Muy bueno,Muy bueno,2021-02-09 00:20:00
REV-007985,ORD-005255,1,Buena calidad,,2021-12-13 12:11:00
REV-007986,ORD-003365,4,Regular,Regular,2022-12-20 15:50:00
REV-007987,ORD-006394,5,No lo recomiendo,,2022-09-30 06:12:00
REV-007988,ORD-002852,5,Llego roto,Llego roto,2024-01-29 11:10:00
REV-007989,ORD-001476,3,Llego roto,,2021-02-02 10:03:00
REV-007990,ORD-012196,3,Regular,,2021-04-26 14:12:00
REV-007991,ORD-010460,3,Regular,Regular,2022-05-22 10:45:00
REV-007992,ORD-002872,3,Cumple expectativas,Cumple expectativas,2022-08-19 13:41:00
REV-007993,ORD-000683,1,No lo recomiendo,No lo recomiendo,2021-12-03 19:28:00
REV-007994,ORD-005640,1,No lo recomiendo,No lo recomiendo,2022-06-20 02:05:00
REV-007995,ORD-005197,2,,,2023-10-21 22:55:00
REV-007996,ORD-009049,5,Cumple expectativas,,2021-11-29 23:11:00
REV-007997,ORD-008329,1,Cumple expectativas,,2022-10-26 01:25:00
REV-007998,ORD-005394,3,Llego roto,Llego roto,2022-04-09 15:18:00
REV-007999,ORD-002446,4,Excelente producto,,2024-05-20 10:07:00
REV-008000,ORD-007663,5,Recomendado,Recomendado,2022-08-28 07:05:00
REV-008001,ORD-000765,2,,,2022-05-21 05:31:00
REV-008002,ORD-009732,5,Cumple expectativas,,2022-04-20 12:24:00
REV-008003,ORD-010073,2,Regular,,2022-08-13 14:43:00
REV-008004,ORD-008002,1,Regular,Regular,2023-01-02 11:48:00
REV-008005,ORD-012674,3,Recomendado,,2022-09-12 23:17:00
REV-008006,ORD-001144,2,Muy bueno,Muy bueno,2023-12-21 05:53:00
REV-008007,ORD-011569,1,,,2024-06-25 12:38:00
REV-008008,ORD-001990,2,Pesimo,Pesimo,2023-09-05 16:13:00
REV-008009,ORD-009591,3,Regular,,2021-05-10 19:31:00
REV-008010,ORD-005845,2,OK,,2024-05-03 08:12:00
REV-008011,ORD-004812,4,OK,,2024-06-18 14:25:00
REV-008012,ORD-014669,3,Cumple expectativas,Cumple expectativas,2024-04-13 04:03:00
REV-008013,ORD-011342,1,Mejor de lo esperado,,2024-05-25 10:09:00
REV-008014,ORD-012119,4,Pesimo,Pesimo,2023-01-16 09:34:00
REV-008015,ORD-957539,3,Pesimo,,2021-02-03 07:08:00
REV-008016,ORD-003349,4,OK,,2023-04-13 15:42:00
REV-008017,ORD-011730,4,Malo,,2021-02-19 15:02:00
REV-008018,ORD-010743,3,No lo recomiendo,No lo recomiendo,2021-04-14 14:51:00
REV-008019,ORD-014358,4,,,2023-11-30 19:05:00
REV-008020,ORD-014978,3,Cumple expectativas,Cumple expectativas,2023-10-12 20:56:00
REV-008021,ORD-003517,2,Cumple expectativas,Cumple expectativas,2024-03-22 13:23:00
REV-008022,ORD-014055,3,Excelente producto,Excelente producto,2021-07-22 21:36:00
REV-008023,ORD-001498,5,Llego roto,,2023-02-01 15:39:00
REV-008024,ORD-001191,5,Buena calidad,Buena calidad,2022-07-21 19:03:00
REV-008025,ORD-014118,4,OK,,2021-08-07 03:27:00
REV-008026,ORD-002057,1,Excelente producto,,2021-10-23 06:55:00
REV-008027,ORD-003123,1,Mejor de lo esperado,Mejor de lo esperado,2023-05-10 17:58:00
REV-008028,ORD-014519,5,Llego roto,Llego roto,2023-12-27 17:41:00
REV-008029,ORD-014354,2,Muy bueno,Muy bueno,2022-06-30 15:06:00
REV-008030,ORD-005103,3,Excelente producto,Excelente producto,2023-10-10 18:01:00
REV-008031,ORD-008997,5,Buena calidad,Buena calidad,2021-05-10 03:15:00
REV-008032,ORD-014891,2,OK,,2021-03-29 15:40:00
REV-008033,ORD-002603,6,OK,OK,2022-03-14 04:57:00
REV-008034,ORD-007820,1,Muy bueno,Muy bueno,2021-05-09 13:50:00
REV-008035,ORD-013285,4,No lo recomiendo,No lo recomiendo,2023-12-27 22:53:00
REV-008036,ORD-002776,1,Recomendado,Recomendado,2024-06-15 10:01:00
REV-008037,ORD-013516,3,Muy bueno,Muy bueno,2021-07-28 18:45:00
REV-008038,ORD-005507,4,Pesimo,Pesimo,2024-03-05 23:59:00
REV-008039,ORD-014071,3,Regular,,2023-03-14 07:32:00
REV-008040,ORD-006076,2,Mejor de lo esperado,Mejor de lo esperado,2023-06-01 07:43:00
REV-008041,ORD-014563,2,No lo recomiendo,,2024-06-09 19:40:00
REV-008042,ORD-014992,4,Recomendado,,2022-11-14 02:11:00
REV-008043,ORD-012941,4,,,2021-05-07 01:34:00
REV-008044,ORD-009954,3,Excelente producto,,2021-03-08 19:52:00
REV-008045,ORD-901658,3,Regular,Regular,2022-11-19 18:30:00
REV-008046,ORD-007602,-1,OK,,2023-07-10 22:00:00
REV-008047,ORD-012900,3,OK,,2022-12-25 08:15:00
REV-008048,ORD-001190,3,Regular,,2023-04-29 09:40:00
REV-008049,ORD-014516,5,Buena calidad,,2024-06-29 01:26:00
REV-008050,ORD-002951,3,Buena calidad,Buena calidad,2023-04-04 00:03:00
REV-008051,ORD-003738,5,Muy bueno,Muy bueno,2024-03-15 17:06:00
REV-008052,ORD-004072,2,No lo recomiendo,,2021-06-13 18:49:00
REV-008053,ORD-005993,2,Llego roto,,2022-06-04 04:26:00
REV-008054,ORD-000944,3,Regular,Regular,2023-05-05 01:49:00
REV-008055,ORD-014519,4,,,2023-03-10 22:52:00
REV-008056,ORD-006000,1,Cumple expectativas,Cumple expectativas,2023-11-11 14:46:00
REV-008057,ORD-008473,4,Recomendado,,2022-09-23 15:33:00
REV-008058,ORD-003833,3,Buena calidad,,2023-08-16 00:58:00
REV-008059,ORD-005217,5,Cumple expectativas,,2021-04-23 08:10:00
REV-008060,ORD-003216,3,Regular,Regular,2024-06-18 22:44:00
REV-008061,ORD-011519,4,,,2021-06-20 11:10:00
REV-008062,ORD-000497,5,Pesimo,,2021-05-10 13:53:00
REV-008063,ORD-013303,4,Recomendado,Recomendado,2022-05-07 03:33:00
REV-008064,ORD-012993,1,Recomendado,Recomendado,2022-06-23 18:11:00
REV-004241,ORD-003935,1,OK,,2023-06-10 20:42:00
REV-008066,ORD-011997,2,Recomendado,,2024-05-06 16:41:00
REV-008067,ORD-010100,1,Muy bueno,,2023-11-29 02:30:00
REV-008068,ORD-006039,3,,,2022-11-02 20:23:00
REV-008069,ORD-014251,4,,,2023-12-25 06:09:00
REV-008070,ORD-008419,4,Muy bueno,Muy bueno,2022-09-18 08:01:00
REV-008071,ORD-001581,5,Recomendado,,2021-07-06 03:03:00
REV-008072,ORD-012192,5,Muy bueno,,2022-12-15 13:57:00
REV-008073,ORD-009166,4,Recomendado,Recomendado,2022-10-13 09:17:00
REV-008074,ORD-007580,4,Malo,,2021-12-31 07:48:00
REV-008075,ORD-004030,1,Cumple expectativas,Cumple expectativas,2021-12-21 19:39:00
REV-008076,ORD-005688,1,Llego roto,Llego roto,2023-08-04 02:08:00
REV-008077,ORD-010724,2,Pesimo,,2021-05-01 14:16:00
REV-008078,ORD-014164,2,Malo,Malo,2022-09-15 02:40:00
REV-008079,ORD-004395,2,Buena calidad,Buena calidad,2021-12-25 00:26:00
REV-008080,ORD-008173,3,Cumple expectativas,Cumple expectativas,2022-05-05 16:59:00
REV-008081,ORD-008065,,Regular,Regular,2023-12-30 06:36:00
REV-008082,ORD-009305,3,Mejor de lo esperado,,2022-03-22 00:07:00
REV-008083,ORD-012740,1,No lo recomiendo,,2021-04-28 09:15:00
REV-008084,ORD-003488,4,Malo,,2023-09-23 10:34:00
REV-008085,ORD-014211,1,Buena calidad,Buena calidad,2022-12-20 12:03:00
REV-008086,ORD-008630,4,Excelente producto,Excelente producto,2023-12-12 03:31:00
REV-008087,ORD-008728,3,Recomendado,,2023-02-26 15:44:00
REV-008088,ORD-005943,4,No lo recomiendo,,2021-07-03 03:45:00
REV-008089,ORD-007294,1,,,2023-08-29 13:06:00
REV-008090,ORD-014199,1,Pesimo,,2021-06-11 02:43:00
REV-008091,ORD-011826,1,No lo recomiendo,No lo recomiendo,2023-10-08 02:34:00
REV-008092,ORD-007352,3,,,2021-10-19 00:42:00
REV-008093,ORD-008639,2,Recomendado,,2021-11-04 00:54:00
REV-008094,ORD-008398,1,Muy bueno,,2023-03-18 04:19:00
REV-008095,ORD-003366,1,Malo,,2022-02-17 06:35:00
REV-008096,ORD-014922,5,Regular,Regular,2021-07-07 20:03:00
REV-008097,ORD-001287,1,Cumple expectativas,Cumple expectativas,2021-03-07 20:37:00
REV-008098,ORD-002069,4,Regular,Regular,2023-05-16 07:24:00
REV-008099,ORD-005445,3,Mejor de lo esperado,Mejor de lo esperado,2021-12-04 13:37:00
REV-008100,ORD-011189,5,Regular,Regular,2023-02-09 12:28:00
REV-008101,ORD-011949,3,No lo recomiendo,,2022-03-23 15:06:00
REV-008102,ORD-009471,1,Muy bueno,Muy bueno,2023-03-30 17:16:00
REV-008103,ORD-006428,4,Llego roto,Llego roto,2022-03-28 13:22:00
REV-008104,ORD-005976,4,Llego roto,Llego roto,2022-02-05 23:27:00
REV-008105,ORD-011728,5,Recomendado,,2022-07-03 13:54:00
REV-008106,ORD-010761,2,Buena calidad,,2021-07-24 02:36:00
REV-008107,ORD-005093,1,Cumple expectativas,,2023-01-31 10:28:00
REV-008108,ORD-014457,5,Muy bueno,,2021-11-25 17:50:00
REV-008109,ORD-002279,2,Malo,,2023-12-10 15:43:00
REV-008110,ORD-013346,-1,Cumple expectativas,Cumple expectativas,2024-03-14 12:16:00
REV-008111,ORD-002247,3,Malo,Malo,2024-04-30 20:20:00
REV-008112,ORD-004317,1,Muy bueno,,2023-07-11 14:54:00
REV-008113,ORD-009102,5,Muy bueno,Muy bueno,2021-09-09 12:04:00
REV-008114,ORD-014581,4,OK,OK,2021-07-04 01:59:00
REV-008115,ORD-014808,2,Regular,Regular,2021-07-16 17:54:00
REV-008116,ORD-011034,4,Cumple expectativas,,2022-02-11 03:55:00
REV-008117,ORD-004839,1,No lo recomiendo,No lo recomiendo,2023-10-24 06:31:00
REV-008118,ORD-012475,2,Buena calidad,,2023-09-16 21:53:00
REV-008119,ORD-002183,1,Llego roto,,2021-08-29 17:26:00
REV-008120,ORD-009095,2,Cumple expectativas,Cumple expectativas,2024-05-24 20:34:00
REV-008121,ORD-006359,1,Muy bueno,Muy bueno,2021-04-27 09:23:00
REV-008122,ORD-001541,5,Buena calidad,Buena calidad,2021-03-25 08:58:00
REV-008123,ORD-007052,4,OK,OK,2023-11-13 00:03:00
REV-008124,ORD-009540,5,Cumple expectativas,Cumple expectativas,2021-06-09 13:15:00
REV-008125,ORD-001024,4,Llego roto,Llego roto,2024-06-26 18:25:00
REV-008126,ORD-006310,5,Malo,Malo,2021-04-30 20:26:00
REV-008127,ORD-002186,1,Pesimo,Pesimo,2023-01-07 21:32:00
REV-008128,ORD-001062,3,Pesimo,Pesimo,2023-03-08 12:46:00
REV-008129,ORD-003356,2,Regular,Regular,2021-02-17 21:57:00
REV-008130,ORD-011854,5,Muy bueno,,2021-05-07 01:37:00
REV-008131,ORD-000540,3,No lo recomiendo,,2022-03-06 11:20:00
REV-007198,ORD-009995,2,Llego roto,,2022-02-12 20:57:00
REV-008133,ORD-006802,5,OK,,2021-03-14 17:16:00
REV-008134,ORD-001223,4,Llego roto,,2022-10-21 17:25:00
REV-008135,ORD-000819,5,Muy bueno,Muy bueno,2021-04-16 14:33:00
REV-008136,ORD-001347,10,,,2022-05-24 08:58:00
REV-008137,ORD-002711,2,Buena calidad,Buena calidad,2023-01-31 11:41:00
REV-008138,ORD-001962,4,No lo recomiendo,No lo recomiendo,2023-04-24 17:36:00
REV-008139,ORD-008630,6,Buena calidad,Buena calidad,2022-07-18 07:14:00
REV-008140,ORD-006104,4,Excelente producto,Excelente producto,2021-08-20 05:19:00
REV-008141,ORD-006956,5,,,2023-12-24 21:22:00
REV-008142,ORD-001533,2,Malo,Malo,2022-10-17 04:04:00
REV-006438,ORD-014045,4,Malo,Malo,2024-01-10 23:52:00
REV-008144,ORD-013178,4,OK,,2022-03-23 11:39:00
REV-008145,ORD-001947,5,Cumple expectativas,,2021-11-29 07:22:00
REV-008146,ORD-010181,1,Malo,,2021-10-17 13:34:00
REV-008147,ORD-012622,1,,,2023-07-01 01:52:00
REV-008148,ORD-002058,1,Llego roto,,2022-09-21 11:20:00
REV-008149,ORD-001966,3,Malo,Malo,2024-03-24 17:03:00
REV-008150,ORD-008134,3,OK,OK,2021-03-07 03:55:00
REV-008151,ORD-014192,1,Regular,,2023-09-13 18:47:00
REV-008152,ORD-006148,2,Buena calidad,,2023-02-10 18:33:00
REV-008153,ORD-011015,5,No lo recomiendo,,2024-02-13 04:31:00
REV-008154,ORD-013682,4,Cumple expectativas,Cumple expectativas,2024-03-24 17:00:00
REV-008155,ORD-000597,,Pesimo,Pesimo,2023-12-26 06:12:00
REV-008156,ORD-001883,3,Muy bueno,Muy bueno,2022-12-24 15:35:00
REV-008157,ORD-009508,6,Llego roto,,2023-02-02 12:44:00
REV-008158,ORD-000212,4,No lo recomiendo,,2023-03-29 16:41:00
REV-008159,ORD-001314,3,Cumple expectativas,,2022-05-12 09:28:00
REV-008160,ORD-004955,4,No lo recomiendo,,2024-06-30 23:29:00
REV-008161,ORD-003364,5,Cumple expectativas,Cumple expectativas,2022-10-31 18:48:00
REV-008162,ORD-005821,5,Mejor de lo esperado,Mejor de lo esperado,2023-01-19 12:55:00
REV-008163,ORD-007284,4,Mejor de lo esperado,Mejor de lo esperado,2023-12-19 22:19:00
REV-008164,ORD-009191,1,,,2021-11-23 16:21:00
REV-003120,ORD-004758,5,OK,OK,2022-04-14 06:36:00
REV-008166,ORD-014209,1,Excelente producto,Excelente producto,2023-01-07 12:09:00
REV-008167,ORD-012274,5,Llego roto,Llego roto,2021-04-10 08:38:00
REV-008168,ORD-004917,2,Mejor de lo esperado,Mejor de lo esperado,2022-08-21 00:09:00
REV-008169,ORD-014896,3,Malo,,2021-07-19 08:24:00
REV-008170,ORD-014789,3,OK,,2023-12-24 22:24:00
REV-008171,ORD-005264,5,Buena calidad,,2024-03-30 22:54:00
REV-008172,ORD-005931,5,Cumple expectativas,Cumple expectativas,2022-08-28 18:01:00
REV-008173,ORD-003449,0,Pesimo,,2023-04-22 15:35:00
REV-008174,ORD-001241,1,Excelente producto,Excelente producto,2023-03-22 16:41:00
REV-008175,ORD-012686,5,Malo,,2024-05-01 02:28:00
REV-008176,ORD-007642,5,Buena calidad,,2022-02-24 00:20:00
REV-008177,ORD-010204,3,Regular,Regular,2021-04-28 17:48:00
REV-008178,ORD-002306,2,Buena calidad,,2024-06-21 01:49:00
REV-008179,ORD-011479,1,,,2023-03-26 08:44:00
REV-008180,ORD-011248,1,Recomendado,,2021-11-01 18:05:00
REV-008181,ORD-001482,2,,,2023-10-18 05:35:00
REV-008182,ORD-012381,1,Cumple expectativas,Cumple expectativas,2021-09-15 05:10:00
REV-008183,ORD-011511,2,Llego roto,Llego roto,2021-12-07 21:48:00
REV-008184,ORD-008780,4,Mejor de lo esperado,,2022-08-28 04:16:00
REV-008185,ORD-003572,1,Llego roto,Llego roto,2023-06-14 12:23:00
REV-008186,ORD-005035,3,Muy bueno,Muy bueno,2024-02-11 19:37:00
REV-008187,ORD-013279,1,Mejor de lo esperado,Mejor de lo esperado,2021-08-31 05:19:00
REV-008188,ORD-001220,3,Recomendado,,2023-10-12 01:57:00
REV-008189,ORD-000327,5,Recomendado,Recomendado,2022-12-17 20:43:00
REV-008190,ORD-971577,,Regular,Regular,2023-12-16 04:42:00
REV-008191,ORD-010659,,Buena calidad,,2023-04-05 18:23:00
REV-008192,ORD-001347,2,Excelente producto,Excelente producto,2023-10-18 05:14:00
REV-008193,ORD-006379,1,No lo recomiendo,No lo recomiendo,2021-08-30 01:40:00
REV-008194,ORD-004532,1,Muy bueno,Muy bueno,2021-11-09 19:53:00
REV-008195,ORD-014340,5,Muy bueno,Muy bueno,2021-03-09 12:43:00
REV-008196,ORD-013785,1,Llego roto,Llego roto,2023-11-14 01:25:00
REV-008197,ORD-011788,1,Mejor de lo esperado,,2023-01-18 08:32:00
REV-008198,ORD-008416,2,,,2021-07-11 07:29:00
REV-008199,ORD-007197,4,Muy bueno,Muy bueno,2024-01-11 12:10:00
REV-008200,ORD-009201,,,,2023-06-22 18:08:00
REV-008201,ORD-001061,4,OK,OK,2022-12-12 02:43:00
REV-008202,ORD-014436,2,Buena calidad,Buena calidad,2021-12-06 05:00:00
REV-008203,ORD-001409,4,Mejor de lo esperado,Mejor de lo esperado,2024-06-24 02:33:00
REV-008204,ORD-006253,4,,,2024-03-04 06:32:00
REV-008205,ORD-009007,2,,,2022-07-04 13:45:00
REV-008206,ORD-000003,2,Excelente producto,,2021-04-22 17:17:00
REV-008207,ORD-008753,4,,,2023-01-26 07:24:00
REV-008208,ORD-007294,1,Malo,,2021-05-04 15:17:00
REV-008209,ORD-010722,2,Malo,Malo,2022-03-23 16:04:00
REV-008210,ORD-005692,5,Pesimo,,2021-04-10 20:13:00
REV-008211,ORD-007036,1,No lo recomiendo,No lo recomiendo,2021-08-05 20:16:00
REV-008212,ORD-006815,5,Recomendado,Recomendado,2022-10-30 12:34:00
REV-008213,ORD-009926,5,Buena calidad,,2024-06-27 02:46:00
REV-008214,ORD-006217,4,Pesimo,Pesimo,2021-12-10 18:17:00
REV-008215,ORD-003207,4,Mejor de lo esperado,Mejor de lo esperado,2021-04-27 15:24:00
REV-008216,ORD-005183,1,Mejor de lo esperado,,2024-03-17 03:43:00
REV-008217,ORD-006658,5,Regular,,2021-10-29 17:16:00
REV-008218,ORD-004300,4,Malo,,2022-12-06 07:02:00
REV-008219,ORD-002464,4,Regular,Regular,2021-06-18 06:35:00
REV-008220,ORD-003126,-1,Muy bueno,Muy bueno,2021-12-27 04:21:00
REV-008221,ORD-007875,2,Recomendado,,2021-06-20 04:04:00
REV-008222,ORD-004037,2,Malo,Malo,2023-05-20 05:19:00
REV-008223,ORD-013019,5,Llego roto,,2023-11-18 17:09:00
REV-008224,ORD-008928,2,Muy bueno,Muy bueno,2024-05-12 14:37:00
REV-008225,ORD-001859,1,,,2022-07-18 08:26:00
REV-008226,ORD-009149,3,OK,OK,2023-04-04 09:29:00
REV-008227,ORD-008632,5,Buena calidad,,2023-04-11 03:53:00
REV-008228,ORD-006222,4,Malo,Malo,2022-03-28 01:16:00
REV-008229,ORD-010332,1,,,2023-05-30 22:36:00
REV-008230,ORD-012789,3,,,2022-12-31 14:02:00
REV-008231,ORD-001090,3,Cumple expectativas,,2024-06-05 06:56:00
REV-008232,ORD-011551,2,Excelente producto,Excelente producto,2021-09-26 07:12:00
REV-008233,ORD-012095,4,OK,OK,2021-10-13 09:27:00
REV-008234,ORD-014590,2,Pesimo,Pesimo,2021-08-29 07:23:00
REV-008235,ORD-010460,3,Llego roto,Llego roto,2022-09-19 02:18:00
REV-008236,ORD-000733,2,Recomendado,Recomendado,2021-02-26 22:39:00
REV-008237,ORD-003230,5,OK,OK,2022-10-26 16:17:00
REV-008238,ORD-001549,5,Buena calidad,,2022-08-25 03:50:00
REV-008239,ORD-013585,5,Buena calidad,,2021-02-27 10:30:00
REV-008240,ORD-010201,3,Pesimo,Pesimo,2022-03-19 03:51:00
REV-008241,ORD-008951,5,Llego roto,Llego roto,2023-07-21 02:02:00
REV-008242,ORD-010628,3,Regular,Regular,2023-12-29 08:19:00
REV-008243,ORD-000644,2,Llego roto,,2021-06-24 04:25:00
REV-008244,ORD-011602,5,Malo,Malo,2021-06-26 10:57:00
REV-008245,ORD-001510,2,,,2023-12-30 14:30:00
REV-008246,ORD-002756,4,No lo recomiendo,No lo recomiendo,2022-08-26 10:11:00
REV-008247,ORD-002340,3,Cumple expectativas,,2023-10-22 04:07:00
REV-008248,ORD-000417,2,Malo,,2022-04-26 07:38:00
REV-008249,ORD-002819,5,Excelente producto,Excelente producto,2022-03-31 14:16:00
REV-008250,ORD-008027,1,Cumple expectativas,Cumple expectativas,2023-06-11 20:23:00
REV-008251,ORD-005012,4,Llego roto,,2024-06-30 15:09:00
REV-008252,ORD-014904,5,Recomendado,,2022-02-07 02:06:00
REV-008253,ORD-007616,1,Malo,,2023-10-15 11:27:00
REV-008254,ORD-013257,5,Regular,,2022-01-05 07:18:00
REV-008255,ORD-002870,2,Pesimo,Pesimo,2022-07-01 18:41:00
REV-008256,ORD-007355,4,Mejor de lo esperado,Mejor de lo esperado,2024-03-26 06:32:00
REV-008257,ORD-006663,5,Recomendado,,2023-08-24 05:07:00
REV-008258,ORD-001928,1,Cumple expectativas,Cumple expectativas,2022-06-14 16:37:00
REV-008259,ORD-003703,2,Regular,Regular,2023-02-24 03:01:00
REV-008260,ORD-012289,2,Regular,Regular,2023-08-26 07:35:00
REV-008261,ORD-014171,5,No lo recomiendo,No lo recomiendo,2024-06-30 23:10:00
REV-008262,ORD-011038,3,Muy bueno,,2022-02-10 13:49:00
REV-008263,ORD-002928,4,Regular,,2022-05-19 07:29:00
REV-008264,ORD-008367,5,Llego roto,Llego roto,2023-09-11 01:44:00
REV-008265,ORD-014667,3,OK,,2022-08-07 05:05:00
REV-008266,ORD-007076,5,,,2023-06-28 05:31:00
REV-008267,ORD-010285,2,Recomendado,Recomendado,2021-04-18 00:42:00
REV-008268,ORD-002910,2,Malo,,2021-03-16 22:28:00
REV-008269,ORD-003374,5,Buena calidad,Buena calidad,2023-02-19 11:57:00
REV-008270,ORD-004219,4,Pesimo,,2021-07-22 13:39:00
REV-008271,ORD-005883,4,Llego roto,Llego roto,2021-10-03 01:33:00
REV-008272,ORD-008917,6,Mejor de lo esperado,Mejor de lo esperado,2021-09-12 12:59:00
REV-008273,ORD-011421,5,No lo recomiendo,No lo recomiendo,2021-10-17 19:30:00
REV-008274,ORD-004732,3,Recomendado,Recomendado,2022-03-20 01:21:00
REV-008275,ORD-013660,5,Llego roto,Llego roto,2021-05-21 07:57:00
REV-008276,ORD-014457,3,Recomendado,Recomendado,2022-10-03 21:05:00
REV-008277,ORD-006948,1,Regular,Regular,2021-07-01 09:14:00
REV-008278,ORD-012031,3,Muy bueno,,2023-02-27 17:53:00
REV-008279,ORD-009105,3,Buena calidad,Buena calidad,2023-12-31 16:32:00
REV-008280,ORD-013943,5,Cumple expectativas,,2022-12-06 13:22:00
REV-008281,ORD-001164,4,Mejor de lo esperado,,2023-02-14 15:45:00
REV-008282,ORD-014434,4,Recomendado,,2023-02-15 12:43:00
REV-008283,ORD-009146,3,Recomendado,Recomendado,2021-12-19 14:37:00
REV-008284,ORD-011667,2,Muy bueno,Muy bueno,2022-10-11 21:44:00
REV-008285,ORD-006121,5,Malo,Malo,2022-07-03 20:40:00
REV-008286,ORD-003373,5,Malo,Malo,2023-04-01 01:42:00
REV-008287,ORD-007594,2,Llego roto,Llego roto,2023-05-03 06:09:00
REV-008288,ORD-002295,,Llego roto,,2022-02-18 02:21:00
REV-008289,ORD-006877,1,Malo,Malo,2022-09-05 22:49:00
REV-008290,ORD-005717,1,Excelente producto,Excelente producto,2023-06-14 20:30:00
REV-008291,ORD-013438,3,Mejor de lo esperado,Mejor de lo esperado,2023-07-28 03:04:00
REV-008292,ORD-014046,2,Pesimo,Pesimo,2022-05-23 19:24:00
REV-008293,ORD-003650,4,Malo,Malo,2024-06-05 20:38:00
REV-008294,ORD-014667,4,Malo,,2021-12-16 05:03:00
REV-008295,ORD-014087,2,Buena calidad,Buena calidad,2022-06-01 21:07:00
REV-008296,ORD-007037,4,Pesimo,Pesimo,2021-05-14 21:22:00
REV-008297,ORD-010377,1,Muy bueno,Muy bueno,2023-04-02 15:01:00
REV-008298,ORD-009557,4,OK,,2022-11-29 00:27:00
REV-008299,ORD-000638,3,OK,OK,2024-03-19 11:02:00
REV-008300,ORD-001289,1,Regular,Regular,2021-12-22 09:40:00
REV-008301,ORD-007070,3,Excelente producto,,2024-01-23 09:51:00
REV-008302,ORD-007981,3,Malo,,2024-05-08 13:30:00
REV-008303,ORD-011855,4,OK,,2023-07-25 06:28:00
REV-008304,ORD-014894,2,OK,OK,2023-08-27 23:14:00
REV-008305,ORD-008428,1,Regular,Regular,2021-11-21 08:07:00
REV-008306,ORD-012202,5,Recomendado,,2023-07-10 14:23:00
REV-008307,ORD-010252,5,No lo recomiendo,No lo recomiendo,2024-01-28 03:20:00
REV-008308,ORD-003653,3,Pesimo,,2021-08-17 08:55:00
REV-008309,ORD-010109,3,No lo recomiendo,No lo recomiendo,2023-08-21 01:14:00
REV-008310,ORD-006360,3,Muy bueno,,2022-11-10 07:36:00
REV-008311,ORD-008751,4,Malo,Malo,2023-09-17 02:27:00
REV-008312,ORD-002189,2,Recomendado,,2022-10-13 18:14:00
REV-008313,ORD-001684,4,Muy bueno,Muy bueno,2021-03-29 02:07:00
REV-008314,ORD-003423,5,Recomendado,Recomendado,2023-08-28 20:32:00
REV-008315,ORD-001636,5,Mejor de lo esperado,Mejor de lo esperado,2023-05-12 05:40:00
REV-008316,ORD-002180,3,Llego roto,Llego roto,2023-03-02 08:01:00
REV-008317,ORD-001007,4,Recomendado,,2022-05-02 13:41:00
REV-008318,ORD-002666,5,,,2021-02-15 01:39:00
REV-008319,ORD-007229,1,Malo,Malo,2024-06-17 20:03:00
REV-008320,ORD-014021,2,Cumple expectativas,,2021-09-15 23:12:00
REV-008321,ORD-007492,1,Mejor de lo esperado,,2024-05-10 16:04:00
REV-008322,ORD-009612,1,Malo,,2023-04-30 07:03:00
REV-008323,ORD-003964,1,Pesimo,Pesimo,2022-03-10 22:37:00
REV-008324,ORD-008877,3,Pesimo,Pesimo,2023-04-06 02:30:00
REV-008325,ORD-013046,3,Mejor de lo esperado,,2023-03-16 05:24:00
REV-008326,ORD-002496,5,Regular,Regular,2022-08-31 23:25:00
REV-008327,ORD-009500,1,Buena calidad,Buena calidad,2023-07-29 11:53:00
REV-008328,ORD-003171,3,OK,OK,2022-06-09 21:42:00
REV-008329,ORD-002069,2,Regular,Regular,2024-02-01 08:26:00
REV-008330,ORD-003578,2,Buena calidad,Buena calidad,2021-10-26 01:04:00
REV-008331,ORD-002218,5,No lo recomiendo,,2023-12-20 15:23:00
REV-008332,ORD-009638,4,OK,OK,2021-04-07 00:24:00
REV-008333,ORD-005888,1,No lo recomiendo,,2021-10-26 11:00:00
REV-004907,ORD-004415,2,Excelente producto,Excelente producto,2022-11-05 09:25:00
REV-008335,ORD-000056,2,Cumple expectativas,Cumple expectativas,2022-07-01 08:02:00
REV-008336,ORD-001863,4,Llego roto,,2021-10-16 21:47:00
REV-008337,ORD-009399,4,Pesimo,,2022-12-05 19:41:00
REV-008338,ORD-011446,5,,,2022-12-06 11:44:00
REV-008339,ORD-013860,4,Muy bueno,Muy bueno,2022-09-29 02:51:00
REV-008340,ORD-012983,3,No lo recomiendo,,2023-08-11 06:29:00
REV-008341,ORD-003739,4,Malo,Malo,2023-01-07 05:01:00
REV-008342,ORD-000246,4,Malo,Malo,2023-04-02 23:42:00
REV-008343,ORD-006000,3,Pesimo,,2022-08-13 00:50:00
REV-008344,ORD-009249,10,Buena calidad,,2022-08-06 04:21:00
REV-008345,ORD-003086,1,Malo,,2023-07-08 02:54:00
REV-008346,ORD-013754,2,Llego roto,Llego roto,2022-08-11 05:54:00
REV-008347,ORD-002874,5,Mejor de lo esperado,Mejor de lo esperado,2022-12-29 04:31:00
REV-008348,ORD-014712,3,Cumple expectativas,Cumple expectativas,2021-11-18 22:49:00
REV-008349,ORD-009905,3,Excelente producto,Excelente producto,2021-12-31 23:24:00
REV-008350,ORD-010785,5,No lo recomiendo,No lo recomiendo,2022-05-12 08:20:00
REV-008351,ORD-003655,2,Excelente producto,Excelente producto,2022-11-26 18:59:00
REV-008352,ORD-012460,5,OK,OK,2022-07-07 12:41:00
REV-008353,ORD-001008,3,Llego roto,,2024-03-31 16:01:00
REV-008354,ORD-013600,2,,,2023-02-16 20:29:00
REV-008355,ORD-006331,3,Recomendado,Recomendado,2023-02-24 03:55:00
REV-008356,ORD-003609,1,OK,,2021-10-12 16:04:00
REV-008357,ORD-001518,1,Buena calidad,,2023-11-15 22:45:00
REV-008358,ORD-004183,2,Recomendado,,2022-01-29 14:28:00
REV-008359,ORD-010462,3,Excelente producto,Excelente producto,2021-12-02 20:40:00
REV-005996,ORD-014906,5,Muy bueno,Muy bueno,2022-08-07 04:49:00
REV-008361,ORD-010507,4,Malo,Malo,2021-06-26 17:48:00
REV-008362,ORD-008515,2,Malo,,2023-08-01 07:10:00
REV-008363,ORD-004723,2,,,2023-11-21 20:51:00
REV-008364,ORD-006487,5,Mejor de lo esperado,Mejor de lo esperado,2021-10-07 03:49:00
REV-008365,ORD-001706,5,Regular,Regular,2022-09-26 10:31:00
REV-008366,ORD-011982,2,OK,,2023-08-19 05:47:00
REV-008367,ORD-009293,5,Buena calidad,,2021-09-18 06:59:00
REV-008368,ORD-014199,5,Regular,Regular,2022-07-21 14:42:00
REV-008369,ORD-001938,3,Llego roto,,2022-03-19 18:11:00
REV-008370,ORD-014986,5,Malo,Malo,2022-04-25 14:19:00
REV-008371,ORD-006455,1,,,2023-03-23 00:29:00
REV-008372,ORD-009359,4,Mejor de lo esperado,Mejor de lo esperado,2023-06-22 12:23:00
REV-008373,ORD-001228,3,Pesimo,Pesimo,2021-05-10 11:36:00
REV-008374,ORD-001149,5,Regular,,2022-04-29 09:09:00
REV-008375,ORD-003486,5,Cumple expectativas,,2022-04-13 04:39:00
REV-008376,ORD-010481,5,,,2023-05-20 13:06:00
REV-008377,ORD-004755,3,No lo recomiendo,,2022-05-24 16:13:00
REV-008378,ORD-010447,4,Pesimo,Pesimo,2023-12-17 15:43:00
REV-008379,ORD-001553,3,Pesimo,,2022-05-23 17:11:00
REV-008380,ORD-003719,4,Recomendado,Recomendado,2021-09-16 12:32:00
REV-008381,ORD-003029,6,Llego roto,,2023-06-11 18:24:00
REV-008382,ORD-004506,2,Excelente producto,Excelente producto,2022-10-20 22:14:00
REV-008383,ORD-004090,2,Buena calidad,Buena calidad,2024-06-02 04:17:00
REV-008384,ORD-001346,1,Cumple expectativas,Cumple expectativas,2024-04-03 19:15:00
REV-008385,ORD-003163,1,Cumple expectativas,,2023-10-13 15:58:00
REV-008386,ORD-002881,1,Regular,,2021-03-02 18:56:00
REV-008387,ORD-012435,5,Malo,Malo,2023-08-11 23:37:00
REV-008388,ORD-006837,2,Excelente producto,,2023-09-16 22:11:00
REV-008389,ORD-011587,3,Pesimo,,2023-07-26 17:42:00
REV-008390,ORD-011398,1,Buena calidad,Buena calidad,2022-10-23 15:52:00
REV-008391,ORD-004744,5,OK,,2022-01-03 18:40:00
REV-008392,ORD-013269,5,,,2022-11-14 00:04:00
REV-008393,ORD-012713,4,Llego roto,Llego roto,2023-11-14 21:09:00
REV-008394,ORD-007958,5,Muy bueno,,2023-01-18 08:20:00
REV-008395,ORD-001468,1,Malo,Malo,2023-12-23 14:58:00
REV-008396,ORD-002813,2,Excelente producto,Excelente producto,2023-03-19 19:24:00
REV-008397,ORD-009222,3,,,2022-06-14 19:11:00
REV-008398,ORD-010028,1,Pesimo,Pesimo,2022-04-01 13:33:00
REV-008399,ORD-014187,4,Cumple expectativas,Cumple expectativas,2022-01-29 16:02:00
REV-008400,ORD-009312,3,Cumple expectativas,Cumple expectativas,2021-09-10 00:31:00
REV-008401,ORD-012650,2,Buena calidad,Buena calidad,2024-01-21 19:19:00
REV-008402,ORD-008513,3,Recomendado,Recomendado,2023-04-27 15:37:00
REV-008403,ORD-013430,5,Mejor de lo esperado,,2022-09-16 23:03:00
REV-008404,ORD-007450,4,Regular,,2022-01-27 08:27:00
REV-008405,ORD-003036,3,OK,OK,2023-04-25 17:55:00
REV-008406,ORD-007255,3,Pesimo,,2021-08-23 04:31:00
REV-008407,ORD-003843,5,Regular,Regular,2021-12-28 00:16:00
REV-008408,ORD-004617,-1,Llego roto,,2022-12-11 13:19:00
REV-008409,ORD-006826,4,Recomendado,,2023-07-03 10:04:00
REV-008410,ORD-011791,-1,No lo recomiendo,,2022-10-26 02:28:00
REV-008411,ORD-003496,3,Mejor de lo esperado,Mejor de lo esperado,2024-03-13 00:36:00
REV-008412,ORD-007388,2,Excelente producto,,2022-10-11 07:45:00
REV-008413,ORD-013101,5,Recomendado,,2022-10-11 03:13:00
REV-008414,ORD-000892,4,Cumple expectativas,Cumple expectativas,2024-03-15 19:25:00
REV-008415,ORD-003640,2,Malo,Malo,2023-07-11 11:12:00
REV-008416,ORD-010823,4,Cumple expectativas,Cumple expectativas,2022-10-20 13:36:00
REV-008417,ORD-014187,5,Llego roto,Llego roto,2021-07-23 12:45:00
REV-008418,ORD-003311,1,Recomendado,Recomendado,2024-05-16 00:44:00
REV-008419,ORD-002498,1,Cumple expectativas,Cumple expectativas,2021-02-23 18:54:00
REV-008420,ORD-006123,1,Mejor de lo esperado,Mejor de lo esperado,2022-08-10 15:38:00
REV-008421,ORD-013012,2,Excelente producto,Excelente producto,2024-06-08 20:15:00
REV-008422,ORD-007918,1,Cumple expectativas,Cumple expectativas,2022-07-01 02:29:00
REV-008423,ORD-004464,3,Pesimo,Pesimo,2021-05-06 05:11:00
REV-008424,ORD-009786,2,OK,OK,2023-07-05 04:44:00
REV-008425,ORD-014702,1,Llego roto,Llego roto,2023-08-28 11:02:00
REV-008426,ORD-007690,4,Cumple expectativas,,2021-10-15 02:55:00
REV-008427,ORD-014195,2,Regular,Regular,2024-06-15 19:31:00
REV-008428,ORD-009807,4,Muy bueno,Muy bueno,2023-12-30 11:06:00
REV-008429,ORD-009294,3,Mejor de lo esperado,,2022-02-23 10:09:00
REV-008430,ORD-007364,2,OK,,2023-11-07 15:23:00
REV-008431,ORD-011270,1,Mejor de lo esperado,Mejor de lo esperado,2021-07-15 01:07:00
REV-008432,ORD-010156,3,Malo,,2022-01-21 16:55:00
REV-008433,ORD-012010,2,Malo,Malo,2022-03-22 01:07:00
REV-008434,ORD-005439,5,Pesimo,,2023-07-06 02:36:00
REV-008435,ORD-001529,5,OK,OK,2023-11-27 13:38:00
REV-008436,ORD-012170,4,OK,,2022-06-07 03:25:00
REV-008437,ORD-014297,2,Muy bueno,Muy bueno,2022-09-29 06:37:00
REV-008438,ORD-010582,5,Regular,,2024-01-23 20:45:00
REV-008439,ORD-000344,4,Buena calidad,,2024-02-20 09:15:00
REV-008440,ORD-000723,1,Buena calidad,,2023-08-07 12:12:00
REV-008441,ORD-004544,4,Excelente producto,Excelente producto,2024-06-12 09:34:00
REV-008442,ORD-006179,5,OK,OK,2024-01-16 19:51:00
REV-008443,ORD-012617,1,Recomendado,Recomendado,2022-07-21 21:46:00
REV-008444,ORD-004586,3,Regular,,2022-05-15 14:11:00
REV-008445,ORD-006839,2,Recomendado,,2021-08-19 09:36:00
REV-008446,ORD-012817,2,Excelente producto,Excelente producto,2024-01-19 08:52:00
REV-008447,ORD-014324,5,OK,,2021-07-03 20:41:00
REV-008448,ORD-003577,2,OK,,2022-08-10 07:33:00
REV-008449,ORD-000806,4,OK,,2023-03-30 05:13:00
REV-008450,ORD-006391,5,Malo,Malo,2023-03-14 13:44:00
REV-008451,ORD-006304,1,Llego roto,Llego roto,2021-12-06 23:49:00
REV-008452,ORD-006749,3,Pesimo,,2022-03-24 10:52:00
REV-008453,ORD-006181,2,Excelente producto,,2021-08-14 14:08:00
REV-008454,ORD-009996,10,No lo recomiendo,,2021-12-22 16:21:00
REV-008455,ORD-006179,2,Recomendado,,2023-06-25 04:36:00
REV-008456,ORD-011361,3,Excelente producto,Excelente producto,2022-04-16 04:08:00
REV-008457,ORD-014555,3,,,2022-04-08 17:59:00
REV-008458,ORD-006044,1,Muy bueno,,2021-02-02 05:21:00
REV-008459,ORD-007443,3,Buena calidad,Buena calidad,2023-04-15 08:58:00
REV-008460,ORD-013755,4,Pesimo,Pesimo,2021-09-17 23:23:00
REV-008461,ORD-003895,5,Pesimo,Pesimo,2023-06-24 08:30:00
REV-008462,ORD-009851,5,Pesimo,Pesimo,2023-04-20 03:52:00
REV-008463,ORD-002762,3,Mejor de lo esperado,,2021-04-30 14:25:00
REV-008464,ORD-012089,2,Muy bueno,Muy bueno,2021-08-02 03:10:00
REV-008465,ORD-000745,2,Mejor de lo esperado,,2023-06-03 11:16:00
REV-008466,ORD-008132,1,Muy bueno,,2023-08-24 19:22:00
REV-008467,ORD-014492,3,Mejor de lo esperado,Mejor de lo esperado,2022-09-20 01:36:00
REV-008468,ORD-005630,3,Muy bueno,,2022-11-30 05:19:00
REV-008469,ORD-012403,1,OK,OK,2023-12-31 11:51:00
REV-008470,ORD-006685,5,Cumple expectativas,,2022-03-06 06:08:00
REV-008471,ORD-011735,2,Malo,Malo,2023-10-23 23:27:00
REV-008472,ORD-007556,5,,,2023-08-09 11:57:00
REV-008473,ORD-012769,5,Mejor de lo esperado,,2022-02-18 17:06:00
REV-008474,ORD-008182,3,Malo,Malo,2023-01-30 05:42:00
REV-008475,ORD-010893,2,,,2022-12-14 21:32:00
REV-008476,ORD-002948,5,Pesimo,Pesimo,2021-08-27 13:51:00
REV-008477,ORD-002698,4,Mejor de lo esperado,Mejor de lo esperado,2021-12-16 09:08:00
REV-008478,ORD-008010,4,Recomendado,Recomendado,2021-10-23 14:06:00
REV-008479,ORD-013657,3,Malo,,2022-07-20 17:17:00
REV-008480,ORD-006236,5,,,2021-06-02 01:39:00
REV-008481,ORD-013006,3,Mejor de lo esperado,,2021-11-30 21:10:00
REV-008482,ORD-010560,10,Malo,,2022-07-27 20:42:00
REV-008483,ORD-007980,3,Mejor de lo esperado,Mejor de lo esperado,2023-05-29 14:22:00
REV-008484,ORD-012040,2,Regular,Regular,2023-07-15 22:32:00
REV-008485,ORD-013633,5,Cumple expectativas,,2023-01-29 23:36:00
REV-008486,ORD-010009,2,Malo,,2023-08-14 06:44:00
REV-008487,ORD-005128,1,Recomendado,,2024-04-08 03:40:00
REV-008488,ORD-005824,4,Cumple expectativas,,2021-04-08 18:12:00
REV-008489,ORD-007635,4,,,2023-04-27 08:15:00
REV-008490,ORD-009831,4,Pesimo,Pesimo,2021-08-04 09:50:00
REV-008491,ORD-007651,5,Pesimo,Pesimo,2024-04-10 23:08:00
REV-008492,ORD-004939,1,Recomendado,,2023-03-21 23:07:00
REV-008493,ORD-009152,5,Mejor de lo esperado,Mejor de lo esperado,2023-02-18 05:52:00
REV-008494,ORD-004625,2,Regular,Regular,2024-04-12 17:16:00
REV-008495,ORD-002868,4,No lo recomiendo,No lo recomiendo,2021-05-27 00:22:00
REV-008496,ORD-925082,4,Malo,,2022-08-06 04:19:00
REV-008497,ORD-007209,2,Muy bueno,Muy bueno,2024-03-17 18:23:00
REV-008498,ORD-001552,1,,,2021-02-14 07:44:00
REV-008499,ORD-005577,1,,,2023-08-28 16:46:00
REV-008500,ORD-005330,1,Mejor de lo esperado,,2024-04-04 18:06:00
REV-008501,ORD-012943,5,No lo recomiendo,No lo recomiendo,2023-05-30 22:44:00
REV-008502,ORD-003516,3,,,2023-10-09 00:58:00
REV-008503,ORD-013583,3,Pesimo,Pesimo,2022-11-16 17:12:00
REV-008504,ORD-011977,4,Recomendado,,2024-03-06 13:45:00
REV-008505,ORD-014212,2,Malo,Malo,2022-03-03 17:39:00
REV-008506,ORD-006411,3,OK,OK,2022-08-06 22:30:00
REV-008507,ORD-008693,4,Recomendado,Recomendado,2021-08-09 21:12:00
REV-008508,ORD-012216,3,Llego roto,Llego roto,2021-04-07 04:41:00
REV-008509,ORD-009481,5,Muy bueno,,2024-06-16 03:06:00
REV-008510,ORD-014853,1,Llego roto,Llego roto,2024-04-28 15:46:00
REV-008511,ORD-013556,4,Cumple expectativas,,2022-11-02 05:25:00
REV-008512,ORD-012033,5,Regular,Regular,2021-09-12 19:51:00
REV-008513,ORD-011741,1,Regular,Regular,2024-01-02 14:23:00
REV-008514,ORD-009956,2,Mejor de lo esperado,Mejor de lo esperado,2024-03-29 00:27:00
REV-008515,ORD-009373,2,No lo recomiendo,No lo recomiendo,2023-12-16 12:22:00
REV-008516,ORD-943988,4,Pesimo,Pesimo,2021-04-09 21:23:00
REV-008517,ORD-001951,3,Excelente producto,,2024-03-27 10:58:00
REV-008518,ORD-012843,3,Malo,Malo,2023-11-03 18:09:00
REV-008519,ORD-014690,5,Cumple expectativas,Cumple expectativas,2021-07-17 20:35:00
REV-008520,ORD-010189,2,Excelente producto,,2022-09-26 16:15:00
REV-008521,ORD-014375,3,Regular,,2024-04-29 09:31:00
REV-008522,ORD-000665,3,Muy bueno,,2024-03-31 14:12:00
REV-008523,ORD-012260,5,Cumple expectativas,,2021-03-23 15:27:00
REV-008524,ORD-010406,5,Cumple expectativas,,2021-03-18 04:27:00
REV-008525,ORD-008312,5,Recomendado,Recomendado,2024-06-16 01:51:00
REV-008526,ORD-007199,5,Mejor de lo esperado,Mejor de lo esperado,2024-06-02 05:21:00
REV-008527,ORD-001196,1,Excelente producto,Excelente producto,2023-11-13 15:45:00
REV-008528,ORD-009128,3,Regular,Regular,2024-01-31 05:43:00
REV-008529,ORD-008676,2,,,2023-07-22 13:09:00
REV-008530,ORD-014055,2,Buena calidad,Buena calidad,2024-02-25 01:46:00
REV-008531,ORD-000595,5,Cumple expectativas,,2022-04-03 17:18:00
REV-008532,ORD-003785,4,Excelente producto,Excelente producto,2021-02-23 12:33:00
REV-008533,ORD-000445,5,Muy bueno,Muy bueno,2022-12-03 13:26:00
REV-008534,ORD-941631,3,No lo recomiendo,No lo recomiendo,2022-10-29 16:28:00
REV-008535,ORD-013288,-1,Excelente producto,Excelente producto,2023-04-24 16:53:00
REV-008536,ORD-004885,4,Regular,Regular,2022-02-27 20:46:00
REV-008537,ORD-003059,4,Cumple expectativas,Cumple expectativas,2023-05-28 23:32:00
REV-008538,ORD-013226,4,Buena calidad,Buena calidad,2021-05-02 22:22:00
REV-008539,ORD-005626,2,Recomendado,Recomendado,2024-06-14 15:15:00
REV-008540,ORD-919856,2,Mejor de lo esperado,Mejor de lo esperado,2022-11-04 10:40:00
REV-008541,ORD-010529,1,Excelente producto,,2024-05-17 08:15:00
REV-008542,ORD-005745,3,Buena calidad,Buena calidad,2023-12-05 14:13:00
REV-008543,ORD-003420,2,Malo,,2021-03-04 05:37:00
REV-008544,ORD-014619,2,Llego roto,,2023-05-20 00:34:00
REV-008545,ORD-013836,3,No lo recomiendo,No lo recomiendo,2023-06-28 08:27:00
REV-008546,ORD-005899,2,Regular,Regular,2024-02-16 10:56:00
REV-008547,ORD-003481,3,Regular,,2022-03-22 02:54:00
REV-008548,ORD-002733,1,Muy bueno,,2022-11-03 15:17:00
REV-008549,ORD-006512,3,Recomendado,Recomendado,2021-06-05 18:33:00
REV-008550,ORD-012194,4,No lo recomiendo,No lo recomiendo,2024-04-07 11:38:00
REV-008551,ORD-004154,4,No lo recomiendo,No lo recomiendo,2022-01-16 14:12:00
REV-008552,ORD-009395,5,Excelente producto,,2022-10-08 14:02:00
REV-008553,ORD-004357,5,Muy bueno,Muy bueno,2024-05-06 12:14:00
REV-008554,ORD-004787,2,Malo,Malo,2023-02-02 12:58:00
REV-008555,ORD-004373,2,Muy bueno,,2021-11-14 18:50:00
REV-008556,ORD-006959,1,Cumple expectativas,Cumple expectativas,2021-07-05 09:28:00
REV-008557,ORD-012351,1,Buena calidad,Buena calidad,2022-10-31 16:05:00
REV-008558,ORD-012058,2,OK,OK,2021-03-19 18:15:00
REV-008559,ORD-005163,4,No lo recomiendo,,2021-06-20 13:38:00
REV-008560,ORD-010498,3,OK,OK,2022-03-19 18:15:00
REV-008561,ORD-012442,1,Malo,,2022-12-18 23:19:00
REV-008562,ORD-003455,4,Llego roto,Llego roto,2023-05-05 16:25:00
REV-008563,ORD-007981,4,Regular,,2023-12-28 07:45:00
REV-008564,ORD-009419,5,Cumple expectativas,,2023-08-15 21:01:00
REV-008565,ORD-013740,5,No lo recomiendo,,2023-04-20 14:18:00
REV-008566,ORD-007159,1,OK,,2021-05-08 15:40:00
REV-008567,ORD-014760,1,Excelente producto,Excelente producto,2022-06-19 01:49:00
REV-008568,ORD-007094,5,Pesimo,Pesimo,2023-07-14 03:20:00
REV-008569,ORD-012806,1,Mejor de lo esperado,Mejor de lo esperado,2021-06-22 18:17:00
REV-008570,ORD-013332,3,No lo recomiendo,No lo recomiendo,2021-12-26 01:23:00
REV-008571,ORD-012336,2,Pesimo,,2022-11-14 00:09:00
REV-008572,ORD-005075,1,Cumple expectativas,,2024-02-11 00:15:00
REV-008573,ORD-006176,5,OK,,2022-12-14 06:31:00
REV-008574,ORD-010350,1,Excelente producto,Excelente producto,2021-11-19 02:06:00
REV-008575,ORD-951802,1,Excelente producto,Excelente producto,2023-10-18 04:07:00
REV-008576,ORD-006835,1,Excelente producto,Excelente producto,2023-01-07 14:53:00
REV-008577,ORD-004755,1,Mejor de lo esperado,Mejor de lo esperado,2023-03-27 01:45:00
REV-008578,ORD-012375,3,Regular,Regular,2024-02-23 02:51:00
REV-008579,ORD-012199,5,Llego roto,Llego roto,2021-09-30 01:14:00
REV-008580,ORD-008968,5,Mejor de lo esperado,Mejor de lo esperado,2023-01-21 09:53:00
REV-008581,ORD-009190,5,Muy bueno,Muy bueno,2022-08-01 09:40:00
REV-008582,ORD-005787,4,Pesimo,,2022-03-08 11:11:00
REV-008583,ORD-007950,5,Pesimo,,2021-03-04 12:15:00
REV-008584,ORD-008962,1,Muy bueno,,2022-06-15 10:01:00
REV-008585,ORD-009293,3,Regular,Regular,2023-08-24 22:51:00
REV-008586,ORD-009089,2,Mejor de lo esperado,Mejor de lo esperado,2023-01-17 13:42:00
REV-008587,ORD-008664,3,Buena calidad,,2022-09-24 23:56:00
REV-008588,ORD-010752,4,Pesimo,Pesimo,2023-07-29 10:52:00
REV-008589,ORD-011138,2,Malo,,2023-01-28 13:36:00
REV-008590,ORD-013738,1,,,2024-03-31 07:30:00
REV-008591,ORD-011371,4,,,2022-08-31 20:32:00
REV-008592,ORD-007663,3,Muy bueno,,2023-02-12 03:01:00
REV-008593,ORD-001928,6,Cumple expectativas,,2024-01-05 10:15:00
REV-008594,ORD-002488,5,No lo recomiendo,No lo recomiendo,2024-05-03 02:21:00
REV-008595,ORD-014600,1,Malo,,2022-06-24 06:21:00
REV-008596,ORD-006098,1,Llego roto,,2021-08-03 12:23:00
REV-008597,ORD-003724,5,Mejor de lo esperado,Mejor de lo esperado,2021-07-19 07:02:00
REV-008598,ORD-006437,5,Mejor de lo esperado,,2022-06-02 21:51:00
REV-008599,ORD-001812,4,Regular,Regular,2024-02-08 15:49:00
REV-008600,ORD-013491,4,Excelente producto,,2021-06-12 09:07:00
REV-008601,ORD-006995,2,Recomendado,,2021-09-21 18:08:00
REV-008602,ORD-013228,4,Pesimo,,2021-11-19 18:48:00
REV-008603,ORD-013336,2,Cumple expectativas,,2023-06-15 14:35:00
REV-008604,ORD-008135,4,,,2022-07-23 23:45:00
REV-008605,ORD-013484,1,Muy bueno,Muy bueno,2021-04-28 13:45:00
REV-008606,ORD-014251,2,Regular,,2021-09-20 17:53:00
REV-008607,ORD-007655,1,No lo recomiendo,No lo recomiendo,2023-10-28 14:44:00
REV-008608,ORD-915969,1,Pesimo,,2022-07-11 06:19:00
REV-008609,ORD-008937,1,Pesimo,,2022-04-30 05:00:00
REV-008610,ORD-007208,3,Excelente producto,Excelente producto,2022-12-15 02:47:00
REV-008611,ORD-012837,3,Recomendado,Recomendado,2022-07-23 01:35:00
REV-008612,ORD-000763,5,Pesimo,Pesimo,2023-05-19 09:14:00
REV-008613,ORD-006843,4,Cumple expectativas,,2024-06-16 06:32:00
REV-008614,ORD-011611,5,No lo recomiendo,No lo recomiendo,2021-09-28 03:03:00
REV-008615,ORD-014044,1,Buena calidad,Buena calidad,2021-07-03 22:13:00
REV-008616,ORD-003742,,Buena calidad,,2024-03-20 23:30:00
REV-008617,ORD-002358,4,,,2021-03-21 20:53:00
REV-008618,ORD-011596,2,Llego roto,Llego roto,2021-02-12 16:26:00
REV-008619,ORD-011364,,Recomendado,Recomendado,2021-04-08 22:52:00
REV-008620,ORD-010791,5,Muy bueno,Muy bueno,2022-11-12 22:12:00
REV-008621,ORD-001190,1,No lo recomiendo,,2022-08-09 03:20:00
REV-008622,ORD-012211,3,Malo,Malo,2022-03-22 23:34:00
REV-008623,ORD-000671,5,Pesimo,,2021-10-14 13:31:00
REV-008624,ORD-007950,5,No lo recomiendo,No lo recomiendo,2021-10-20 18:10:00
REV-008625,ORD-005976,5,Cumple expectativas,Cumple expectativas,2021-03-15 14:49:00
REV-008626,ORD-000905,1,Regular,Regular,2022-10-12 02:03:00
REV-008627,ORD-008462,1,Buena calidad,Buena calidad,2021-11-01 07:27:00
REV-008628,ORD-012564,2,No lo recomiendo,No lo recomiendo,2022-08-26 22:35:00
REV-008629,ORD-003561,4,OK,OK,2022-09-27 21:51:00
REV-008630,ORD-011208,4,Regular,Regular,2023-07-17 18:30:00
REV-008631,ORD-014287,2,Excelente producto,Excelente producto,2022-05-29 02:42:00
REV-008632,ORD-003211,2,Recomendado,,2021-10-06 03:13:00
REV-008633,ORD-011597,1,Buena calidad,,2023-02-27 12:45:00
REV-008634,ORD-005353,3,Mejor de lo esperado,,2021-09-26 09:21:00
REV-008635,ORD-011125,4,Cumple expectativas,Cumple expectativas,2022-09-23 09:56:00
REV-008636,ORD-011351,5,Cumple expectativas,Cumple expectativas,2023-12-08 12:20:00
REV-008637,ORD-011124,2,Llego roto,,2022-10-07 18:05:00
REV-008638,ORD-014703,2,OK,OK,2023-04-09 19:36:00
REV-008639,ORD-011101,1,Mejor de lo esperado,Mejor de lo esperado,2024-04-26 12:53:00
REV-008640,ORD-011726,1,OK,,2022-01-08 02:57:00
REV-008641,ORD-002315,2,Regular,Regular,2023-05-21 01:38:00
REV-008642,ORD-002745,1,Excelente producto,Excelente producto,2024-04-30 06:05:00
REV-008643,ORD-001401,3,Cumple expectativas,Cumple expectativas,2024-06-20 02:17:00
REV-008644,ORD-010994,5,Muy bueno,,2021-10-14 08:59:00
REV-008645,ORD-007063,2,Recomendado,Recomendado,2023-03-28 18:00:00
REV-006443,ORD-011838,1,Pesimo,Pesimo,2022-06-28 08:16:00
REV-008647,ORD-011169,5,Llego roto,Llego roto,2021-10-01 15:22:00
REV-008648,ORD-014741,1,Cumple expectativas,,2021-05-30 08:59:00
REV-008649,ORD-008305,5,Buena calidad,,2022-05-27 04:45:00
REV-008650,ORD-003599,2,Regular,Regular,2023-03-05 18:04:00
REV-008651,ORD-000433,3,No lo recomiendo,No lo recomiendo,2022-01-01 22:23:00
REV-008652,ORD-003914,5,Mejor de lo esperado,Mejor de lo esperado,2022-01-13 00:09:00
REV-008653,ORD-013403,1,Llego roto,Llego roto,2021-07-12 18:58:00
REV-008654,ORD-008381,2,No lo recomiendo,No lo recomiendo,2024-05-06 09:10:00
REV-008655,ORD-013638,3,Recomendado,,2024-01-07 01:44:00
REV-008656,ORD-000528,3,Recomendado,Recomendado,2024-06-09 06:10:00
REV-008657,ORD-003122,3,Llego roto,Llego roto,2022-03-13 15:30:00
REV-008658,ORD-006507,1,Buena calidad,,2022-01-07 16:36:00
REV-008659,ORD-008988,4,Regular,,2023-04-23 18:49:00
REV-008660,ORD-001682,3,,,2021-10-25 10:14:00
REV-008661,ORD-012528,2,Cumple expectativas,,2022-11-18 19:09:00
REV-008662,ORD-996886,4,Recomendado,,2024-06-11 07:02:00
REV-008663,ORD-011643,4,OK,,2022-12-15 13:15:00
REV-008664,ORD-014781,5,Cumple expectativas,Cumple expectativas,2021-09-17 02:42:00
REV-008665,ORD-007314,3,Regular,Regular,2024-02-05 12:47:00
REV-008666,ORD-009853,5,Recomendado,Recomendado,2021-09-19 05:44:00
REV-008667,ORD-010775,4,Regular,Regular,2023-09-05 04:18:00
REV-008668,ORD-004435,1,Malo,Malo,2023-07-22 17:38:00
REV-008669,ORD-006751,4,Muy bueno,Muy bueno,2023-01-19 08:56:00
REV-008670,ORD-010529,2,OK,,2021-09-25 20:42:00
REV-008671,ORD-008668,5,OK,,2022-02-26 19:44:00
REV-008672,ORD-004592,4,Buena calidad,Buena calidad,2023-06-24 18:19:00
REV-008673,ORD-000470,5,Excelente producto,Excelente producto,2021-12-11 03:08:00
REV-008674,ORD-011180,1,Cumple expectativas,Cumple expectativas,2024-04-03 11:35:00
REV-008675,ORD-014723,5,Llego roto,Llego roto,2022-04-01 23:59:00
REV-008676,ORD-008874,2,Pesimo,Pesimo,2021-10-02 18:53:00
REV-008677,ORD-010891,1,Malo,Malo,2022-03-12 18:53:00
REV-008678,ORD-011572,5,Buena calidad,,2021-10-17 11:42:00
REV-008679,ORD-005308,3,Mejor de lo esperado,Mejor de lo esperado,2022-11-25 17:23:00
REV-008680,ORD-004815,2,OK,,2021-08-29 10:24:00
REV-008681,ORD-006486,5,Mejor de lo esperado,Mejor de lo esperado,2021-07-30 03:06:00
REV-008682,ORD-004175,5,Excelente producto,Excelente producto,2023-06-10 13:25:00
REV-008683,ORD-005808,5,,,2022-03-31 12:23:00
REV-008684,ORD-000929,-1,Muy bueno,,2021-02-02 15:48:00
REV-008685,ORD-007335,4,Buena calidad,Buena calidad,2023-03-24 09:33:00
REV-008686,ORD-005207,2,Malo,,2022-10-01 05:47:00
REV-008687,ORD-011107,1,Excelente producto,Excelente producto,2021-03-16 11:03:00
REV-008688,ORD-004844,2,Llego roto,,2023-04-09 11:14:00
REV-008689,ORD-013210,1,Excelente producto,,2021-12-02 04:42:00
REV-008690,ORD-011468,5,Buena calidad,Buena calidad,2024-02-10 09:16:00
REV-008691,ORD-010891,2,OK,OK,2023-12-19 01:15:00
REV-008692,ORD-009500,3,No lo recomiendo,No lo recomiendo,2021-11-27 05:24:00
REV-008693,ORD-005390,5,Malo,Malo,2023-08-30 05:19:00
REV-008694,ORD-014192,5,Malo,,2023-01-20 02:05:00
REV-008695,ORD-011672,2,No lo recomiendo,,2021-12-04 00:34:00
REV-008696,ORD-013447,1,Buena calidad,,2021-11-27 13:53:00
REV-008697,ORD-001494,2,Cumple expectativas,Cumple expectativas,2022-06-13 14:32:00
REV-008698,ORD-004403,3,Malo,,2021-02-27 12:08:00
REV-008699,ORD-013919,5,OK,OK,2021-02-09 18:49:00
REV-008700,ORD-010864,4,Llego roto,,2022-06-26 19:12:00
REV-008701,ORD-012685,4,Excelente producto,Excelente producto,2024-06-11 17:50:00
REV-008702,ORD-011192,4,Mejor de lo esperado,,2023-04-24 01:32:00
REV-008703,ORD-009054,4,Excelente producto,Excelente producto,2023-09-13 18:09:00
REV-008704,ORD-003126,5,Llego roto,,2023-04-02 09:34:00
REV-008705,ORD-006564,5,Regular,,2023-02-04 20:04:00
REV-008706,ORD-005147,3,Buena calidad,,2021-04-30 04:53:00
REV-008707,ORD-008241,2,Mejor de lo esperado,,2023-02-03 04:27:00
REV-008708,ORD-004735,1,Buena calidad,Buena calidad,2022-03-19 04:50:00
REV-008709,ORD-955837,4,Cumple expectativas,Cumple expectativas,2022-05-29 07:55:00
REV-008710,ORD-003987,5,Cumple expectativas,Cumple expectativas,2021-06-26 16:45:00
REV-008711,ORD-006917,4,Buena calidad,,2023-04-23 21:37:00
REV-008712,ORD-001259,1,No lo recomiendo,No lo recomiendo,2023-10-20 17:14:00
REV-008713,ORD-014857,5,,,2021-03-10 08:09:00
REV-008714,ORD-014338,2,No lo recomiendo,No lo recomiendo,2021-10-02 09:32:00
REV-008715,ORD-008607,3,No lo recomiendo,,2023-10-14 07:08:00
REV-008716,ORD-001505,4,Muy bueno,,2023-01-10 03:25:00
REV-008717,ORD-008395,5,Muy bueno,Muy bueno,2021-05-29 09:54:00
REV-008718,ORD-010541,2,Llego roto,Llego roto,2021-12-17 05:39:00
REV-008719,ORD-006489,2,Llego roto,Llego roto,2022-11-04 04:54:00
REV-008720,ORD-011622,4,Pesimo,Pesimo,2023-07-20 05:00:00
REV-008721,ORD-014137,4,Mejor de lo esperado,Mejor de lo esperado,2023-01-25 03:01:00
REV-008722,ORD-003475,1,Cumple expectativas,,2021-08-27 03:31:00
REV-008723,ORD-010577,5,Pesimo,Pesimo,2021-04-12 22:08:00
REV-008724,ORD-010921,4,,,2021-07-26 15:31:00
REV-008725,ORD-014630,1,OK,,2023-10-22 06:55:00
REV-008726,ORD-004659,4,Cumple expectativas,Cumple expectativas,2021-06-17 04:41:00
REV-008727,ORD-009483,1,Buena calidad,,2024-06-25 14:33:00
REV-008728,ORD-010709,5,Llego roto,Llego roto,2024-05-28 22:27:00
REV-008729,ORD-008544,1,Cumple expectativas,Cumple expectativas,2023-09-30 15:13:00
REV-008730,ORD-013052,2,Excelente producto,Excelente producto,2021-09-12 06:58:00
REV-008731,ORD-009583,5,Muy bueno,,2023-02-19 08:42:00
REV-008732,ORD-012718,5,,,2022-12-28 04:33:00
REV-008733,ORD-012196,4,,,2023-07-27 00:25:00
REV-008734,ORD-010757,4,Muy bueno,,2021-07-11 13:10:00
REV-008735,ORD-000158,2,Excelente producto,Excelente producto,2022-05-26 21:58:00
REV-008736,ORD-012508,10,Regular,Regular,2024-02-23 06:53:00
REV-008737,ORD-012801,5,Mejor de lo esperado,Mejor de lo esperado,2024-05-12 06:55:00
REV-008738,ORD-003829,1,Excelente producto,Excelente producto,2021-03-13 00:00:00
REV-008739,ORD-012974,4,Muy bueno,Muy bueno,2023-04-25 11:42:00
REV-008740,ORD-014503,2,Buena calidad,,2023-09-11 20:14:00
REV-008741,ORD-010471,3,Regular,Regular,2021-09-03 01:17:00
REV-008742,ORD-010444,1,Cumple expectativas,Cumple expectativas,2022-01-07 05:56:00
REV-008743,ORD-005446,4,Mejor de lo esperado,Mejor de lo esperado,2021-04-27 06:42:00
REV-008744,ORD-011574,5,Muy bueno,,2022-06-09 02:07:00
REV-008745,ORD-002344,4,Pesimo,,2021-04-25 09:29:00
REV-008746,ORD-002160,4,Recomendado,Recomendado,2023-06-23 08:14:00
REV-008747,ORD-008226,5,Cumple expectativas,Cumple expectativas,2022-01-22 01:10:00
REV-008748,ORD-002414,1,Recomendado,Recomendado,2023-07-21 16:39:00
REV-008749,ORD-001887,5,Buena calidad,,2021-10-01 02:47:00
REV-008750,ORD-004365,2,,,2023-12-03 11:45:00
REV-008751,ORD-001375,2,Malo,,2021-04-21 23:06:00
REV-008752,ORD-013897,1,Mejor de lo esperado,Mejor de lo esperado,2023-06-11 15:45:00
REV-008753,ORD-003893,4,,,2023-10-26 16:12:00
REV-008754,ORD-013526,1,Buena calidad,,2023-11-14 12:35:00
REV-008755,ORD-001641,1,Llego roto,Llego roto,2022-10-29 05:11:00
REV-008756,ORD-003697,3,Mejor de lo esperado,Mejor de lo esperado,2024-05-02 09:35:00
REV-008757,ORD-011293,2,Buena calidad,Buena calidad,2023-09-08 16:30:00
REV-008758,ORD-004278,2,Mejor de lo esperado,,2023-06-10 20:38:00
REV-008759,ORD-012456,1,OK,,2022-08-21 03:31:00
REV-008760,ORD-002003,5,,,2022-02-11 21:31:00
REV-008761,ORD-009729,2,Pesimo,,2023-05-20 19:19:00
REV-008762,ORD-009897,3,No lo recomiendo,No lo recomiendo,2023-07-24 07:41:00
REV-008763,ORD-009715,4,OK,OK,2021-05-19 20:41:00
REV-008764,ORD-012738,4,Malo,Malo,2023-02-02 15:39:00
REV-008765,ORD-009757,5,Pesimo,Pesimo,2022-08-14 06:55:00
REV-008766,ORD-003612,2,Recomendado,Recomendado,2024-06-29 03:27:00
REV-008767,ORD-004185,1,Pesimo,Pesimo,2022-07-14 07:25:00
REV-008768,ORD-009860,1,Excelente producto,Excelente producto,2024-04-05 16:22:00
REV-008769,ORD-012148,1,Llego roto,Llego roto,2021-11-10 00:58:00
REV-008770,ORD-010488,1,Pesimo,,2023-02-12 13:46:00
REV-008771,ORD-000539,4,No lo recomiendo,No lo recomiendo,2023-08-27 01:27:00
REV-008772,ORD-012457,4,Buena calidad,Buena calidad,2023-04-07 12:40:00
REV-008773,ORD-005385,1,OK,,2021-03-10 00:08:00
REV-008774,ORD-008736,1,Excelente producto,Excelente producto,2024-03-24 12:32:00
REV-008775,ORD-003018,3,OK,OK,2021-09-13 06:49:00
REV-008776,ORD-008968,3,Malo,Malo,2023-11-05 13:09:00
REV-008777,ORD-910779,1,Muy bueno,Muy bueno,2023-04-23 21:39:00
REV-008778,ORD-947262,1,OK,,2023-11-19 10:59:00
REV-008779,ORD-003949,4,Buena calidad,Buena calidad,2021-10-11 15:23:00
REV-008780,ORD-005085,3,Regular,,2021-09-27 01:17:00
REV-008781,ORD-011652,1,OK,OK,2021-10-18 01:28:00
REV-008782,ORD-002637,3,Cumple expectativas,Cumple expectativas,2024-02-09 01:31:00
REV-008783,ORD-004507,4,Muy bueno,Muy bueno,2024-01-05 01:29:00
REV-008784,ORD-005537,1,No lo recomiendo,No lo recomiendo,2023-06-29 08:24:00
REV-008785,ORD-002579,1,Pesimo,,2022-03-17 18:06:00
REV-000468,ORD-003985,4,Llego roto,,2023-08-19 04:22:00
REV-008787,ORD-008364,4,Malo,Malo,2024-01-06 13:59:00
REV-008788,ORD-008924,4,,,2023-02-13 16:07:00
REV-008789,ORD-009213,1,Buena calidad,Buena calidad,2021-10-27 02:25:00
REV-008790,ORD-003298,3,Regular,,2022-02-20 01:38:00
REV-008791,ORD-003665,4,Excelente producto,,2021-09-23 05:56:00
REV-008792,ORD-011248,4,Regular,,2021-09-15 16:55:00
REV-008793,ORD-007488,4,Pesimo,Pesimo,2022-09-29 15:15:00
REV-008794,ORD-001910,2,No lo recomiendo,No lo recomiendo,2023-07-15 18:49:00
REV-008795,ORD-013016,4,Recomendado,Recomendado,2023-12-11 23:55:00
REV-008796,ORD-003102,5,Malo,Malo,2024-05-23 22:28:00
REV-008797,ORD-003137,4,No lo recomiendo,,2023-07-07 04:42:00
REV-008798,ORD-004956,4,Muy bueno,Muy bueno,2021-07-11 02:11:00
REV-008799,ORD-013832,2,Excelente producto,,2023-10-24 04:51:00
REV-008800,ORD-014911,1,Llego roto,Llego roto,2021-04-23 03:50:00
REV-008801,ORD-002490,4,Cumple expectativas,Cumple expectativas,2022-08-28 01:17:00
REV-008802,ORD-002898,3,Malo,,2024-05-03 05:31:00
REV-008803,ORD-014999,3,Muy bueno,,2022-03-05 08:15:00
REV-008804,ORD-003480,3,No lo recomiendo,,2023-02-01 06:08:00
REV-008805,ORD-009754,3,Pesimo,,2021-08-22 16:17:00
REV-008806,ORD-008820,4,Mejor de lo esperado,,2021-12-14 14:22:00
REV-008807,ORD-010006,4,Llego roto,,2023-06-03 08:37:00
REV-008808,ORD-005488,2,OK,OK,2023-07-01 22:42:00
REV-008809,ORD-006309,4,Excelente producto,,2021-03-03 23:59:00
REV-008810,ORD-014072,4,Buena calidad,Buena calidad,2023-08-05 11:14:00
REV-008811,ORD-006911,5,Pesimo,Pesimo,2023-05-14 20:24:00
REV-008812,ORD-000492,4,No lo recomiendo,,2022-11-09 16:36:00
REV-008813,ORD-012810,3,Llego roto,Llego roto,2021-06-24 15:39:00
REV-008814,ORD-008018,3,Cumple expectativas,Cumple expectativas,2021-11-04 21:26:00
REV-008815,ORD-007607,5,Mejor de lo esperado,,2023-05-21 10:20:00
REV-008816,ORD-002104,5,,,2022-05-23 08:26:00
REV-008817,ORD-001194,4,Pesimo,Pesimo,2022-10-16 20:23:00
REV-008818,ORD-014567,3,Llego roto,,2024-04-13 03:35:00
REV-008819,ORD-014656,4,Malo,Malo,2024-01-18 13:21:00
REV-008820,ORD-010300,1,Recomendado,Recomendado,2023-08-18 06:37:00
REV-008821,ORD-009532,5,No lo recomiendo,No lo recomiendo,2021-12-29 01:49:00
REV-008822,ORD-005061,4,No lo recomiendo,No lo recomiendo,2022-04-29 07:08:00
REV-008823,ORD-010500,5,Cumple expectativas,,2022-07-08 17:18:00
REV-008824,ORD-012205,4,Mejor de lo esperado,,2021-03-18 06:41:00
REV-008825,ORD-006254,4,Malo,Malo,2021-02-16 03:54:00
REV-008826,ORD-000738,5,Cumple expectativas,Cumple expectativas,2021-04-10 06:48:00
REV-008827,ORD-014721,3,Buena calidad,,2022-04-05 21:08:00
REV-008828,ORD-012452,2,Muy bueno,Muy bueno,2021-11-24 15:27:00
REV-008829,ORD-010782,4,Recomendado,Recomendado,2023-09-04 12:48:00
REV-008830,ORD-003718,2,Llego roto,Llego roto,2022-10-30 02:24:00
REV-008831,ORD-005179,5,,,2022-06-11 22:23:00
REV-008832,ORD-002813,5,Malo,Malo,2022-02-14 16:10:00
REV-008833,ORD-005142,0,Pesimo,Pesimo,2023-01-25 22:56:00
REV-008834,ORD-010916,5,,,2021-07-20 22:55:00
REV-008835,ORD-014780,5,No lo recomiendo,No lo recomiendo,2021-10-22 04:40:00
REV-008836,ORD-014723,3,Excelente producto,,2024-06-11 18:21:00
REV-008837,ORD-012146,2,No lo recomiendo,No lo recomiendo,2021-11-11 12:36:00
REV-008838,ORD-012291,1,Regular,Regular,2021-11-30 18:51:00
REV-008839,ORD-010677,4,Excelente producto,,2021-10-10 19:32:00
REV-008840,ORD-005440,2,Buena calidad,,2022-01-06 18:55:00
REV-008841,ORD-012244,5,Malo,,2023-11-30 02:58:00
REV-008842,ORD-007267,2,Excelente producto,Excelente producto,2022-03-31 15:04:00
REV-008843,ORD-009145,2,Excelente producto,,2021-07-09 20:08:00
REV-008844,ORD-002079,5,Llego roto,,2023-12-16 05:32:00
REV-008845,ORD-000909,2,Buena calidad,Buena calidad,2022-02-06 08:45:00
REV-008846,ORD-000761,6,Llego roto,,2023-06-17 22:43:00
REV-008847,ORD-008124,,Buena calidad,Buena calidad,2023-02-22 04:01:00
REV-008848,ORD-014866,1,Excelente producto,Excelente producto,2023-05-02 20:17:00
REV-008849,ORD-001597,1,Recomendado,,2022-06-04 23:03:00
REV-008850,ORD-008596,4,Buena calidad,Buena calidad,2021-02-08 11:02:00
REV-008851,ORD-006024,4,Recomendado,,2022-01-04 13:51:00
REV-008852,ORD-014643,5,,,2021-07-13 00:29:00
REV-008853,ORD-001039,5,No lo recomiendo,No lo recomiendo,2021-04-17 09:06:00
REV-008854,ORD-000665,5,OK,OK,2022-03-15 17:46:00
REV-008855,ORD-004788,4,Cumple expectativas,Cumple expectativas,2023-01-19 12:22:00
REV-008856,ORD-013862,2,Llego roto,,2023-05-07 05:07:00
REV-008857,ORD-001530,2,No lo recomiendo,No lo recomiendo,2023-03-09 17:51:00
REV-008858,ORD-001411,2,Mejor de lo esperado,,2022-03-18 17:21:00
REV-008859,ORD-010109,5,Regular,Regular,2022-10-16 20:26:00
REV-008860,ORD-002594,1,,,2022-09-03 22:48:00
REV-008861,ORD-011166,5,OK,,2023-11-11 19:37:00
REV-003009,ORD-005744,3,Recomendado,Recomendado,2022-05-16 16:59:00
REV-008863,ORD-004663,2,,,2021-05-13 00:03:00
REV-008864,ORD-014687,1,Muy bueno,Muy bueno,2022-06-05 12:39:00
REV-008865,ORD-000105,4,Buena calidad,Buena calidad,2021-12-10 15:42:00
REV-008866,ORD-010709,4,Cumple expectativas,,2021-03-21 20:53:00
REV-008867,ORD-012576,1,Muy bueno,Muy bueno,2023-06-22 16:40:00
REV-008868,ORD-009009,3,Cumple expectativas,,2023-07-04 06:56:00
REV-008869,ORD-008649,1,Llego roto,Llego roto,2023-06-06 22:53:00
REV-008870,ORD-009353,3,Recomendado,Recomendado,2024-04-26 01:22:00
REV-008871,ORD-008717,1,OK,OK,2023-12-31 09:35:00
REV-008872,ORD-007981,5,Llego roto,Llego roto,2023-06-20 03:00:00
REV-008873,ORD-006623,1,Llego roto,Llego roto,2021-11-26 23:29:00
REV-008874,ORD-012028,5,Regular,Regular,2022-08-28 03:16:00
REV-008875,ORD-014268,2,Muy bueno,Muy bueno,2024-05-29 21:23:00
REV-008876,ORD-012074,2,Pesimo,Pesimo,2021-09-26 04:51:00
REV-008877,ORD-006602,3,No lo recomiendo,No lo recomiendo,2022-07-28 05:54:00
REV-008878,ORD-013256,3,Regular,Regular,2022-09-09 16:11:00
REV-008879,ORD-005699,2,Malo,,2022-11-16 06:28:00
REV-008880,ORD-001112,-1,,,2022-11-30 10:12:00
REV-008881,ORD-013431,3,No lo recomiendo,No lo recomiendo,2022-10-04 21:43:00
REV-008882,ORD-008714,1,Mejor de lo esperado,Mejor de lo esperado,2021-08-19 14:19:00
REV-008883,ORD-993450,4,Cumple expectativas,,2021-07-30 16:39:00
REV-008884,ORD-004644,3,Muy bueno,,2024-04-14 04:50:00
REV-008885,ORD-004306,4,No lo recomiendo,,2021-05-25 05:32:00
REV-008886,ORD-002274,1,Llego roto,Llego roto,2021-02-22 16:07:00
REV-008887,ORD-000081,3,Llego roto,,2023-07-17 14:05:00
REV-008888,ORD-012561,4,,,2022-05-17 17:18:00
REV-008889,ORD-000233,5,Recomendado,,2021-03-28 05:54:00
REV-008890,ORD-004642,6,Recomendado,,2023-05-13 13:19:00
REV-008891,ORD-007822,5,Cumple expectativas,Cumple expectativas,2023-11-02 21:00:00
REV-008892,ORD-010307,4,Mejor de lo esperado,,2021-02-07 22:29:00
REV-008893,ORD-006129,,Buena calidad,Buena calidad,2023-01-31 10:09:00
REV-008894,ORD-002113,1,,,2021-11-18 01:15:00
REV-008895,ORD-000417,3,Regular,Regular,2021-03-10 11:27:00
REV-008896,ORD-004695,4,Mejor de lo esperado,Mejor de lo esperado,2023-01-13 17:28:00
REV-008897,ORD-006549,1,Mejor de lo esperado,,2023-09-02 08:46:00
REV-008898,ORD-001520,5,OK,OK,2022-12-28 17:28:00
REV-008899,ORD-001338,5,OK,OK,2021-07-09 21:57:00
REV-008900,ORD-014183,4,Malo,Malo,2022-02-02 10:46:00
REV-008901,ORD-014408,1,Buena calidad,,2021-07-07 13:14:00
REV-008902,ORD-009862,1,Excelente producto,,2024-04-13 14:18:00
REV-008903,ORD-006000,2,Muy bueno,,2022-05-27 03:50:00
REV-008904,ORD-007786,3,Malo,Malo,2022-08-27 05:51:00
REV-008905,ORD-012501,2,Recomendado,Recomendado,2021-08-10 23:01:00
REV-008906,ORD-002681,2,Recomendado,Recomendado,2021-11-05 20:37:00
REV-008907,ORD-009468,3,,,2022-12-20 16:23:00
REV-008908,ORD-004332,1,Regular,Regular,2023-11-23 05:10:00
REV-008909,ORD-013249,5,Excelente producto,,2024-04-30 01:23:00
REV-008910,ORD-012683,3,Cumple expectativas,Cumple expectativas,2024-05-26 15:28:00
REV-008911,ORD-004288,3,OK,,2022-03-01 10:04:00
REV-008912,ORD-004295,1,Regular,,2023-07-16 21:41:00
REV-008913,ORD-002223,5,Malo,Malo,2023-10-24 04:52:00
REV-008914,ORD-005564,5,Pesimo,,2024-05-23 09:05:00
REV-008915,ORD-014059,2,Malo,Malo,2024-03-01 15:13:00
REV-008916,ORD-007624,1,Buena calidad,,2022-12-12 11:40:00
REV-008917,ORD-003811,-1,Buena calidad,,2022-06-14 02:29:00
REV-008918,ORD-001173,3,,,2021-03-26 11:21:00
REV-008919,ORD-001526,3,Regular,Regular,2024-05-01 00:10:00
REV-008920,ORD-009873,2,Regular,Regular,2021-03-27 10:28:00
REV-008921,ORD-003505,4,Mejor de lo esperado,,2021-05-09 20:50:00
REV-008922,ORD-010886,1,Excelente producto,Excelente producto,2023-12-15 01:52:00
REV-008923,ORD-005853,5,Mejor de lo esperado,Mejor de lo esperado,2021-04-03 13:22:00
REV-008924,ORD-007550,5,OK,OK,2024-03-19 01:51:00
REV-008925,ORD-005272,1,Llego roto,Llego roto,2022-10-14 05:55:00
REV-008926,ORD-005161,4,Malo,,2024-03-11 04:21:00
REV-008927,ORD-005117,-1,Llego roto,Llego roto,2022-12-18 08:53:00
REV-008928,ORD-013577,2,Mejor de lo esperado,Mejor de lo esperado,2023-05-12 02:46:00
REV-008929,ORD-008867,4,Muy bueno,Muy bueno,2022-02-12 08:11:00
REV-008930,ORD-012733,3,Excelente producto,,2022-10-14 09:30:00
REV-008931,ORD-010360,4,Cumple expectativas,Cumple expectativas,2024-01-03 00:02:00
REV-008932,ORD-011902,4,No lo recomiendo,No lo recomiendo,2023-03-27 13:01:00
REV-008933,ORD-000943,3,Buena calidad,Buena calidad,2022-05-02 06:59:00
REV-008934,ORD-003673,2,Malo,Malo,2021-02-15 13:56:00
REV-008935,ORD-003705,1,Pesimo,Pesimo,2022-10-30 19:35:00
REV-008936,ORD-012447,5,OK,OK,2021-11-26 01:33:00
REV-008937,ORD-013491,2,Muy bueno,,2023-12-04 03:51:00
REV-008938,ORD-010755,10,,,2022-01-22 05:48:00
REV-008939,ORD-001157,4,Excelente producto,Excelente producto,2022-05-16 01:50:00
REV-008940,ORD-007852,2,,,2022-10-07 06:18:00
REV-008941,ORD-002636,1,,,2024-05-28 03:17:00
REV-008942,ORD-004113,3,Regular,,2023-06-20 03:44:00
REV-008943,ORD-002361,2,Pesimo,Pesimo,2022-04-04 01:16:00
REV-008944,ORD-012934,4,Regular,,2022-05-08 14:33:00
REV-008945,ORD-012652,1,Cumple expectativas,Cumple expectativas,2022-08-28 16:00:00
REV-008946,ORD-011379,4,Malo,,2022-10-14 01:01:00
REV-008947,ORD-005442,5,Mejor de lo esperado,,2021-03-08 06:49:00
REV-008948,ORD-012123,3,Regular,Regular,2021-10-29 03:53:00
REV-008949,ORD-013699,4,Regular,Regular,2024-01-20 21:09:00
REV-007630,ORD-000951,4,Cumple expectativas,,2024-01-18 00:44:00
REV-008951,ORD-013118,4,Llego roto,Llego roto,2022-11-30 07:07:00
REV-008952,ORD-009726,4,Pesimo,Pesimo,2023-10-24 13:45:00
REV-008953,ORD-014044,1,,,2021-08-26 05:32:00
REV-008954,ORD-010801,3,Muy bueno,Muy bueno,2024-06-02 20:18:00
REV-008955,ORD-011269,10,Pesimo,Pesimo,2021-02-22 02:58:00
REV-008956,ORD-007024,4,Excelente producto,,2021-03-15 16:36:00
REV-008957,ORD-001159,4,Llego roto,Llego roto,2021-07-28 18:36:00
REV-008958,ORD-011746,1,Malo,Malo,2023-06-25 19:51:00
REV-008959,ORD-013226,5,Buena calidad,,2021-04-05 07:29:00
REV-008960,ORD-013871,5,Regular,,2023-03-27 12:25:00
REV-008961,ORD-000616,1,Buena calidad,,2021-12-20 09:58:00
REV-008962,ORD-001060,1,Muy bueno,Muy bueno,2022-03-29 14:03:00
REV-008963,ORD-009653,2,Buena calidad,Buena calidad,2024-01-03 17:56:00
REV-008964,ORD-000435,4,Buena calidad,,2023-03-14 00:46:00
REV-008965,ORD-003337,4,OK,,2023-12-10 09:39:00
REV-008966,ORD-003559,2,Buena calidad,,2022-03-11 01:02:00
REV-008967,ORD-001431,3,Excelente producto,Excelente producto,2021-10-02 07:27:00
REV-008968,ORD-003836,1,Mejor de lo esperado,Mejor de lo esperado,2023-03-17 11:37:00
REV-008969,ORD-003279,4,Mejor de lo esperado,Mejor de lo esperado,2022-08-12 01:25:00
REV-008970,ORD-007951,3,,,2023-05-20 01:09:00
REV-008971,ORD-009609,3,Malo,,2023-09-26 05:12:00
REV-008972,ORD-011324,2,Llego roto,Llego roto,2021-08-10 16:27:00
REV-008973,ORD-013939,4,Buena calidad,Buena calidad,2021-04-05 19:40:00
REV-002921,ORD-014944,1,OK,,2021-05-26 14:47:00
REV-008975,ORD-003386,5,Buena calidad,Buena calidad,2021-10-25 14:09:00
REV-008976,ORD-011364,,No lo recomiendo,No lo recomiendo,2023-03-16 06:52:00
REV-008977,ORD-002005,3,,,2024-05-09 11:38:00
REV-008978,ORD-012458,2,OK,OK,2022-05-25 01:14:00
REV-008979,ORD-012960,2,No lo recomiendo,No lo recomiendo,2023-11-25 15:22:00
REV-008980,ORD-008384,4,OK,OK,2024-01-26 14:27:00
REV-008981,ORD-005230,5,Pesimo,,2023-07-14 18:49:00
REV-008982,ORD-003394,4,Mejor de lo esperado,Mejor de lo esperado,2022-04-12 18:37:00
REV-008983,ORD-010293,3,Llego roto,,2022-07-07 23:39:00
REV-008984,ORD-005638,3,,,2022-10-13 07:32:00
REV-008985,ORD-012004,4,Malo,,2022-01-23 00:07:00
REV-008986,ORD-004484,5,Regular,Regular,2024-03-25 23:15:00
REV-008987,ORD-003596,3,Buena calidad,Buena calidad,2023-05-26 17:22:00
REV-008988,ORD-013306,2,Muy bueno,,2024-04-17 11:11:00
REV-008989,ORD-010974,4,Excelente producto,Excelente producto,2022-03-23 19:06:00
REV-008990,ORD-006318,5,Buena calidad,,2021-12-17 13:19:00
REV-008991,ORD-000751,4,Malo,Malo,2022-04-06 05:36:00
REV-008992,ORD-014082,2,Muy bueno,Muy bueno,2021-02-01 02:16:00
REV-008993,ORD-003979,1,OK,OK,2024-06-13 01:27:00
REV-008994,ORD-005823,1,Pesimo,Pesimo,2021-02-14 10:31:00
REV-008995,ORD-006553,5,OK,,2022-04-09 19:48:00
REV-008996,ORD-014000,1,Buena calidad,,2021-04-03 18:51:00
REV-008997,ORD-007151,3,No lo recomiendo,No lo recomiendo,2022-05-10 07:13:00
REV-008998,ORD-013907,2,,,2021-04-08 22:12:00
REV-008999,ORD-002072,5,Mejor de lo esperado,Mejor de lo esperado,2024-03-22 13:35:00
REV-009000,ORD-013438,2,Malo,,2021-04-04 19:30:00
REV-009001,ORD-010104,5,Buena calidad,Buena calidad,2023-10-12 21:26:00
REV-009002,ORD-009417,1,No lo recomiendo,No lo recomiendo,2022-07-17 17:04:00
REV-009003,ORD-001923,3,No lo recomiendo,,2022-07-30 02:34:00
REV-009004,ORD-014618,1,Regular,Regular,2023-08-12 14:12:00
REV-009005,ORD-001753,3,No lo recomiendo,No lo recomiendo,2023-06-12 04:48:00
REV-009006,ORD-000794,5,,,2022-11-23 02:08:00
REV-009007,ORD-004608,3,Muy bueno,Muy bueno,2023-05-07 00:25:00
REV-009008,ORD-012360,1,Mejor de lo esperado,Mejor de lo esperado,2023-05-15 14:48:00
REV-009009,ORD-014808,4,No lo recomiendo,No lo recomiendo,2024-02-19 01:17:00
REV-009010,ORD-012234,3,,,2024-02-26 21:02:00
REV-009011,ORD-010542,3,No lo recomiendo,No lo recomiendo,2021-06-14 06:33:00
REV-009012,ORD-012281,4,Regular,Regular,2023-12-24 01:52:00
REV-009013,ORD-006161,1,Cumple expectativas,Cumple expectativas,2022-12-28 08:23:00
REV-009014,ORD-009175,3,Recomendado,,2022-10-01 07:37:00
REV-009015,ORD-010839,1,Malo,Malo,2022-05-28 22:58:00
REV-009016,ORD-006780,2,No lo recomiendo,,2022-11-29 21:20:00
REV-009017,ORD-007601,1,Buena calidad,Buena calidad,2022-09-21 01:19:00
REV-009018,ORD-003071,3,OK,OK,2023-06-24 10:03:00
REV-009019,ORD-000733,1,No lo recomiendo,No lo recomiendo,2021-07-20 07:31:00
REV-009020,ORD-012391,3,Llego roto,Llego roto,2021-07-07 06:28:00
REV-009021,ORD-007591,2,,,2021-12-16 11:32:00
REV-009022,ORD-009844,3,Regular,Regular,2022-01-05 08:12:00
REV-009023,ORD-007328,2,Cumple expectativas,Cumple expectativas,2022-02-21 10:56:00
REV-009024,ORD-001737,3,Mejor de lo esperado,Mejor de lo esperado,2022-07-03 21:41:00
REV-009025,ORD-001497,3,Buena calidad,,2021-05-31 14:28:00
REV-009026,ORD-009776,5,No lo recomiendo,No lo recomiendo,2022-12-11 19:25:00
REV-009027,ORD-000986,1,,,2022-01-03 13:22:00
REV-009028,ORD-009098,5,Mejor de lo esperado,Mejor de lo esperado,2022-08-30 21:22:00
REV-009029,ORD-013281,4,Buena calidad,Buena calidad,2022-10-22 09:03:00
REV-009030,ORD-014121,2,Malo,Malo,2024-06-26 08:46:00
REV-009031,ORD-008746,3,Muy bueno,,2022-06-30 12:29:00
REV-009032,ORD-002818,1,Malo,Malo,2024-03-31 08:05:00
REV-009033,ORD-004482,3,Excelente producto,Excelente producto,2023-12-06 14:20:00
REV-009034,ORD-003325,3,OK,,2022-01-31 10:30:00
REV-009035,ORD-005329,5,No lo recomiendo,No lo recomiendo,2022-10-01 11:42:00
REV-009036,ORD-002231,2,Malo,Malo,2021-04-12 22:22:00
REV-009037,ORD-011586,4,Muy bueno,,2021-06-06 03:29:00
REV-009038,ORD-000683,1,Excelente producto,Excelente producto,2023-10-31 02:54:00
REV-009039,ORD-001030,2,No lo recomiendo,No lo recomiendo,2023-02-23 04:36:00
REV-009040,ORD-005984,1,Pesimo,,2022-09-16 13:31:00
REV-009041,ORD-010972,2,Regular,,2024-06-29 18:01:00
REV-009042,ORD-014561,4,OK,,2023-12-12 18:31:00
REV-009043,ORD-003178,0,Llego roto,Llego roto,2022-03-19 21:31:00
REV-009044,ORD-011685,3,Buena calidad,,2024-06-09 07:05:00
REV-009045,ORD-009259,4,Muy bueno,,2022-01-09 19:21:00
REV-009046,ORD-004389,0,Buena calidad,,2024-06-22 22:45:00
REV-009047,ORD-002110,3,OK,OK,2021-02-04 16:11:00
REV-009048,ORD-007672,4,Buena calidad,,2022-09-08 01:40:00
REV-009049,ORD-008245,5,No lo recomiendo,No lo recomiendo,2022-03-29 07:51:00
REV-009050,ORD-003057,5,Recomendado,,2023-07-09 15:15:00
REV-009051,ORD-004581,2,Excelente producto,,2022-01-17 00:34:00
REV-009052,ORD-004445,4,,,2022-01-18 01:36:00
REV-009053,ORD-011312,4,Cumple expectativas,,2022-08-19 16:07:00
REV-009054,ORD-013851,4,Pesimo,Pesimo,2022-04-23 11:14:00
REV-009055,ORD-002339,5,Regular,,2023-09-08 16:13:00
REV-009056,ORD-006287,4,No lo recomiendo,No lo recomiendo,2023-01-29 22:18:00
REV-009057,ORD-014236,1,Regular,Regular,2023-11-18 10:34:00
REV-009058,ORD-007130,3,Llego roto,Llego roto,2022-05-04 07:42:00
REV-009059,ORD-013957,4,Buena calidad,Buena calidad,2021-04-26 08:54:00
REV-009060,ORD-003950,3,Excelente producto,Excelente producto,2022-01-22 05:33:00
REV-009061,ORD-000564,5,,,2022-07-04 21:11:00
REV-009062,ORD-001860,3,Pesimo,Pesimo,2023-01-11 20:48:00
REV-009063,ORD-011931,1,Recomendado,,2023-05-05 01:12:00
REV-009064,ORD-007002,2,Excelente producto,Excelente producto,2024-02-07 03:45:00
REV-009065,ORD-005701,5,Recomendado,Recomendado,2022-07-11 17:41:00
REV-009066,ORD-006551,2,Cumple expectativas,,2022-09-10 00:50:00
REV-009067,ORD-002825,4,Muy bueno,Muy bueno,2023-10-12 06:13:00
REV-009068,ORD-003114,3,Mejor de lo esperado,Mejor de lo esperado,2021-05-16 16:51:00
REV-009069,ORD-000638,5,Buena calidad,Buena calidad,2023-04-03 13:24:00
REV-009070,ORD-011168,4,Excelente producto,,2021-12-08 09:51:00
REV-000923,ORD-000736,1,Llego roto,Llego roto,2023-10-11 23:33:00
REV-009072,ORD-013215,1,Cumple expectativas,Cumple expectativas,2022-01-20 16:41:00
REV-009073,ORD-010376,1,Muy bueno,,2023-03-07 13:01:00
REV-009074,ORD-012577,1,No lo recomiendo,No lo recomiendo,2023-02-28 17:16:00
REV-009075,ORD-008620,2,Pesimo,,2024-01-21 00:03:00
REV-009076,ORD-011352,4,Recomendado,,2023-02-24 17:39:00
REV-009077,ORD-011706,1,Recomendado,,2022-03-09 23:13:00
REV-009078,ORD-006536,1,Cumple expectativas,Cumple expectativas,2022-12-23 10:18:00
REV-009079,ORD-007099,2,Excelente producto,,2023-07-08 09:59:00
REV-009080,ORD-011849,5,No lo recomiendo,No lo recomiendo,2024-04-21 03:15:00
REV-009081,ORD-013307,5,Llego roto,Llego roto,2024-02-07 01:39:00
REV-009082,ORD-004609,2,Muy bueno,Muy bueno,2024-04-18 18:14:00
REV-009083,ORD-000892,3,Malo,Malo,2021-08-23 01:36:00
REV-009084,ORD-001630,2,Regular,Regular,2022-05-06 19:20:00
REV-009085,ORD-001798,1,Excelente producto,Excelente producto,2021-05-11 02:01:00
REV-009086,ORD-007414,5,No lo recomiendo,No lo recomiendo,2021-02-17 19:18:00
REV-009087,ORD-006991,5,Buena calidad,,2021-06-01 09:01:00
REV-009088,ORD-002715,4,Malo,Malo,2023-04-12 06:48:00
REV-009089,ORD-012124,3,,,2024-03-29 21:06:00
REV-009090,ORD-002445,10,No lo recomiendo,,2023-11-19 19:58:00
REV-009091,ORD-011938,5,,,2023-03-10 01:49:00
REV-009092,ORD-000420,3,Muy bueno,Muy bueno,2021-12-29 04:26:00
REV-009093,ORD-007170,2,Mejor de lo esperado,Mejor de lo esperado,2024-06-01 15:13:00
REV-009094,ORD-005701,5,Buena calidad,Buena calidad,2021-08-26 06:22:00
REV-009095,ORD-005229,1,Llego roto,,2022-12-20 02:56:00
REV-009096,ORD-011177,5,Cumple expectativas,Cumple expectativas,2022-12-28 16:35:00
REV-009097,ORD-002521,3,Malo,,2023-02-20 16:22:00
REV-009098,ORD-014783,5,Regular,Regular,2021-12-29 22:34:00
REV-009099,ORD-002279,1,Regular,Regular,2024-06-04 00:31:00
REV-009100,ORD-012451,2,,,2022-12-02 19:47:00
REV-009101,ORD-005043,1,Mejor de lo esperado,Mejor de lo esperado,2023-07-08 14:36:00
REV-009102,ORD-000859,4,Excelente producto,,2024-04-14 09:20:00
REV-009103,ORD-006638,5,,,2021-11-12 02:54:00
REV-009104,ORD-002563,1,Recomendado,Recomendado,2023-06-07 14:51:00
REV-009105,ORD-013457,4,Malo,Malo,2023-02-23 23:01:00
REV-009106,ORD-012540,4,No lo recomiendo,,2023-01-02 05:15:00
REV-009107,ORD-008750,5,Cumple expectativas,Cumple expectativas,2023-09-28 08:03:00
REV-009108,ORD-005235,5,Mejor de lo esperado,Mejor de lo esperado,2022-10-29 11:14:00
REV-009109,ORD-004542,4,No lo recomiendo,,2023-07-11 08:20:00
REV-009110,ORD-001534,4,Pesimo,Pesimo,2021-04-01 21:33:00
REV-009111,ORD-000355,2,Buena calidad,,2021-09-23 11:43:00
REV-009112,ORD-002439,2,No lo recomiendo,,2023-12-09 09:12:00
REV-009113,ORD-006346,1,Cumple expectativas,Cumple expectativas,2024-05-19 22:46:00
REV-009114,ORD-013662,4,Regular,Regular,2022-02-27 11:44:00
REV-009115,ORD-013000,5,Cumple expectativas,Cumple expectativas,2022-02-06 17:01:00
REV-009116,ORD-014836,5,Cumple expectativas,,2024-01-17 11:40:00
REV-009117,ORD-014404,4,Buena calidad,Buena calidad,2022-12-23 07:18:00
REV-009118,ORD-004304,3,Buena calidad,Buena calidad,2021-09-05 13:41:00
REV-009119,ORD-006723,4,Llego roto,Llego roto,2023-03-26 17:48:00
REV-009120,ORD-011080,5,Recomendado,,2024-06-09 12:38:00
REV-009121,ORD-000322,4,,,2023-08-01 17:30:00
REV-009122,ORD-004326,4,Malo,Malo,2021-08-12 07:55:00
REV-009123,ORD-000277,1,Muy bueno,Muy bueno,2021-02-22 06:37:00
REV-009124,ORD-013332,4,Cumple expectativas,Cumple expectativas,2021-04-29 10:38:00
REV-009125,ORD-004164,5,Malo,Malo,2023-09-12 04:06:00
REV-009126,ORD-006962,1,Regular,,2022-09-12 02:09:00
REV-009127,ORD-002017,4,Recomendado,Recomendado,2022-03-28 09:41:00
REV-009128,ORD-003717,2,Recomendado,,2021-12-21 19:52:00
REV-009129,ORD-009403,5,Buena calidad,Buena calidad,2023-09-14 08:35:00
REV-009130,ORD-005479,3,Llego roto,Llego roto,2023-12-29 20:13:00
REV-009131,ORD-013837,1,Buena calidad,,2021-02-19 18:00:00
REV-009132,ORD-013456,1,Malo,Malo,2023-09-01 08:17:00
REV-009133,ORD-001629,4,OK,OK,2021-03-19 13:57:00
REV-009134,ORD-007380,2,OK,,2021-03-03 10:41:00
REV-009135,ORD-006831,1,Recomendado,,2023-01-18 11:37:00
REV-009136,ORD-000296,2,Llego roto,,2022-03-13 14:58:00
REV-009137,ORD-007472,5,Mejor de lo esperado,Mejor de lo esperado,2024-05-14 18:07:00
REV-009138,ORD-000364,2,Pesimo,,2024-06-06 16:30:00
REV-009139,ORD-012617,2,Llego roto,Llego roto,2023-05-12 23:32:00
REV-009140,ORD-007666,4,Muy bueno,Muy bueno,2023-12-06 11:33:00
REV-009141,ORD-006537,1,Malo,Malo,2023-01-22 22:46:00
REV-009142,ORD-009110,5,Recomendado,Recomendado,2021-07-20 08:50:00
REV-009143,ORD-011274,4,Cumple expectativas,Cumple expectativas,2021-03-24 12:07:00
REV-009144,ORD-011253,5,Pesimo,,2021-02-01 04:20:00
REV-009145,ORD-010730,1,Pesimo,Pesimo,2021-08-01 04:49:00
REV-009146,ORD-007556,4,OK,,2022-01-18 04:51:00
REV-009147,ORD-013585,1,Llego roto,,2021-03-22 14:46:00
REV-009148,ORD-012151,1,Cumple expectativas,Cumple expectativas,2022-10-25 19:12:00
REV-009149,ORD-012973,2,Regular,Regular,2024-06-25 01:52:00
REV-009150,ORD-010048,3,OK,OK,2023-07-18 22:02:00
REV-009151,ORD-005781,3,Excelente producto,Excelente producto,2023-07-12 03:19:00
REV-009152,ORD-006382,3,Regular,Regular,2023-01-17 08:29:00
REV-009153,ORD-010713,3,Mejor de lo esperado,,2021-07-02 21:05:00
REV-009154,ORD-000557,2,Mejor de lo esperado,,2024-06-15 12:05:00
REV-009155,ORD-005527,1,Muy bueno,Muy bueno,2022-04-05 22:09:00
REV-009156,ORD-003058,3,Mejor de lo esperado,Mejor de lo esperado,2021-02-21 15:38:00
REV-009157,ORD-004957,4,Recomendado,Recomendado,2021-05-15 23:19:00
REV-009158,ORD-009784,5,Malo,Malo,2021-06-09 09:08:00
REV-009159,ORD-001193,1,Buena calidad,,2022-03-07 01:27:00
REV-009160,ORD-005793,5,Recomendado,Recomendado,2022-09-22 16:09:00
REV-009161,ORD-012638,4,Excelente producto,,2024-03-28 10:31:00
REV-009162,ORD-003487,5,Recomendado,Recomendado,2023-12-22 12:53:00
REV-009163,ORD-011778,4,Cumple expectativas,Cumple expectativas,2022-07-19 10:40:00
REV-009164,ORD-009983,2,No lo recomiendo,,2021-10-20 01:40:00
REV-009165,ORD-012579,2,,,2023-09-01 12:25:00
REV-009166,ORD-010061,3,Mejor de lo esperado,Mejor de lo esperado,2023-10-27 14:05:00
REV-009167,ORD-010257,5,Mejor de lo esperado,,2023-04-18 11:42:00
REV-009168,ORD-011652,2,Pesimo,,2023-11-19 17:33:00
REV-009169,ORD-002666,2,Excelente producto,,2023-05-11 14:27:00
REV-009170,ORD-004549,3,Recomendado,Recomendado,2023-07-19 02:09:00
REV-009171,ORD-004868,1,Muy bueno,Muy bueno,2022-10-22 18:32:00
REV-009172,ORD-002305,1,Llego roto,,2021-12-26 08:49:00
REV-009173,ORD-007523,4,Regular,Regular,2021-11-09 20:24:00
REV-009174,ORD-012460,5,,,2023-01-01 09:37:00
REV-009175,ORD-008645,1,Muy bueno,Muy bueno,2021-07-03 03:49:00
REV-009176,ORD-012589,1,Recomendado,,2024-05-03 19:16:00
REV-009177,ORD-006361,5,OK,OK,2022-09-15 19:32:00
REV-009178,ORD-013468,2,Regular,Regular,2023-09-09 04:38:00
REV-009179,ORD-014346,4,Malo,,2023-05-13 11:42:00
REV-009180,ORD-002488,4,Pesimo,Pesimo,2023-04-23 16:43:00
REV-009181,ORD-011898,5,Muy bueno,Muy bueno,2021-02-12 23:06:00
REV-009182,ORD-004382,3,Excelente producto,,2023-06-28 14:55:00
REV-009183,ORD-006931,5,Excelente producto,,2022-03-31 12:52:00
REV-009184,ORD-005257,1,Pesimo,,2022-08-14 22:42:00
REV-009185,ORD-013744,2,Muy bueno,,2023-08-07 13:45:00
REV-009186,ORD-010404,3,Mejor de lo esperado,Mejor de lo esperado,2023-06-25 23:12:00
REV-009187,ORD-006242,1,Cumple expectativas,,2021-07-11 20:07:00
REV-009188,ORD-000715,1,Cumple expectativas,Cumple expectativas,2021-04-04 00:28:00
REV-009189,ORD-014610,2,Cumple expectativas,Cumple expectativas,2022-04-05 00:35:00
REV-009190,ORD-013167,1,Llego roto,,2024-05-17 03:25:00
REV-009191,ORD-000487,1,Malo,Malo,2021-04-03 02:20:00
REV-009192,ORD-007114,1,Recomendado,,2022-12-04 21:04:00
REV-009193,ORD-010734,2,No lo recomiendo,,2021-10-29 11:17:00
REV-009194,ORD-009091,5,Regular,Regular,2024-06-08 01:32:00
REV-009195,ORD-007724,1,Cumple expectativas,,2023-03-28 14:03:00
REV-009196,ORD-006103,1,Cumple expectativas,Cumple expectativas,2022-01-24 20:36:00
REV-009197,ORD-014531,3,Cumple expectativas,Cumple expectativas,2024-04-08 21:21:00
REV-009198,ORD-009195,1,Mejor de lo esperado,Mejor de lo esperado,2021-02-06 00:01:00
REV-009199,ORD-009112,1,OK,OK,2021-12-28 17:47:00
REV-009200,ORD-010451,2,Regular,Regular,2024-06-29 19:52:00
REV-009201,ORD-007937,3,Excelente producto,Excelente producto,2022-03-19 09:00:00
REV-009202,ORD-011288,4,Buena calidad,,2021-07-08 21:34:00
REV-009203,ORD-001297,2,Regular,,2022-06-24 01:43:00
REV-009204,ORD-013742,4,Malo,Malo,2021-11-22 09:48:00
REV-009205,ORD-011896,2,Malo,Malo,2023-02-22 23:37:00
REV-009206,ORD-007701,3,Excelente producto,,2022-03-04 03:44:00
REV-009207,ORD-000177,2,Excelente producto,,2022-01-20 11:12:00
REV-006838,ORD-011867,3,,,2023-01-17 03:11:00
REV-009209,ORD-002331,1,Cumple expectativas,,2024-05-23 12:52:00
REV-009210,ORD-007109,2,Pesimo,Pesimo,2023-11-18 11:40:00
REV-009211,ORD-001501,3,Pesimo,Pesimo,2023-05-19 23:22:00
REV-009212,ORD-014381,1,Buena calidad,Buena calidad,2022-07-20 00:55:00
REV-002421,ORD-008997,5,Llego roto,,2023-09-04 23:14:00
REV-009214,ORD-000330,5,Buena calidad,Buena calidad,2022-01-23 22:02:00
REV-009215,ORD-003965,5,Malo,,2023-12-12 04:54:00
REV-009216,ORD-006074,4,Buena calidad,Buena calidad,2021-08-04 12:54:00
REV-009217,ORD-002005,1,No lo recomiendo,No lo recomiendo,2021-04-14 21:24:00
REV-009218,ORD-007763,5,OK,OK,2022-09-09 19:54:00
REV-009219,ORD-010725,2,No lo recomiendo,,2023-04-22 20:07:00
REV-009220,ORD-008273,5,Excelente producto,,2023-01-05 20:29:00
REV-009221,ORD-011774,4,No lo recomiendo,No lo recomiendo,2024-01-22 16:59:00
REV-009222,ORD-014666,2,Llego roto,,2021-12-05 09:57:00
REV-009223,ORD-009452,3,Recomendado,Recomendado,2023-10-04 18:54:00
REV-009224,ORD-009394,5,Muy bueno,,2021-05-29 08:51:00
REV-009225,ORD-014925,2,Regular,Regular,2021-12-05 12:27:00
REV-009226,ORD-014116,1,,,2023-08-30 04:55:00
REV-009227,ORD-006666,2,Excelente producto,,2022-03-10 18:56:00
REV-009228,ORD-009339,1,,,2023-10-04 06:43:00
REV-009229,ORD-007294,1,Malo,,2024-05-23 04:29:00
REV-009230,ORD-004348,2,Malo,,2023-07-06 20:30:00
REV-009231,ORD-005848,1,Llego roto,Llego roto,2023-03-19 07:21:00
REV-009232,ORD-011627,1,OK,,2023-03-13 08:24:00
REV-009233,ORD-010240,4,Recomendado,Recomendado,2024-06-21 03:46:00
REV-009234,ORD-007000,1,Malo,Malo,2023-02-23 09:44:00
REV-009235,ORD-009933,2,Muy bueno,,2022-12-28 22:18:00
REV-009236,ORD-007221,5,Malo,,2023-05-30 01:01:00
REV-009237,ORD-003747,1,Llego roto,Llego roto,2023-10-18 22:59:00
REV-009238,ORD-008452,4,Regular,,2024-06-20 04:34:00
REV-009239,ORD-000702,4,Recomendado,,2022-06-18 21:46:00
REV-009240,ORD-008538,4,Excelente producto,Excelente producto,2024-03-28 13:29:00
REV-009241,ORD-000233,2,Llego roto,Llego roto,2022-07-01 16:51:00
REV-009242,ORD-004125,4,Muy bueno,Muy bueno,2024-06-23 15:24:00
REV-009243,ORD-007216,1,Pesimo,Pesimo,2022-05-30 20:25:00
REV-009244,ORD-002529,4,,,2023-03-20 16:50:00
REV-009245,ORD-010850,2,Muy bueno,,2024-01-27 05:51:00
REV-009246,ORD-008402,3,,,2024-04-28 20:43:00
REV-009247,ORD-947543,3,Regular,Regular,2023-06-16 07:33:00
REV-009248,ORD-010808,1,,,2022-10-24 19:04:00
REV-009249,ORD-005348,5,Muy bueno,Muy bueno,2024-04-07 06:45:00
REV-009250,ORD-009953,3,No lo recomiendo,No lo recomiendo,2021-11-21 19:26:00
REV-009251,ORD-000198,5,Muy bueno,Muy bueno,2022-07-15 03:06:00
REV-009252,ORD-003399,4,Pesimo,Pesimo,2023-09-24 21:57:00
REV-009253,ORD-002398,3,Pesimo,Pesimo,2021-02-11 06:31:00
REV-009254,ORD-002830,5,OK,,2023-03-28 05:37:00
REV-009255,ORD-008570,4,Mejor de lo esperado,Mejor de lo esperado,2021-04-02 03:42:00
REV-009256,ORD-002186,1,Malo,Malo,2022-02-06 15:23:00
REV-009257,ORD-003075,3,Regular,,2023-12-12 12:05:00
REV-009258,ORD-014999,4,Buena calidad,Buena calidad,2022-09-14 10:34:00
REV-009259,ORD-013562,1,Llego roto,Llego roto,2024-04-18 10:18:00
REV-009260,ORD-006558,1,Regular,Regular,2023-04-09 10:46:00
REV-009261,ORD-009381,3,Pesimo,,2021-08-07 14:24:00
REV-009262,ORD-005415,4,Cumple expectativas,Cumple expectativas,2023-12-07 04:27:00
REV-009263,ORD-011305,2,Malo,,2021-02-27 10:18:00
REV-009264,ORD-013074,4,Llego roto,Llego roto,2023-10-07 01:06:00
REV-009265,ORD-010546,3,Recomendado,,2023-09-06 10:06:00
REV-009266,ORD-014072,3,Pesimo,,2023-10-08 22:00:00
REV-009267,ORD-003310,1,Recomendado,Recomendado,2023-07-04 20:15:00
REV-009268,ORD-000829,5,Malo,Malo,2023-06-17 14:03:00
REV-009269,ORD-000787,1,No lo recomiendo,No lo recomiendo,2021-08-08 09:17:00
REV-009270,ORD-011078,2,No lo recomiendo,,2021-11-05 07:50:00
REV-005161,ORD-001729,3,No lo recomiendo,,2021-08-08 14:40:00
REV-009272,ORD-002262,1,Excelente producto,Excelente producto,2022-08-24 06:53:00
REV-009273,ORD-001032,3,Malo,Malo,2023-06-21 02:09:00
REV-009274,ORD-011358,5,Regular,Regular,2021-07-05 20:53:00
REV-009275,ORD-004922,4,Muy bueno,,2021-03-26 12:59:00
REV-009276,ORD-009187,2,Malo,Malo,2023-02-13 09:21:00
REV-009277,ORD-003363,5,Regular,,2023-07-20 01:44:00
REV-009278,ORD-004159,2,Muy bueno,,2024-02-23 23:08:00
REV-009279,ORD-972405,3,Buena calidad,Buena calidad,2021-08-05 08:09:00
REV-009280,ORD-001712,1,Cumple expectativas,Cumple expectativas,2021-11-14 18:40:00
REV-009281,ORD-014590,5,,,2023-03-17 06:26:00
REV-009282,ORD-009395,4,Llego roto,Llego roto,2024-01-17 11:09:00
REV-009283,ORD-000142,1,Muy bueno,Muy bueno,2021-04-24 00:33:00
REV-009284,ORD-013814,5,No lo recomiendo,,2021-02-06 16:36:00
REV-009285,ORD-002619,1,OK,OK,2022-03-16 12:41:00
REV-009286,ORD-012951,5,No lo recomiendo,,2023-09-30 23:30:00
REV-009287,ORD-009381,3,Recomendado,Recomendado,2021-04-09 15:39:00
REV-009288,ORD-010531,3,Recomendado,Recomendado,2024-04-24 03:03:00
REV-009289,ORD-012571,1,Muy bueno,Muy bueno,2023-04-11 03:55:00
REV-009290,ORD-004154,5,OK,,2021-06-10 19:33:00
REV-009291,ORD-005516,1,,,2021-09-19 09:55:00
REV-009292,ORD-008798,5,OK,OK,2024-03-02 22:39:00
REV-009293,ORD-010956,2,Excelente producto,,2023-12-26 09:48:00
REV-009294,ORD-000850,,Muy bueno,,2024-01-01 22:20:00
REV-009295,ORD-002940,5,Pesimo,,2023-09-15 22:25:00
REV-009296,ORD-009891,3,Malo,,2021-02-27 09:06:00
REV-009297,ORD-007444,2,OK,OK,2022-02-10 21:15:00
REV-009298,ORD-001261,5,Muy bueno,Muy bueno,2021-12-14 13:27:00
REV-009299,ORD-005600,3,Recomendado,Recomendado,2023-12-03 09:27:00
REV-009300,ORD-008480,2,Excelente producto,Excelente producto,2023-10-15 15:00:00
REV-009301,ORD-006593,4,No lo recomiendo,,2024-05-02 10:20:00
REV-009302,ORD-003543,5,Excelente producto,Excelente producto,2022-10-11 08:23:00
REV-009303,ORD-004145,1,Mejor de lo esperado,Mejor de lo esperado,2024-05-31 09:04:00
REV-009304,ORD-001536,3,,,2023-02-19 14:01:00
REV-009305,ORD-011845,2,OK,OK,2024-01-06 02:12:00
REV-009306,ORD-007234,2,,,2022-04-17 07:28:00
REV-009307,ORD-014616,2,Muy bueno,Muy bueno,2024-06-28 11:14:00
REV-009308,ORD-008373,1,Regular,Regular,2022-07-25 08:52:00
REV-009309,ORD-014529,1,Regular,Regular,2021-07-09 20:04:00
REV-009310,ORD-010608,2,Buena calidad,Buena calidad,2021-06-30 15:40:00
REV-009311,ORD-007592,3,Pesimo,,2024-01-24 04:30:00
REV-009312,ORD-006374,1,Excelente producto,Excelente producto,2022-09-23 13:35:00
REV-009313,ORD-003958,5,Recomendado,,2021-06-06 22:03:00
REV-009314,ORD-010311,5,Pesimo,,2023-03-05 01:06:00
REV-009315,ORD-001521,3,No lo recomiendo,No lo recomiendo,2023-09-02 02:38:00
REV-009316,ORD-011606,4,Mejor de lo esperado,Mejor de lo esperado,2021-12-28 16:19:00
REV-009317,ORD-003274,2,Excelente producto,,2021-11-10 08:16:00
REV-009318,ORD-012406,5,OK,OK,2022-02-16 04:12:00
REV-009319,ORD-008111,2,Recomendado,Recomendado,2021-07-29 10:53:00
REV-009320,ORD-006737,3,Muy bueno,Muy bueno,2021-05-10 05:30:00
REV-009321,ORD-001769,4,Regular,Regular,2022-03-24 14:50:00
REV-009322,ORD-010800,3,Pesimo,,2023-09-04 13:33:00
REV-009323,ORD-013689,5,Cumple expectativas,,2023-05-30 06:22:00
REV-009324,ORD-013714,2,OK,OK,2022-08-11 15:09:00
REV-009325,ORD-002277,4,OK,,2022-09-18 04:56:00
REV-009326,ORD-009606,4,Muy bueno,,2023-03-18 18:26:00
REV-009327,ORD-007143,5,Llego roto,Llego roto,2021-05-16 21:50:00
REV-009328,ORD-004585,1,Pesimo,,2022-04-11 20:07:00
REV-009329,ORD-013073,3,OK,,2022-09-25 03:49:00
REV-009330,ORD-004635,5,Llego roto,Llego roto,2021-04-04 18:37:00
REV-001231,ORD-008017,5,,,2023-01-20 03:41:00
REV-009332,ORD-013465,3,Malo,,2024-05-09 14:10:00
REV-009333,ORD-011172,2,Muy bueno,Muy bueno,2024-02-19 06:29:00
REV-009334,ORD-008768,5,Malo,Malo,2023-09-14 18:02:00
REV-009335,ORD-013975,3,,,2021-02-14 04:38:00
REV-009336,ORD-013184,3,Cumple expectativas,Cumple expectativas,2023-08-28 22:42:00
REV-009337,ORD-001217,2,Recomendado,Recomendado,2024-01-23 23:20:00
REV-009338,ORD-006612,5,Recomendado,,2023-01-22 22:32:00
REV-009339,ORD-000597,1,Muy bueno,,2021-09-25 15:04:00
REV-009340,ORD-007184,3,Regular,Regular,2023-07-13 04:51:00
REV-009341,ORD-001963,1,Recomendado,Recomendado,2022-09-25 04:58:00
REV-009342,ORD-002562,3,Excelente producto,Excelente producto,2022-02-22 02:39:00
REV-009343,ORD-004947,2,Llego roto,,2023-12-04 04:10:00
REV-009344,ORD-014920,1,Recomendado,,2023-01-12 11:47:00
REV-009345,ORD-003360,4,Cumple expectativas,Cumple expectativas,2021-02-20 06:38:00
REV-009346,ORD-008472,2,Excelente producto,Excelente producto,2023-02-02 14:08:00
REV-009347,ORD-014012,3,Malo,Malo,2023-08-11 16:06:00
REV-009348,ORD-012880,3,Buena calidad,Buena calidad,2022-07-23 17:30:00
REV-009349,ORD-014726,1,Cumple expectativas,Cumple expectativas,2021-02-12 21:59:00
REV-009350,ORD-008419,1,Pesimo,,2022-01-08 08:19:00
REV-009351,ORD-007410,3,Excelente producto,Excelente producto,2023-10-03 23:07:00
REV-009352,ORD-008085,2,Llego roto,Llego roto,2021-03-20 07:56:00
REV-009353,ORD-008901,2,Cumple expectativas,Cumple expectativas,2022-05-19 11:13:00
REV-009354,ORD-001206,2,Malo,,2021-10-29 02:34:00
REV-009355,ORD-013104,1,Mejor de lo esperado,,2022-08-26 22:22:00
REV-009356,ORD-008975,1,Cumple expectativas,Cumple expectativas,2023-02-24 02:50:00
REV-009357,ORD-002911,5,Excelente producto,,2021-05-23 05:13:00
REV-009358,ORD-001761,1,Mejor de lo esperado,Mejor de lo esperado,2021-11-15 22:54:00
REV-009359,ORD-001330,4,Recomendado,Recomendado,2023-06-04 06:34:00
REV-009360,ORD-000718,5,Muy bueno,Muy bueno,2022-02-16 10:25:00
REV-009361,ORD-010577,4,Mejor de lo esperado,Mejor de lo esperado,2021-12-31 23:03:00
REV-009362,ORD-009767,4,Mejor de lo esperado,Mejor de lo esperado,2023-12-26 17:17:00
REV-009363,ORD-000440,2,,,2023-11-16 01:11:00
REV-009364,ORD-007269,2,Recomendado,,2022-08-18 14:46:00
REV-009365,ORD-010734,1,Cumple expectativas,Cumple expectativas,2023-06-24 04:19:00
REV-009366,ORD-012968,3,Recomendado,Recomendado,2021-02-23 23:46:00
REV-009367,ORD-000426,2,OK,OK,2023-10-01 13:02:00
REV-009368,ORD-001933,1,Cumple expectativas,,2023-09-02 03:36:00
REV-009369,ORD-000977,4,No lo recomiendo,No lo recomiendo,2023-09-07 14:12:00
REV-009370,ORD-014017,2,No lo recomiendo,,2022-06-06 15:05:00
REV-009371,ORD-009458,2,No lo recomiendo,No lo recomiendo,2023-11-09 03:51:00
REV-009372,ORD-011111,1,Recomendado,,2023-09-14 02:10:00
REV-009373,ORD-002935,2,No lo recomiendo,No lo recomiendo,2021-03-03 11:14:00
REV-009374,ORD-013273,3,,,2023-07-26 18:56:00
REV-009375,ORD-011947,3,Mejor de lo esperado,Mejor de lo esperado,2023-09-27 21:26:00
REV-009376,ORD-014047,4,Regular,Regular,2023-07-20 14:12:00
REV-009377,ORD-013200,3,Cumple expectativas,Cumple expectativas,2022-02-25 19:26:00
REV-009378,ORD-008566,1,Pesimo,,2022-11-23 16:24:00
REV-009379,ORD-014410,1,No lo recomiendo,,2021-11-25 12:47:00
REV-009380,ORD-014314,5,OK,OK,2022-06-10 16:42:00
REV-009381,ORD-000042,4,Regular,Regular,2024-03-01 08:58:00
REV-009382,ORD-000173,3,Buena calidad,Buena calidad,2021-10-25 23:28:00
REV-009383,ORD-011533,1,,,2021-02-04 21:00:00
REV-009384,ORD-001127,2,Malo,Malo,2021-09-07 21:50:00
REV-009385,ORD-009262,2,Malo,Malo,2021-12-31 08:05:00
REV-009386,ORD-004929,3,Llego roto,,2021-07-16 17:39:00
REV-009387,ORD-002967,5,,,2023-02-20 18:47:00
REV-009388,ORD-001443,5,No lo recomiendo,,2022-01-18 17:25:00
REV-009389,ORD-004511,3,No lo recomiendo,,2023-03-09 16:12:00
REV-009390,ORD-012861,-1,Malo,Malo,2024-01-31 22:40:00
REV-009391,ORD-007160,5,Regular,,2022-02-02 00:23:00
REV-009392,ORD-005857,3,Buena calidad,Buena calidad,2023-04-03 19:58:00
REV-009393,ORD-013541,5,,,2022-09-28 03:16:00
REV-009394,ORD-007176,2,Recomendado,Recomendado,2023-10-06 08:57:00
REV-009395,ORD-008131,1,No lo recomiendo,,2023-09-26 22:58:00
REV-009396,ORD-002643,1,No lo recomiendo,No lo recomiendo,2022-10-17 01:00:00
REV-009397,ORD-014453,6,Excelente producto,Excelente producto,2022-04-01 06:23:00
REV-009398,ORD-000894,3,Mejor de lo esperado,Mejor de lo esperado,2022-09-18 22:37:00
REV-009399,ORD-007843,2,Cumple expectativas,Cumple expectativas,2024-04-01 18:43:00
REV-009400,ORD-006459,5,Excelente producto,,2021-06-17 06:02:00
REV-009401,ORD-007395,1,Recomendado,Recomendado,2023-11-09 16:03:00
REV-009402,ORD-006957,1,,,2022-11-21 06:01:00
REV-009403,ORD-002768,1,Muy bueno,,2022-04-13 19:39:00
REV-009404,ORD-002259,5,Buena calidad,,2021-12-10 14:11:00
REV-009405,ORD-001805,2,Muy bueno,,2023-11-19 15:20:00
REV-009406,ORD-960022,5,Mejor de lo esperado,Mejor de lo esperado,2023-06-29 04:51:00
REV-009407,ORD-007882,0,Pesimo,Pesimo,2023-03-30 10:44:00
REV-009408,ORD-001698,5,,,2022-11-02 09:01:00
REV-009409,ORD-011960,5,Mejor de lo esperado,Mejor de lo esperado,2023-12-20 02:12:00
REV-009410,ORD-013422,1,Pesimo,Pesimo,2022-08-28 16:51:00
REV-009411,ORD-000145,3,Mejor de lo esperado,,2021-06-19 13:48:00
REV-009412,ORD-009133,2,Llego roto,Llego roto,2023-03-17 04:04:00
REV-009413,ORD-001045,4,Pesimo,,2024-06-26 18:37:00
REV-009414,ORD-008994,4,Mejor de lo esperado,Mejor de lo esperado,2022-05-25 17:47:00
REV-009415,ORD-008427,4,Muy bueno,,2023-12-25 16:12:00
REV-009416,ORD-004395,3,OK,,2024-04-19 02:32:00
REV-009417,ORD-013666,3,OK,,2021-12-05 09:23:00
REV-009418,ORD-008720,4,,,2021-03-18 02:25:00
REV-009419,ORD-911859,3,Buena calidad,Buena calidad,2021-03-14 15:20:00
REV-009420,ORD-004736,2,Recomendado,Recomendado,2022-08-11 14:07:00
REV-009421,ORD-966910,3,Malo,Malo,2021-12-28 11:22:00
REV-009422,ORD-007319,4,Excelente producto,Excelente producto,2022-05-29 16:59:00
REV-009423,ORD-011844,3,Muy bueno,Muy bueno,2022-09-22 16:44:00
REV-009424,ORD-009163,3,Buena calidad,,2023-10-09 11:59:00
REV-009425,ORD-012126,3,Excelente producto,Excelente producto,2023-10-16 11:58:00
REV-009426,ORD-001190,5,Excelente producto,Excelente producto,2021-12-15 15:15:00
REV-009427,ORD-007441,4,Llego roto,Llego roto,2022-11-20 13:50:00
REV-009428,ORD-008639,4,Muy bueno,Muy bueno,2022-12-20 14:22:00
REV-009429,ORD-013965,5,Llego roto,,2022-02-08 13:11:00
REV-009430,ORD-012211,1,Pesimo,Pesimo,2021-12-12 21:01:00
REV-009431,ORD-001013,1,Llego roto,Llego roto,2021-07-17 01:54:00
REV-009432,ORD-007779,1,Excelente producto,Excelente producto,2023-04-27 20:03:00
REV-009433,ORD-005028,4,No lo recomiendo,,2022-04-30 18:42:00
REV-009434,ORD-003788,4,Pesimo,Pesimo,2024-05-16 21:36:00
REV-009435,ORD-007546,5,Excelente producto,Excelente producto,2021-07-01 08:12:00
REV-009436,ORD-004570,5,,,2021-08-11 21:38:00
REV-009437,ORD-013930,4,Buena calidad,Buena calidad,2022-01-25 21:55:00
REV-009438,ORD-004191,1,Malo,,2023-07-12 07:51:00
REV-009439,ORD-003350,5,Recomendado,Recomendado,2023-08-21 13:37:00
REV-009440,ORD-012113,3,Llego roto,Llego roto,2023-09-23 13:52:00
REV-009441,ORD-005415,5,OK,OK,2023-07-19 14:27:00
REV-009442,ORD-013198,1,Regular,,2021-05-25 20:57:00
REV-009443,ORD-001386,1,Pesimo,,2023-03-29 16:46:00
REV-009444,ORD-010393,4,No lo recomiendo,No lo recomiendo,2024-02-24 10:28:00
REV-009445,ORD-008817,2,Cumple expectativas,,2023-09-05 12:33:00
REV-009446,ORD-001411,2,Llego roto,Llego roto,2021-11-27 20:37:00
REV-009447,ORD-013901,1,Recomendado,Recomendado,2021-12-05 16:00:00
REV-009448,ORD-011448,4,,,2022-07-17 20:39:00
REV-009449,ORD-002401,2,No lo recomiendo,,2024-02-04 17:46:00
REV-009450,ORD-011350,4,Malo,,2022-12-07 17:59:00
REV-009451,ORD-003462,5,No lo recomiendo,No lo recomiendo,2024-03-06 00:34:00
REV-009452,ORD-010463,2,,,2023-11-09 12:40:00
REV-009453,ORD-001664,4,Excelente producto,,2022-07-12 08:13:00
REV-009454,ORD-001753,2,Regular,Regular,2023-06-08 05:36:00
REV-009455,ORD-009742,3,OK,OK,2023-02-20 18:58:00
REV-009456,ORD-005947,1,No lo recomiendo,,2022-09-17 07:08:00
REV-009457,ORD-007310,1,Muy bueno,Muy bueno,2022-08-20 12:56:00
REV-009458,ORD-001236,2,Llego roto,Llego roto,2024-04-15 16:53:00
REV-009459,ORD-000640,2,Malo,Malo,2021-11-19 01:10:00
REV-009460,ORD-009815,3,Muy bueno,,2021-09-22 20:31:00
REV-009461,ORD-007432,1,Regular,Regular,2022-06-07 03:14:00
REV-009462,ORD-000742,5,OK,,2021-02-25 00:56:00
REV-009463,ORD-011623,2,Pesimo,Pesimo,2021-02-02 22:59:00
REV-009464,ORD-011957,5,Mejor de lo esperado,,2023-02-15 23:15:00
REV-009465,ORD-939818,5,Llego roto,,2022-04-18 15:46:00
REV-009466,ORD-000414,5,Mejor de lo esperado,,2023-09-10 09:46:00
REV-009467,ORD-003407,4,Recomendado,Recomendado,2021-09-21 01:43:00
REV-009468,ORD-001414,4,Pesimo,Pesimo,2022-01-11 16:08:00
REV-009469,ORD-006547,4,OK,OK,2022-01-01 01:23:00
REV-009470,ORD-921144,3,Pesimo,,2021-05-30 09:14:00
REV-009471,ORD-005228,4,Buena calidad,,2022-12-23 06:31:00
REV-009472,ORD-007512,2,Malo,,2021-03-28 04:24:00
REV-009473,ORD-002505,1,Regular,Regular,2022-02-25 20:40:00
REV-009474,ORD-000864,5,Mejor de lo esperado,Mejor de lo esperado,2021-02-04 01:41:00
REV-009475,ORD-014145,2,Regular,,2022-07-15 20:19:00
REV-009476,ORD-009896,5,Muy bueno,Muy bueno,2021-04-20 16:39:00
REV-009477,ORD-010047,3,,,2023-04-03 01:40:00
REV-009478,ORD-000126,3,OK,OK,2021-07-28 10:23:00
REV-009479,ORD-004572,1,,,2022-08-10 22:35:00
REV-009480,ORD-011060,4,Regular,Regular,2021-04-28 02:19:00
REV-009481,ORD-002534,4,Llego roto,Llego roto,2023-03-07 00:39:00
REV-009482,ORD-003372,1,Cumple expectativas,Cumple expectativas,2024-03-09 04:13:00
REV-009483,ORD-005428,3,Regular,Regular,2024-06-28 06:40:00
REV-009484,ORD-002014,6,Llego roto,Llego roto,2022-11-03 08:52:00
REV-009485,ORD-011940,3,Mejor de lo esperado,,2022-12-13 07:59:00
REV-009486,ORD-003656,1,Pesimo,Pesimo,2021-04-09 18:11:00
REV-009487,ORD-005731,5,No lo recomiendo,,2021-11-08 12:14:00
REV-009488,ORD-004997,1,Recomendado,,2022-09-25 16:29:00
REV-009489,ORD-001119,6,Regular,Regular,2024-02-04 14:13:00
REV-009490,ORD-013657,2,Muy bueno,,2023-08-16 20:41:00
REV-009491,ORD-010239,5,Llego roto,Llego roto,2021-04-04 11:06:00
REV-009492,ORD-000031,1,Buena calidad,,2022-07-23 00:19:00
REV-009493,ORD-006358,2,Excelente producto,Excelente producto,2023-03-29 10:16:00
REV-009494,ORD-001234,5,Cumple expectativas,Cumple expectativas,2022-11-27 05:15:00
REV-009495,ORD-007481,4,Buena calidad,,2021-06-30 04:17:00
REV-009496,ORD-004344,2,Buena calidad,Buena calidad,2022-02-11 16:06:00
REV-009497,ORD-005543,2,Cumple expectativas,Cumple expectativas,2021-10-29 06:37:00
REV-009498,ORD-006476,2,Pesimo,Pesimo,2024-01-10 06:11:00
REV-009499,ORD-001767,5,Cumple expectativas,Cumple expectativas,2023-08-26 08:41:00
REV-009500,ORD-007935,3,OK,OK,2023-05-12 07:41:00
REV-009501,ORD-002284,4,Malo,Malo,2021-08-11 00:26:00
REV-009502,ORD-003825,2,Muy bueno,,2022-05-03 20:39:00
REV-009503,ORD-006608,1,Llego roto,Llego roto,2021-03-22 13:57:00
REV-009504,ORD-006257,4,,,2024-05-12 05:42:00
REV-009505,ORD-000879,5,Buena calidad,Buena calidad,2022-12-18 00:50:00
REV-009506,ORD-001813,3,Malo,,2022-01-16 17:54:00
REV-009507,ORD-007513,3,Regular,,2021-10-28 04:54:00
REV-009508,ORD-000412,4,Malo,,2023-06-18 21:29:00
REV-009509,ORD-009095,4,OK,OK,2022-03-19 03:58:00
REV-009510,ORD-000696,5,Malo,Malo,2024-02-13 04:07:00
REV-009511,ORD-002240,3,Buena calidad,,2021-08-06 17:22:00
REV-009512,ORD-004030,3,Llego roto,Llego roto,2023-06-20 04:09:00
REV-009513,ORD-014172,1,Cumple expectativas,Cumple expectativas,2024-02-04 17:51:00
REV-009514,ORD-008720,1,Pesimo,Pesimo,2023-05-21 20:19:00
REV-009515,ORD-012246,1,Excelente producto,,2023-11-08 19:57:00
REV-009516,ORD-004489,1,Mejor de lo esperado,Mejor de lo esperado,2021-10-08 07:27:00
REV-009517,ORD-012963,1,Pesimo,Pesimo,2023-10-02 20:12:00
REV-009518,ORD-009228,4,Pesimo,Pesimo,2021-10-18 20:55:00
REV-009519,ORD-013492,5,Cumple expectativas,,2023-06-17 04:29:00
REV-009520,ORD-004436,5,Excelente producto,,2021-06-19 17:07:00
REV-009521,ORD-007109,3,Malo,Malo,2022-11-28 01:40:00
REV-009522,ORD-007629,5,Mejor de lo esperado,,2023-07-26 15:41:00
REV-009523,ORD-006171,4,Llego roto,Llego roto,2022-07-04 08:09:00
REV-009524,ORD-011717,5,No lo recomiendo,No lo recomiendo,2023-05-17 10:10:00
REV-009525,ORD-010302,5,Mejor de lo esperado,Mejor de lo esperado,2022-12-15 14:13:00
REV-009526,ORD-011956,1,Regular,,2024-02-18 20:18:00
REV-009527,ORD-012173,4,No lo recomiendo,No lo recomiendo,2022-03-29 21:47:00
REV-009528,ORD-010005,5,OK,,2021-12-16 17:05:00
REV-009529,ORD-012112,5,Recomendado,,2024-06-28 16:27:00
REV-009530,ORD-000090,4,,,2023-04-18 06:01:00
REV-009531,ORD-000037,2,Pesimo,,2024-06-19 04:35:00
REV-009532,ORD-009834,3,No lo recomiendo,,2022-10-06 23:20:00
REV-009533,ORD-004794,4,No lo recomiendo,,2024-02-26 22:47:00
REV-009534,ORD-009316,3,Excelente producto,Excelente producto,2021-11-17 00:31:00
REV-009535,ORD-007105,4,Muy bueno,,2022-05-20 16:16:00
REV-009536,ORD-010388,1,,,2022-04-22 15:13:00
REV-009537,ORD-006916,5,Malo,,2022-01-26 18:24:00
REV-009538,ORD-010339,1,OK,,2023-02-21 06:13:00
REV-009539,ORD-005583,5,Recomendado,,2023-05-01 06:23:00
REV-009540,ORD-005335,4,Llego roto,,2022-03-25 23:32:00
REV-009541,ORD-014097,1,Regular,,2024-03-14 07:04:00
REV-009542,ORD-009480,1,Llego roto,,2021-08-28 02:56:00
REV-009543,ORD-011101,4,,,2021-12-30 09:15:00
REV-009544,ORD-002396,1,Pesimo,Pesimo,2022-11-19 00:34:00
REV-009545,ORD-011029,2,,,2022-03-02 04:53:00
REV-009546,ORD-004340,3,Pesimo,Pesimo,2023-01-23 17:06:00
REV-009547,ORD-010098,3,Malo,,2022-11-17 16:33:00
REV-009548,ORD-010289,5,Cumple expectativas,Cumple expectativas,2021-03-27 21:57:00
REV-009549,ORD-010291,1,,,2022-08-15 15:35:00
REV-006387,ORD-005202,1,Cumple expectativas,,2021-12-24 05:16:00
REV-009551,ORD-007923,4,Excelente producto,Excelente producto,2022-02-22 10:07:00
REV-009552,ORD-014444,3,Malo,Malo,2023-03-23 12:47:00
REV-009553,ORD-010914,4,No lo recomiendo,,2022-10-15 00:54:00
REV-009554,ORD-006727,4,OK,OK,2021-05-22 05:35:00
REV-009555,ORD-004926,1,No lo recomiendo,,2023-07-06 08:24:00
REV-009556,ORD-010145,3,Muy bueno,Muy bueno,2023-06-27 11:56:00
REV-009557,ORD-010260,4,,,2024-02-07 23:25:00
REV-009558,ORD-005590,2,Cumple expectativas,,2023-05-22 10:43:00
REV-009559,ORD-004644,3,Buena calidad,,2021-11-25 18:42:00
REV-009560,ORD-003950,3,Cumple expectativas,Cumple expectativas,2021-10-31 14:47:00
REV-009561,ORD-004121,3,Buena calidad,,2021-08-23 21:55:00
REV-009562,ORD-006757,5,No lo recomiendo,,2023-01-15 15:30:00
REV-009563,ORD-007568,4,Muy bueno,Muy bueno,2022-11-06 03:30:00
REV-009564,ORD-005886,4,,,2022-03-13 10:32:00
REV-009565,ORD-006588,5,No lo recomiendo,,2022-01-16 19:41:00
REV-009566,ORD-012805,3,Recomendado,Recomendado,2021-02-26 14:32:00
REV-009567,ORD-009791,4,Cumple expectativas,Cumple expectativas,2024-03-18 13:26:00
REV-009568,ORD-004008,2,Pesimo,Pesimo,2021-10-21 23:37:00
REV-009569,ORD-008211,3,Llego roto,,2021-06-19 18:39:00
REV-009570,ORD-008559,3,Llego roto,,2024-05-13 05:24:00
REV-009571,ORD-012499,5,,,2022-07-13 01:52:00
REV-009572,ORD-005718,1,,,2021-04-23 18:37:00
REV-009573,ORD-009380,1,Pesimo,Pesimo,2024-04-27 09:08:00
REV-009574,ORD-003475,4,OK,,2024-06-16 16:27:00
REV-009575,ORD-001264,1,,,2024-06-22 16:20:00
REV-009576,ORD-012189,5,No lo recomiendo,,2022-04-02 07:09:00
REV-009577,ORD-005003,5,No lo recomiendo,,2023-12-22 03:49:00
REV-009578,ORD-010554,4,Malo,,2022-06-25 00:54:00
REV-009579,ORD-014847,5,OK,OK,2023-11-12 02:03:00
REV-009580,ORD-007314,4,No lo recomiendo,,2022-01-27 12:20:00
REV-009581,ORD-010909,5,OK,OK,2021-07-10 18:41:00
REV-009582,ORD-002390,3,Recomendado,Recomendado,2022-04-10 18:20:00
REV-009583,ORD-004773,3,Cumple expectativas,Cumple expectativas,2024-04-26 11:18:00
REV-009584,ORD-000003,2,Mejor de lo esperado,,2024-06-15 18:30:00
REV-009585,ORD-007924,3,Muy bueno,,2023-11-11 08:06:00
REV-009586,ORD-009749,4,Mejor de lo esperado,Mejor de lo esperado,2024-05-17 00:05:00
REV-009587,ORD-009500,2,Recomendado,Recomendado,2023-09-05 05:23:00
REV-009588,ORD-001808,5,Buena calidad,,2022-05-08 16:16:00
REV-009589,ORD-003551,2,Recomendado,Recomendado,2022-06-08 00:05:00
REV-009590,ORD-003920,2,OK,OK,2022-11-10 20:28:00
REV-009591,ORD-013305,1,Malo,,2023-06-02 21:52:00
REV-009592,ORD-007796,4,Excelente producto,Excelente producto,2024-04-11 23:35:00
REV-009593,ORD-013438,3,Excelente producto,Excelente producto,2021-05-04 10:32:00
REV-009594,ORD-000080,1,Malo,,2024-05-19 03:40:00
REV-009595,ORD-010688,4,Pesimo,Pesimo,2022-09-25 15:14:00
REV-009596,ORD-003340,3,Recomendado,Recomendado,2023-12-14 08:38:00
REV-009597,ORD-004044,2,Mejor de lo esperado,Mejor de lo esperado,2023-11-28 10:32:00
REV-009598,ORD-014666,5,Recomendado,Recomendado,2021-07-09 15:40:00
REV-009599,ORD-009014,4,Muy bueno,Muy bueno,2021-08-25 01:24:00
REV-009600,ORD-009968,3,Muy bueno,Muy bueno,2021-10-25 02:21:00
REV-009601,ORD-001371,2,,,2022-03-10 10:23:00
REV-009602,ORD-007320,2,Malo,Malo,2022-08-15 07:13:00
REV-009603,ORD-008790,4,Recomendado,Recomendado,2021-12-30 17:21:00
REV-009604,ORD-013264,2,Mejor de lo esperado,Mejor de lo esperado,2023-03-01 14:15:00
REV-009605,ORD-000616,1,Llego roto,Llego roto,2022-08-03 01:05:00
REV-009606,ORD-005791,4,Malo,Malo,2022-11-07 12:18:00
REV-009607,ORD-004645,3,,,2022-07-19 20:45:00
REV-009608,ORD-009308,1,Malo,Malo,2023-06-21 09:27:00
REV-009609,ORD-010358,3,Llego roto,Llego roto,2022-07-08 20:15:00
REV-009610,ORD-008116,4,No lo recomiendo,No lo recomiendo,2024-05-25 16:09:00
REV-009611,ORD-012246,1,Pesimo,,2023-03-31 09:56:00
REV-009612,ORD-002520,1,Excelente producto,Excelente producto,2023-06-16 12:27:00
REV-009613,ORD-008371,5,OK,OK,2021-03-07 20:15:00
REV-009614,ORD-006322,5,Pesimo,Pesimo,2021-02-12 10:44:00
REV-009615,ORD-006389,4,Mejor de lo esperado,,2022-03-21 07:36:00
REV-009616,ORD-008317,1,Recomendado,,2021-04-30 01:11:00
REV-009617,ORD-006508,2,Malo,Malo,2021-04-02 09:56:00
REV-009618,ORD-006800,1,Excelente producto,Excelente producto,2021-05-02 20:49:00
REV-009619,ORD-001513,4,Cumple expectativas,,2024-03-23 04:47:00
REV-009620,ORD-004300,3,Buena calidad,Buena calidad,2021-09-07 17:11:00
REV-009621,ORD-006095,5,Mejor de lo esperado,,2022-11-06 07:43:00
REV-009622,ORD-012020,,Regular,Regular,2024-05-15 11:15:00
REV-009623,ORD-012075,0,Regular,Regular,2023-07-22 03:29:00
REV-009624,ORD-003004,4,Excelente producto,Excelente producto,2022-07-21 16:58:00
REV-009625,ORD-011133,1,,,2023-02-05 09:12:00
REV-009626,ORD-000543,1,Buena calidad,Buena calidad,2023-10-01 03:49:00
REV-009627,ORD-012483,1,Pesimo,Pesimo,2023-04-07 00:47:00
REV-009628,ORD-010122,1,,,2024-05-19 23:32:00
REV-009629,ORD-006500,2,Recomendado,Recomendado,2022-09-16 05:39:00
REV-009630,ORD-011228,5,OK,,2022-12-21 18:02:00
REV-009631,ORD-004713,,,,2024-02-18 18:28:00
REV-009632,ORD-000021,1,Malo,Malo,2024-05-03 19:02:00
REV-009633,ORD-014612,5,OK,OK,2022-04-23 12:54:00
REV-009634,ORD-006096,2,Muy bueno,Muy bueno,2021-09-27 18:47:00
REV-009635,ORD-011675,2,Buena calidad,,2023-03-09 15:26:00
REV-009636,ORD-004022,3,Excelente producto,,2023-05-18 21:12:00
REV-009637,ORD-011758,1,Buena calidad,,2021-02-08 20:48:00
REV-009638,ORD-001230,2,No lo recomiendo,,2021-07-24 10:48:00
REV-009639,ORD-003260,5,Muy bueno,Muy bueno,2021-05-12 00:52:00
REV-009640,ORD-007369,3,Cumple expectativas,,2021-07-05 00:53:00
REV-009641,ORD-013567,4,No lo recomiendo,No lo recomiendo,2023-11-29 01:24:00
REV-009642,ORD-949511,1,Excelente producto,Excelente producto,2024-06-22 15:04:00
REV-009643,ORD-009185,1,Excelente producto,,2024-03-07 00:13:00
REV-009644,ORD-011326,1,Buena calidad,,2022-09-09 18:30:00
REV-009645,ORD-008311,3,OK,OK,2021-11-05 13:49:00
REV-009646,ORD-012050,2,Recomendado,Recomendado,2022-04-21 13:07:00
REV-009647,ORD-001945,4,Cumple expectativas,,2022-05-07 15:48:00
REV-009648,ORD-007918,4,OK,OK,2022-12-26 08:19:00
REV-009649,ORD-006917,3,Pesimo,,2021-06-30 11:43:00
REV-009650,ORD-001401,5,Cumple expectativas,Cumple expectativas,2023-09-15 09:40:00
REV-009651,ORD-006575,3,Mejor de lo esperado,,2024-06-18 05:19:00
REV-009652,ORD-000074,4,Mejor de lo esperado,Mejor de lo esperado,2022-05-22 22:43:00
REV-009653,ORD-005698,2,Cumple expectativas,,2022-04-27 11:22:00
REV-009654,ORD-013063,5,Muy bueno,,2021-03-12 06:10:00
REV-009655,ORD-001122,3,Llego roto,Llego roto,2023-05-26 07:33:00
REV-009656,ORD-008908,3,Recomendado,Recomendado,2023-10-24 21:53:00
REV-009657,ORD-005244,2,Buena calidad,,2022-10-03 05:44:00
REV-009658,ORD-007928,2,Buena calidad,Buena calidad,2023-06-15 20:15:00
REV-009659,ORD-011910,5,No lo recomiendo,,2021-02-06 12:27:00
REV-009660,ORD-000507,5,Cumple expectativas,Cumple expectativas,2023-11-28 23:03:00
REV-009661,ORD-012172,5,Mejor de lo esperado,,2022-11-09 07:07:00
REV-009662,ORD-001621,6,Mejor de lo esperado,,2023-09-26 06:45:00
REV-009663,ORD-008683,1,Mejor de lo esperado,Mejor de lo esperado,2021-02-22 23:06:00
REV-009664,ORD-008562,,No lo recomiendo,,2021-08-18 22:36:00
REV-009665,ORD-005589,3,Cumple expectativas,Cumple expectativas,2022-10-06 03:35:00
REV-009666,ORD-003919,1,Muy bueno,,2021-05-30 00:04:00
REV-009667,ORD-009642,4,Recomendado,Recomendado,2022-04-22 23:49:00
REV-009668,ORD-004317,5,Llego roto,,2023-10-19 00:06:00
REV-009669,ORD-005805,5,Regular,Regular,2022-04-13 08:24:00
REV-009670,ORD-002899,1,Muy bueno,Muy bueno,2022-07-10 07:35:00
REV-009671,ORD-004088,5,Buena calidad,Buena calidad,2022-09-06 21:01:00
REV-009672,ORD-003064,4,Llego roto,Llego roto,2023-01-09 03:04:00
REV-009673,ORD-008160,2,Excelente producto,,2024-03-27 04:21:00
REV-009674,ORD-014403,1,Muy bueno,Muy bueno,2023-11-09 01:08:00
REV-009675,ORD-982877,4,Cumple expectativas,,2024-03-30 16:29:00
REV-009676,ORD-000944,1,Malo,Malo,2021-02-04 22:33:00
REV-009677,ORD-014701,1,Llego roto,Llego roto,2021-02-19 20:38:00
REV-009678,ORD-011219,2,Malo,Malo,2024-01-07 23:28:00
REV-009679,ORD-002568,5,Muy bueno,,2023-06-01 17:36:00
REV-009680,ORD-004759,3,,,2023-04-26 01:16:00
REV-009681,ORD-001491,3,Recomendado,,2023-08-06 19:51:00
REV-009682,ORD-008126,1,Cumple expectativas,Cumple expectativas,2024-01-25 12:07:00
REV-009683,ORD-010064,4,Malo,Malo,2021-07-09 09:56:00
REV-009684,ORD-007906,3,OK,OK,2021-10-09 07:21:00
REV-009685,ORD-005946,2,No lo recomiendo,,2022-01-13 13:39:00
REV-009686,ORD-008014,10,,,2023-12-22 04:12:00
REV-009687,ORD-011755,5,Muy bueno,,2021-08-30 00:35:00
REV-009688,ORD-012989,5,Muy bueno,Muy bueno,2023-07-01 07:49:00
REV-009689,ORD-012384,2,Muy bueno,,2024-02-25 16:36:00
REV-009690,ORD-012520,1,Llego roto,Llego roto,2023-11-20 21:04:00
REV-009691,ORD-011642,2,Mejor de lo esperado,,2021-12-20 10:26:00
REV-009692,ORD-010391,3,Mejor de lo esperado,,2023-01-24 22:07:00
REV-009693,ORD-007164,5,OK,OK,2023-12-26 22:48:00
REV-009694,ORD-010515,5,Regular,Regular,2024-06-16 12:56:00
REV-009695,ORD-001669,,Mejor de lo esperado,,2023-02-07 01:33:00
REV-009696,ORD-005649,1,Regular,Regular,2021-11-03 11:19:00
REV-009697,ORD-001586,4,Pesimo,Pesimo,2023-09-15 21:10:00
REV-009698,ORD-001039,3,Buena calidad,Buena calidad,2023-09-29 20:24:00
REV-009699,ORD-005093,4,Buena calidad,,2023-11-16 13:33:00
REV-009700,ORD-001232,2,OK,OK,2023-08-04 13:32:00
REV-009701,ORD-005685,2,Excelente producto,,2022-09-05 18:10:00
REV-009702,ORD-000844,5,Excelente producto,,2023-05-10 12:11:00
REV-009703,ORD-004382,5,,,2023-02-09 17:11:00
REV-009704,ORD-003269,5,No lo recomiendo,No lo recomiendo,2023-09-02 07:23:00
REV-009705,ORD-014831,3,Excelente producto,Excelente producto,2023-01-14 17:54:00
REV-009706,ORD-011518,5,Buena calidad,Buena calidad,2021-12-28 03:29:00
REV-009707,ORD-005073,-1,No lo recomiendo,No lo recomiendo,2024-01-08 00:43:00
REV-009708,ORD-008032,1,Buena calidad,,2021-05-06 08:32:00
REV-009709,ORD-014574,5,Excelente producto,,2023-03-17 20:09:00
REV-009710,ORD-011445,2,Cumple expectativas,Cumple expectativas,2021-12-06 11:55:00
REV-009711,ORD-014035,5,,,2022-05-23 20:43:00
REV-009712,ORD-008801,3,Mejor de lo esperado,Mejor de lo esperado,2021-11-06 03:50:00
REV-009713,ORD-010889,5,Buena calidad,Buena calidad,2024-03-07 07:13:00
REV-009714,ORD-000744,4,OK,OK,2021-03-07 04:01:00
REV-009715,ORD-014091,3,Regular,Regular,2021-10-09 05:29:00
REV-009716,ORD-000781,5,Recomendado,,2022-01-01 02:38:00
REV-009717,ORD-004709,1,No lo recomiendo,,2021-03-01 09:55:00
REV-009718,ORD-011840,4,,,2023-04-04 17:49:00
REV-009719,ORD-008140,4,Recomendado,,2021-03-11 07:25:00
REV-009720,ORD-007165,3,Recomendado,Recomendado,2024-05-14 14:27:00
REV-009721,ORD-014797,5,OK,OK,2023-11-20 19:49:00
REV-009722,ORD-011695,1,Mejor de lo esperado,,2024-03-15 14:47:00
REV-009723,ORD-010226,4,Excelente producto,Excelente producto,2021-05-15 05:12:00
REV-009724,ORD-008295,1,Muy bueno,,2021-11-23 09:19:00
REV-009725,ORD-008701,2,Pesimo,,2024-01-06 18:16:00
REV-009726,ORD-001199,5,Llego roto,Llego roto,2021-12-09 05:51:00
REV-009727,ORD-000120,3,Buena calidad,,2023-05-10 05:29:00
REV-009728,ORD-005315,5,Cumple expectativas,,2022-07-05 05:29:00
REV-009729,ORD-000758,-1,No lo recomiendo,,2021-08-30 10:28:00
REV-009730,ORD-003845,4,Buena calidad,Buena calidad,2021-02-19 02:59:00
REV-009731,ORD-007901,2,Regular,,2024-02-28 22:12:00
REV-009732,ORD-003255,3,Excelente producto,Excelente producto,2021-09-24 06:05:00
REV-009733,ORD-010027,5,Buena calidad,,2023-02-22 00:02:00
REV-009734,ORD-001330,2,,,2022-08-26 21:30:00
REV-009735,ORD-009649,5,No lo recomiendo,No lo recomiendo,2023-06-11 06:26:00
REV-009736,ORD-011325,5,Pesimo,Pesimo,2022-06-20 02:23:00
REV-009737,ORD-007907,4,Llego roto,Llego roto,2024-01-25 17:34:00
REV-009738,ORD-010407,2,Muy bueno,,2021-12-01 14:30:00
REV-009739,ORD-012905,3,No lo recomiendo,,2023-03-02 23:17:00
REV-009740,ORD-002445,4,Pesimo,,2023-02-03 17:12:00
REV-009741,ORD-001551,3,,,2022-05-28 16:03:00
REV-009742,ORD-007516,4,Muy bueno,Muy bueno,2024-02-08 02:13:00
REV-009743,ORD-004256,5,Llego roto,Llego roto,2024-04-11 08:46:00
REV-009744,ORD-005213,4,Regular,Regular,2023-11-01 02:04:00
REV-009745,ORD-001008,1,Llego roto,,2022-01-29 03:49:00
REV-009746,ORD-005065,3,Pesimo,Pesimo,2023-04-28 04:35:00
REV-009747,ORD-930037,3,Buena calidad,,2021-04-19 20:01:00
REV-009748,ORD-014401,2,Buena calidad,,2021-06-20 18:37:00
REV-009749,ORD-012544,3,Malo,Malo,2022-09-14 06:39:00
REV-009750,ORD-014402,4,No lo recomiendo,No lo recomiendo,2024-06-03 21:46:00
REV-009751,ORD-002198,4,OK,OK,2021-09-07 14:07:00
REV-009752,ORD-008078,5,Llego roto,Llego roto,2022-04-10 05:24:00
REV-009753,ORD-011909,1,Malo,Malo,2023-03-21 05:10:00
REV-009754,ORD-013077,2,Mejor de lo esperado,Mejor de lo esperado,2022-09-24 03:49:00
REV-009755,ORD-010461,4,Recomendado,Recomendado,2023-03-24 05:28:00
REV-009756,ORD-006949,1,Cumple expectativas,,2021-08-30 20:51:00
REV-009757,ORD-009727,4,Pesimo,Pesimo,2021-04-07 18:28:00
REV-009758,ORD-008374,1,Mejor de lo esperado,,2022-02-26 03:30:00
REV-009759,ORD-005627,5,Mejor de lo esperado,Mejor de lo esperado,2023-08-31 20:03:00
REV-009760,ORD-012909,3,Mejor de lo esperado,Mejor de lo esperado,2024-06-07 03:44:00
REV-009761,ORD-003449,2,Cumple expectativas,,2022-09-03 13:40:00
REV-009762,ORD-012032,5,Malo,Malo,2021-03-09 11:09:00
REV-009763,ORD-007537,1,Recomendado,,2022-08-15 19:53:00
REV-009764,ORD-013310,4,Mejor de lo esperado,Mejor de lo esperado,2022-11-11 11:10:00
REV-009765,ORD-004458,2,Cumple expectativas,Cumple expectativas,2021-05-28 22:32:00
REV-009766,ORD-007203,4,,,2023-07-25 00:42:00
REV-009767,ORD-006851,1,Llego roto,Llego roto,2024-05-22 21:12:00
REV-009768,ORD-000488,2,Pesimo,,2021-03-18 14:13:00
REV-009769,ORD-008266,2,Muy bueno,Muy bueno,2023-03-21 13:37:00
REV-009770,ORD-002045,3,Recomendado,,2021-03-07 17:18:00
REV-009771,ORD-012872,4,Llego roto,Llego roto,2022-03-23 05:22:00
REV-009772,ORD-011457,1,Muy bueno,,2024-03-11 08:20:00
REV-009773,ORD-010680,4,Recomendado,,2022-01-02 21:02:00
REV-009774,ORD-013577,3,OK,OK,2022-06-04 15:36:00
REV-009775,ORD-011717,5,No lo recomiendo,No lo recomiendo,2022-09-06 21:38:00
REV-009776,ORD-013634,4,Pesimo,,2023-09-25 05:19:00
REV-009777,ORD-012443,1,Excelente producto,,2023-10-07 20:45:00
REV-009778,ORD-009951,4,Excelente producto,Excelente producto,2023-01-21 03:54:00
REV-009779,ORD-008851,2,OK,,2022-08-20 15:38:00
REV-009780,ORD-014743,1,Cumple expectativas,,2022-05-28 04:26:00
REV-009781,ORD-012967,3,Mejor de lo esperado,Mejor de lo esperado,2024-03-11 00:38:00
REV-009782,ORD-014462,5,OK,,2023-12-02 00:27:00
REV-009783,ORD-009842,1,Recomendado,Recomendado,2024-06-03 18:32:00
REV-009784,ORD-004272,4,Malo,,2021-07-31 01:30:00
REV-009785,ORD-002072,2,Llego roto,Llego roto,2023-12-04 16:12:00
REV-009786,ORD-002047,1,,,2021-08-14 21:59:00
REV-009787,ORD-007953,4,Muy bueno,Muy bueno,2021-11-09 22:20:00
REV-009788,ORD-009115,3,Cumple expectativas,Cumple expectativas,2024-05-10 22:33:00
REV-009789,ORD-009558,3,OK,,2022-03-02 10:12:00
REV-009790,ORD-003361,1,Muy bueno,Muy bueno,2022-04-07 17:16:00
REV-009791,ORD-002775,3,Recomendado,,2023-07-15 09:12:00
REV-009792,ORD-007113,2,Recomendado,,2023-12-17 10:09:00
REV-009793,ORD-009537,5,Mejor de lo esperado,Mejor de lo esperado,2022-04-30 16:08:00
REV-009794,ORD-014957,2,Pesimo,,2021-04-04 14:25:00
REV-009795,ORD-013628,4,Muy bueno,Muy bueno,2023-04-09 14:13:00
REV-009796,ORD-012179,1,Malo,Malo,2022-03-03 10:09:00
REV-009797,ORD-002226,4,No lo recomiendo,,2021-11-24 09:56:00
REV-009798,ORD-013992,2,No lo recomiendo,No lo recomiendo,2023-09-22 10:07:00
REV-009799,ORD-010235,2,Mejor de lo esperado,Mejor de lo esperado,2022-12-03 09:14:00
REV-009800,ORD-012614,4,Excelente producto,Excelente producto,2023-05-31 07:42:00
REV-009801,ORD-012921,2,Llego roto,Llego roto,2023-12-24 22:26:00
REV-009802,ORD-003671,5,Recomendado,Recomendado,2022-07-02 20:54:00
REV-009803,ORD-008141,1,OK,,2023-11-14 11:37:00
REV-009804,ORD-012545,3,Muy bueno,Muy bueno,2024-02-16 17:28:00
REV-009805,ORD-005331,2,Cumple expectativas,,2023-07-25 00:24:00
REV-009806,ORD-007489,2,Pesimo,Pesimo,2022-10-08 10:49:00
REV-009807,ORD-000905,5,,,2023-09-19 00:13:00
REV-009808,ORD-006708,5,Recomendado,,2023-09-01 12:01:00
REV-009809,ORD-005858,3,Regular,Regular,2022-07-22 12:51:00
REV-009810,ORD-001363,0,Excelente producto,,2024-06-03 09:31:00
REV-009811,ORD-013362,2,Excelente producto,Excelente producto,2024-06-14 06:46:00
REV-009812,ORD-005996,3,Mejor de lo esperado,,2024-03-07 13:40:00
REV-009813,ORD-013607,3,Malo,,2021-06-12 15:52:00
REV-009814,ORD-004845,1,No lo recomiendo,,2021-03-06 09:53:00
REV-009815,ORD-001100,3,Mejor de lo esperado,Mejor de lo esperado,2023-09-13 02:30:00
REV-009816,ORD-006086,3,Muy bueno,,2023-09-16 11:19:00
REV-009817,ORD-008359,10,Mejor de lo esperado,Mejor de lo esperado,2023-03-30 19:33:00
REV-009818,ORD-011094,5,Regular,Regular,2021-09-26 23:40:00
REV-009819,ORD-001658,2,Muy bueno,,2023-09-09 14:20:00
REV-009820,ORD-007782,5,Regular,,2022-09-05 18:59:00
REV-009821,ORD-008535,5,Buena calidad,Buena calidad,2022-03-23 22:38:00
REV-009822,ORD-014587,1,OK,,2024-05-08 23:02:00
REV-009823,ORD-003075,2,Pesimo,Pesimo,2023-11-27 13:47:00
REV-009824,ORD-942981,0,Malo,Malo,2022-03-24 17:01:00
REV-009825,ORD-010983,2,OK,OK,2021-08-23 16:39:00
REV-009826,ORD-003324,2,Cumple expectativas,Cumple expectativas,2022-03-08 05:47:00
REV-009827,ORD-005579,5,Malo,Malo,2023-08-08 05:47:00
REV-009828,ORD-008673,5,Recomendado,Recomendado,2022-04-17 11:02:00
REV-009829,ORD-008165,5,,,2021-11-10 16:19:00
REV-009830,ORD-002308,3,No lo recomiendo,,2021-07-07 20:36:00
REV-009831,ORD-001240,1,,,2022-08-25 20:24:00
REV-009832,ORD-013903,4,OK,OK,2024-04-30 19:02:00
REV-009833,ORD-008599,2,OK,OK,2023-12-28 19:35:00
REV-009834,ORD-012284,2,No lo recomiendo,No lo recomiendo,2023-10-26 16:11:00
REV-009835,ORD-004097,1,Mejor de lo esperado,Mejor de lo esperado,2021-12-24 11:32:00
REV-009836,ORD-010667,3,Cumple expectativas,Cumple expectativas,2021-07-28 14:46:00
REV-009837,ORD-002913,4,OK,OK,2022-03-16 20:35:00
REV-009838,ORD-007054,4,Recomendado,,2021-07-07 06:58:00
REV-009839,ORD-002217,3,Malo,Malo,2021-06-09 01:23:00
REV-009840,ORD-002452,10,Llego roto,Llego roto,2022-01-19 20:13:00
REV-009841,ORD-006286,1,Muy bueno,Muy bueno,2022-11-30 07:52:00
REV-009842,ORD-008824,3,No lo recomiendo,,2023-01-13 14:45:00
REV-009843,ORD-007053,5,No lo recomiendo,No lo recomiendo,2021-05-26 13:57:00
REV-009844,ORD-006829,5,No lo recomiendo,No lo recomiendo,2023-01-28 22:43:00
REV-009845,ORD-010745,2,Pesimo,,2022-09-01 03:39:00
REV-009846,ORD-001187,5,Mejor de lo esperado,Mejor de lo esperado,2024-05-11 14:13:00
REV-009847,ORD-003595,3,Mejor de lo esperado,,2021-03-18 12:02:00
REV-009848,ORD-014883,5,Pesimo,,2021-05-03 05:39:00
REV-009849,ORD-008102,4,Malo,Malo,2021-10-24 19:02:00
REV-009850,ORD-004996,3,OK,,2021-08-26 06:16:00
REV-009851,ORD-014627,4,Malo,Malo,2024-03-11 21:08:00
REV-009852,ORD-000750,4,Muy bueno,Muy bueno,2023-06-29 15:22:00
REV-009853,ORD-009077,4,OK,OK,2022-06-11 14:25:00
REV-009854,ORD-014738,5,Cumple expectativas,Cumple expectativas,2022-05-16 17:29:00
REV-009855,ORD-003134,10,Regular,,2022-10-28 09:39:00
REV-009856,ORD-014572,3,Cumple expectativas,Cumple expectativas,2024-06-05 21:49:00
REV-009857,ORD-010588,2,Muy bueno,Muy bueno,2022-04-08 10:16:00
REV-009858,ORD-011551,4,Excelente producto,Excelente producto,2021-09-28 07:03:00
REV-009859,ORD-005520,2,,,2023-08-09 17:27:00
REV-009860,ORD-014343,4,Recomendado,,2023-03-20 09:19:00
REV-009861,ORD-010127,1,OK,OK,2022-10-26 11:58:00
REV-009862,ORD-010127,2,OK,,2022-06-01 07:25:00
REV-009863,ORD-006496,4,Llego roto,,2023-05-05 10:59:00
REV-009864,ORD-986678,,Malo,,2024-02-12 03:08:00
REV-009865,ORD-012676,5,Buena calidad,Buena calidad,2021-12-15 02:22:00
REV-009866,ORD-013267,2,Regular,,2021-06-05 17:45:00
REV-009867,ORD-014953,5,Pesimo,Pesimo,2022-08-20 23:04:00
REV-009868,ORD-006725,1,Malo,,2023-08-16 21:46:00
REV-009869,ORD-010087,5,OK,OK,2023-08-12 09:44:00
REV-009870,ORD-004208,3,Llego roto,,2022-03-09 18:47:00
REV-009871,ORD-998614,1,Cumple expectativas,Cumple expectativas,2024-05-13 14:23:00
REV-009872,ORD-013023,4,Regular,,2021-05-21 07:13:00
REV-009873,ORD-008127,3,Buena calidad,Buena calidad,2022-12-29 17:28:00
REV-009874,ORD-007997,4,Regular,Regular,2023-05-05 16:16:00
REV-009875,ORD-014436,3,No lo recomiendo,No lo recomiendo,2021-04-23 12:21:00
REV-009876,ORD-014610,1,Excelente producto,Excelente producto,2024-03-07 00:04:00
REV-009877,ORD-004747,1,,,2023-08-30 19:12:00
REV-009878,ORD-003988,3,Regular,,2021-10-12 19:09:00
REV-009879,ORD-003130,4,Pesimo,Pesimo,2021-02-16 16:15:00
REV-009880,ORD-007844,3,,,2023-05-21 04:56:00
REV-009881,ORD-012611,1,Pesimo,Pesimo,2024-02-18 13:56:00
REV-009882,ORD-008965,4,Muy bueno,,2022-07-29 16:45:00
REV-009883,ORD-006973,2,Regular,Regular,2022-07-29 15:43:00
REV-009884,ORD-009670,4,Excelente producto,Excelente producto,2021-11-23 05:07:00
REV-009885,ORD-014552,3,Regular,,2022-02-16 15:13:00
REV-009886,ORD-008730,3,Buena calidad,Buena calidad,2023-07-27 09:28:00
REV-009887,ORD-012417,4,Regular,,2023-06-01 18:28:00
REV-009888,ORD-002401,4,Recomendado,Recomendado,2023-04-09 23:15:00
REV-009889,ORD-003874,1,Cumple expectativas,,2021-11-29 11:05:00
REV-009890,ORD-012121,2,Llego roto,,2022-12-07 04:32:00
REV-009891,ORD-007799,5,Regular,Regular,2023-06-12 15:17:00
REV-009892,ORD-005067,5,Llego roto,Llego roto,2021-11-18 21:13:00
REV-009893,ORD-002127,1,No lo recomiendo,No lo recomiendo,2022-09-12 05:30:00
REV-009894,ORD-012401,3,Mejor de lo esperado,,2023-01-20 05:28:00
REV-009895,ORD-011309,10,Llego roto,Llego roto,2023-06-21 13:56:00
REV-009896,ORD-000291,2,Pesimo,,2023-08-06 13:06:00
REV-009897,ORD-013411,3,,,2022-08-25 07:42:00
REV-009898,ORD-012539,5,Llego roto,Llego roto,2022-06-21 12:37:00
REV-009899,ORD-008271,4,Llego roto,Llego roto,2022-11-12 01:09:00
REV-009900,ORD-011889,5,OK,OK,2021-12-12 21:05:00
REV-009901,ORD-003604,1,,,2023-04-15 20:04:00
REV-009902,ORD-007517,5,Malo,,2022-06-08 19:36:00
REV-009903,ORD-000988,4,,,2023-11-12 18:10:00
REV-009904,ORD-002698,5,,,2023-12-20 14:40:00
REV-009905,ORD-004960,1,Excelente producto,Excelente producto,2023-05-30 02:04:00
REV-009906,ORD-012536,4,Buena calidad,Buena calidad,2023-02-13 05:40:00
REV-009907,ORD-004657,5,OK,OK,2022-06-13 22:23:00
REV-009908,ORD-003691,5,OK,OK,2023-07-14 04:17:00
REV-009909,ORD-013079,3,Buena calidad,Buena calidad,2023-04-10 02:13:00
REV-009910,ORD-011090,5,Llego roto,,2021-10-09 14:28:00
REV-009911,ORD-013930,1,Muy bueno,,2024-04-18 07:27:00
REV-009912,ORD-013748,5,Buena calidad,,2023-03-02 05:22:00
REV-009913,ORD-008861,3,Llego roto,Llego roto,2024-02-10 11:48:00
REV-009914,ORD-010092,3,Excelente producto,Excelente producto,2024-02-28 22:20:00
REV-009915,ORD-006101,2,Recomendado,,2023-05-01 20:40:00
REV-009916,ORD-004681,3,Muy bueno,,2021-04-10 06:50:00
REV-009917,ORD-006555,5,OK,OK,2022-10-13 23:00:00
REV-009918,ORD-007998,1,Llego roto,Llego roto,2023-06-11 19:27:00
REV-009919,ORD-009214,3,Regular,Regular,2022-10-20 09:19:00
REV-009920,ORD-009449,2,Llego roto,Llego roto,2022-08-20 11:06:00
REV-009921,ORD-009666,4,Malo,Malo,2021-11-15 08:03:00
REV-009922,ORD-012521,3,No lo recomiendo,,2024-04-20 12:29:00
REV-009923,ORD-010998,4,Muy bueno,Muy bueno,2023-10-08 22:13:00
REV-009924,ORD-011009,3,Regular,,2021-10-28 14:47:00
REV-009925,ORD-013909,2,,,2023-09-17 03:30:00
REV-009926,ORD-014285,4,,,2021-02-17 05:23:00
REV-009927,ORD-000432,3,Malo,Malo,2021-07-08 07:50:00
REV-009928,ORD-011073,6,Malo,,2021-12-10 22:50:00
REV-009929,ORD-007622,1,Cumple expectativas,Cumple expectativas,2023-04-04 13:10:00
REV-009930,ORD-006021,3,No lo recomiendo,No lo recomiendo,2022-10-02 01:40:00
REV-009931,ORD-003757,2,Regular,Regular,2023-09-17 02:55:00
REV-009932,ORD-010109,1,Recomendado,,2021-11-26 03:53:00
REV-009933,ORD-013826,3,Regular,Regular,2021-05-25 10:46:00
REV-009934,ORD-007560,5,Recomendado,Recomendado,2024-04-13 15:55:00
REV-009935,ORD-013504,5,Mejor de lo esperado,,2021-03-09 10:22:00
REV-009936,ORD-003614,2,Cumple expectativas,Cumple expectativas,2021-02-24 21:31:00
REV-009937,ORD-009116,1,Muy bueno,,2021-03-23 04:29:00
REV-009938,ORD-003166,2,Muy bueno,Muy bueno,2023-04-30 08:24:00
REV-009939,ORD-010273,3,Pesimo,Pesimo,2022-05-12 23:30:00
REV-009940,ORD-000892,1,Excelente producto,Excelente producto,2021-04-13 09:45:00
REV-009941,ORD-013202,5,OK,,2023-10-29 10:18:00
REV-009942,ORD-009628,3,Buena calidad,Buena calidad,2023-01-23 14:14:00
REV-009943,ORD-014090,2,Mejor de lo esperado,,2022-06-26 01:06:00
REV-009944,ORD-003035,3,Cumple expectativas,Cumple expectativas,2024-04-11 16:50:00
REV-009945,ORD-014377,4,,,2024-06-15 08:09:00
REV-009946,ORD-010228,1,,,2022-05-25 12:14:00
REV-009947,ORD-006475,1,Buena calidad,Buena calidad,2021-10-01 14:39:00
REV-009948,ORD-005527,2,Pesimo,Pesimo,2021-04-11 04:14:00
REV-009949,ORD-010396,5,,,2021-08-14 06:31:00
REV-009950,ORD-013297,1,Cumple expectativas,Cumple expectativas,2021-02-20 13:06:00
REV-009951,ORD-009129,3,Muy bueno,Muy bueno,2022-04-24 17:54:00
REV-009952,ORD-011547,3,Excelente producto,Excelente producto,2023-05-31 10:21:00
REV-009953,ORD-013055,2,Buena calidad,,2022-01-09 03:31:00
REV-009954,ORD-005889,4,Recomendado,Recomendado,2024-05-21 17:58:00
REV-009955,ORD-009383,2,OK,OK,2024-01-25 23:53:00
REV-009956,ORD-006967,3,Malo,Malo,2022-03-18 08:37:00
REV-009957,ORD-013415,4,Cumple expectativas,Cumple expectativas,2022-06-13 13:54:00
REV-009958,ORD-003632,5,OK,OK,2022-11-18 13:44:00
REV-009959,ORD-006301,3,Excelente producto,,2021-02-09 14:22:00
REV-009960,ORD-002835,1,No lo recomiendo,No lo recomiendo,2022-02-26 19:35:00
REV-009961,ORD-009625,4,,,2021-07-02 08:05:00
REV-009962,ORD-014994,4,Regular,Regular,2021-07-02 22:58:00
REV-009963,ORD-007520,4,Mejor de lo esperado,Mejor de lo esperado,2022-06-02 04:54:00
REV-009964,ORD-008612,5,Cumple expectativas,Cumple expectativas,2022-12-23 13:20:00
REV-009965,ORD-005685,1,Llego roto,,2022-07-16 19:04:00
REV-009966,ORD-006471,1,Pesimo,,2021-08-13 22:34:00
REV-009967,ORD-000735,2,Pesimo,Pesimo,2023-04-19 01:32:00
REV-009968,ORD-004698,1,Excelente producto,,2024-03-15 19:46:00
REV-009969,ORD-002325,,Regular,,2022-09-15 08:20:00
REV-009970,ORD-001369,5,Regular,Regular,2021-06-15 16:21:00
REV-009971,ORD-006192,5,Mejor de lo esperado,,2024-02-21 18:12:00
REV-009972,ORD-012016,3,,,2021-05-20 21:42:00
REV-009973,ORD-003701,5,Llego roto,Llego roto,2021-05-10 05:42:00
REV-009974,ORD-008573,2,Mejor de lo esperado,Mejor de lo esperado,2021-10-09 11:02:00
REV-009975,ORD-000529,4,OK,,2021-08-26 22:37:00
REV-009976,ORD-008974,4,Mejor de lo esperado,,2024-04-11 01:57:00
REV-009977,ORD-004031,1,OK,OK,2021-04-21 23:23:00
REV-009978,ORD-014313,,Llego roto,,2022-07-23 11:59:00
REV-009979,ORD-003524,2,Pesimo,Pesimo,2023-09-29 20:41:00
REV-009980,ORD-001680,4,Recomendado,,2022-01-31 03:24:00
REV-009981,ORD-006153,3,Pesimo,Pesimo,2023-03-27 01:13:00
REV-009982,ORD-014384,4,OK,,2023-12-01 18:07:00
REV-009983,ORD-006095,3,Llego roto,Llego roto,2021-07-13 18:33:00
REV-009984,ORD-000684,5,Mejor de lo esperado,Mejor de lo esperado,2022-07-22 17:38:00
REV-009985,ORD-010294,2,Regular,,2021-09-18 18:21:00
REV-009986,ORD-009080,2,Malo,Malo,2022-04-25 19:10:00
REV-009987,ORD-004747,3,OK,,2021-09-23 21:36:00
REV-009988,ORD-012690,5,Malo,Malo,2021-12-03 17:12:00
REV-009989,ORD-013192,4,Cumple expectativas,Cumple expectativas,2022-09-01 13:59:00
REV-009990,ORD-000865,5,Buena calidad,Buena calidad,2021-02-05 07:40:00
REV-009991,ORD-013938,2,Muy bueno,Muy bueno,2022-12-14 02:24:00
REV-009992,ORD-005787,3,Regular,,2024-02-02 11:33:00
REV-009993,ORD-010197,2,Buena calidad,Buena calidad,2021-10-14 13:49:00
REV-009994,ORD-006418,4,Excelente producto,,2024-05-28 18:24:00
REV-009995,ORD-011038,1,Malo,Malo,2024-05-22 06:17:00
REV-009996,ORD-000944,1,Regular,,2022-04-30 00:06:00
REV-009997,ORD-005488,4,Cumple expectativas,,2021-12-08 04:27:00
REV-009998,ORD-011269,5,Cumple expectativas,,2024-03-29 02:33:00
REV-009999,ORD-004359,3,Muy bueno,Muy bueno,2022-03-04 14:11:00
REV-010000,ORD-004228,1,Regular,Regular,2022-07-23 17:22:00
